timestamp,Latest Actual Close,Predicted Close,Error (%),Accuracy (%)
1981-04-07,0.09,0.1,12.8,87.2
1981-04-08,0.09,0.11,18.86,81.14
1981-04-09,0.09,0.11,16.7,83.3
1981-04-10,0.1,0.11,11.69,88.31
1981-04-13,0.1,0.11,19.57,80.43
1981-04-14,0.1,0.11,19.57,80.43
1981-04-15,0.09,0.11,22.15,77.85
1981-04-16,0.09,0.11,29.48,70.52
1981-04-20,0.09,0.11,25.71,74.29
1981-04-21,0.09,0.11,21.2,78.8
1981-04-22,0.1,0.12,26.86,73.14
1981-04-23,0.1,0.11,13.95,86.05
1981-04-24,0.1,0.11,14.93,85.07
1981-04-27,0.1,0.12,20.97,79.03
1981-04-28,0.1,0.12,23.11,76.89
1981-04-29,0.1,0.12,21.33,78.67
1981-04-30,0.1,0.12,19.19,80.81
1981-05-01,0.1,0.12,19.19,80.81
1981-05-04,0.1,0.12,19.72,80.28
1981-05-05,0.1,0.12,20.25,79.75
1981-05-06,0.09,0.12,23.55,76.45
1981-05-07,0.09,0.13,35.52,64.48
1981-05-08,0.1,0.12,24.21,75.79
1981-05-11,0.09,0.11,15.92,84.08
1981-05-12,0.09,0.1,9.27,90.73
1981-05-13,0.09,0.09,6.38,93.62
1981-05-14,0.09,0.09,5.07,94.93
1981-05-15,0.09,0.1,6.15,93.85
1981-05-18,0.1,0.11,18.23,81.77
1981-05-19,0.09,0.11,13.76,86.24
1981-05-20,0.1,0.11,16.67,83.33
1981-05-21,0.1,0.12,20.51,79.49
1981-05-22,0.11,0.13,24.23,75.77
1981-05-26,0.11,0.13,20.34,79.66
1981-05-27,0.11,0.14,26.54,73.46
1981-05-28,0.11,0.14,26.54,73.46
1981-05-29,0.11,0.14,26.07,73.93
1981-06-01,0.11,0.15,34.45,65.55
1981-06-02,0.11,0.13,19.38,80.62
1981-06-03,0.11,0.14,27.38,72.62
1981-06-04,0.11,0.14,27.0,73.0
1981-06-05,0.11,0.13,18.91,81.09
1981-06-08,0.1,0.12,14.03,85.97
1981-06-09,0.11,0.13,25.23,74.77
1981-06-10,0.11,0.12,14.77,85.23
1981-06-11,0.11,0.13,14.81,85.19
1981-06-12,0.11,0.13,18.35,81.65
1981-06-15,0.11,0.13,18.81,81.19
1981-06-16,0.11,0.12,8.83,91.17
1981-06-17,0.11,0.12,10.58,89.42
1981-06-18,0.11,0.12,8.24,91.76
1981-06-19,0.1,0.1,0.31,99.69
1981-06-22,0.1,0.11,11.46,88.54
1981-06-23,0.1,0.11,10.97,89.03
1981-06-24,0.1,0.1,1.38,98.62
1981-06-25,0.1,0.11,8.5,91.5
1981-06-26,0.1,0.11,12.87,87.13
1981-06-29,0.1,0.1,1.24,98.76
1981-06-30,0.09,0.1,8.02,91.98
1981-07-01,0.09,0.08,4.18,95.82
1981-07-02,0.09,0.08,4.18,95.82
1981-07-06,0.09,0.08,0.81,99.19
1981-07-07,0.09,0.08,1.8,98.2
1981-07-08,0.09,0.09,3.84,96.16
1981-07-09,0.08,0.09,4.14,95.86
1981-07-10,0.08,0.09,12.91,87.09
1981-07-13,0.08,0.09,10.43,89.57
1981-07-14,0.08,0.09,7.42,92.58
1981-07-15,0.08,0.09,4.67,95.33
1981-07-16,0.09,0.08,1.39,98.61
1981-07-17,0.09,0.09,6.64,93.36
1981-07-20,0.08,0.09,9.3,90.7
1981-07-21,0.08,0.09,13.44,86.56
1981-07-22,0.08,0.09,16.5,83.5
1981-07-23,0.08,0.09,17.1,82.9
1981-07-24,0.08,0.1,21.03,78.97
1981-07-27,0.09,0.1,16.19,83.81
1981-07-28,0.08,0.09,12.85,87.15
1981-07-29,0.08,0.1,22.3,77.7
1981-07-30,0.08,0.11,30.33,69.67
1981-07-31,0.09,0.11,28.37,71.63
1981-08-03,0.08,0.11,25.79,74.21
1981-08-04,0.09,0.11,23.92,76.08
1981-08-05,0.09,0.11,20.33,79.67
1981-08-06,0.09,0.1,15.04,84.96
1981-08-07,0.09,0.11,23.3,76.7
1981-08-10,0.09,0.11,23.3,76.7
1981-08-11,0.08,0.11,30.99,69.01
1981-08-12,0.08,0.11,29.73,70.27
1981-08-13,0.08,0.09,17.1,82.9
1981-08-14,0.08,0.08,5.0,95.0
1981-08-17,0.08,0.08,8.56,91.44
1981-08-18,0.07,0.08,11.07,88.93
1981-08-19,0.07,0.08,7.73,92.27
1981-08-20,0.07,0.08,6.48,93.52
1981-08-21,0.07,0.08,14.42,85.58
1981-08-24,0.06,0.08,19.61,80.39
1981-08-25,0.07,0.08,16.52,83.48
1981-08-26,0.06,0.08,18.82,81.18
1981-08-27,0.07,0.08,18.05,81.95
1981-08-28,0.07,0.08,14.42,85.58
1981-08-31,0.07,0.08,14.42,85.58
1981-09-01,0.07,0.08,12.37,87.63
1981-09-02,0.07,0.09,25.17,74.83
1981-09-03,0.07,0.09,27.8,72.2
1981-09-04,0.07,0.09,33.62,66.38
1981-09-08,0.07,0.09,37.85,62.15
1981-09-09,0.07,0.09,37.85,62.15
1981-09-10,0.07,0.09,36.98,63.02
1981-09-11,0.07,0.1,48.01,51.99
1981-09-14,0.06,0.11,63.86,36.14
1981-09-15,0.06,0.09,47.16,52.84
1981-09-16,0.06,0.09,50.21,49.79
1981-09-17,0.06,0.09,54.47,45.53
1981-09-18,0.06,0.08,31.92,68.08
1981-09-21,0.06,0.08,31.0,69.0
1981-09-22,0.06,0.08,33.78,66.22
1981-09-23,0.06,0.08,36.82,63.18
1981-09-24,0.06,0.08,37.87,62.13
1981-09-25,0.05,0.08,58.43,41.57
1981-09-28,0.05,0.08,57.05,42.95
1981-09-29,0.05,0.08,49.26,50.74
1981-09-30,0.05,0.08,48.04,51.96
1981-10-01,0.05,0.08,48.04,51.96
1981-10-02,0.06,0.08,41.91,58.09
1981-10-05,0.06,0.09,60.15,39.85
1981-10-06,0.06,0.09,61.33,38.67
1981-10-07,0.06,0.11,74.18,25.82
1981-10-08,0.06,0.11,68.29,31.71
1981-10-09,0.06,0.11,67.16,32.84
1981-10-12,0.07,0.11,66.72,33.28
1981-10-13,0.07,0.12,81.4,18.6
1981-10-14,0.06,0.11,77.07,22.93
1981-10-15,0.06,0.13,111.21,-11.21
1981-10-16,0.06,0.13,114.1,-14.1
1981-10-19,0.06,0.13,104.62,-4.62
1981-10-20,0.07,0.13,99.1,0.9
1981-10-21,0.07,0.13,99.1,0.9
1981-10-22,0.07,0.13,95.44,4.56
1981-10-23,0.06,0.11,68.91,31.09
1981-10-26,0.06,0.12,83.79,16.21
1981-10-27,0.07,0.11,65.64,34.36
1981-10-28,0.07,0.11,60.47,39.53
1981-10-29,0.07,0.11,62.5,37.5
1981-10-30,0.07,0.11,55.67,44.33
1981-11-02,0.07,0.11,55.67,44.33
1981-11-03,0.07,0.12,76.81,23.19
1981-11-04,0.07,0.11,66.72,33.28
1981-11-05,0.06,0.1,62.5,37.5
1981-11-06,0.06,0.09,51.25,48.75
1981-11-09,0.06,0.08,31.61,68.39
1981-11-10,0.06,0.09,36.77,63.23
1981-11-11,0.06,0.09,44.24,55.76
1981-11-12,0.07,0.11,59.66,40.34
1981-11-13,0.06,0.09,50.21,49.79
1981-11-16,0.06,0.09,52.31,47.69
1981-11-17,0.06,0.09,37.71,62.29
1981-11-18,0.06,0.09,44.24,55.76
1981-11-19,0.06,0.09,44.24,55.76
1981-11-20,0.06,0.09,43.29,56.71
1981-11-23,0.06,0.09,50.21,49.79
1981-11-24,0.06,0.09,51.25,48.75
1981-11-25,0.06,0.11,69.44,30.56
1981-11-27,0.06,0.11,64.95,35.05
1981-11-30,0.06,0.11,67.16,32.84
1981-12-01,0.06,0.11,67.16,32.84
1981-12-02,0.06,0.1,54.91,45.09
1981-12-03,0.06,0.09,47.16,52.84
1981-12-04,0.06,0.11,68.91,31.09
1981-12-07,0.07,0.11,67.81,32.19
1981-12-08,0.06,0.11,66.05,33.95
1981-12-09,0.06,0.1,53.89,46.11
1981-12-10,0.06,0.1,53.89,46.11
1981-12-11,0.06,0.1,54.91,45.09
1981-12-14,0.06,0.1,60.26,39.74
1981-12-15,0.06,0.11,72.31,27.69
1981-12-16,0.07,0.11,64.58,35.42
1981-12-17,0.07,0.12,65.3,34.7
1981-12-18,0.08,0.13,70.81,29.19
1981-12-21,0.07,0.12,59.63,40.37
1981-12-22,0.08,0.12,56.94,43.06
1981-12-23,0.07,0.12,60.55,39.45
1981-12-24,0.07,0.12,59.63,40.37
1981-12-28,0.07,0.11,53.74,46.26
1981-12-29,0.07,0.11,51.03,48.97
1981-12-30,0.08,0.11,45.05,54.95
1981-12-31,0.08,0.11,45.05,54.95
1982-01-04,0.08,0.11,45.88,54.12
1982-01-05,0.07,0.11,53.74,46.26
1982-01-06,0.07,0.11,55.6,44.4
1982-01-07,0.06,0.1,52.88,47.12
1982-01-08,0.07,0.09,36.98,63.02
1982-01-11,0.06,0.08,25.72,74.28
1982-01-12,0.06,0.08,30.09,69.91
1982-01-13,0.06,0.08,31.0,69.0
1982-01-14,0.06,0.08,24.88,75.12
1982-01-15,0.07,0.09,36.13,63.87
1982-01-18,0.07,0.1,42.56,57.44
1982-01-19,0.07,0.09,36.98,63.02
1982-01-20,0.07,0.09,34.45,65.55
1982-01-21,0.07,0.09,32.0,68.0
1982-01-22,0.07,0.09,31.21,68.79
1982-01-25,0.07,0.09,35.28,64.72
1982-01-26,0.07,0.09,40.52,59.48
1982-01-27,0.07,0.11,59.66,40.34
1982-01-28,0.07,0.11,54.7,45.3
1982-01-29,0.07,0.11,57.51,42.49
1982-02-01,0.07,0.11,59.47,40.53
1982-02-02,0.07,0.12,72.44,27.56
1982-02-03,0.07,0.11,58.48,41.52
1982-02-04,0.07,0.1,47.07,52.93
1982-02-05,0.07,0.09,37.85,62.15
1982-02-08,0.06,0.09,35.85,64.15
1982-02-09,0.06,0.08,26.57,73.43
1982-02-10,0.06,0.08,24.88,75.12
1982-02-11,0.06,0.08,26.57,73.43
1982-02-12,0.06,0.08,28.1,71.9
1982-02-16,0.06,0.09,43.45,56.55
1982-02-17,0.06,0.09,46.18,53.82
1982-02-18,0.06,0.08,27.25,72.75
1982-02-19,0.06,0.08,24.88,75.12
1982-02-22,0.06,0.08,26.57,73.43
1982-02-23,0.06,0.08,28.31,71.69
1982-02-24,0.06,0.08,27.43,72.57
1982-02-25,0.06,0.08,28.31,71.69
1982-02-26,0.06,0.08,28.31,71.69
1982-03-01,0.06,0.1,58.08,41.92
1982-03-02,0.06,0.1,58.08,41.92
1982-03-03,0.06,0.09,48.16,51.84
1982-03-04,0.06,0.09,51.25,48.75
1982-03-05,0.06,0.08,38.5,61.5
1982-03-08,0.06,0.08,40.62,59.38
1982-03-09,0.06,0.08,39.55,60.45
1982-03-10,0.06,0.08,38.93,61.07
1982-03-11,0.06,0.08,38.93,61.07
1982-03-12,0.05,0.08,48.04,51.96
1982-03-15,0.05,0.08,49.26,50.74
1982-03-16,0.05,0.08,51.77,48.23
1982-03-17,0.05,0.08,59.83,40.17
1982-03-18,0.05,0.08,50.99,49.01
1982-03-19,0.06,0.09,58.55,41.45
1982-03-22,0.06,0.1,62.5,37.5
1982-03-23,0.06,0.09,54.47,45.53
1982-03-24,0.06,0.09,63.76,36.24
1982-03-25,0.06,0.1,76.04,23.96
1982-03-26,0.06,0.1,78.75,21.25
1982-03-29,0.06,0.11,87.27,12.73
1982-03-30,0.06,0.11,84.5,15.5
1982-03-31,0.06,0.11,84.5,15.5
1982-04-01,0.06,0.11,80.81,19.19
1982-04-02,0.06,0.11,80.81,19.19
1982-04-05,0.06,0.12,96.73,3.27
1982-04-06,0.06,0.13,116.23,-16.23
1982-04-07,0.06,0.12,100.98,-0.98
1982-04-08,0.06,0.11,83.39,16.61
1982-04-12,0.06,0.09,56.69,43.31
1982-04-13,0.05,0.08,46.35,53.65
1982-04-14,0.06,0.09,68.84,31.16
1982-04-15,0.06,0.1,77.38,22.62
1982-04-16,0.06,0.11,84.5,15.5
1982-04-19,0.06,0.1,76.04,23.96
1982-04-20,0.05,0.09,72.86,27.14
1982-04-21,0.05,0.09,68.7,31.3
1982-04-22,0.05,0.08,49.77,50.23
1982-04-23,0.05,0.08,49.77,50.23
1982-04-26,0.05,0.08,48.67,51.33
1982-04-27,0.05,0.08,53.55,46.45
1982-04-28,0.05,0.08,60.11,39.89
1982-04-29,0.05,0.08,57.45,42.55
1982-04-30,0.05,0.08,58.75,41.25
1982-05-03,0.05,0.09,78.53,21.47
1982-05-04,0.05,0.09,72.86,27.14
1982-05-05,0.05,0.09,75.65,24.35
1982-05-06,0.05,0.09,70.16,29.84
1982-05-07,0.06,0.1,78.75,21.25
1982-05-10,0.05,0.11,94.59,5.41
1982-05-11,0.05,0.1,87.4,12.6
1982-05-12,0.05,0.1,92.04,7.96
1982-05-13,0.05,0.1,90.47,9.53
1982-05-14,0.05,0.09,86.16,13.84
1982-05-17,0.05,0.09,89.39,10.61
1982-05-18,0.05,0.09,92.75,7.25
1982-05-19,0.05,0.09,94.47,5.53
1982-05-20,0.05,0.09,92.75,7.25
1982-05-21,0.05,0.09,84.97,15.03
1982-05-24,0.05,0.08,62.89,37.11
1982-05-25,0.05,0.08,67.09,32.91
1982-05-26,0.05,0.08,61.59,38.41
1982-05-27,0.05,0.08,61.26,38.74
1982-05-28,0.05,0.08,61.26,38.74
1982-06-01,0.05,0.08,64.19,35.81
1982-06-02,0.05,0.08,67.26,32.74
1982-06-03,0.05,0.08,70.57,29.43
1982-06-04,0.04,0.08,75.44,24.56
1982-06-07,0.04,0.08,78.41,21.59
1982-06-08,0.04,0.08,80.12,19.88
1982-06-09,0.04,0.08,83.65,16.35
1982-06-10,0.04,0.08,81.87,18.13
1982-06-11,0.05,0.08,79.58,20.42
1982-06-14,0.05,0.08,75.07,24.93
1982-06-15,0.05,0.08,75.07,24.93
1982-06-16,0.05,0.08,75.07,24.93
1982-06-17,0.04,0.08,78.41,21.59
1982-06-18,0.04,0.08,81.87,18.13
1982-06-21,0.04,0.08,81.87,18.13
1982-06-22,0.05,0.09,103.55,-3.55
1982-06-23,0.05,0.11,126.43,-26.43
1982-06-24,0.05,0.11,133.4,-33.4
1982-06-25,0.05,0.11,134.97,-34.97
1982-06-28,0.04,0.11,137.21,-37.21
1982-06-29,0.04,0.1,127.81,-27.81
1982-06-30,0.04,0.1,127.81,-27.81
1982-07-01,0.04,0.08,90.25,9.75
1982-07-02,0.04,0.08,95.13,4.87
1982-07-06,0.04,0.08,100.23,-0.23
1982-07-07,0.04,0.08,100.23,-0.23
1982-07-08,0.04,0.08,109.33,-9.33
1982-07-09,0.04,0.08,105.85,-5.85
1982-07-12,0.04,0.08,106.62,-6.62
1982-07-13,0.04,0.09,120.0,-20.0
1982-07-14,0.04,0.08,92.15,7.85
1982-07-15,0.04,0.09,113.53,-13.53
1982-07-16,0.05,0.1,119.22,-19.22
1982-07-19,0.05,0.11,132.78,-32.78
1982-07-20,0.05,0.11,125.22,-25.22
1982-07-21,0.05,0.11,125.22,-25.22
1982-07-22,0.05,0.12,142.92,-42.92
1982-07-23,0.05,0.13,169.81,-69.81
1982-07-26,0.05,0.12,158.66,-58.66
1982-07-27,0.05,0.12,158.66,-58.66
1982-07-28,0.04,0.12,171.22,-71.22
1982-07-29,0.05,0.12,161.08,-61.08
1982-07-30,0.05,0.12,158.66,-58.66
1982-08-02,0.05,0.11,131.3,-31.3
1982-08-03,0.04,0.11,139.49,-39.49
1982-08-04,0.04,0.11,141.82,-41.82
1982-08-05,0.04,0.09,120.0,-20.0
1982-08-06,0.04,0.09,122.24,-22.24
1982-08-09,0.04,0.08,89.22,10.78
1982-08-10,0.04,0.09,107.43,-7.43
1982-08-11,0.05,0.09,105.47,-5.47
1982-08-12,0.04,0.09,107.43,-7.43
1982-08-13,0.04,0.09,107.43,-7.43
1982-08-16,0.05,0.1,117.17,-17.17
1982-08-17,0.05,0.11,125.22,-25.22
1982-08-18,0.05,0.11,125.22,-25.22
1982-08-19,0.05,0.11,123.26,-23.26
1982-08-20,0.05,0.11,117.58,-17.58
1982-08-23,0.05,0.13,154.13,-54.13
1982-08-24,0.06,0.14,159.53,-59.53
1982-08-25,0.06,0.15,156.06,-56.06
1982-08-26,0.06,0.15,148.85,-48.85
1982-08-27,0.06,0.14,148.0,-48.0
1982-08-30,0.06,0.14,144.38,-44.38
1982-08-31,0.06,0.14,132.5,-32.5
1982-09-01,0.06,0.13,123.27,-23.27
1982-09-02,0.06,0.14,129.31,-29.31
1982-09-03,0.06,0.14,127.75,-27.75
1982-09-07,0.06,0.12,100.98,-0.98
1982-09-08,0.06,0.13,103.45,-3.45
1982-09-09,0.06,0.12,98.12,1.88
1982-09-10,0.06,0.12,92.66,7.34
1982-09-13,0.06,0.12,91.34,8.66
1982-09-14,0.06,0.11,70.03,29.97
1982-09-15,0.06,0.11,71.16,28.84
1982-09-16,0.06,0.11,71.77,28.23
1982-09-17,0.06,0.11,75.4,24.6
1982-09-20,0.06,0.11,74.18,25.82
1982-09-21,0.06,0.11,70.6,29.4
1982-09-22,0.06,0.11,71.16,28.84
1982-09-23,0.06,0.11,66.05,33.95
1982-09-24,0.06,0.1,60.26,39.74
1982-09-27,0.06,0.11,71.77,28.23
1982-09-28,0.06,0.11,69.44,30.56
1982-09-29,0.06,0.11,74.66,25.34
1982-09-30,0.06,0.11,70.6,29.4
1982-10-01,0.06,0.11,68.29,31.71
1982-10-04,0.06,0.1,54.91,45.09
1982-10-05,0.06,0.11,64.95,35.05
1982-10-06,0.07,0.13,88.2,11.8
1982-10-07,0.07,0.14,91.31,8.69
1982-10-08,0.08,0.15,88.58,11.42
1982-10-11,0.08,0.15,84.65,15.35
1982-10-12,0.08,0.13,68.06,31.94
1982-10-13,0.08,0.13,66.27,33.73
1982-10-14,0.08,0.14,77.14,22.86
1982-10-15,0.08,0.13,69.88,30.12
1982-10-18,0.08,0.13,66.27,33.73
1982-10-19,0.08,0.14,74.37,25.63
1982-10-20,0.09,0.14,64.93,35.07
1982-10-21,0.09,0.14,60.96,39.04
1982-10-22,0.09,0.14,61.74,38.26
1982-10-25,0.08,0.13,56.35,43.65
1982-10-26,0.08,0.12,42.53,57.47
1982-10-27,0.09,0.12,38.98,61.02
1982-10-28,0.09,0.11,27.73,72.27
1982-10-29,0.09,0.11,26.48,73.52
1982-11-01,0.09,0.13,36.9,63.1
1982-11-02,0.1,0.13,33.14,66.86
1982-11-03,0.11,0.13,27.07,72.93
1982-11-04,0.11,0.14,35.0,65.0
1982-11-05,0.1,0.13,29.7,70.3
1982-11-08,0.1,0.12,25.21,74.79
1982-11-09,0.1,0.12,21.02,78.98
1982-11-10,0.11,0.12,16.63,83.37
1982-11-11,0.11,0.14,23.63,76.37
1982-11-12,0.11,0.14,28.99,71.01
1982-11-15,0.11,0.14,29.0,71.0
1982-11-16,0.1,0.12,15.93,84.07
1982-11-17,0.11,0.13,19.86,80.14
1982-11-18,0.11,0.13,19.86,80.14
1982-11-19,0.11,0.12,12.65,87.35
1982-11-22,0.1,0.11,12.83,87.17
1982-11-23,0.1,0.1,3.59,96.41
1982-11-24,0.1,0.1,1.4,98.6
1982-11-26,0.1,0.11,7.88,92.12
1982-11-29,0.1,0.11,14.65,85.35
1982-11-30,0.11,0.12,10.41,89.59
1982-12-01,0.11,0.13,13.18,86.82
1982-12-02,0.11,0.12,6.76,93.24
1982-12-03,0.11,0.12,9.28,90.72
1982-12-06,0.11,0.13,9.8,90.2
1982-12-07,0.12,0.13,11.42,88.58
1982-12-08,0.11,0.13,16.12,83.88
1982-12-09,0.11,0.13,22.11,77.89
1982-12-10,0.1,0.11,12.39,87.61
1982-12-13,0.1,0.13,28.5,71.5
1982-12-14,0.1,0.12,22.28,77.72
1982-12-15,0.1,0.11,16.37,83.63
1982-12-16,0.1,0.11,15.15,84.85
1982-12-17,0.1,0.12,16.82,83.18
1982-12-20,0.1,0.11,4.28,95.72
1982-12-21,0.1,0.11,8.68,91.32
1982-12-22,0.11,0.11,5.62,94.38
1982-12-23,0.11,0.13,14.95,85.05
1982-12-27,0.11,0.12,5.94,94.06
1982-12-28,0.11,0.11,1.15,98.85
1982-12-29,0.11,0.11,4.78,95.22
1982-12-30,0.1,0.11,9.58,90.42
1982-12-31,0.1,0.13,23.12,76.88
1983-01-03,0.1,0.12,21.74,78.26
1983-01-04,0.1,0.12,20.01,79.99
1983-01-05,0.1,0.12,19.51,80.49
1983-01-06,0.1,0.12,20.83,79.17
1983-01-07,0.09,0.11,13.76,86.24
1983-01-10,0.1,0.11,8.81,91.19
1983-01-11,0.1,0.11,7.41,92.59
1983-01-12,0.11,0.11,7.66,92.34
1983-01-13,0.11,0.11,1.74,98.26
1983-01-14,0.11,0.12,6.65,93.35
1983-01-17,0.12,0.13,7.79,92.21
1983-01-18,0.11,0.13,15.25,84.75
1983-01-19,0.11,0.13,17.24,82.76
1983-01-20,0.13,0.15,17.59,82.41
1983-01-21,0.13,0.16,24.15,75.85
1983-01-24,0.12,0.13,11.84,88.16
1983-01-25,0.13,0.14,11.61,88.39
1983-01-26,0.13,0.15,15.59,84.41
1983-01-27,0.14,0.17,23.15,76.85
1983-01-28,0.14,0.17,22.4,77.6
1983-01-31,0.14,0.18,28.21,71.79
1983-02-01,0.14,0.18,25.52,74.48
1983-02-02,0.15,0.18,22.23,77.77
1983-02-03,0.15,0.18,17.44,82.56
1983-02-04,0.15,0.17,10.51,89.49
1983-02-07,0.14,0.17,18.81,81.19
1983-02-08,0.14,0.17,19.88,80.12
1983-02-09,0.14,0.15,4.57,95.43
1983-02-10,0.15,0.17,8.24,91.76
1983-02-11,0.16,0.2,25.11,74.89
1983-02-14,0.16,0.19,22.42,77.58
1983-02-15,0.16,0.18,17.42,82.58
1983-02-16,0.15,0.16,6.21,93.79
1983-02-17,0.15,0.17,12.14,87.86
1983-02-18,0.16,0.17,8.74,91.26
1983-02-22,0.16,0.17,6.11,93.89
1983-02-23,0.16,0.17,5.26,94.74
1983-02-24,0.16,0.17,2.53,97.47
1983-02-25,0.16,0.17,5.54,94.46
1983-02-28,0.16,0.17,8.14,91.86
1983-03-01,0.16,0.17,6.4,93.6
1983-03-02,0.16,0.17,5.54,94.46
1983-03-03,0.15,0.17,6.92,93.08
1983-03-04,0.15,0.15,0.34,99.66
1983-03-07,0.15,0.15,1.65,98.35
1983-03-08,0.14,0.15,4.95,95.05
1983-03-09,0.15,0.16,6.12,93.88
1983-03-10,0.15,0.16,7.66,92.34
1983-03-11,0.14,0.15,4.95,95.05
1983-03-14,0.14,0.14,3.15,96.85
1983-03-15,0.14,0.14,4.59,95.41
1983-03-16,0.14,0.13,7.67,92.33
1983-03-17,0.14,0.14,5.43,94.57
1983-03-18,0.15,0.15,1.41,98.59
1983-03-21,0.15,0.15,1.07,98.93
1983-03-22,0.15,0.15,0.06,99.94
1983-03-23,0.14,0.15,2.91,97.09
1983-03-24,0.15,0.15,3.13,96.87
1983-03-25,0.15,0.16,7.35,92.65
1983-03-28,0.15,0.17,13.84,86.16
1983-03-29,0.15,0.17,10.59,89.41
1983-03-30,0.15,0.17,9.34,90.66
1983-03-31,0.14,0.16,9.57,90.43
1983-04-04,0.14,0.16,12.57,87.43
1983-04-05,0.14,0.15,10.15,89.85
1983-04-06,0.14,0.15,11.18,88.82
1983-04-07,0.14,0.15,12.23,87.77
1983-04-08,0.13,0.14,3.31,96.69
1983-04-11,0.14,0.15,6.84,93.16
1983-04-12,0.15,0.15,4.64,95.36
1983-04-13,0.15,0.17,9.96,90.04
1983-04-14,0.15,0.17,7.52,92.48
1983-04-15,0.16,0.17,7.85,92.15
1983-04-18,0.16,0.17,4.98,95.02
1983-04-19,0.16,0.17,6.11,93.89
1983-04-20,0.17,0.18,3.05,96.95
1983-04-21,0.18,0.19,8.31,91.69
1983-04-22,0.17,0.2,15.09,84.91
1983-04-25,0.17,0.2,21.48,78.52
1983-04-26,0.17,0.2,18.14,81.86
1983-04-27,0.17,0.2,19.33,80.67
1983-04-28,0.17,0.21,20.06,79.94
1983-04-29,0.17,0.2,16.97,83.03
1983-05-02,0.17,0.19,14.04,85.96
1983-05-03,0.17,0.18,9.38,90.62
1983-05-04,0.18,0.19,8.5,91.5
1983-05-05,0.19,0.19,3.77,96.23
1983-05-06,0.19,0.19,3.3,96.7
1983-05-09,0.19,0.19,4.73,95.27
1983-05-10,0.19,0.2,6.71,93.29
1983-05-11,0.18,0.2,7.66,92.34
1983-05-12,0.18,0.2,8.68,91.32
1983-05-13,0.18,0.2,9.97,90.03
1983-05-16,0.18,0.2,11.04,88.96
1983-05-17,0.18,0.2,12.62,87.38
1983-05-18,0.18,0.2,11.28,88.72
1983-05-19,0.19,0.2,7.94,92.06
1983-05-20,0.19,0.22,13.3,86.7
1983-05-23,0.2,0.22,12.07,87.93
1983-05-24,0.21,0.22,6.51,93.49
1983-05-25,0.21,0.21,2.08,97.92
1983-05-26,0.2,0.2,1.6,98.4
1983-05-27,0.2,0.21,3.16,96.84
1983-05-31,0.2,0.2,1.16,98.84
1983-06-01,0.2,0.21,5.37,94.63
1983-06-02,0.2,0.23,13.19,86.81
1983-06-03,0.21,0.24,13.09,86.91
1983-06-06,0.21,0.26,23.33,76.67
1983-06-07,0.21,0.24,14.49,85.51
1983-06-08,0.2,0.23,10.59,89.41
1983-06-09,0.2,0.22,6.54,93.46
1983-06-10,0.2,0.22,6.99,93.01
1983-06-13,0.2,0.21,5.41,94.59
1983-06-14,0.19,0.19,3.31,96.69
1983-06-15,0.19,0.18,1.53,98.47
1983-06-16,0.2,0.2,1.21,98.79
1983-06-17,0.19,0.2,3.24,96.76
1983-06-20,0.18,0.2,8.56,91.44
1983-06-21,0.18,0.2,7.8,92.2
1983-06-22,0.19,0.2,4.64,95.36
1983-06-23,0.18,0.18,0.15,99.85
1983-06-24,0.18,0.18,1.88,98.12
1983-06-27,0.17,0.16,7.8,92.2
1983-06-28,0.16,0.16,0.91,99.09
1983-06-29,0.17,0.17,1.12,98.88
1983-06-30,0.17,0.17,0.62,99.38
1983-07-01,0.17,0.17,1.37,98.63
1983-07-05,0.16,0.17,2.8,97.2
1983-07-06,0.16,0.17,3.8,96.2
1983-07-07,0.16,0.16,0.65,99.35
1983-07-08,0.16,0.16,0.43,99.57
1983-07-11,0.16,0.17,2.26,97.74
1983-07-12,0.16,0.17,4.74,95.26
1983-07-13,0.16,0.14,8.63,91.37
1983-07-14,0.16,0.15,6.58,93.42
1983-07-15,0.15,0.14,5.03,94.97
1983-07-18,0.15,0.15,0.04,99.96
1983-07-19,0.15,0.16,5.35,94.65
1983-07-20,0.14,0.14,3.43,96.57
1983-07-21,0.15,0.15,0.94,99.06
1983-07-22,0.15,0.15,0.08,99.92
1983-07-25,0.15,0.15,1.53,98.47
1983-07-26,0.13,0.14,6.47,93.53
1983-07-27,0.12,0.13,4.68,95.32
1983-07-28,0.12,0.13,11.61,88.39
1983-07-29,0.12,0.12,1.34,98.66
1983-08-01,0.12,0.12,2.44,97.56
1983-08-02,0.12,0.12,2.81,97.19
1983-08-03,0.12,0.13,6.56,93.44
1983-08-04,0.11,0.12,2.5,97.5
1983-08-05,0.12,0.12,0.61,99.39
1983-08-08,0.12,0.12,0.24,99.76
1983-08-09,0.12,0.12,1.57,98.43
1983-08-10,0.12,0.12,0.49,99.51
1983-08-11,0.12,0.1,11.93,88.07
1983-08-12,0.11,0.1,11.27,88.73
1983-08-15,0.12,0.11,5.81,94.19
1983-08-16,0.12,0.12,2.39,97.61
1983-08-17,0.11,0.13,11.03,88.97
1983-08-18,0.11,0.13,9.78,90.22
1983-08-19,0.12,0.13,8.97,91.03
1983-08-22,0.11,0.13,9.37,90.63
1983-08-23,0.11,0.1,5.39,94.61
1983-08-24,0.1,0.1,0.31,99.69
1983-08-25,0.1,0.1,1.13,98.87
1983-08-26,0.11,0.1,2.33,97.67
1983-08-29,0.11,0.1,3.5,96.5
1983-08-30,0.11,0.12,5.11,94.89
1983-08-31,0.13,0.13,5.83,94.17
1983-09-01,0.12,0.13,8.38,91.62
1983-09-02,0.13,0.13,3.74,96.26
1983-09-06,0.13,0.14,7.3,92.7
1983-09-07,0.12,0.13,11.09,88.91
1983-09-08,0.11,0.12,8.83,91.17
1983-09-09,0.1,0.12,12.83,87.17
1983-09-12,0.1,0.12,12.83,87.17
1983-09-13,0.11,0.13,20.2,79.8
1983-09-14,0.11,0.13,21.63,78.37
1983-09-15,0.1,0.12,20.75,79.25
1983-09-16,0.1,0.12,23.83,76.17
1983-09-19,0.11,0.13,20.2,79.8
1983-09-20,0.11,0.12,13.23,86.77
1983-09-21,0.11,0.11,3.05,96.95
1983-09-22,0.11,0.12,6.32,93.68
1983-09-23,0.08,0.1,15.27,84.73
1983-09-26,0.09,0.1,12.37,87.63
1983-09-27,0.08,0.09,15.33,84.67
1983-09-28,0.08,0.09,18.48,81.52
1983-09-29,0.08,0.09,19.13,80.87
1983-09-30,0.08,0.09,10.32,89.68
1983-10-03,0.08,0.09,10.32,89.68
1983-10-04,0.08,0.09,11.53,88.47
1983-10-05,0.08,0.09,13.39,86.61
1983-10-06,0.08,0.09,14.66,85.34
1983-10-07,0.07,0.08,21.09,78.91
1983-10-10,0.07,0.08,20.57,79.43
1983-10-11,0.07,0.08,16.52,83.48
1983-10-12,0.07,0.08,6.87,93.13
1983-10-13,0.08,0.09,18.37,81.63
1983-10-14,0.08,0.09,19.67,80.33
1983-10-17,0.07,0.09,25.52,74.48
1983-10-18,0.07,0.08,23.97,76.03
1983-10-19,0.07,0.09,26.63,73.37
1983-10-20,0.07,0.09,33.62,66.38
1983-10-21,0.07,0.09,36.98,63.02
1983-10-24,0.07,0.09,28.88,71.12
1983-10-25,0.07,0.09,28.12,71.88
1983-10-26,0.07,0.09,35.28,64.72
1983-10-27,0.07,0.11,47.38,52.62
1983-10-28,0.07,0.11,49.15,50.85
1983-10-31,0.08,0.11,41.85,58.15
1983-11-01,0.08,0.11,35.37,64.63
1983-11-02,0.08,0.11,32.49,67.51
1983-11-03,0.07,0.1,32.78,67.22
1983-11-04,0.07,0.11,47.38,52.62
1983-11-07,0.07,0.11,48.26,51.74
1983-11-08,0.06,0.09,40.6,59.4
1983-11-09,0.07,0.09,41.43,58.57
1983-11-10,0.07,0.1,48.01,51.99
1983-11-11,0.07,0.09,36.13,63.87
1983-11-14,0.07,0.09,37.85,62.15
1983-11-15,0.07,0.1,47.07,52.93
1983-11-16,0.07,0.09,36.13,63.87
1983-11-17,0.07,0.1,41.69,58.31
1983-11-18,0.07,0.09,32.0,68.0
1983-11-21,0.07,0.09,26.63,73.37
1983-11-22,0.07,0.09,26.63,73.37
1983-11-23,0.07,0.09,33.62,66.38
1983-11-25,0.07,0.1,41.69,58.31
1983-11-28,0.07,0.1,38.32,61.68
1983-11-29,0.07,0.13,83.67,16.33
1983-11-30,0.07,0.11,57.51,42.49
1983-12-01,0.07,0.11,53.75,46.25
1983-12-02,0.07,0.1,46.14,53.86
1983-12-05,0.07,0.11,52.81,47.19
1983-12-06,0.07,0.11,51.87,48.13
1983-12-07,0.07,0.11,52.82,47.18
1983-12-08,0.07,0.11,49.27,50.73
1983-12-09,0.07,0.11,48.41,51.59
1983-12-12,0.07,0.1,35.1,64.9
1983-12-13,0.08,0.11,42.64,57.36
1983-12-14,0.08,0.13,67.16,32.84
1983-12-15,0.08,0.13,60.3,39.7
1983-12-16,0.08,0.13,57.87,42.13
1983-12-19,0.08,0.13,58.8,41.2
1983-12-20,0.08,0.13,56.66,43.34
1983-12-21,0.08,0.13,57.16,42.84
1983-12-22,0.08,0.13,57.87,42.13
1983-12-23,0.08,0.13,58.67,41.33
1983-12-27,0.08,0.13,57.87,42.13
1983-12-28,0.09,0.13,56.29,43.71
1983-12-29,0.08,0.12,43.26,56.74
1983-12-30,0.08,0.12,43.26,56.74
1984-01-03,0.09,0.13,48.73,51.27
1984-01-04,0.1,0.13,40.17,59.83
1984-01-05,0.1,0.13,34.91,65.09
1984-01-06,0.09,0.12,25.84,74.16
1984-01-09,0.09,0.11,22.26,77.74
1984-01-10,0.09,0.12,26.41,73.59
1984-01-11,0.1,0.13,36.11,63.89
1984-01-12,0.1,0.12,25.27,74.73
1984-01-13,0.09,0.11,17.77,82.23
1984-01-16,0.1,0.11,19.57,80.43
1984-01-17,0.1,0.12,26.31,73.69
1984-01-18,0.1,0.12,25.76,74.24
1984-01-19,0.1,0.13,35.68,64.32
1984-01-20,0.1,0.13,31.38,68.62
1984-01-23,0.1,0.13,30.24,69.76
1984-01-24,0.09,0.11,16.45,83.55
1984-01-25,0.09,0.1,10.78,89.22
1984-01-26,0.09,0.11,14.87,85.13
1984-01-27,0.09,0.11,21.47,78.53
1984-01-30,0.08,0.09,3.08,96.92
1984-01-31,0.08,0.09,3.08,96.92
1984-02-01,0.08,0.09,3.6,96.4
1984-02-02,0.09,0.09,4.99,95.01
1984-02-03,0.08,0.09,4.13,95.87
1984-02-06,0.08,0.08,6.12,93.88
1984-02-07,0.08,0.09,4.14,95.86
1984-02-08,0.08,0.08,4.35,95.65
1984-02-09,0.08,0.08,2.7,97.3
1984-02-10,0.08,0.08,1.13,98.87
1984-02-13,0.08,0.08,1.66,98.34
1984-02-14,0.09,0.09,6.25,93.75
1984-02-15,0.09,0.09,0.03,99.97
1984-02-16,0.09,0.09,7.29,92.71
1984-02-17,0.09,0.11,24.54,75.46
1984-02-21,0.09,0.11,22.85,77.15
1984-02-22,0.09,0.11,17.24,82.76
1984-02-23,0.09,0.11,19.42,80.58
1984-02-24,0.09,0.11,18.32,81.68
1984-02-27,0.09,0.13,35.63,64.37
1984-02-28,0.09,0.11,22.09,77.91
1984-02-29,0.09,0.11,22.26,77.74
1984-03-01,0.09,0.12,29.33,70.67
1984-03-02,0.09,0.11,17.77,82.23
1984-03-05,0.09,0.11,19.97,80.03
1984-03-06,0.09,0.11,20.91,79.09
1984-03-07,0.09,0.11,22.15,77.85
1984-03-08,0.09,0.11,24.01,75.99
1984-03-09,0.09,0.11,22.73,77.27
1984-03-12,0.09,0.11,18.25,81.75
1984-03-13,0.09,0.1,12.16,87.84
1984-03-14,0.09,0.1,13.74,86.26
1984-03-15,0.09,0.1,13.2,86.8
1984-03-16,0.09,0.1,13.74,86.26
1984-03-19,0.09,0.11,23.31,76.69
1984-03-20,0.09,0.1,16.47,83.53
1984-03-21,0.09,0.1,9.47,90.53
1984-03-22,0.09,0.09,3.4,96.6
1984-03-23,0.09,0.1,11.61,88.39
1984-03-26,0.09,0.1,17.6,82.4
1984-03-27,0.09,0.09,1.02,98.98
1984-03-28,0.09,0.09,3.4,96.6
1984-03-29,0.09,0.1,12.16,87.84
1984-03-30,0.08,0.08,1.97,98.03
1984-04-02,0.09,0.08,2.46,97.54
1984-04-03,0.09,0.08,1.39,98.61
1984-04-04,0.08,0.08,0.97,99.03
1984-04-05,0.08,0.08,4.55,95.45
1984-04-06,0.08,0.08,2.02,97.98
1984-04-09,0.08,0.08,2.02,97.98
1984-04-10,0.08,0.09,10.0,90.0
1984-04-11,0.08,0.09,11.12,88.88
1984-04-12,0.09,0.11,20.91,79.09
1984-04-13,0.09,0.1,12.8,87.2
1984-04-16,0.09,0.11,22.26,77.74
1984-04-17,0.09,0.11,16.7,83.3
1984-04-18,0.1,0.12,24.71,75.29
1984-04-19,0.1,0.13,34.91,65.09
1984-04-23,0.1,0.13,34.31,65.69
1984-04-24,0.1,0.12,25.27,74.73
1984-04-25,0.09,0.13,37.04,62.96
1984-04-26,0.1,0.14,35.49,64.51
1984-04-27,0.1,0.15,47.11,52.89
1984-04-30,0.11,0.15,41.25,58.75
1984-05-01,0.11,0.16,37.65,62.35
1984-05-02,0.11,0.16,38.69,61.31
1984-05-03,0.11,0.14,32.05,67.95
1984-05-04,0.1,0.13,24.83,75.17
1984-05-07,0.11,0.13,20.82,79.18
1984-05-08,0.11,0.13,14.39,85.61
1984-05-09,0.11,0.13,13.53,86.47
1984-05-10,0.11,0.13,13.53,86.47
1984-05-11,0.11,0.12,7.84,92.16
1984-05-14,0.11,0.12,9.98,90.02
1984-05-15,0.11,0.13,18.41,81.59
1984-05-16,0.1,0.13,20.6,79.4
1984-05-17,0.1,0.11,12.87,87.13
1984-05-18,0.1,0.11,10.5,89.5
1984-05-21,0.11,0.11,3.14,96.86
1984-05-22,0.11,0.11,6.48,93.52
1984-05-23,0.1,0.11,8.68,91.32
1984-05-24,0.1,0.12,18.11,81.89
1984-05-25,0.1,0.11,11.44,88.56
1984-05-29,0.1,0.1,3.06,96.94
1984-05-30,0.1,0.1,1.81,98.19
1984-05-31,0.1,0.1,3.06,96.94
1984-06-01,0.1,0.11,8.23,91.77
1984-06-04,0.1,0.11,10.97,89.03
1984-06-05,0.1,0.1,4.32,95.68
1984-06-06,0.1,0.11,7.88,92.12
1984-06-07,0.1,0.11,15.15,84.85
1984-06-08,0.1,0.11,9.29,90.71
1984-06-11,0.1,0.09,6.08,93.92
1984-06-12,0.1,0.11,7.41,92.59
1984-06-13,0.1,0.11,11.28,88.72
1984-06-14,0.1,0.11,14.65,85.35
1984-06-15,0.1,0.11,14.16,85.84
1984-06-18,0.1,0.12,18.8,81.2
1984-06-19,0.1,0.12,19.81,80.19
1984-06-20,0.1,0.12,16.34,83.66
1984-06-21,0.1,0.11,7.88,92.12
1984-06-22,0.1,0.11,9.29,90.71
1984-06-25,0.09,0.11,14.8,85.2
1984-06-26,0.09,0.09,3.4,96.6
1984-06-27,0.09,0.09,6.47,93.53
1984-06-28,0.09,0.11,18.61,81.39
1984-06-29,0.09,0.1,12.87,87.13
1984-07-02,0.09,0.09,0.44,99.56
1984-07-03,0.09,0.09,1.04,98.96
1984-07-05,0.08,0.09,3.08,96.92
1984-07-06,0.09,0.09,1.54,98.46
1984-07-09,0.09,0.09,0.51,99.49
1984-07-10,0.09,0.1,11.3,88.7
1984-07-11,0.09,0.09,3.73,96.27
1984-07-12,0.09,0.1,9.09,90.91
1984-07-13,0.09,0.1,10.12,89.88
1984-07-16,0.09,0.1,16.16,83.84
1984-07-17,0.09,0.1,17.6,82.4
1984-07-18,0.09,0.11,27.57,72.43
1984-07-19,0.09,0.1,12.16,87.84
1984-07-20,0.09,0.1,12.16,87.84
1984-07-23,0.09,0.1,13.28,86.72
1984-07-24,0.09,0.11,25.18,74.82
1984-07-25,0.09,0.12,35.16,64.84
1984-07-26,0.09,0.12,32.68,67.32
1984-07-27,0.09,0.11,22.87,77.13
1984-07-30,0.09,0.09,8.21,91.79
1984-07-31,0.09,0.1,11.61,88.39
1984-08-01,0.09,0.09,5.47,94.53
1984-08-02,0.08,0.08,2.18,97.82
1984-08-03,0.09,0.11,21.75,78.25
1984-08-06,0.1,0.11,13.95,86.05
1984-08-07,0.1,0.12,22.04,77.96
1984-08-08,0.1,0.11,16.94,83.06
1984-08-09,0.1,0.11,12.03,87.97
1984-08-10,0.1,0.12,22.03,77.97
1984-08-13,0.1,0.12,15.93,84.07
1984-08-14,0.1,0.12,17.13,82.87
1984-08-15,0.1,0.12,21.33,78.67
1984-08-16,0.1,0.12,20.25,79.75
1984-08-17,0.09,0.12,22.98,77.02
1984-08-20,0.09,0.12,23.55,76.45
1984-08-21,0.1,0.12,22.03,77.97
1984-08-22,0.1,0.12,24.21,75.79
1984-08-23,0.1,0.12,20.25,79.75
1984-08-24,0.1,0.1,6.35,93.65
1984-08-27,0.1,0.1,7.31,92.69
1984-08-28,0.1,0.11,12.33,87.67
1984-08-29,0.09,0.1,5.62,94.38
1984-08-30,0.09,0.11,15.87,84.13
1984-08-31,0.09,0.09,1.45,98.55
1984-09-04,0.09,0.09,2.42,97.58
1984-09-05,0.09,0.09,4.71,95.29
1984-09-06,0.09,0.09,1.45,98.55
1984-09-07,0.09,0.1,12.87,87.13
1984-09-10,0.09,0.1,13.41,86.59
1984-09-11,0.09,0.09,5.07,94.93
1984-09-12,0.09,0.09,2.34,97.66
1984-09-13,0.09,0.1,8.77,91.23
1984-09-14,0.1,0.11,13.84,86.16
1984-09-17,0.1,0.12,18.15,81.85
1984-09-18,0.09,0.1,8.28,91.72
1984-09-19,0.09,0.11,17.53,82.47
1984-09-20,0.09,0.12,24.68,75.32
1984-09-21,0.09,0.12,25.84,74.16
1984-09-24,0.09,0.12,27.03,72.97
1984-09-25,0.09,0.11,21.47,78.53
1984-09-26,0.09,0.1,16.16,83.84
1984-09-27,0.09,0.1,16.16,83.84
1984-09-28,0.09,0.1,13.28,86.72
1984-10-01,0.08,0.09,3.08,96.92
1984-10-02,0.08,0.1,14.99,85.01
1984-10-03,0.09,0.08,1.88,98.12
1984-10-04,0.09,0.08,2.85,97.15
1984-10-05,0.09,0.08,4.27,95.73
1984-10-08,0.09,0.08,2.46,97.54
1984-10-09,0.08,0.08,1.47,98.53
1984-10-10,0.08,0.08,0.26,99.74
1984-10-11,0.08,0.08,0.26,99.74
1984-10-12,0.08,0.08,0.77,99.23
1984-10-15,0.08,0.08,2.43,97.57
1984-10-16,0.08,0.08,0.6,99.4
1984-10-17,0.09,0.09,9.45,90.55
1984-10-18,0.09,0.11,21.5,78.5
1984-10-19,0.09,0.11,25.24,74.76
1984-10-22,0.09,0.11,22.7,77.3
1984-10-23,0.09,0.11,19.75,80.25
1984-10-24,0.09,0.11,18.61,81.39
1984-10-25,0.09,0.11,23.3,76.7
1984-10-26,0.08,0.1,17.95,82.05
1984-10-29,0.08,0.11,25.79,74.21
1984-10-30,0.09,0.11,24.54,75.46
1984-10-31,0.09,0.11,25.16,74.84
1984-11-01,0.09,0.12,39.68,60.32
1984-11-02,0.09,0.11,29.02,70.98
1984-11-05,0.08,0.11,29.67,70.33
1984-11-06,0.09,0.11,22.26,77.74
1984-11-07,0.09,0.11,20.91,79.09
1984-11-08,0.08,0.09,10.0,90.0
1984-11-09,0.08,0.09,8.1,91.9
1984-11-12,0.08,0.09,12.85,87.15
1984-11-13,0.08,0.08,0.36,99.64
1984-11-14,0.08,0.09,14.63,85.37
1984-11-15,0.08,0.09,14.63,85.37
1984-11-16,0.08,0.09,17.1,82.9
1984-11-19,0.07,0.08,7.04,92.96
1984-11-20,0.08,0.09,16.5,83.5
1984-11-21,0.08,0.09,17.73,82.27
1984-11-23,0.08,0.09,14.63,85.37
1984-11-26,0.08,0.09,13.44,86.56
1984-11-27,0.08,0.09,10.56,89.44
1984-11-28,0.09,0.11,20.33,79.67
1984-11-29,0.09,0.11,22.7,77.3
1984-11-30,0.08,0.11,29.67,70.33
1984-12-03,0.08,0.11,27.73,72.27
1984-12-04,0.09,0.11,29.02,70.98
1984-12-05,0.09,0.11,22.85,77.15
1984-12-06,0.09,0.12,27.56,72.44
1984-12-07,0.09,0.12,28.14,71.86
1984-12-10,0.09,0.13,42.47,57.53
1984-12-11,0.09,0.13,38.84,61.16
1984-12-12,0.09,0.11,25.86,74.14
1984-12-13,0.09,0.11,24.63,75.37
1984-12-14,0.09,0.11,21.68,78.32
1984-12-17,0.09,0.11,18.86,81.14
1984-12-18,0.1,0.11,12.12,87.88
1984-12-19,0.09,0.11,16.7,83.3
1984-12-20,0.09,0.11,21.75,78.25
1984-12-21,0.09,0.11,23.44,76.56
1984-12-24,0.09,0.11,21.2,78.8
1984-12-26,0.09,0.11,20.65,79.35
1984-12-27,0.09,0.11,16.65,83.35
1984-12-28,0.1,0.12,20.97,79.03
1984-12-31,0.1,0.12,19.42,80.58
1985-01-02,0.1,0.12,24.77,75.23
1985-01-03,0.1,0.12,22.57,77.43
1985-01-04,0.1,0.12,22.57,77.43
1985-01-07,0.1,0.12,23.11,76.89
1985-01-08,0.1,0.12,20.79,79.21
1985-01-09,0.1,0.12,17.64,82.36
1985-01-10,0.1,0.13,25.35,74.65
1985-01-11,0.1,0.13,31.02,68.98
1985-01-14,0.1,0.14,37.7,62.3
1985-01-15,0.1,0.12,20.51,79.49
1985-01-16,0.1,0.13,28.85,71.15
1985-01-17,0.1,0.12,25.13,74.87
1985-01-18,0.1,0.11,15.65,84.35
1985-01-21,0.1,0.12,20.32,79.68
1985-01-22,0.1,0.12,20.01,79.99
1985-01-23,0.1,0.12,18.8,81.2
1985-01-24,0.1,0.12,21.36,78.64
1985-01-25,0.1,0.12,18.8,81.2
1985-01-28,0.1,0.12,19.51,80.49
1985-01-29,0.1,0.12,17.8,82.2
1985-01-30,0.1,0.11,10.81,89.19
1985-01-31,0.1,0.11,7.88,92.12
1985-02-01,0.1,0.11,9.29,90.71
1985-02-04,0.1,0.11,6.95,93.05
1985-02-05,0.1,0.11,6.05,93.95
1985-02-06,0.1,0.12,20.51,79.49
1985-02-07,0.1,0.12,21.01,78.99
1985-02-08,0.1,0.12,17.8,82.2
1985-02-11,0.1,0.12,15.39,84.61
1985-02-12,0.1,0.12,18.3,81.7
1985-02-13,0.1,0.11,10.25,89.75
1985-02-14,0.09,0.1,5.67,94.33
1985-02-15,0.1,0.09,3.98,96.02
1985-02-19,0.09,0.09,2.68,97.32
1985-02-20,0.09,0.09,1.93,98.07
1985-02-21,0.09,0.1,8.62,91.38
1985-02-22,0.09,0.11,13.25,86.75
1985-02-25,0.09,0.1,11.62,88.38
1985-02-26,0.09,0.09,0.5,99.5
1985-02-27,0.09,0.09,0.01,99.99
1985-02-28,0.08,0.09,1.51,98.49
1985-03-01,0.09,0.09,1.0,99.0
1985-03-04,0.09,0.09,0.5,99.5
1985-03-05,0.09,0.09,1.4,98.6
1985-03-06,0.08,0.09,3.6,96.4
1985-03-07,0.08,0.09,15.31,84.69
1985-03-08,0.07,0.08,12.85,87.15
1985-03-11,0.08,0.08,10.79,89.21
1985-03-12,0.08,0.08,4.43,95.57
1985-03-13,0.07,0.08,7.66,92.34
1985-03-14,0.07,0.08,5.87,94.13
1985-03-15,0.08,0.08,3.5,96.5
1985-03-18,0.08,0.08,2.36,97.64
1985-03-19,0.08,0.08,9.18,90.82
1985-03-20,0.08,0.09,18.47,81.53
1985-03-21,0.08,0.09,20.33,79.67
1985-03-22,0.08,0.09,12.95,87.05
1985-03-25,0.07,0.08,8.28,91.72
1985-03-26,0.08,0.09,21.0,79.0
1985-03-27,0.07,0.1,32.78,67.22
1985-03-28,0.07,0.11,42.33,57.67
1985-03-29,0.08,0.1,31.28,68.72
1985-04-01,0.07,0.09,25.9,74.1
1985-04-02,0.07,0.09,29.64,70.36
1985-04-03,0.07,0.09,29.64,70.36
1985-04-04,0.07,0.08,15.06,84.94
1985-04-08,0.07,0.08,19.32,80.68
1985-04-09,0.07,0.08,19.32,80.68
1985-04-10,0.07,0.09,29.64,70.36
1985-04-11,0.07,0.09,27.37,72.63
1985-04-12,0.07,0.09,30.42,69.58
1985-04-15,0.07,0.1,35.89,64.11
1985-04-16,0.07,0.09,25.9,74.1
1985-04-17,0.08,0.11,37.61,62.39
1985-04-18,0.08,0.11,36.1,63.9
1985-04-19,0.08,0.11,38.37,61.63
1985-04-22,0.07,0.1,34.32,65.68
1985-04-23,0.08,0.11,40.72,59.28
1985-04-24,0.08,0.11,41.52,58.48
1985-04-25,0.08,0.11,41.52,58.48
1985-04-26,0.07,0.12,59.63,40.37
1985-04-29,0.07,0.11,51.92,48.08
1985-04-30,0.07,0.11,46.51,53.49
1985-05-01,0.07,0.09,30.42,69.58
1985-05-02,0.07,0.09,36.93,63.07
1985-05-03,0.07,0.09,36.13,63.87
1985-05-06,0.07,0.09,27.25,72.75
1985-05-07,0.07,0.08,17.08,82.92
1985-05-08,0.07,0.08,17.81,82.19
1985-05-09,0.07,0.08,17.08,82.92
1985-05-10,0.07,0.09,24.11,75.89
1985-05-13,0.07,0.08,17.08,82.92
1985-05-14,0.07,0.08,18.56,81.44
1985-05-15,0.07,0.08,17.08,82.92
1985-05-16,0.07,0.09,27.37,72.63
1985-05-17,0.07,0.11,43.15,56.85
1985-05-20,0.07,0.11,45.66,54.34
1985-05-21,0.07,0.1,39.98,60.02
1985-05-22,0.07,0.11,55.6,44.4
1985-05-23,0.07,0.1,47.07,52.93
1985-05-24,0.06,0.09,45.43,54.57
1985-05-28,0.06,0.08,38.76,61.24
1985-05-29,0.06,0.08,36.73,63.27
1985-05-30,0.06,0.09,42.59,57.41
1985-05-31,0.06,0.08,34.77,65.23
1985-06-03,0.05,0.08,46.35,53.65
1985-06-04,0.06,0.09,52.8,47.2
1985-06-05,0.06,0.08,42.33,57.67
1985-06-06,0.06,0.08,37.74,62.26
1985-06-07,0.06,0.08,40.62,59.38
1985-06-10,0.06,0.08,42.8,57.2
1985-06-11,0.06,0.08,42.8,57.2
1985-06-12,0.05,0.08,46.2,53.8
1985-06-13,0.05,0.08,54.8,45.2
1985-06-14,0.05,0.08,58.75,41.25
1985-06-17,0.05,0.08,61.47,38.53
1985-06-18,0.05,0.09,64.8,35.2
1985-06-19,0.05,0.08,53.72,46.28
1985-06-20,0.05,0.09,59.57,40.43
1985-06-21,0.06,0.11,93.08,6.92
1985-06-24,0.06,0.1,68.38,31.62
1985-06-25,0.06,0.11,77.91,22.09
1985-06-26,0.06,0.11,77.07,22.93
1985-06-27,0.06,0.12,90.04,9.96
1985-06-28,0.06,0.12,94.0,6.0
1985-07-01,0.06,0.12,92.66,7.34
1985-07-02,0.06,0.11,86.05,13.95
1985-07-03,0.06,0.13,117.78,-17.78
1985-07-05,0.06,0.13,116.23,-16.23
1985-07-08,0.06,0.13,116.23,-16.23
1985-07-09,0.06,0.13,116.23,-16.23
1985-07-10,0.06,0.13,111.73,-11.73
1985-07-11,0.06,0.13,111.73,-11.73
1985-07-12,0.06,0.12,95.35,4.65
1985-07-15,0.06,0.11,75.4,24.6
1985-07-16,0.06,0.1,65.98,34.02
1985-07-17,0.06,0.09,54.47,45.53
1985-07-18,0.06,0.08,35.74,64.26
1985-07-19,0.06,0.09,56.69,43.31
1985-07-22,0.06,0.08,38.76,61.24
1985-07-23,0.06,0.09,52.32,47.68
1985-07-24,0.06,0.08,44.1,55.9
1985-07-25,0.06,0.08,40.85,59.15
1985-07-26,0.06,0.08,40.85,59.15
1985-07-29,0.05,0.08,46.35,53.65
1985-07-30,0.06,0.08,44.1,55.9
1985-07-31,0.05,0.08,45.05,54.95
1985-08-01,0.05,0.08,45.05,54.95
1985-08-02,0.05,0.08,46.2,53.8
1985-08-05,0.05,0.08,49.77,50.23
1985-08-06,0.05,0.08,50.99,49.01
1985-08-07,0.05,0.08,54.8,45.2
1985-08-08,0.05,0.08,52.24,47.76
1985-08-09,0.05,0.08,53.55,46.45
1985-08-12,0.05,0.08,56.11,43.89
1985-08-13,0.05,0.09,64.8,35.2
1985-08-14,0.05,0.08,57.45,42.55
1985-08-15,0.05,0.08,58.8,41.2
1985-08-16,0.05,0.08,60.11,39.89
1985-08-19,0.05,0.08,56.11,43.89
1985-08-20,0.05,0.09,78.53,21.47
1985-08-21,0.05,0.09,78.53,21.47
1985-08-22,0.05,0.09,77.2,22.8
1985-08-23,0.05,0.09,84.58,15.42
1985-08-26,0.05,0.1,92.04,7.96
1985-08-27,0.05,0.11,104.16,-4.16
1985-08-28,0.05,0.11,104.16,-4.16
1985-08-29,0.05,0.09,83.03,16.97
1985-08-30,0.05,0.1,93.64,6.36
1985-09-03,0.05,0.09,84.58,15.42
1985-09-04,0.05,0.11,109.31,-9.31
1985-09-05,0.05,0.11,109.31,-9.31
1985-09-06,0.05,0.11,107.56,-7.56
1985-09-09,0.05,0.11,104.16,-4.16
1985-09-10,0.05,0.11,102.5,-2.5
1985-09-11,0.05,0.11,100.87,-0.87
1985-09-12,0.06,0.13,136.35,-36.35
1985-09-13,0.05,0.11,103.76,-3.76
1985-09-16,0.05,0.11,104.16,-4.16
1985-09-17,0.05,0.1,90.47,9.53
1985-09-18,0.06,0.11,97.5,2.5
1985-09-19,0.06,0.13,124.18,-24.18
1985-09-20,0.06,0.12,108.47,-8.47
1985-09-23,0.06,0.13,125.84,-25.84
1985-09-24,0.06,0.12,111.63,-11.63
1985-09-25,0.05,0.11,102.16,-2.16
1985-09-26,0.05,0.11,102.16,-2.16
1985-09-30,0.05,0.11,97.68,2.32
1985-10-01,0.05,0.11,97.68,2.32
1985-10-02,0.05,0.11,99.26,0.74
1985-10-03,0.05,0.09,75.65,24.35
1985-10-04,0.05,0.09,81.5,18.5
1985-10-07,0.05,0.1,93.64,6.36
1985-10-08,0.05,0.1,92.04,7.96
1985-10-09,0.05,0.08,56.11,43.89
1985-10-10,0.05,0.08,47.5,52.5
1985-10-11,0.05,0.09,70.16,29.84
1985-10-14,0.06,0.1,74.71,25.29
1985-10-15,0.06,0.11,83.14,16.86
1985-10-16,0.06,0.13,111.73,-11.73
1985-10-17,0.06,0.13,108.83,-8.83
1985-10-18,0.06,0.12,96.73,3.27
1985-10-21,0.06,0.11,86.05,13.95
1985-10-22,0.06,0.12,94.0,6.0
1985-10-23,0.06,0.13,103.45,-3.45
1985-10-24,0.06,0.13,112.64,-12.64
1985-10-25,0.06,0.13,111.73,-11.73
1985-10-28,0.06,0.13,111.73,-11.73
1985-10-29,0.06,0.13,113.21,-13.21
1985-10-30,0.06,0.13,100.58,-0.58
1985-10-31,0.06,0.12,87.49,12.51
1985-11-01,0.06,0.12,87.49,12.51
1985-11-04,0.06,0.11,71.16,28.84
1985-11-05,0.06,0.11,67.16,32.84
1985-11-06,0.07,0.11,66.72,33.28
1985-11-07,0.07,0.12,77.93,22.07
1985-11-08,0.07,0.13,90.6,9.4
1985-11-11,0.07,0.12,74.6,25.4
1985-11-12,0.07,0.12,75.69,24.31
1985-11-13,0.07,0.11,65.64,34.36
1985-11-14,0.07,0.12,74.6,25.4
1985-11-15,0.07,0.11,61.47,38.53
1985-11-18,0.07,0.12,75.69,24.31
1985-11-19,0.07,0.11,61.73,38.27
1985-11-20,0.06,0.11,63.86,36.14
1985-11-21,0.06,0.11,63.86,36.14
1985-11-22,0.06,0.11,63.86,36.14
1985-11-25,0.07,0.11,62.79,37.21
1985-11-26,0.07,0.11,60.69,39.31
1985-11-27,0.07,0.11,55.67,44.33
1985-11-29,0.07,0.09,35.28,64.72
1985-12-02,0.07,0.11,53.75,46.25
1985-12-03,0.07,0.11,54.7,45.3
1985-12-04,0.07,0.11,56.55,43.45
1985-12-05,0.07,0.11,54.7,45.3
1985-12-06,0.07,0.1,47.07,52.93
1985-12-09,0.07,0.09,40.52,59.48
1985-12-10,0.07,0.11,59.66,40.34
1985-12-11,0.07,0.11,62.5,37.5
1985-12-12,0.07,0.11,60.47,39.53
1985-12-13,0.07,0.11,60.47,39.53
1985-12-16,0.07,0.12,67.28,32.72
1985-12-17,0.07,0.11,55.6,44.4
1985-12-18,0.08,0.12,56.94,43.06
1985-12-19,0.08,0.13,62.76,37.24
1985-12-20,0.08,0.12,56.07,43.93
1985-12-23,0.07,0.11,46.71,53.29
1985-12-24,0.07,0.11,47.56,52.44
1985-12-26,0.07,0.11,47.56,52.44
1985-12-27,0.08,0.13,70.33,29.67
1985-12-30,0.08,0.13,75.61,24.39
1985-12-31,0.08,0.13,73.23,26.77
1986-01-02,0.08,0.13,71.29,28.71
1986-01-03,0.08,0.13,70.33,29.67
1986-01-06,0.08,0.12,56.94,43.06
1986-01-07,0.08,0.12,51.82,48.18
1986-01-08,0.08,0.13,63.67,36.33
1986-01-09,0.08,0.11,37.61,62.39
1986-01-10,0.08,0.11,36.85,63.15
1986-01-13,0.08,0.11,39.53,60.47
1986-01-14,0.08,0.12,50.19,49.81
1986-01-15,0.08,0.13,63.66,36.34
1986-01-16,0.08,0.13,59.48,40.52
1986-01-17,0.08,0.12,45.5,54.5
1986-01-20,0.08,0.12,46.26,53.74
1986-01-21,0.08,0.13,58.8,41.2
1986-01-22,0.08,0.11,37.3,62.7
1986-01-23,0.08,0.11,35.37,64.63
1986-01-24,0.08,0.11,37.61,62.39
1986-01-27,0.08,0.09,23.05,76.95
1986-01-28,0.08,0.09,22.36,77.64
1986-01-29,0.08,0.11,35.84,64.16
1986-01-30,0.08,0.11,35.37,64.63
1986-01-31,0.08,0.11,34.63,65.37
1986-02-03,0.08,0.11,30.4,69.6
1986-02-04,0.08,0.1,22.3,77.7
1986-02-05,0.08,0.09,14.63,85.37
1986-02-06,0.08,0.11,29.05,70.95
1986-02-07,0.08,0.11,29.73,70.27
1986-02-10,0.08,0.1,21.66,78.34
1986-02-11,0.08,0.11,30.4,69.6
1986-02-12,0.08,0.11,33.72,66.28
1986-02-13,0.08,0.11,34.42,65.58
1986-02-14,0.08,0.12,47.03,52.97
1986-02-18,0.08,0.12,46.26,53.74
1986-02-19,0.09,0.12,39.68,60.32
1986-02-20,0.09,0.13,55.51,44.49
1986-02-21,0.09,0.13,54.74,45.26
1986-02-24,0.09,0.13,51.74,48.26
1986-02-25,0.09,0.14,58.67,41.33
1986-02-26,0.09,0.13,50.28,49.72
1986-02-27,0.09,0.12,36.27,63.73
1986-02-28,0.09,0.11,28.37,71.63
1986-03-03,0.08,0.11,30.33,69.67
1986-03-04,0.08,0.11,30.33,69.67
1986-03-05,0.09,0.11,27.1,72.9
1986-03-06,0.09,0.11,26.48,73.52
1986-03-07,0.08,0.11,29.67,70.33
1986-03-10,0.08,0.11,26.43,73.57
1986-03-11,0.09,0.1,16.77,83.23
1986-03-12,0.08,0.09,10.0,90.0
1986-03-13,0.08,0.09,10.0,90.0
1986-03-14,0.09,0.11,19.17,80.83
1986-03-17,0.09,0.09,4.71,95.29
1986-03-18,0.09,0.11,19.42,80.58
1986-03-19,0.09,0.11,21.11,78.89
1986-03-20,0.1,0.13,34.91,65.09
1986-03-21,0.09,0.13,32.56,67.44
1986-03-24,0.09,0.11,19.97,80.03
1986-03-25,0.1,0.11,19.57,80.43
1986-03-26,0.1,0.11,17.98,82.02
1986-03-27,0.1,0.13,34.0,66.0
1986-03-31,0.1,0.13,39.28,60.72
1986-04-01,0.09,0.11,22.31,77.69
1986-04-02,0.09,0.11,22.31,77.69
1986-04-03,0.09,0.11,23.44,76.56
1986-04-04,0.09,0.11,21.01,78.99
1986-04-07,0.09,0.12,27.63,72.37
1986-04-08,0.09,0.12,22.43,77.57
1986-04-09,0.09,0.12,24.68,75.32
1986-04-10,0.09,0.1,9.77,90.23
1986-04-11,0.09,0.11,15.87,84.13
1986-04-14,0.09,0.12,30.95,69.05
1986-04-15,0.09,0.11,14.28,85.72
1986-04-16,0.1,0.11,17.19,82.81
1986-04-17,0.1,0.12,21.36,78.64
1986-04-18,0.1,0.12,21.52,78.48
1986-04-21,0.1,0.14,34.31,65.69
1986-04-22,0.1,0.13,25.88,74.12
1986-04-23,0.1,0.13,26.94,73.06
1986-04-24,0.11,0.14,33.1,66.9
1986-04-25,0.11,0.14,29.49,70.51
1986-04-28,0.11,0.14,27.49,72.51
1986-04-29,0.11,0.14,30.55,69.45
1986-04-30,0.1,0.12,14.97,85.03
1986-05-01,0.1,0.13,24.32,75.68
1986-05-02,0.1,0.13,23.3,76.7
1986-05-05,0.11,0.14,31.27,68.73
1986-05-06,0.11,0.14,24.69,75.31
1986-05-07,0.11,0.12,14.77,85.23
1986-05-08,0.11,0.12,9.55,90.45
1986-05-09,0.11,0.13,13.09,86.91
1986-05-12,0.12,0.16,24.92,75.08
1986-05-13,0.12,0.16,26.22,73.78
1986-05-14,0.13,0.15,19.19,80.81
1986-05-15,0.12,0.13,9.51,90.49
1986-05-16,0.12,0.13,9.51,90.49
1986-05-19,0.12,0.14,18.59,81.41
1986-05-20,0.12,0.16,28.45,71.55
1986-05-21,0.13,0.16,22.81,77.19
1986-05-22,0.13,0.16,23.65,76.35
1986-05-23,0.13,0.14,14.19,85.81
1986-05-27,0.13,0.14,14.57,85.43
1986-05-28,0.13,0.16,24.57,75.43
1986-05-29,0.13,0.15,18.78,81.22
1986-05-30,0.13,0.14,14.19,85.81
1986-06-02,0.13,0.14,9.59,90.41
1986-06-03,0.13,0.14,9.95,90.05
1986-06-04,0.13,0.14,7.47,92.53
1986-06-05,0.13,0.16,22.61,77.39
1986-06-06,0.13,0.14,10.32,89.68
1986-06-09,0.12,0.14,13.02,86.98
1986-06-10,0.12,0.14,13.02,86.98
1986-06-11,0.12,0.13,1.81,98.19
1986-06-12,0.12,0.13,2.16,97.84
1986-06-13,0.12,0.13,1.11,98.89
1986-06-16,0.12,0.13,2.51,97.49
1986-06-17,0.12,0.11,5.47,94.53
1986-06-18,0.12,0.11,5.47,94.53
1986-06-19,0.12,0.12,2.6,97.4
1986-06-20,0.12,0.13,2.16,97.84
1986-06-23,0.12,0.11,6.83,93.17
1986-06-24,0.12,0.11,7.16,92.84
1986-06-25,0.12,0.11,8.07,91.93
1986-06-26,0.12,0.13,1.45,98.55
1986-06-27,0.12,0.13,7.59,92.41
1986-06-30,0.12,0.13,7.59,92.41
1986-07-01,0.12,0.13,3.96,96.04
1986-07-02,0.12,0.14,12.63,87.37
1986-07-03,0.13,0.14,8.14,91.86
1986-07-07,0.12,0.13,8.35,91.65
1986-07-08,0.12,0.13,12.7,87.3
1986-07-09,0.12,0.14,17.5,82.5
1986-07-10,0.12,0.14,15.01,84.99
1986-07-11,0.13,0.14,9.59,90.41
1986-07-14,0.12,0.14,12.24,87.76
1986-07-15,0.12,0.13,10.68,89.32
1986-07-16,0.11,0.13,9.78,90.22
1986-07-17,0.11,0.11,0.66,99.34
1986-07-18,0.11,0.11,2.24,97.76
1986-07-21,0.11,0.12,3.15,96.85
1986-07-22,0.12,0.12,5.06,94.94
1986-07-23,0.12,0.12,1.26,98.74
1986-07-24,0.11,0.11,2.0,98.0
1986-07-25,0.12,0.12,1.63,98.37
1986-07-28,0.11,0.12,6.73,93.27
1986-07-29,0.11,0.12,10.58,89.42
1986-07-30,0.1,0.11,0.85,99.15
1986-07-31,0.11,0.1,3.5,96.5
1986-08-01,0.11,0.1,3.89,96.11
1986-08-04,0.11,0.11,3.05,96.95
1986-08-05,0.11,0.12,7.56,92.44
1986-08-06,0.11,0.12,11.02,88.98
1986-08-07,0.11,0.12,14.57,85.43
1986-08-08,0.11,0.12,9.27,90.73
1986-08-11,0.11,0.12,3.15,96.85
1986-08-12,0.12,0.13,12.3,87.7
1986-08-13,0.12,0.13,9.51,90.49
1986-08-14,0.12,0.13,9.51,90.49
1986-08-15,0.12,0.14,18.18,81.82
1986-08-18,0.12,0.16,28.45,71.55
1986-08-19,0.12,0.16,31.17,68.83
1986-08-20,0.12,0.16,28.01,71.99
1986-08-21,0.12,0.16,27.11,72.89
1986-08-22,0.12,0.16,25.35,74.65
1986-08-25,0.12,0.16,24.92,75.08
1986-08-26,0.13,0.18,45.86,54.14
1986-08-27,0.13,0.18,44.38,55.62
1986-08-28,0.13,0.19,47.39,52.61
1986-08-29,0.13,0.16,28.82,71.18
1986-09-02,0.12,0.14,17.08,82.92
1986-09-03,0.12,0.13,5.83,94.17
1986-09-04,0.12,0.13,8.73,91.27
1986-09-05,0.12,0.13,4.7,95.3
1986-09-08,0.12,0.12,0.56,99.44
1986-09-09,0.12,0.14,13.81,86.19
1986-09-10,0.12,0.12,1.27,98.73
1986-09-11,0.11,0.11,5.72,94.28
1986-09-12,0.11,0.1,5.02,94.98
1986-09-15,0.11,0.11,2.0,98.0
1986-09-16,0.12,0.12,0.92,99.08
1986-09-17,0.12,0.12,0.89,99.11
1986-09-18,0.12,0.11,4.52,95.48
1986-09-19,0.11,0.11,3.46,96.54
1986-09-22,0.12,0.13,9.12,90.88
1986-09-23,0.12,0.13,6.47,93.53
1986-09-24,0.12,0.12,3.56,96.44
1986-09-25,0.12,0.12,5.44,94.56
1986-09-26,0.12,0.12,6.21,93.79
1986-09-29,0.11,0.12,6.32,93.68
1986-09-30,0.11,0.12,3.15,96.85
1986-10-01,0.12,0.13,12.71,87.29
1986-10-02,0.12,0.13,15.53,84.47
1986-10-03,0.12,0.13,13.97,86.03
1986-10-06,0.12,0.12,1.26,98.74
1986-10-07,0.11,0.12,4.71,95.29
1986-10-08,0.11,0.12,5.51,94.49
1986-10-09,0.11,0.12,10.23,89.77
1986-10-10,0.11,0.12,3.92,96.08
1986-10-13,0.12,0.12,0.2,99.8
1986-10-14,0.12,0.12,1.63,98.37
1986-10-15,0.11,0.12,3.54,96.46
1986-10-16,0.11,0.12,8.18,91.82
1986-10-17,0.11,0.13,17.24,82.76
1986-10-20,0.11,0.12,5.11,94.89
1986-10-21,0.11,0.12,5.51,94.49
1986-10-22,0.11,0.12,3.66,96.34
1986-10-23,0.11,0.12,4.32,95.68
1986-10-24,0.11,0.12,4.71,95.29
1986-10-27,0.12,0.13,15.95,84.05
1986-10-28,0.11,0.13,15.25,84.75
1986-10-29,0.11,0.13,15.25,84.75
1986-10-30,0.12,0.13,12.3,87.7
1986-10-31,0.12,0.12,5.06,94.94
1986-11-03,0.12,0.13,12.64,87.36
1986-11-04,0.12,0.14,18.18,81.82
1986-11-05,0.13,0.16,22.81,77.19
1986-11-06,0.12,0.13,9.13,90.87
1986-11-07,0.12,0.14,18.18,81.82
1986-11-10,0.12,0.13,11.44,88.56
1986-11-11,0.12,0.14,19.01,80.99
1986-11-12,0.13,0.14,15.36,84.64
1986-11-13,0.12,0.13,11.05,88.95
1986-11-14,0.12,0.13,9.12,90.88
1986-11-17,0.12,0.13,8.38,91.62
1986-11-18,0.12,0.13,11.44,88.56
1986-11-19,0.12,0.13,9.9,90.1
1986-11-20,0.12,0.13,9.12,90.88
1986-11-21,0.12,0.13,6.84,93.16
1986-11-24,0.13,0.14,9.59,90.41
1986-11-25,0.14,0.14,3.47,96.53
1986-11-26,0.14,0.15,9.81,90.19
1986-11-28,0.14,0.15,11.18,88.82
1986-12-01,0.14,0.15,10.83,89.17
1986-12-02,0.14,0.16,14.85,85.15
1986-12-03,0.15,0.16,11.49,88.51
1986-12-04,0.15,0.18,25.97,74.03
1986-12-05,0.15,0.2,32.98,67.02
1986-12-08,0.15,0.17,18.12,81.88
1986-12-09,0.14,0.17,20.73,79.27
1986-12-10,0.15,0.2,33.74,66.26
1986-12-11,0.15,0.17,19.33,80.67
1986-12-12,0.14,0.16,13.96,86.04
1986-12-15,0.14,0.15,5.82,94.18
1986-12-16,0.15,0.15,3.96,96.04
1986-12-17,0.14,0.16,12.25,87.75
1986-12-18,0.14,0.17,16.94,83.06
1986-12-19,0.14,0.17,17.13,82.87
1986-12-22,0.14,0.17,14.85,85.15
1986-12-23,0.14,0.16,9.9,90.1
1986-12-24,0.14,0.16,10.55,89.45
1986-12-26,0.14,0.14,0.79,99.21
1986-12-29,0.14,0.15,7.67,92.33
1986-12-30,0.14,0.15,8.47,91.53
1986-12-31,0.14,0.14,1.05,98.95
1987-01-02,0.14,0.15,6.68,93.32
1987-01-05,0.15,0.17,14.75,85.25
1987-01-06,0.15,0.17,12.78,87.22
1987-01-07,0.15,0.17,10.26,89.74
1987-01-08,0.15,0.19,23.71,76.29
1987-01-09,0.16,0.19,22.0,78.0
1987-01-12,0.16,0.18,18.39,81.61
1987-01-13,0.15,0.17,10.57,89.43
1987-01-14,0.16,0.19,15.03,84.97
1987-01-15,0.17,0.2,17.69,82.31
1987-01-16,0.17,0.19,15.53,84.47
1987-01-19,0.18,0.22,19.22,80.78
1987-01-20,0.18,0.21,16.28,83.72
1987-01-21,0.17,0.19,14.04,85.96
1987-01-22,0.18,0.2,12.51,87.49
1987-01-23,0.17,0.18,5.58,94.42
1987-01-26,0.17,0.18,6.64,93.36
1987-01-27,0.18,0.18,0.57,99.43
1987-01-28,0.19,0.19,2.83,97.17
1987-01-29,0.19,0.19,0.01,99.99
1987-01-30,0.19,0.19,2.49,97.51
1987-02-02,0.19,0.21,9.62,90.38
1987-02-03,0.19,0.2,5.27,94.73
1987-02-04,0.19,0.2,6.22,93.78
1987-02-05,0.18,0.2,8.44,91.56
1987-02-06,0.18,0.2,6.41,93.59
1987-02-09,0.18,0.2,9.19,90.81
1987-02-10,0.18,0.2,10.75,89.25
1987-02-11,0.19,0.2,3.4,96.6
1987-02-12,0.2,0.22,8.77,91.23
1987-02-13,0.21,0.22,5.27,94.73
1987-02-17,0.23,0.23,2.12,97.88
1987-02-18,0.22,0.23,4.28,95.72
1987-02-19,0.21,0.24,12.27,87.73
1987-02-20,0.21,0.23,9.71,90.29
1987-02-23,0.22,0.23,6.46,93.54
1987-02-24,0.22,0.24,6.91,93.09
1987-02-25,0.24,0.25,5.92,94.08
1987-02-26,0.24,0.25,5.92,94.08
1987-02-27,0.24,0.25,5.97,94.03
1987-03-02,0.23,0.25,8.47,91.53
1987-03-03,0.22,0.24,7.73,92.27
1987-03-04,0.23,0.24,3.55,96.45
1987-03-05,0.23,0.23,1.9,98.1
1987-03-06,0.23,0.23,0.07,99.93
1987-03-09,0.22,0.22,0.73,99.27
1987-03-10,0.23,0.23,0.76,99.24
1987-03-11,0.23,0.23,1.43,98.57
1987-03-12,0.22,0.23,4.61,95.39
1987-03-13,0.22,0.23,5.98,94.02
1987-03-16,0.22,0.22,0.06,99.94
1987-03-17,0.23,0.21,6.26,93.74
1987-03-18,0.23,0.21,4.84,95.16
1987-03-19,0.23,0.22,4.63,95.37
1987-03-20,0.23,0.23,1.4,98.6
1987-03-23,0.23,0.23,0.3,99.7
1987-03-24,0.23,0.24,7.21,92.79
1987-03-25,0.23,0.23,2.81,97.19
1987-03-26,0.23,0.24,5.61,94.39
1987-03-27,0.22,0.25,12.48,87.52
1987-03-30,0.21,0.21,0.9,99.1
1987-03-31,0.22,0.21,2.62,97.38
1987-04-01,0.23,0.23,0.82,99.18
1987-04-02,0.25,0.26,7.18,92.82
1987-04-03,0.25,0.25,3.24,96.76
1987-04-06,0.24,0.25,4.45,95.55
1987-04-07,0.23,0.25,7.92,92.08
1987-04-08,0.24,0.25,5.96,94.04
1987-04-09,0.24,0.25,2.98,97.02
1987-04-10,0.24,0.25,4.08,95.92
1987-04-13,0.23,0.25,8.32,91.68
1987-04-14,0.23,0.25,7.52,92.48
1987-04-15,0.24,0.25,2.98,97.02
1987-04-16,0.24,0.25,3.6,96.4
1987-04-20,0.24,0.26,8.12,91.88
1987-04-21,0.26,0.26,2.87,97.13
1987-04-22,0.25,0.25,0.24,99.76
1987-04-23,0.26,0.26,0.55,99.45
1987-04-24,0.26,0.26,0.95,99.05
1987-04-27,0.26,0.26,1.89,98.11
1987-04-28,0.26,0.28,7.06,92.94
1987-04-29,0.27,0.28,4.11,95.89
1987-04-30,0.27,0.27,0.01,99.99
1987-05-01,0.27,0.28,3.04,96.96
1987-05-04,0.27,0.31,13.37,86.63
1987-05-05,0.27,0.31,12.66,87.34
1987-05-06,0.27,0.29,7.22,92.78
1987-05-07,0.27,0.29,6.88,93.12
1987-05-08,0.27,0.3,11.41,88.59
1987-05-11,0.26,0.28,6.32,93.68
1987-05-12,0.26,0.28,7.17,92.83
1987-05-13,0.27,0.28,4.29,95.71
1987-05-14,0.27,0.28,3.3,96.7
1987-05-15,0.27,0.28,4.62,95.38
1987-05-18,0.26,0.27,4.06,95.94
1987-05-19,0.25,0.26,3.16,96.84
1987-05-20,0.26,0.25,0.22,99.78
1987-05-21,0.26,0.25,2.5,97.5
1987-05-22,0.25,0.25,2.82,97.18
1987-05-26,0.27,0.26,2.02,97.98
1987-05-27,0.27,0.27,0.85,99.15
1987-05-28,0.27,0.27,1.47,98.53
1987-05-29,0.27,0.28,2.42,97.58
1987-06-01,0.27,0.28,4.06,95.94
1987-06-02,0.26,0.28,4.74,95.26
1987-06-03,0.27,0.27,1.38,98.62
1987-06-04,0.27,0.27,0.41,99.59
1987-06-05,0.27,0.27,1.38,98.62
1987-06-08,0.27,0.28,4.06,95.94
1987-06-09,0.27,0.29,7.89,92.11
1987-06-10,0.27,0.29,7.89,92.11
1987-06-11,0.27,0.29,7.2,92.8
1987-06-12,0.27,0.29,7.2,92.8
1987-06-15,0.27,0.28,3.07,96.93
1987-06-16,0.28,0.28,1.36,98.64
1987-06-17,0.28,0.28,0.11,99.89
1987-06-18,0.28,0.29,0.52,99.48
1987-06-19,0.28,0.29,1.75,98.25
1987-06-22,0.29,0.3,4.71,95.29
1987-06-23,0.28,0.29,1.13,98.87
1987-06-24,0.29,0.29,0.67,99.33
1987-06-25,0.28,0.29,3.0,97.0
1987-06-26,0.28,0.29,3.0,97.0
1987-06-29,0.28,0.29,2.37,97.63
1987-06-30,0.28,0.28,1.82,98.18
1987-07-01,0.27,0.28,3.09,96.91
1987-07-02,0.28,0.28,1.51,98.49
1987-07-06,0.28,0.28,1.2,98.8
1987-07-07,0.27,0.27,0.65,99.35
1987-07-08,0.26,0.25,0.4,99.6
1987-07-09,0.26,0.25,4.59,95.41
1987-07-10,0.26,0.25,2.37,97.63
1987-07-13,0.28,0.27,3.71,96.29
1987-07-14,0.29,0.28,4.1,95.9
1987-07-15,0.3,0.28,6.28,93.72
1987-07-16,0.3,0.29,5.19,94.81
1987-07-17,0.3,0.29,3.55,96.45
1987-07-20,0.29,0.28,1.23,98.77
1987-07-21,0.28,0.28,0.33,99.67
1987-07-22,0.29,0.29,1.84,98.16
1987-07-23,0.29,0.28,1.23,98.77
1987-07-24,0.29,0.28,2.97,97.03
1987-07-27,0.29,0.3,3.93,96.07
1987-07-28,0.29,0.31,8.23,91.77
1987-07-29,0.28,0.3,7.1,92.9
1987-07-30,0.28,0.3,5.81,94.19
1987-07-31,0.28,0.3,5.29,94.71
1987-08-03,0.28,0.26,5.71,94.29
1987-08-04,0.29,0.27,7.7,92.3
1987-08-05,0.3,0.29,1.99,98.01
1987-08-06,0.32,0.3,5.05,94.95
1987-08-07,0.32,0.31,2.53,97.47
1987-08-10,0.33,0.32,2.89,97.11
1987-08-11,0.34,0.32,5.34,94.66
1987-08-12,0.33,0.32,3.89,96.11
1987-08-13,0.34,0.32,4.38,95.62
1987-08-14,0.34,0.35,2.86,97.14
1987-08-17,0.34,0.35,2.79,97.21
1987-08-18,0.33,0.35,4.37,95.63
1987-08-19,0.34,0.36,4.13,95.87
1987-08-20,0.35,0.37,5.08,94.92
1987-08-21,0.36,0.38,3.76,96.24
1987-08-24,0.36,0.37,4.07,95.93
1987-08-25,0.36,0.36,0.13,99.87
1987-08-26,0.36,0.35,3.08,96.92
1987-08-27,0.36,0.36,1.54,98.46
1987-08-28,0.36,0.38,6.02,93.98
1987-08-31,0.37,0.38,3.47,96.53
1987-09-01,0.36,0.37,4.07,95.93
1987-09-02,0.36,0.36,0.29,99.71
1987-09-03,0.35,0.36,1.17,98.83
1987-09-04,0.35,0.35,1.72,98.28
1987-09-08,0.34,0.35,3.0,97.0
1987-09-09,0.36,0.36,1.71,98.29
1987-09-10,0.37,0.36,3.54,96.46
1987-09-11,0.37,0.35,5.74,94.26
1987-09-14,0.36,0.35,3.08,96.92
1987-09-15,0.35,0.35,2.75,97.25
1987-09-16,0.35,0.35,2.75,97.25
1987-09-17,0.36,0.35,3.21,96.79
1987-09-18,0.35,0.35,2.75,97.25
1987-09-21,0.34,0.33,5.14,94.86
1987-09-22,0.37,0.35,5.09,94.91
1987-09-23,0.38,0.36,6.16,93.84
1987-09-24,0.39,0.36,8.23,91.77
1987-09-25,0.39,0.39,0.57,99.43
1987-09-28,0.38,0.37,3.21,96.79
1987-09-29,0.37,0.37,1.87,98.13
1987-09-30,0.39,0.37,4.49,95.51
1987-10-01,0.4,0.37,7.36,92.64
1987-10-02,0.4,0.37,7.76,92.24
1987-10-05,0.41,0.4,2.07,97.93
1987-10-06,0.38,0.37,3.21,96.79
1987-10-07,0.38,0.37,2.77,97.23
1987-10-08,0.37,0.37,1.41,98.59
1987-10-09,0.37,0.37,0.3,99.7
1987-10-12,0.37,0.36,1.52,98.48
1987-10-13,0.37,0.36,3.78,96.22
1987-10-14,0.37,0.35,4.56,95.44
1987-10-15,0.36,0.34,5.9,94.1
1987-10-16,0.33,0.33,0.84,99.16
1987-10-19,0.25,0.3,19.98,80.02
1987-10-20,0.24,0.29,22.56,77.44
1987-10-21,0.28,0.3,6.65,93.35
1987-10-22,0.25,0.28,9.17,90.83
1987-10-23,0.24,0.28,13.02,86.98
1987-10-26,0.19,0.27,40.04,59.96
1987-10-27,0.21,0.25,20.91,79.09
1987-10-28,0.23,0.26,12.35,87.65
1987-10-29,0.27,0.27,0.17,99.83
1987-10-30,0.26,0.27,2.44,97.56
1987-11-02,0.27,0.27,0.08,99.92
1987-11-03,0.25,0.24,2.22,97.78
1987-11-04,0.25,0.25,1.46,98.54
1987-11-05,0.26,0.26,1.1,98.9
1987-11-06,0.26,0.28,7.7,92.3
1987-11-09,0.26,0.28,9.15,90.85
1987-11-10,0.25,0.26,5.98,94.02
1987-11-11,0.26,0.27,7.05,92.95
1987-11-12,0.27,0.28,4.27,95.73
1987-11-13,0.26,0.29,13.53,86.47
1987-11-16,0.25,0.28,11.24,88.76
1987-11-17,0.24,0.28,15.19,84.81
1987-11-18,0.25,0.26,5.05,94.95
1987-11-19,0.24,0.25,7.36,92.64
1987-11-20,0.24,0.24,0.55,99.45
1987-11-23,0.25,0.26,3.56,96.44
1987-11-24,0.25,0.26,1.46,98.54
1987-11-25,0.25,0.24,3.27,96.73
1987-11-27,0.24,0.24,0.88,99.12
1987-11-30,0.23,0.24,5.68,94.32
1987-12-01,0.23,0.24,6.18,93.82
1987-12-02,0.22,0.23,2.82,97.18
1987-12-03,0.21,0.22,6.47,93.53
1987-12-04,0.21,0.23,7.7,92.3
1987-12-07,0.23,0.23,3.46,96.54
1987-12-08,0.24,0.24,2.42,97.58
1987-12-09,0.24,0.23,2.46,97.54
1987-12-10,0.24,0.25,4.67,95.33
1987-12-11,0.23,0.23,0.41,99.59
1987-12-14,0.26,0.26,0.78,99.22
1987-12-15,0.26,0.26,0.11,99.89
1987-12-16,0.27,0.26,3.14,96.86
1987-12-17,0.27,0.26,3.14,96.86
1987-12-18,0.28,0.28,1.26,98.74
1987-12-21,0.29,0.28,1.77,98.23
1987-12-22,0.29,0.29,0.02,99.98
1987-12-23,0.29,0.33,13.24,86.76
1987-12-24,0.29,0.33,12.24,87.76
1987-12-28,0.28,0.3,7.48,92.52
1987-12-29,0.29,0.3,3.94,96.06
1987-12-30,0.3,0.3,0.95,99.05
1987-12-31,0.29,0.3,4.34,95.66
1988-01-04,0.31,0.31,0.66,99.34
1988-01-05,0.31,0.31,0.13,99.87
1988-01-06,0.3,0.3,1.76,98.24
1988-01-07,0.31,0.3,3.42,96.58
1988-01-08,0.27,0.28,2.74,97.26
1988-01-11,0.29,0.28,3.31,96.69
1988-01-12,0.29,0.28,2.15,97.85
1988-01-13,0.29,0.3,2.44,97.56
1988-01-14,0.29,0.29,0.01,99.99
1988-01-15,0.29,0.3,0.95,99.05
1988-01-18,0.29,0.3,1.25,98.75
1988-01-19,0.29,0.3,1.25,98.75
1988-01-20,0.27,0.28,3.27,96.73
1988-01-21,0.28,0.28,2.3,97.7
1988-01-22,0.27,0.25,8.56,91.44
1988-01-25,0.28,0.26,5.98,94.02
1988-01-26,0.27,0.26,3.32,96.68
1988-01-27,0.27,0.25,6.99,93.01
1988-01-28,0.28,0.28,0.38,99.62
1988-01-29,0.29,0.27,6.36,93.64
1988-02-01,0.29,0.28,4.06,95.94
1988-02-02,0.28,0.27,5.79,94.21
1988-02-03,0.27,0.27,1.62,98.38
1988-02-04,0.27,0.26,4.86,95.14
1988-02-05,0.27,0.25,7.08,92.92
1988-02-08,0.27,0.25,4.59,95.41
1988-02-09,0.27,0.28,0.77,99.23
1988-02-10,0.28,0.28,0.23,99.77
1988-02-11,0.28,0.28,1.16,98.84
1988-02-12,0.28,0.28,0.03,99.97
1988-02-16,0.28,0.29,0.58,99.42
1988-02-17,0.29,0.29,0.92,99.08
1988-02-18,0.29,0.28,1.76,98.24
1988-02-19,0.29,0.28,1.76,98.24
1988-02-22,0.3,0.29,4.07,95.93
1988-02-23,0.29,0.3,2.16,97.84
1988-02-24,0.29,0.31,6.69,93.31
1988-02-25,0.29,0.3,4.61,95.39
1988-02-26,0.29,0.32,9.99,90.01
1988-02-29,0.3,0.32,8.52,91.48
1988-03-01,0.3,0.32,7.89,92.11
1988-03-02,0.31,0.32,4.27,95.73
1988-03-03,0.32,0.35,8.87,91.13
1988-03-04,0.32,0.35,8.0,92.0
1988-03-07,0.32,0.33,3.08,96.92
1988-03-08,0.32,0.32,0.89,99.11
1988-03-09,0.32,0.32,0.19,99.81
1988-03-10,0.31,0.3,3.48,96.52
1988-03-11,0.32,0.3,4.54,95.46
1988-03-14,0.32,0.31,2.54,97.46
1988-03-15,0.31,0.3,2.95,97.05
1988-03-16,0.32,0.35,10.57,89.43
1988-03-17,0.31,0.33,6.22,93.78
1988-03-18,0.31,0.33,6.82,93.18
1988-03-21,0.3,0.33,7.86,92.14
1988-03-22,0.3,0.29,2.82,97.18
1988-03-23,0.29,0.27,9.17,90.83
1988-03-24,0.28,0.25,9.43,90.57
1988-03-25,0.28,0.25,7.74,92.26
1988-03-28,0.29,0.27,6.98,93.02
1988-03-29,0.28,0.26,7.3,92.7
1988-03-30,0.27,0.26,3.78,96.22
1988-03-31,0.28,0.26,4.99,95.01
1988-04-04,0.27,0.25,6.0,94.0
1988-04-05,0.27,0.26,3.17,96.83
1988-04-06,0.29,0.27,6.39,93.61
1988-04-07,0.28,0.27,4.09,95.91
1988-04-08,0.28,0.27,2.61,97.39
1988-04-11,0.29,0.28,1.28,98.72
1988-04-12,0.29,0.28,1.87,98.13
1988-04-13,0.28,0.28,0.68,99.32
1988-04-14,0.27,0.28,3.72,96.28
1988-04-15,0.27,0.29,6.74,93.26
1988-04-18,0.28,0.27,3.04,96.96
1988-04-19,0.28,0.28,0.68,99.32
1988-04-20,0.27,0.28,3.18,96.82
1988-04-21,0.27,0.28,1.21,98.79
1988-04-22,0.28,0.28,2.22,97.78
1988-04-25,0.28,0.29,1.51,98.49
1988-04-26,0.29,0.28,3.67,96.33
1988-04-27,0.29,0.28,1.76,98.24
1988-04-28,0.28,0.28,0.87,99.13
1988-04-29,0.28,0.28,2.49,97.51
1988-05-02,0.28,0.27,5.4,94.6
1988-05-03,0.29,0.28,1.76,98.24
1988-05-04,0.29,0.31,5.9,94.1
1988-05-05,0.29,0.3,2.74,97.26
1988-05-06,0.28,0.3,5.88,94.12
1988-05-09,0.28,0.28,0.65,99.35
1988-05-10,0.28,0.29,1.51,98.49
1988-05-11,0.27,0.28,1.21,98.79
1988-05-12,0.27,0.28,0.57,99.43
1988-05-13,0.28,0.28,1.29,98.71
1988-05-16,0.28,0.28,3.28,96.72
1988-05-17,0.28,0.27,4.42,95.58
1988-05-18,0.27,0.27,2.62,97.38
1988-05-19,0.27,0.26,1.85,98.15
1988-05-20,0.27,0.26,2.79,97.21
1988-05-23,0.26,0.25,5.92,94.08
1988-05-24,0.27,0.25,8.04,91.96
1988-05-25,0.27,0.25,7.14,92.86
1988-05-26,0.27,0.27,1.69,98.31
1988-05-27,0.27,0.27,2.62,97.38
1988-05-31,0.29,0.28,1.37,98.63
1988-06-01,0.29,0.29,2.57,97.43
1988-06-02,0.29,0.29,0.82,99.18
1988-06-03,0.3,0.29,3.7,96.3
1988-06-06,0.3,0.29,5.89,94.11
1988-06-07,0.3,0.3,0.94,99.06
1988-06-08,0.31,0.32,3.49,96.51
1988-06-09,0.3,0.31,3.42,96.58
1988-06-10,0.31,0.32,4.65,95.35
1988-06-13,0.31,0.32,4.55,95.45
1988-06-14,0.31,0.32,3.97,96.03
1988-06-15,0.32,0.33,5.41,94.59
1988-06-16,0.31,0.31,1.1,98.9
1988-06-17,0.31,0.31,0.53,99.47
1988-06-20,0.3,0.3,1.22,98.78
1988-06-21,0.31,0.3,2.87,97.13
1988-06-22,0.31,0.31,1.4,98.6
1988-06-23,0.31,0.3,3.14,96.86
1988-06-24,0.31,0.3,2.87,97.13
1988-06-27,0.31,0.3,1.78,98.22
1988-06-28,0.32,0.3,5.5,94.5
1988-06-29,0.32,0.3,4.73,95.27
1988-06-30,0.32,0.33,3.15,96.85
1988-07-01,0.32,0.33,2.59,97.41
1988-07-05,0.33,0.33,0.97,99.03
1988-07-06,0.32,0.33,1.57,98.43
1988-07-07,0.32,0.33,3.99,96.01
1988-07-08,0.31,0.33,4.38,95.62
1988-07-11,0.31,0.33,4.67,95.33
1988-07-12,0.31,0.32,3.23,96.77
1988-07-13,0.31,0.31,0.57,99.43
1988-07-14,0.31,0.32,2.66,97.34
1988-07-15,0.31,0.32,2.66,97.34
1988-07-18,0.31,0.33,4.85,95.15
1988-07-19,0.31,0.3,1.75,98.25
1988-07-20,0.31,0.29,4.97,95.03
1988-07-21,0.3,0.29,3.71,96.29
1988-07-22,0.29,0.28,4.77,95.23
1988-07-25,0.29,0.25,15.68,84.32
1988-07-26,0.29,0.25,15.68,84.32
1988-07-27,0.29,0.25,13.57,86.43
1988-07-28,0.29,0.25,13.32,86.68
1988-07-29,0.31,0.29,6.52,93.48
1988-08-01,0.31,0.3,2.87,97.13
1988-08-02,0.31,0.29,4.37,95.63
1988-08-03,0.31,0.29,4.64,95.36
1988-08-04,0.31,0.29,4.37,95.63
1988-08-05,0.31,0.29,6.25,93.75
1988-08-08,0.3,0.29,5.72,94.28
1988-08-09,0.3,0.29,4.64,95.36
1988-08-10,0.29,0.29,0.94,99.06
1988-08-11,0.3,0.3,1.06,98.94
1988-08-12,0.29,0.29,0.41,99.59
1988-08-15,0.29,0.29,0.37,99.63
1988-08-16,0.29,0.29,0.22,99.78
1988-08-17,0.29,0.29,1.41,98.59
1988-08-18,0.29,0.29,2.58,97.42
1988-08-19,0.28,0.27,5.64,94.36
1988-08-22,0.27,0.27,3.26,96.74
1988-08-23,0.27,0.26,4.16,95.84
1988-08-24,0.28,0.27,4.46,95.54
1988-08-25,0.28,0.27,2.97,97.03
1988-08-26,0.28,0.27,1.18,98.82
1988-08-29,0.28,0.28,0.16,99.84
1988-08-30,0.28,0.28,0.16,99.84
1988-08-31,0.28,0.27,2.36,97.64
1988-09-01,0.27,0.26,2.61,97.39
1988-09-02,0.27,0.28,2.67,97.33
1988-09-06,0.27,0.25,8.21,91.79
1988-09-07,0.26,0.25,6.71,93.29
1988-09-08,0.27,0.25,7.91,92.09
1988-09-09,0.28,0.28,1.67,98.33
1988-09-12,0.28,0.28,0.35,99.65
1988-09-13,0.28,0.29,0.81,99.19
1988-09-14,0.29,0.28,2.72,97.28
1988-09-15,0.29,0.29,0.71,99.29
1988-09-16,0.29,0.29,2.18,97.82
1988-09-19,0.29,0.28,2.14,97.86
1988-09-20,0.29,0.3,3.69,96.31
1988-09-21,0.3,0.3,1.77,98.23
1988-09-22,0.3,0.32,5.64,94.36
1988-09-23,0.3,0.31,2.64,97.36
1988-09-26,0.3,0.31,5.04,94.96
1988-09-27,0.3,0.32,7.16,92.84
1988-09-28,0.3,0.32,6.86,93.14
1988-09-29,0.3,0.31,2.05,97.95
1988-09-30,0.3,0.3,0.59,99.41
1988-10-03,0.29,0.3,2.37,97.63
1988-10-04,0.29,0.29,1.2,98.8
1988-10-05,0.28,0.28,0.16,99.84
1988-10-06,0.27,0.28,1.59,98.41
1988-10-07,0.27,0.28,2.67,97.33
1988-10-10,0.27,0.27,3.31,96.69
1988-10-11,0.27,0.26,2.93,97.07
1988-10-12,0.27,0.24,11.98,88.02
1988-10-13,0.27,0.24,12.54,87.46
1988-10-14,0.27,0.24,9.57,90.43
1988-10-17,0.27,0.23,13.75,86.25
1988-10-18,0.27,0.24,11.0,89.0
1988-10-19,0.28,0.24,12.39,87.61
1988-10-20,0.29,0.27,6.9,93.1
1988-10-21,0.28,0.27,5.77,94.23
1988-10-24,0.28,0.27,3.41,96.59
1988-10-25,0.28,0.27,3.11,96.89
1988-10-26,0.27,0.28,1.46,98.54
1988-10-27,0.27,0.27,0.94,99.06
1988-10-28,0.27,0.28,3.44,96.56
1988-10-31,0.27,0.28,3.1,96.9
1988-11-01,0.26,0.27,1.67,98.33
1988-11-02,0.26,0.27,3.72,96.28
1988-11-03,0.26,0.27,4.07,95.93
1988-11-04,0.26,0.26,0.29,99.71
1988-11-07,0.26,0.26,0.18,99.82
1988-11-08,0.27,0.26,1.66,98.34
1988-11-09,0.27,0.25,8.33,91.67
1988-11-10,0.27,0.26,4.15,95.85
1988-11-11,0.27,0.26,1.66,98.34
1988-11-14,0.27,0.26,2.61,97.39
1988-11-15,0.27,0.27,0.12,99.88
1988-11-16,0.26,0.26,0.37,99.63
1988-11-17,0.26,0.27,2.09,97.91
1988-11-18,0.26,0.26,0.37,99.63
1988-11-21,0.25,0.26,3.1,96.9
1988-11-22,0.25,0.26,4.53,95.47
1988-11-23,0.26,0.27,5.61,94.39
1988-11-25,0.25,0.26,3.45,96.55
1988-11-28,0.25,0.26,3.45,96.55
1988-11-29,0.25,0.26,2.75,97.25
1988-11-30,0.26,0.26,0.36,99.64
1988-12-01,0.27,0.26,2.55,97.45
1988-12-02,0.27,0.28,1.85,98.15
1988-12-05,0.27,0.28,1.2,98.8
1988-12-06,0.27,0.28,1.2,98.8
1988-12-07,0.27,0.28,2.73,97.27
1988-12-08,0.27,0.28,2.17,97.83
1988-12-09,0.27,0.28,3.38,96.62
1988-12-12,0.27,0.28,5.06,94.94
1988-12-13,0.27,0.3,12.04,87.96
1988-12-14,0.28,0.3,9.22,90.78
1988-12-15,0.27,0.3,11.12,88.88
1988-12-16,0.28,0.3,9.39,90.61
1988-12-19,0.28,0.32,12.48,87.52
1988-12-20,0.28,0.31,8.94,91.06
1988-12-21,0.29,0.31,6.98,93.02
1988-12-22,0.28,0.29,0.54,99.46
1988-12-23,0.29,0.29,0.23,99.77
1988-12-27,0.28,0.29,1.78,98.22
1988-12-28,0.28,0.28,1.24,98.76
1988-12-29,0.28,0.29,1.78,98.22
1988-12-30,0.28,0.29,2.41,97.59
1989-01-03,0.28,0.29,2.1,97.9
1989-01-04,0.29,0.3,3.46,96.54
1989-01-05,0.29,0.3,0.87,99.13
1989-01-06,0.3,0.31,3.67,96.33
1989-01-09,0.3,0.3,1.06,98.94
1989-01-10,0.3,0.3,1.8,98.2
1989-01-11,0.29,0.3,3.01,96.99
1989-01-12,0.3,0.3,0.39,99.61
1989-01-13,0.3,0.31,3.55,96.45
1989-01-16,0.3,0.31,2.37,97.63
1989-01-17,0.28,0.29,3.75,96.25
1989-01-18,0.28,0.29,5.38,94.62
1989-01-19,0.28,0.29,3.43,96.57
1989-01-20,0.28,0.3,4.68,95.32
1989-01-23,0.28,0.3,4.68,95.32
1989-01-24,0.29,0.29,0.63,99.37
1989-01-25,0.29,0.28,1.92,98.08
1989-01-26,0.29,0.28,2.51,97.49
1989-01-27,0.26,0.26,0.36,99.64
1989-01-30,0.26,0.25,4.78,95.22
1989-01-31,0.26,0.25,5.72,94.28
1989-02-01,0.27,0.26,4.46,95.54
1989-02-02,0.28,0.26,5.66,94.34
1989-02-03,0.27,0.25,9.33,90.67
1989-02-06,0.27,0.27,0.09,99.91
1989-02-07,0.27,0.28,1.84,98.16
1989-02-08,0.27,0.27,0.74,99.26
1989-02-09,0.27,0.26,1.96,98.04
1989-02-10,0.26,0.25,4.46,95.54
1989-02-13,0.26,0.25,3.81,96.19
1989-02-14,0.25,0.24,2.24,97.76
1989-02-15,0.25,0.25,1.82,98.18
1989-02-16,0.25,0.26,3.81,96.19
1989-02-17,0.26,0.27,5.68,94.32
1989-02-21,0.26,0.27,3.57,96.43
1989-02-22,0.26,0.25,2.62,97.38
1989-02-23,0.26,0.25,3.42,96.58
1989-02-24,0.25,0.25,1.41,98.59
1989-02-27,0.25,0.26,2.0,98.0
1989-02-28,0.25,0.25,2.09,97.91
1989-03-01,0.25,0.23,8.21,91.79
1989-03-02,0.24,0.23,6.43,93.57
1989-03-03,0.24,0.23,5.76,94.24
1989-03-06,0.25,0.24,1.65,98.35
1989-03-07,0.25,0.26,3.84,96.16
1989-03-08,0.24,0.24,0.96,99.04
1989-03-09,0.24,0.24,0.04,99.96
1989-03-10,0.24,0.24,1.47,98.53
1989-03-13,0.24,0.23,6.43,93.57
1989-03-14,0.24,0.24,2.17,97.83
1989-03-15,0.24,0.24,3.19,96.81
1989-03-16,0.24,0.24,0.96,99.04
1989-03-17,0.24,0.24,2.84,97.16
1989-03-20,0.24,0.24,2.84,97.16
1989-03-21,0.24,0.24,0.11,99.89
1989-03-22,0.24,0.24,3.06,96.94
1989-03-23,0.24,0.25,5.0,95.0
1989-03-27,0.23,0.23,2.97,97.03
1989-03-28,0.24,0.23,3.68,96.32
1989-03-29,0.24,0.24,1.93,98.07
1989-03-30,0.24,0.26,6.82,93.18
1989-03-31,0.25,0.26,4.2,95.8
1989-04-03,0.24,0.25,3.13,96.87
1989-04-04,0.24,0.24,1.2,98.8
1989-04-05,0.24,0.25,3.13,96.87
1989-04-06,0.25,0.26,3.12,96.88
1989-04-07,0.26,0.26,0.58,99.42
1989-04-10,0.26,0.26,1.6,98.4
1989-04-11,0.26,0.26,0.41,99.59
1989-04-12,0.27,0.28,5.33,94.67
1989-04-13,0.27,0.28,5.33,94.67
1989-04-14,0.27,0.29,8.89,91.11
1989-04-17,0.27,0.29,7.51,92.49
1989-04-18,0.28,0.31,10.85,89.15
1989-04-19,0.28,0.33,15.53,84.47
1989-04-20,0.28,0.31,10.28,89.72
1989-04-21,0.28,0.31,12.0,88.0
1989-04-24,0.28,0.33,17.69,82.31
1989-04-25,0.28,0.33,18.06,81.94
1989-04-26,0.28,0.3,10.12,89.88
1989-04-27,0.27,0.29,5.97,94.03
1989-04-28,0.27,0.29,6.99,93.01
1989-05-01,0.27,0.28,3.43,96.57
1989-05-02,0.28,0.28,1.16,98.84
1989-05-03,0.28,0.29,2.13,97.87
1989-05-04,0.28,0.3,3.66,96.34
1989-05-05,0.29,0.3,2.41,97.59
1989-05-08,0.29,0.3,0.59,99.41
1989-05-09,0.3,0.29,3.27,96.73
1989-05-10,0.3,0.3,1.74,98.26
1989-05-11,0.3,0.32,4.19,95.81
1989-05-12,0.31,0.35,11.46,88.54
1989-05-15,0.32,0.35,9.04,90.96
1989-05-16,0.32,0.35,10.54,89.46
1989-05-17,0.31,0.35,10.85,89.15
1989-05-18,0.31,0.35,12.08,87.92
1989-05-19,0.32,0.35,9.63,90.37
1989-05-22,0.32,0.35,8.8,91.2
1989-05-23,0.32,0.33,4.99,95.01
1989-05-24,0.33,0.35,4.81,95.19
1989-05-25,0.34,0.37,10.96,89.04
1989-05-26,0.34,0.37,10.39,89.61
1989-05-30,0.33,0.35,4.47,95.53
1989-05-31,0.33,0.36,8.87,91.13
1989-06-01,0.34,0.36,6.64,93.36
1989-06-02,0.34,0.35,2.9,97.1
1989-06-05,0.33,0.33,0.45,99.55
1989-06-06,0.33,0.33,0.08,99.92
1989-06-07,0.34,0.33,2.06,97.94
1989-06-08,0.33,0.33,0.77,99.23
1989-06-09,0.33,0.33,0.29,99.71
1989-06-12,0.33,0.33,0.77,99.23
1989-06-13,0.34,0.33,1.84,98.16
1989-06-14,0.35,0.33,4.07,95.93
1989-06-15,0.33,0.32,2.93,97.07
1989-06-16,0.31,0.31,1.34,98.66
1989-06-19,0.31,0.31,1.15,98.85
1989-06-20,0.3,0.3,0.65,99.35
1989-06-21,0.3,0.29,1.99,98.01
1989-06-22,0.3,0.29,3.69,96.31
1989-06-23,0.31,0.31,1.61,98.39
1989-06-26,0.3,0.31,2.49,97.51
1989-06-27,0.3,0.29,2.28,97.72
1989-06-28,0.29,0.29,0.23,99.77
1989-06-29,0.28,0.29,2.53,97.47
1989-06-30,0.29,0.26,8.91,91.09
1989-07-03,0.28,0.25,11.63,88.37
1989-07-05,0.28,0.24,13.29,86.71
1989-07-06,0.29,0.25,12.7,87.3
1989-07-07,0.29,0.26,8.91,91.09
1989-07-10,0.28,0.26,7.23,92.77
1989-07-11,0.28,0.26,5.48,94.52
1989-07-12,0.28,0.27,3.4,96.6
1989-07-13,0.28,0.27,4.89,95.11
1989-07-14,0.28,0.26,7.8,92.2
1989-07-17,0.28,0.26,7.8,92.2
1989-07-18,0.27,0.26,4.27,95.73
1989-07-19,0.28,0.28,0.01,99.99
1989-07-20,0.28,0.28,1.26,98.74
1989-07-21,0.28,0.28,1.26,98.74
1989-07-24,0.27,0.28,3.19,96.81
1989-07-25,0.27,0.28,4.52,95.48
1989-07-26,0.27,0.25,7.41,92.59
1989-07-27,0.27,0.26,3.39,96.61
1989-07-28,0.27,0.27,2.62,97.38
1989-07-31,0.28,0.28,0.57,99.43
1989-08-01,0.28,0.28,0.88,99.12
1989-08-02,0.28,0.28,2.41,97.59
1989-08-03,0.29,0.28,1.7,98.3
1989-08-04,0.3,0.29,4.05,95.95
1989-08-07,0.3,0.32,5.44,94.56
1989-08-08,0.31,0.32,3.8,96.2
1989-08-09,0.31,0.32,4.84,95.16
1989-08-10,0.3,0.31,3.04,96.96
1989-08-11,0.29,0.3,3.11,96.89
1989-08-14,0.28,0.3,5.96,94.04
1989-08-15,0.29,0.3,4.36,95.64
1989-08-16,0.28,0.3,5.77,94.23
1989-08-17,0.29,0.3,5.31,94.69
1989-08-18,0.29,0.3,2.19,97.81
1989-08-21,0.29,0.3,1.95,98.05
1989-08-22,0.3,0.3,0.47,99.53
1989-08-23,0.31,0.3,1.54,98.46
1989-08-24,0.31,0.3,3.44,96.56
1989-08-25,0.31,0.3,4.79,95.21
1989-08-28,0.31,0.3,4.79,95.21
1989-08-29,0.31,0.3,2.11,97.89
1989-08-30,0.31,0.3,2.94,97.06
1989-08-31,0.31,0.3,1.88,98.12
1989-09-01,0.31,0.34,9.47,90.53
1989-09-05,0.31,0.34,8.12,91.88
1989-09-06,0.31,0.37,18.19,81.81
1989-09-07,0.31,0.37,16.85,83.15
1989-09-08,0.31,0.37,16.2,83.8
1989-09-11,0.32,0.37,14.29,85.71
1989-09-12,0.32,0.39,21.24,78.76
1989-09-13,0.31,0.33,4.77,95.23
1989-09-14,0.31,0.33,4.3,95.7
1989-09-15,0.31,0.33,3.72,96.28
1989-09-18,0.31,0.31,1.08,98.92
1989-09-19,0.3,0.31,2.84,97.16
1989-09-20,0.31,0.33,4.59,95.41
1989-09-21,0.31,0.33,4.3,95.7
1989-09-22,0.31,0.33,4.01,95.99
1989-09-25,0.32,0.33,3.15,96.85
1989-09-26,0.32,0.33,3.15,96.85
1989-09-27,0.31,0.32,2.02,97.98
1989-09-28,0.32,0.33,2.58,97.42
1989-09-29,0.31,0.31,0.05,99.95
1989-10-02,0.31,0.31,0.23,99.77
1989-10-03,0.3,0.31,1.95,98.05
1989-10-04,0.31,0.32,3.17,96.83
1989-10-05,0.32,0.33,2.58,97.42
1989-10-06,0.34,0.35,4.52,95.48
1989-10-09,0.35,0.37,5.73,94.27
1989-10-10,0.35,0.36,4.77,95.23
1989-10-11,0.34,0.35,2.92,97.08
1989-10-12,0.34,0.35,3.18,96.82
1989-10-13,0.32,0.33,2.02,97.98
1989-10-16,0.33,0.33,0.16,99.84
1989-10-17,0.33,0.33,0.22,99.78
1989-10-18,0.34,0.33,2.29,97.71
1989-10-19,0.34,0.33,3.29,96.71
1989-10-20,0.34,0.33,1.78,98.22
1989-10-23,0.33,0.33,0.85,99.15
1989-10-24,0.33,0.33,1.01,98.99
1989-10-25,0.32,0.33,0.38,99.62
1989-10-26,0.32,0.31,1.71,98.29
1989-10-27,0.32,0.29,8.17,91.83
1989-10-30,0.32,0.3,6.85,93.15
1989-10-31,0.32,0.31,3.6,96.4
1989-11-01,0.32,0.31,2.82,97.18
1989-11-02,0.31,0.31,1.87,98.13
1989-11-03,0.3,0.3,1.46,98.54
1989-11-06,0.3,0.29,3.92,96.08
1989-11-07,0.31,0.29,5.56,94.44
1989-11-08,0.31,0.29,7.66,92.34
1989-11-09,0.32,0.31,3.31,96.69
1989-11-10,0.33,0.32,2.35,97.65
1989-11-13,0.32,0.31,4.35,95.65
1989-11-14,0.31,0.31,0.61,99.39
1989-11-15,0.31,0.31,0.51,99.49
1989-11-16,0.31,0.32,2.02,97.98
1989-11-17,0.31,0.31,0.86,99.14
1989-11-20,0.32,0.31,1.95,98.05
1989-11-21,0.32,0.31,1.95,98.05
1989-11-22,0.31,0.33,4.05,95.95
1989-11-24,0.31,0.33,5.09,94.91
1989-11-27,0.31,0.33,5.82,94.18
1989-11-28,0.31,0.33,5.52,94.48
1989-11-29,0.31,0.31,0.83,99.17
1989-11-30,0.31,0.3,2.05,97.95
1989-12-01,0.31,0.29,7.23,92.77
1989-12-04,0.32,0.31,1.95,98.05
1989-12-05,0.31,0.33,3.47,96.53
1989-12-06,0.3,0.31,3.78,96.22
1989-12-07,0.3,0.3,0.56,99.44
1989-12-08,0.29,0.29,0.71,99.29
1989-12-11,0.27,0.25,9.47,90.53
1989-12-12,0.25,0.24,2.93,97.07
1989-12-13,0.25,0.24,2.93,97.07
1989-12-14,0.24,0.24,0.21,99.79
1989-12-15,0.24,0.24,3.55,96.45
1989-12-18,0.24,0.23,5.62,94.38
1989-12-19,0.24,0.24,3.75,96.25
1989-12-20,0.25,0.24,5.77,94.23
1989-12-21,0.25,0.24,7.07,92.93
1989-12-22,0.26,0.24,7.7,92.3
1989-12-26,0.25,0.23,7.61,92.39
1989-12-27,0.25,0.24,4.09,95.91
1989-12-28,0.24,0.24,2.7,97.3
1989-12-29,0.25,0.24,1.81,98.19
1990-01-02,0.26,0.26,0.38,99.62
1990-01-03,0.26,0.28,5.56,94.44
1990-01-04,0.26,0.28,6.46,93.54
1990-01-05,0.26,0.28,6.11,93.89
1990-01-08,0.27,0.3,13.14,86.86
1990-01-09,0.26,0.29,10.13,89.87
1990-01-10,0.25,0.28,9.96,90.04
1990-01-11,0.24,0.26,8.38,91.62
1990-01-12,0.24,0.24,0.49,99.51
1990-01-15,0.24,0.24,0.01,99.99
1990-01-16,0.24,0.24,0.59,99.41
1990-01-17,0.23,0.24,4.27,95.73
1990-01-18,0.23,0.24,7.08,92.92
1990-01-19,0.24,0.24,1.22,98.78
1990-01-22,0.23,0.23,2.2,97.8
1990-01-23,0.24,0.23,3.65,96.35
1990-01-24,0.24,0.23,4.36,95.64
1990-01-25,0.24,0.23,4.71,95.29
1990-01-26,0.23,0.23,0.71,99.29
1990-01-29,0.23,0.23,2.2,97.8
1990-01-30,0.24,0.24,1.97,98.03
1990-01-31,0.24,0.25,5.42,94.58
1990-02-01,0.24,0.24,3.1,96.9
1990-02-02,0.24,0.25,4.65,95.35
1990-02-05,0.24,0.26,5.32,94.68
1990-02-06,0.24,0.26,7.43,92.57
1990-02-07,0.23,0.26,10.86,89.14
1990-02-08,0.23,0.24,5.06,94.94
1990-02-09,0.24,0.26,7.63,92.37
1990-02-12,0.24,0.25,5.05,94.95
1990-02-13,0.24,0.26,6.85,93.15
1990-02-14,0.24,0.26,7.63,92.37
1990-02-15,0.24,0.25,5.65,94.35
1990-02-16,0.24,0.25,5.49,94.51
1990-02-20,0.24,0.24,3.24,96.76
1990-02-21,0.24,0.25,4.71,95.29
1990-02-22,0.23,0.24,4.81,95.19
1990-02-23,0.23,0.23,0.5,99.5
1990-02-26,0.24,0.23,1.72,98.28
1990-02-27,0.24,0.23,0.25,99.75
1990-02-28,0.24,0.25,4.71,95.29
1990-03-01,0.24,0.25,5.31,94.69
1990-03-02,0.24,0.24,2.48,97.52
1990-03-05,0.24,0.25,3.2,96.8
1990-03-06,0.25,0.25,1.0,99.0
1990-03-07,0.25,0.26,5.19,94.81
1990-03-08,0.26,0.26,1.25,98.75
1990-03-09,0.26,0.27,4.64,95.36
1990-03-12,0.26,0.27,5.36,94.64
1990-03-13,0.26,0.27,4.64,95.36
1990-03-14,0.26,0.29,12.88,87.12
1990-03-15,0.26,0.28,9.23,90.77
1990-03-16,0.28,0.31,9.38,90.62
1990-03-19,0.3,0.31,5.31,94.69
1990-03-20,0.29,0.33,12.97,87.03
1990-03-21,0.29,0.33,12.29,87.71
1990-03-22,0.29,0.31,9.16,90.84
1990-03-23,0.3,0.31,5.28,94.72
1990-03-26,0.3,0.32,7.09,92.91
1990-03-27,0.29,0.31,4.97,95.03
1990-03-28,0.29,0.3,1.98,98.02
1990-03-29,0.29,0.3,2.29,97.71
1990-03-30,0.28,0.29,1.09,98.91
1990-04-02,0.28,0.29,1.09,98.91
1990-04-03,0.29,0.3,0.76,99.24
1990-04-04,0.29,0.3,1.98,98.02
1990-04-05,0.28,0.28,2.59,97.41
1990-04-06,0.28,0.26,7.17,92.83
1990-04-09,0.29,0.28,4.67,95.33
1990-04-10,0.29,0.28,4.96,95.04
1990-04-11,0.3,0.29,4.26,95.74
1990-04-12,0.3,0.3,0.7,99.3
1990-04-16,0.31,0.3,0.76,99.24
1990-04-17,0.3,0.3,2.05,97.95
1990-04-18,0.3,0.3,0.97,99.03
1990-04-19,0.28,0.28,0.18,99.82
1990-04-20,0.28,0.29,2.73,97.27
1990-04-23,0.28,0.29,4.02,95.98
1990-04-24,0.27,0.27,1.05,98.95
1990-04-25,0.27,0.28,2.59,97.41
1990-04-26,0.27,0.28,3.35,96.65
1990-04-27,0.27,0.27,2.78,97.22
1990-04-30,0.28,0.27,3.4,96.6
1990-05-01,0.28,0.27,4.01,95.99
1990-05-02,0.28,0.25,11.62,88.38
1990-05-03,0.28,0.24,13.75,86.25
1990-05-04,0.28,0.24,16.05,83.95
1990-05-07,0.29,0.26,9.36,90.64
1990-05-08,0.29,0.27,8.9,91.1
1990-05-09,0.29,0.31,5.57,94.43
1990-05-10,0.29,0.3,3.52,96.48
1990-05-11,0.3,0.32,7.36,92.64
1990-05-14,0.29,0.32,9.61,90.39
1990-05-15,0.29,0.32,9.61,90.39
1990-05-16,0.29,0.32,9.94,90.06
1990-05-17,0.29,0.31,6.52,93.48
1990-05-18,0.28,0.3,6.58,93.42
1990-05-21,0.28,0.29,4.39,95.61
1990-05-22,0.29,0.3,3.23,96.77
1990-05-23,0.3,0.3,1.7,98.3
1990-05-24,0.3,0.3,1.7,98.3
1990-05-25,0.28,0.28,0.17,99.83
1990-05-29,0.29,0.29,0.57,99.43
1990-05-30,0.29,0.29,0.34,99.66
1990-05-31,0.29,0.29,1.37,98.63
1990-06-01,0.29,0.29,0.25,99.75
1990-06-04,0.29,0.29,0.25,99.75
1990-06-05,0.28,0.29,2.91,97.09
1990-06-06,0.28,0.28,1.43,98.57
1990-06-07,0.27,0.28,1.66,98.34
1990-06-08,0.27,0.28,4.75,95.25
1990-06-11,0.27,0.28,0.25,99.75
1990-06-12,0.29,0.27,6.34,93.66
1990-06-13,0.28,0.26,5.64,94.36
1990-06-14,0.28,0.26,5.64,94.36
1990-06-15,0.28,0.28,1.02,98.98
1990-06-18,0.28,0.26,4.43,95.57
1990-06-19,0.28,0.26,5.34,94.66
1990-06-20,0.28,0.27,5.17,94.83
1990-06-21,0.29,0.28,4.21,95.79
1990-06-22,0.29,0.28,3.35,96.65
1990-06-25,0.29,0.3,3.55,96.45
1990-06-26,0.29,0.3,3.99,96.01
1990-06-27,0.29,0.3,2.92,97.08
1990-06-28,0.3,0.32,6.13,93.87
1990-06-29,0.32,0.32,1.98,98.02
1990-07-02,0.31,0.31,0.19,99.81
1990-07-03,0.31,0.32,3.72,96.28
1990-07-05,0.31,0.31,1.35,98.65
1990-07-06,0.32,0.32,1.98,98.02
1990-07-09,0.33,0.33,1.35,98.65
1990-07-10,0.33,0.33,0.55,99.45
1990-07-11,0.33,0.32,1.91,98.09
1990-07-12,0.33,0.35,3.61,96.39
1990-07-13,0.33,0.35,5.0,95.0
1990-07-16,0.32,0.33,4.19,95.81
1990-07-17,0.31,0.33,4.33,95.67
1990-07-18,0.31,0.33,4.76,95.24
1990-07-19,0.29,0.31,5.63,94.37
1990-07-20,0.29,0.3,3.07,96.93
1990-07-23,0.29,0.29,2.05,97.95
1990-07-24,0.3,0.29,3.5,96.5
1990-07-25,0.3,0.29,3.79,96.21
1990-07-26,0.29,0.28,4.21,95.79
1990-07-27,0.29,0.25,12.49,87.51
1990-07-30,0.3,0.27,10.91,89.09
1990-07-31,0.3,0.27,10.11,89.89
1990-08-01,0.3,0.26,12.29,87.71
1990-08-02,0.31,0.27,10.23,89.77
1990-08-03,0.29,0.26,9.89,90.11
1990-08-06,0.28,0.26,5.9,94.1
1990-08-07,0.28,0.26,5.9,94.1
1990-08-08,0.28,0.28,0.15,99.85
1990-08-09,0.28,0.28,1.43,98.57
1990-08-10,0.27,0.27,0.77,99.23
1990-08-13,0.28,0.28,0.48,99.52
1990-08-14,0.28,0.28,0.8,99.2
1990-08-15,0.28,0.28,2.08,97.92
1990-08-16,0.27,0.28,2.98,97.02
1990-08-17,0.26,0.26,0.11,99.89
1990-08-20,0.26,0.25,4.96,95.04
1990-08-21,0.26,0.24,5.38,94.62
1990-08-22,0.25,0.23,7.46,92.54
1990-08-23,0.24,0.24,3.23,96.77
1990-08-24,0.25,0.25,1.61,98.39
1990-08-27,0.27,0.27,0.18,99.82
1990-08-28,0.27,0.27,0.81,99.19
1990-08-29,0.26,0.26,0.52,99.48
1990-08-30,0.26,0.26,2.23,97.77
1990-08-31,0.26,0.26,0.16,99.84
1990-09-04,0.26,0.26,0.16,99.84
1990-09-05,0.25,0.26,1.77,98.23
1990-09-06,0.25,0.26,3.66,96.34
1990-09-07,0.26,0.27,5.07,94.93
1990-09-10,0.25,0.26,3.66,96.34
1990-09-11,0.24,0.26,8.99,91.01
1990-09-12,0.24,0.24,1.05,98.95
1990-09-13,0.24,0.25,5.25,94.75
1990-09-14,0.24,0.24,1.05,98.95
1990-09-17,0.24,0.22,6.37,93.63
1990-09-18,0.24,0.22,8.06,91.94
1990-09-19,0.23,0.22,5.58,94.42
1990-09-20,0.22,0.22,2.97,97.03
1990-09-21,0.22,0.21,5.38,94.62
1990-09-24,0.21,0.21,1.47,98.53
1990-09-25,0.21,0.2,4.43,95.57
1990-09-26,0.21,0.2,3.63,96.37
1990-09-27,0.2,0.2,1.49,98.51
1990-09-28,0.2,0.2,1.14,98.86
1990-10-01,0.22,0.22,0.27,99.73
1990-10-02,0.21,0.21,1.11,98.89
1990-10-03,0.19,0.19,0.98,99.02
1990-10-04,0.2,0.19,3.08,96.92
1990-10-05,0.2,0.19,3.08,96.92
1990-10-08,0.21,0.2,4.67,95.33
1990-10-09,0.2,0.2,0.84,99.16
1990-10-10,0.19,0.2,4.78,95.22
1990-10-11,0.2,0.21,6.22,93.78
1990-10-12,0.2,0.21,5.83,94.17
1990-10-15,0.2,0.21,7.73,92.27
1990-10-16,0.18,0.2,15.53,84.47
1990-10-17,0.19,0.21,12.81,87.19
1990-10-18,0.2,0.22,8.98,91.02
1990-10-19,0.22,0.23,2.21,97.79
1990-10-22,0.22,0.23,3.04,96.96
1990-10-23,0.22,0.23,4.95,95.05
1990-10-24,0.22,0.23,6.67,93.33
1990-10-25,0.21,0.23,6.9,93.1
1990-10-26,0.21,0.23,6.9,93.1
1990-10-29,0.21,0.23,7.35,92.65
1990-10-30,0.21,0.23,7.11,92.89
1990-10-31,0.22,0.23,5.8,94.2
1990-11-01,0.22,0.23,6.67,93.33
1990-11-02,0.22,0.23,2.47,97.53
1990-11-05,0.23,0.28,18.23,81.77
1990-11-06,0.24,0.28,17.34,82.66
1990-11-07,0.23,0.25,6.61,93.39
1990-11-08,0.24,0.25,0.65,99.35
1990-11-09,0.25,0.25,1.16,98.84
1990-11-12,0.26,0.28,10.01,89.99
1990-11-13,0.25,0.3,17.02,82.98
1990-11-14,0.26,0.3,15.46,84.54
1990-11-15,0.25,0.28,10.78,89.22
1990-11-16,0.25,0.27,8.57,91.43
1990-11-19,0.26,0.27,6.12,93.88
1990-11-20,0.25,0.26,4.52,95.48
1990-11-21,0.26,0.28,10.11,89.89
1990-11-23,0.26,0.28,7.37,92.63
1990-11-26,0.26,0.27,4.04,95.96
1990-11-27,0.27,0.27,1.96,98.04
1990-11-28,0.26,0.26,0.33,99.67
1990-11-29,0.26,0.26,0.33,99.67
1990-11-30,0.26,0.26,0.33,99.67
1990-12-03,0.27,0.26,3.29,96.71
1990-12-04,0.27,0.26,4.23,95.77
1990-12-05,0.28,0.26,8.11,91.89
1990-12-06,0.29,0.3,2.95,97.05
1990-12-07,0.3,0.33,8.98,91.02
1990-12-10,0.3,0.3,1.72,98.28
1990-12-11,0.28,0.29,2.32,97.68
1990-12-12,0.28,0.28,0.16,99.84
1990-12-13,0.29,0.3,2.29,97.71
1990-12-14,0.28,0.29,1.12,98.88
1990-12-17,0.28,0.29,0.49,99.51
1990-12-18,0.3,0.3,1.34,98.66
1990-12-19,0.3,0.3,0.46,99.54
1990-12-20,0.31,0.31,1.76,98.24
1990-12-21,0.32,0.32,0.77,99.23
1990-12-24,0.31,0.31,0.44,99.56
1990-12-26,0.31,0.3,2.99,97.01
1990-12-27,0.31,0.3,2.43,97.57
1990-12-28,0.3,0.3,2.37,97.63
1990-12-31,0.3,0.3,2.37,97.63
1991-01-02,0.31,0.3,2.43,97.57
1991-01-03,0.3,0.3,1.3,98.7
1991-01-04,0.31,0.3,0.53,99.47
1991-01-07,0.31,0.33,6.66,93.34
1991-01-08,0.31,0.33,6.66,93.34
1991-01-09,0.32,0.33,1.95,98.05
1991-01-10,0.33,0.34,1.16,98.84
1991-01-11,0.33,0.35,5.45,94.55
1991-01-14,0.33,0.33,0.44,99.56
1991-01-15,0.33,0.35,6.01,93.99
1991-01-16,0.35,0.37,3.65,96.35
1991-01-17,0.36,0.39,7.22,92.78
1991-01-18,0.36,0.37,4.9,95.1
1991-01-21,0.36,0.37,3.87,96.13
1991-01-22,0.36,0.37,2.85,97.15
1991-01-23,0.37,0.39,6.19,93.81
1991-01-24,0.37,0.41,11.13,88.87
1991-01-25,0.38,0.41,8.27,91.73
1991-01-28,0.39,0.41,6.28,93.72
1991-01-29,0.38,0.39,3.6,96.4
1991-01-30,0.39,0.4,2.61,97.39
1991-01-31,0.39,0.4,2.61,97.39
1991-02-01,0.4,0.42,6.16,93.84
1991-02-04,0.39,0.44,13.11,86.89
1991-02-05,0.41,0.44,8.21,91.79
1991-02-06,0.4,0.42,3.11,96.89
1991-02-07,0.41,0.43,4.34,95.66
1991-02-08,0.42,0.44,4.37,95.63
1991-02-11,0.43,0.44,1.82,98.18
1991-02-12,0.43,0.42,2.26,97.74
1991-02-13,0.43,0.42,2.26,97.74
1991-02-14,0.4,0.37,8.58,91.42
1991-02-15,0.41,0.37,9.57,90.43
1991-02-19,0.43,0.39,7.98,92.02
1991-02-20,0.43,0.4,6.91,93.09
1991-02-21,0.42,0.4,3.76,96.24
1991-02-22,0.42,0.4,4.96,95.04
1991-02-25,0.41,0.4,2.89,97.11
1991-02-26,0.41,0.4,3.31,96.69
1991-02-27,0.41,0.43,3.46,96.54
1991-02-28,0.41,0.42,3.51,96.49
1991-03-01,0.41,0.41,0.09,99.91
1991-03-04,0.41,0.41,1.16,98.84
1991-03-05,0.45,0.43,3.8,96.2
1991-03-06,0.45,0.43,3.61,96.39
1991-03-07,0.48,0.48,0.17,99.83
1991-03-08,0.46,0.45,1.8,98.2
1991-03-11,0.45,0.43,4.37,95.63
1991-03-12,0.45,0.43,4.15,95.85
1991-03-13,0.47,0.43,8.34,91.66
1991-03-14,0.46,0.43,6.93,93.07
1991-03-15,0.47,0.45,3.65,96.35
1991-03-18,0.48,0.45,5.79,94.21
1991-03-19,0.49,0.48,3.4,96.6
1991-03-20,0.48,0.45,5.79,94.21
1991-03-21,0.46,0.43,6.21,93.79
1991-03-22,0.45,0.43,3.99,96.01
1991-03-25,0.46,0.43,6.56,93.44
1991-03-26,0.5,0.43,13.25,86.75
1991-03-27,0.49,0.43,12.97,87.03
1991-03-28,0.48,0.43,11.37,88.63
1991-04-01,0.49,0.43,11.35,88.65
1991-04-02,0.52,0.5,3.55,96.45
1991-04-03,0.5,0.47,4.85,95.15
1991-04-04,0.51,0.53,3.61,96.39
1991-04-05,0.49,0.52,6.12,93.88
1991-04-08,0.5,0.52,5.17,94.83
1991-04-09,0.49,0.52,5.63,94.37
1991-04-10,0.47,0.53,12.14,87.86
1991-04-11,0.5,0.54,7.69,92.31
1991-04-12,0.51,0.54,6.56,93.44
1991-04-15,0.44,0.51,16.07,83.93
1991-04-16,0.46,0.5,10.59,89.41
1991-04-17,0.45,0.5,12.34,87.66
1991-04-18,0.43,0.45,4.97,95.03
1991-04-19,0.42,0.41,3.93,96.07
1991-04-22,0.44,0.39,10.86,89.14
1991-04-23,0.44,0.4,7.82,92.18
1991-04-24,0.43,0.39,9.76,90.24
1991-04-25,0.42,0.39,6.29,93.71
1991-04-26,0.42,0.39,6.49,93.51
1991-04-29,0.41,0.39,5.88,94.12
1991-04-30,0.39,0.36,7.49,92.51
1991-05-01,0.34,0.31,8.03,91.97
1991-05-02,0.35,0.31,11.31,88.69
1991-05-03,0.35,0.31,9.52,90.48
1991-05-06,0.36,0.31,11.77,88.23
1991-05-07,0.36,0.31,12.43,87.57
1991-05-08,0.35,0.31,10.89,89.11
1991-05-09,0.36,0.33,8.95,91.05
1991-05-10,0.36,0.31,13.5,86.5
1991-05-13,0.37,0.33,12.4,87.6
1991-05-14,0.38,0.33,13.63,86.37
1991-05-15,0.36,0.33,8.5,91.5
1991-05-16,0.35,0.33,5.7,94.3
1991-05-17,0.33,0.33,1.69,98.31
1991-05-20,0.32,0.33,3.39,96.61
1991-05-21,0.32,0.35,7.44,92.56
1991-05-22,0.33,0.35,5.11,94.89
1991-05-23,0.32,0.33,3.22,96.78
1991-05-24,0.33,0.33,0.63,99.37
1991-05-28,0.33,0.33,1.09,98.91
1991-05-29,0.33,0.33,0.17,99.83
1991-05-30,0.34,0.33,1.48,98.52
1991-05-31,0.33,0.33,1.06,98.94
1991-06-03,0.35,0.33,4.73,95.27
1991-06-04,0.35,0.33,5.34,94.66
1991-06-05,0.34,0.33,2.25,97.75
1991-06-06,0.33,0.33,0.63,99.37
1991-06-07,0.33,0.34,3.49,96.51
1991-06-10,0.33,0.35,5.95,94.05
1991-06-11,0.32,0.34,6.96,93.04
1991-06-12,0.3,0.32,7.55,92.45
1991-06-13,0.3,0.31,2.56,97.44
1991-06-14,0.29,0.29,0.9,99.1
1991-06-17,0.3,0.3,0.49,99.51
1991-06-18,0.3,0.29,3.26,96.74
1991-06-19,0.3,0.29,3.88,96.12
1991-06-20,0.3,0.29,2.97,97.03
1991-06-21,0.3,0.27,8.69,91.31
1991-06-24,0.3,0.27,8.15,91.85
1991-06-25,0.3,0.28,8.8,91.2
1991-06-26,0.31,0.29,6.57,93.43
1991-06-27,0.3,0.29,5.47,94.53
1991-06-28,0.3,0.28,4.69,95.31
1991-07-01,0.3,0.3,0.3,99.7
1991-07-02,0.3,0.32,5.97,94.03
1991-07-03,0.31,0.33,6.15,93.85
1991-07-05,0.32,0.36,11.48,88.52
1991-07-08,0.33,0.36,8.8,91.2
1991-07-09,0.33,0.36,8.51,91.49
1991-07-10,0.34,0.37,8.63,91.37
1991-07-11,0.33,0.36,8.8,91.2
1991-07-12,0.33,0.36,8.8,91.2
1991-07-15,0.32,0.35,8.42,91.58
1991-07-16,0.31,0.33,4.63,95.37
1991-07-17,0.3,0.32,5.35,94.65
1991-07-18,0.32,0.33,3.03,96.97
1991-07-19,0.33,0.33,0.51,99.49
1991-07-22,0.33,0.33,0.51,99.49
1991-07-23,0.32,0.33,2.75,97.25
1991-07-24,0.32,0.33,1.72,98.28
1991-07-25,0.32,0.32,1.05,98.95
1991-07-26,0.32,0.31,2.8,97.2
1991-07-29,0.32,0.31,4.13,95.87
1991-07-30,0.33,0.32,3.71,96.29
1991-07-31,0.33,0.32,2.46,97.54
1991-08-01,0.35,0.33,5.19,94.81
1991-08-02,0.36,0.33,7.53,92.47
1991-08-05,0.35,0.35,1.71,98.29
1991-08-06,0.35,0.36,2.76,97.24
1991-08-07,0.36,0.36,0.97,99.03
1991-08-08,0.36,0.35,2.31,97.69
1991-08-09,0.36,0.38,4.65,95.35
1991-08-12,0.37,0.39,7.11,92.89
1991-08-13,0.38,0.41,7.77,92.23
1991-08-14,0.39,0.41,5.07,94.93
1991-08-15,0.38,0.4,4.3,95.7
1991-08-16,0.38,0.39,3.43,96.57
1991-08-19,0.36,0.35,2.0,98.0
1991-08-20,0.36,0.36,2.29,97.71
1991-08-21,0.38,0.36,7.29,92.71
1991-08-22,0.39,0.37,4.4,95.6
1991-08-23,0.38,0.37,2.15,97.85
1991-08-26,0.38,0.37,2.15,97.85
1991-08-27,0.39,0.37,3.96,96.04
1991-08-28,0.38,0.37,2.61,97.39
1991-08-29,0.38,0.37,2.15,97.85
1991-08-30,0.38,0.37,3.01,96.99
1991-09-03,0.37,0.36,4.0,96.0
1991-09-04,0.37,0.34,7.1,92.9
1991-09-05,0.36,0.35,4.22,95.78
1991-09-06,0.37,0.35,5.15,94.85
1991-09-09,0.38,0.37,2.61,97.39
1991-09-10,0.36,0.36,0.55,99.45
1991-09-11,0.36,0.34,5.26,94.74
1991-09-12,0.36,0.33,9.16,90.84
1991-09-13,0.35,0.33,5.43,94.57
1991-09-16,0.34,0.33,2.68,97.32
1991-09-17,0.35,0.33,6.15,93.85
1991-09-18,0.36,0.35,2.55,97.45
1991-09-19,0.35,0.33,5.9,94.1
1991-09-20,0.36,0.33,7.53,92.47
1991-09-23,0.35,0.33,5.43,94.57
1991-09-24,0.36,0.33,6.84,93.16
1991-09-25,0.36,0.35,4.22,95.78
1991-09-26,0.36,0.33,6.37,93.63
1991-09-27,0.35,0.33,6.51,93.49
1991-09-30,0.35,0.35,2.28,97.72
1991-10-01,0.36,0.35,2.72,97.28
1991-10-02,0.35,0.35,2.77,97.23
1991-10-03,0.34,0.35,1.3,98.7
1991-10-04,0.34,0.35,2.32,97.68
1991-10-07,0.34,0.33,2.72,97.28
1991-10-08,0.34,0.33,2.98,97.02
1991-10-09,0.34,0.33,2.47,97.53
1991-10-10,0.34,0.32,5.77,94.23
1991-10-11,0.35,0.33,3.48,96.52
1991-10-14,0.36,0.35,3.02,96.98
1991-10-15,0.37,0.36,5.08,94.92
1991-10-16,0.38,0.36,6.86,93.14
1991-10-17,0.37,0.36,4.86,95.14
1991-10-18,0.39,0.38,3.78,96.22
1991-10-21,0.39,0.37,5.27,94.73
1991-10-22,0.39,0.39,0.83,99.17
1991-10-23,0.38,0.39,3.43,96.57
1991-10-24,0.37,0.37,0.5,99.5
1991-10-25,0.37,0.37,1.19,98.81
1991-10-28,0.37,0.37,0.7,99.3
1991-10-29,0.37,0.37,0.22,99.78
1991-10-30,0.35,0.37,3.32,96.68
1991-10-31,0.37,0.37,0.7,99.3
1991-11-01,0.36,0.37,0.79,99.21
1991-11-04,0.35,0.35,1.82,98.18
1991-11-05,0.35,0.33,5.67,94.33
1991-11-06,0.34,0.34,2.03,97.97
1991-11-07,0.35,0.31,11.65,88.35
1991-11-08,0.38,0.35,8.27,91.73
1991-11-11,0.38,0.36,6.23,93.77
1991-11-12,0.39,0.37,5.68,94.32
1991-11-13,0.39,0.37,5.03,94.97
1991-11-14,0.39,0.37,5.27,94.73
1991-11-15,0.36,0.35,2.31,97.69
1991-11-18,0.37,0.37,1.62,98.38
1991-11-19,0.37,0.37,0.06,99.94
1991-11-20,0.36,0.36,0.43,99.57
1991-11-21,0.36,0.37,0.55,99.45
1991-11-22,0.37,0.37,0.06,99.94
1991-11-25,0.37,0.37,0.06,99.94
1991-11-26,0.37,0.37,0.46,99.54
1991-11-27,0.36,0.37,0.55,99.45
1991-11-29,0.36,0.35,3.98,96.02
1991-12-02,0.37,0.35,5.84,94.16
1991-12-03,0.36,0.34,5.49,94.51
1991-12-04,0.36,0.34,5.49,94.51
1991-12-05,0.36,0.33,8.25,91.75
1991-12-06,0.35,0.35,0.04,99.96
1991-12-09,0.35,0.33,6.61,93.39
1991-12-10,0.35,0.34,4.5,95.5
1991-12-11,0.35,0.33,5.54,94.46
1991-12-12,0.35,0.33,7.44,92.56
1991-12-13,0.36,0.33,7.29,92.71
1991-12-16,0.36,0.33,7.52,92.48
1991-12-17,0.36,0.33,7.52,92.48
1991-12-18,0.37,0.37,0.91,99.09
1991-12-19,0.36,0.36,0.92,99.08
1991-12-20,0.36,0.33,7.06,92.94
1991-12-23,0.37,0.37,0.43,99.57
1991-12-24,0.37,0.37,0.98,99.02
1991-12-26,0.39,0.42,5.88,94.12
1991-12-27,0.39,0.44,12.57,87.43
1991-12-30,0.41,0.44,9.1,90.9
1991-12-31,0.4,0.44,9.82,90.18
1992-01-02,0.43,0.44,4.06,95.94
1992-01-03,0.42,0.44,4.94,95.06
1992-01-06,0.41,0.42,0.17,99.83
1992-01-07,0.42,0.42,0.96,99.04
1992-01-08,0.43,0.43,1.33,98.67
1992-01-09,0.45,0.43,4.1,95.9
1992-01-10,0.45,0.44,0.54,99.46
1992-01-13,0.44,0.44,0.14,99.86
1992-01-14,0.46,0.44,4.01,95.99
1992-01-15,0.45,0.44,2.5,97.5
1992-01-16,0.45,0.42,7.41,92.59
1992-01-17,0.46,0.42,9.56,90.44
1992-01-20,0.46,0.4,13.08,86.92
1992-01-21,0.44,0.4,7.77,92.23
1992-01-22,0.45,0.4,11.22,88.78
1992-01-23,0.46,0.43,6.53,93.47
1992-01-24,0.46,0.45,1.94,98.06
1992-01-27,0.46,0.43,6.53,93.47
1992-01-28,0.47,0.43,7.6,92.4
1992-01-29,0.45,0.43,5.4,94.6
1992-01-30,0.46,0.43,6.14,93.86
1992-01-31,0.46,0.43,6.89,93.11
1992-02-03,0.47,0.47,0.57,99.43
1992-02-04,0.47,0.47,0.57,99.43
1992-02-05,0.47,0.48,0.69,99.31
1992-02-06,0.46,0.47,1.56,98.44
1992-02-07,0.46,0.47,1.76,98.24
1992-02-10,0.45,0.48,5.48,94.52
1992-02-11,0.45,0.47,3.58,96.42
1992-02-12,0.47,0.47,1.34,98.66
1992-02-13,0.46,0.47,1.37,98.63
1992-02-14,0.46,0.47,1.37,98.63
1992-02-18,0.45,0.45,1.12,98.88
1992-02-19,0.44,0.45,2.35,97.65
1992-02-20,0.46,0.49,5.77,94.23
1992-02-21,0.47,0.49,5.16,94.84
1992-02-24,0.47,0.47,0.19,99.81
1992-02-25,0.49,0.48,2.98,97.02
1992-02-26,0.5,0.48,4.89,95.11
1992-02-27,0.49,0.48,2.98,97.02
1992-02-28,0.48,0.48,1.54,98.46
1992-03-02,0.48,0.48,1.18,98.82
1992-03-03,0.48,0.48,0.13,99.87
1992-03-04,0.47,0.47,0.01,99.99
1992-03-05,0.46,0.47,2.37,97.63
1992-03-06,0.46,0.47,1.57,98.43
1992-03-09,0.46,0.47,3.53,96.47
1992-03-10,0.46,0.47,3.53,96.47
1992-03-11,0.45,0.45,0.33,99.67
1992-03-12,0.45,0.45,1.12,98.88
1992-03-13,0.45,0.45,0.13,99.87
1992-03-16,0.45,0.42,7.3,92.7
1992-03-17,0.45,0.41,7.94,92.06
1992-03-18,0.46,0.42,7.84,92.16
1992-03-19,0.45,0.42,6.74,93.26
1992-03-20,0.45,0.43,5.15,94.85
1992-03-23,0.45,0.43,3.8,96.2
1992-03-24,0.47,0.47,0.01,99.99
1992-03-25,0.46,0.47,2.33,97.67
1992-03-26,0.46,0.47,1.57,98.43
1992-03-27,0.44,0.45,2.39,97.61
1992-03-30,0.42,0.43,4.27,95.73
1992-03-31,0.42,0.39,6.73,93.27
1992-04-01,0.42,0.4,4.79,95.21
1992-04-02,0.42,0.39,7.53,92.47
1992-04-03,0.42,0.39,7.92,92.08
1992-04-06,0.44,0.41,5.89,94.11
1992-04-07,0.41,0.39,5.11,94.89
1992-04-08,0.4,0.39,2.77,97.23
1992-04-09,0.41,0.39,5.11,94.89
1992-04-10,0.4,0.39,2.11,97.89
1992-04-13,0.4,0.39,3.85,96.15
1992-04-14,0.42,0.4,4.38,95.62
1992-04-15,0.43,0.41,5.5,94.5
1992-04-16,0.42,0.41,3.09,96.91
1992-04-20,0.41,0.42,3.48,96.52
1992-04-21,0.4,0.41,1.64,98.36
1992-04-22,0.41,0.42,1.91,98.09
1992-04-23,0.41,0.41,0.31,99.69
1992-04-24,0.4,0.41,1.19,98.81
1992-04-27,0.4,0.41,1.81,98.19
1992-04-28,0.39,0.41,5.39,94.61
1992-04-29,0.41,0.43,4.77,95.23
1992-04-30,0.43,0.43,0.67,99.33
1992-05-01,0.42,0.43,1.57,98.43
1992-05-04,0.43,0.43,0.53,99.47
1992-05-05,0.43,0.43,1.29,98.71
1992-05-06,0.44,0.43,3.29,96.71
1992-05-07,0.44,0.43,1.69,98.31
1992-05-08,0.44,0.43,2.94,97.06
1992-05-11,0.45,0.45,1.61,98.39
1992-05-12,0.45,0.43,3.33,96.67
1992-05-13,0.45,0.45,0.8,99.2
1992-05-14,0.44,0.43,1.95,98.05
1992-05-15,0.43,0.43,0.74,99.26
1992-05-18,0.43,0.45,4.77,95.23
1992-05-19,0.43,0.43,1.35,98.65
1992-05-20,0.43,0.42,2.13,97.87
1992-05-21,0.42,0.42,0.68,99.32
1992-05-22,0.43,0.41,3.91,96.09
1992-05-26,0.42,0.41,3.5,96.5
1992-05-27,0.43,0.41,5.1,94.9
1992-05-28,0.43,0.41,3.91,96.09
1992-05-29,0.43,0.4,5.98,94.02
1992-06-01,0.41,0.39,5.71,94.29
1992-06-02,0.41,0.38,7.32,92.68
1992-06-03,0.39,0.37,4.86,95.14
1992-06-04,0.39,0.38,3.92,96.08
1992-06-05,0.39,0.38,2.32,97.68
1992-06-08,0.39,0.38,1.2,98.8
1992-06-09,0.39,0.36,7.96,92.04
1992-06-10,0.39,0.35,9.83,90.17
1992-06-11,0.39,0.35,10.04,89.96
1992-06-12,0.39,0.36,7.88,92.12
1992-06-15,0.38,0.35,7.91,92.09
1992-06-16,0.35,0.31,12.74,87.26
1992-06-17,0.34,0.31,9.52,90.48
1992-06-18,0.32,0.31,5.02,94.98
1992-06-19,0.32,0.31,3.96,96.04
1992-06-22,0.32,0.31,2.88,97.12
1992-06-23,0.32,0.31,3.11,96.89
1992-06-24,0.33,0.31,4.69,95.31
1992-06-25,0.33,0.31,5.8,94.2
1992-06-26,0.32,0.29,9.49,90.51
1992-06-29,0.34,0.31,8.61,91.39
1992-06-30,0.34,0.31,9.71,90.29
1992-07-01,0.35,0.32,7.78,92.22
1992-07-02,0.33,0.31,6.29,93.71
1992-07-06,0.33,0.31,6.29,93.71
1992-07-07,0.32,0.32,0.28,99.72
1992-07-08,0.33,0.33,0.95,99.05
1992-07-09,0.33,0.35,5.33,94.67
1992-07-10,0.33,0.35,5.62,94.38
1992-07-13,0.34,0.35,4.5,95.5
1992-07-14,0.34,0.35,3.4,96.6
1992-07-15,0.34,0.35,1.37,98.63
1992-07-16,0.35,0.35,0.75,99.25
1992-07-17,0.32,0.34,5.92,94.08
1992-07-20,0.32,0.33,3.96,96.04
1992-07-21,0.33,0.33,1.69,98.31
1992-07-22,0.32,0.3,5.58,94.42
1992-07-23,0.32,0.31,2.6,97.4
1992-07-24,0.33,0.32,2.49,97.51
1992-07-27,0.32,0.33,1.05,98.95
1992-07-28,0.33,0.33,1.67,98.33
1992-07-29,0.34,0.33,3.23,96.77
1992-07-30,0.34,0.33,3.23,96.77
1992-07-31,0.34,0.32,4.32,95.68
1992-08-03,0.33,0.31,4.73,95.27
1992-08-04,0.33,0.31,4.21,95.79
1992-08-05,0.32,0.3,6.64,93.36
1992-08-06,0.32,0.31,0.94,99.06
1992-08-07,0.31,0.31,0.49,99.51
1992-08-10,0.32,0.31,1.22,98.78
1992-08-11,0.31,0.31,0.2,99.8
1992-08-12,0.32,0.32,1.37,98.63
1992-08-13,0.32,0.31,2.6,97.4
1992-08-14,0.32,0.32,0.04,99.96
1992-08-17,0.32,0.31,2.86,97.14
1992-08-18,0.32,0.29,9.19,90.81
1992-08-19,0.32,0.29,8.68,91.32
1992-08-20,0.32,0.31,5.08,94.92
1992-08-21,0.32,0.31,2.59,97.41
1992-08-24,0.31,0.3,3.66,96.34
1992-08-25,0.32,0.32,0.53,99.47
1992-08-26,0.32,0.33,3.06,96.94
1992-08-27,0.32,0.33,3.5,96.5
1992-08-28,0.32,0.33,2.35,97.65
1992-08-31,0.33,0.35,6.78,93.22
1992-09-01,0.33,0.35,5.63,94.37
1992-09-02,0.35,0.36,3.7,96.3
1992-09-03,0.34,0.35,2.16,97.84
1992-09-04,0.34,0.33,3.24,96.76
1992-09-08,0.34,0.33,4.25,95.75
1992-09-09,0.35,0.36,1.2,98.8
1992-09-10,0.35,0.36,0.69,99.31
1992-09-11,0.34,0.33,4.0,96.0
1992-09-14,0.36,0.38,7.52,92.48
1992-09-15,0.35,0.35,1.52,98.48
1992-09-16,0.34,0.35,4.22,95.78
1992-09-17,0.33,0.35,5.5,94.5
1992-09-18,0.33,0.35,4.36,95.64
1992-09-21,0.33,0.35,4.36,95.64
1992-09-22,0.33,0.32,2.49,97.51
1992-09-23,0.34,0.33,2.32,97.68
1992-09-24,0.33,0.31,6.01,93.99
1992-09-25,0.33,0.31,4.46,95.54
1992-09-28,0.32,0.31,2.86,97.14
1992-09-29,0.32,0.3,7.15,92.85
1992-09-30,0.32,0.3,7.66,92.34
1992-10-01,0.32,0.31,4.01,95.99
1992-10-02,0.31,0.28,11.34,88.66
1992-10-05,0.31,0.29,8.0,92.0
1992-10-06,0.32,0.31,2.86,97.14
1992-10-07,0.31,0.31,0.64,99.36
1992-10-08,0.31,0.3,4.99,95.01
1992-10-09,0.31,0.3,4.72,95.28
1992-10-12,0.32,0.31,1.97,98.03
1992-10-13,0.33,0.31,4.2,95.8
1992-10-14,0.33,0.32,3.02,96.98
1992-10-15,0.33,0.32,1.95,98.05
1992-10-16,0.35,0.35,0.45,99.55
1992-10-19,0.35,0.35,0.45,99.55
1992-10-20,0.35,0.35,0.7,99.3
1992-10-21,0.35,0.35,0.58,99.42
1992-10-22,0.35,0.36,3.17,96.83
1992-10-23,0.35,0.38,9.18,90.82
1992-10-26,0.37,0.39,4.23,95.77
1992-10-27,0.37,0.41,10.7,89.3
1992-10-28,0.38,0.41,10.23,89.77
1992-10-29,0.38,0.41,8.16,91.84
1992-10-30,0.38,0.41,8.59,91.41
1992-11-02,0.38,0.4,7.27,92.73
1992-11-03,0.37,0.4,5.62,94.38
1992-11-04,0.38,0.42,10.96,89.04
1992-11-05,0.4,0.43,7.83,92.17
1992-11-06,0.4,0.44,10.33,89.67
1992-11-09,0.4,0.42,5.3,94.7
1992-11-10,0.4,0.44,9.35,90.65
1992-11-11,0.41,0.44,8.39,91.61
1992-11-12,0.41,0.44,8.15,91.85
1992-11-13,0.4,0.42,2.61,97.39
1992-11-16,0.41,0.42,1.4,98.6
1992-11-17,0.4,0.37,6.97,93.03
1992-11-18,0.42,0.37,11.0,89.0
1992-11-19,0.42,0.4,5.12,94.88
1992-11-20,0.41,0.39,5.29,94.71
1992-11-23,0.41,0.4,1.31,98.69
1992-11-24,0.41,0.43,2.73,97.27
1992-11-25,0.41,0.4,1.68,98.32
1992-11-27,0.41,0.4,1.68,98.32
1992-11-30,0.41,0.4,2.8,97.2
1992-12-01,0.42,0.4,4.05,95.95
1992-12-02,0.41,0.43,3.61,96.39
1992-12-03,0.41,0.43,3.16,96.84
1992-12-04,0.41,0.43,4.29,95.71
1992-12-07,0.42,0.43,2.71,97.29
1992-12-08,0.42,0.43,2.83,97.17
1992-12-09,0.42,0.42,1.22,98.78
1992-12-10,0.41,0.41,0.81,99.19
1992-12-11,0.41,0.43,3.16,96.84
1992-12-14,0.41,0.43,3.61,96.39
1992-12-15,0.41,0.41,0.73,99.27
1992-12-16,0.4,0.41,3.25,96.75
1992-12-17,0.41,0.43,4.29,95.71
1992-12-18,0.42,0.43,1.83,98.17
1992-12-21,0.43,0.43,0.52,99.48
1992-12-22,0.44,0.43,1.41,98.59
1992-12-23,0.43,0.43,0.03,99.97
1992-12-24,0.43,0.43,1.3,98.7
1992-12-28,0.43,0.43,0.31,99.69
1992-12-29,0.43,0.43,0.52,99.48
1992-12-30,0.42,0.43,0.96,99.04
1992-12-31,0.43,0.43,0.03,99.97
1993-01-04,0.42,0.43,1.83,98.17
1993-01-05,0.43,0.43,0.11,99.89
1993-01-06,0.45,0.43,3.21,96.79
1993-01-07,0.44,0.45,2.99,97.01
1993-01-08,0.45,0.45,0.92,99.08
1993-01-11,0.46,0.45,2.03,97.97
1993-01-12,0.44,0.43,3.55,96.45
1993-01-13,0.46,0.43,5.87,94.13
1993-01-14,0.47,0.43,8.05,91.95
1993-01-15,0.43,0.43,1.55,98.45
1993-01-18,0.43,0.42,1.97,98.03
1993-01-19,0.43,0.43,0.73,99.27
1993-01-20,0.43,0.43,1.14,98.86
1993-01-21,0.43,0.43,1.14,98.86
1993-01-22,0.43,0.43,0.31,99.69
1993-01-25,0.43,0.43,1.14,98.86
1993-01-26,0.44,0.42,3.99,96.01
1993-01-27,0.43,0.42,3.19,96.81
1993-01-28,0.43,0.41,5.16,94.84
1993-01-29,0.43,0.4,7.58,92.42
1993-02-01,0.44,0.42,4.77,95.23
1993-02-02,0.43,0.41,6.43,93.57
1993-02-03,0.43,0.39,10.07,89.93
1993-02-04,0.43,0.41,4.56,95.44
1993-02-05,0.41,0.41,1.53,98.47
1993-02-08,0.41,0.39,4.5,95.5
1993-02-09,0.41,0.4,3.32,96.68
1993-02-10,0.4,0.39,3.21,96.79
1993-02-11,0.4,0.39,2.12,97.88
1993-02-12,0.39,0.38,3.48,96.52
1993-02-16,0.38,0.37,3.51,96.49
1993-02-17,0.39,0.38,3.48,96.52
1993-02-18,0.4,0.36,9.15,90.85
1993-02-19,0.4,0.36,9.15,90.85
1993-02-22,0.4,0.35,12.69,87.31
1993-02-23,0.39,0.35,11.29,88.71
1993-02-24,0.39,0.35,10.25,89.75
1993-02-25,0.4,0.36,8.73,91.27
1993-02-26,0.38,0.36,5.72,94.28
1993-03-01,0.39,0.37,2.72,97.28
1993-03-02,0.39,0.38,2.69,97.31
1993-03-03,0.39,0.38,3.36,96.64
1993-03-04,0.4,0.39,1.22,98.78
1993-03-05,0.4,0.4,0.57,99.43
1993-03-08,0.41,0.43,4.1,95.9
1993-03-09,0.41,0.4,1.73,98.27
1993-03-10,0.41,0.4,1.73,98.27
1993-03-11,0.41,0.4,1.95,98.05
1993-03-12,0.41,0.4,1.66,98.34
1993-03-15,0.41,0.4,2.16,97.84
1993-03-16,0.41,0.4,1.3,98.7
1993-03-17,0.4,0.4,0.34,99.66
1993-03-18,0.39,0.4,2.32,97.68
1993-03-19,0.39,0.4,2.91,97.09
1993-03-22,0.39,0.38,0.86,99.14
1993-03-23,0.38,0.38,0.7,99.3
1993-03-24,0.39,0.38,1.79,98.21
1993-03-25,0.4,0.39,0.77,99.23
1993-03-26,0.39,0.36,6.16,93.84
1993-03-29,0.37,0.36,3.22,96.78
1993-03-30,0.38,0.36,4.37,95.63
1993-03-31,0.37,0.36,2.97,97.03
1993-04-01,0.37,0.36,3.44,96.56
1993-04-02,0.36,0.32,10.69,89.31
1993-04-05,0.36,0.32,10.47,89.53
1993-04-06,0.35,0.32,8.17,91.83
1993-04-07,0.37,0.34,6.51,93.49
1993-04-08,0.36,0.34,5.1,94.9
1993-04-12,0.36,0.35,3.6,96.4
1993-04-13,0.35,0.34,2.66,97.34
1993-04-14,0.35,0.33,6.91,93.09
1993-04-15,0.34,0.32,5.25,94.75
1993-04-16,0.35,0.33,5.7,94.3
1993-04-19,0.35,0.35,0.62,99.38
1993-04-20,0.36,0.35,3.6,96.4
1993-04-21,0.36,0.35,2.87,97.13
1993-04-22,0.36,0.35,3.6,96.4
1993-04-23,0.36,0.35,2.13,97.87
1993-04-26,0.35,0.35,1.63,98.37
1993-04-27,0.36,0.37,0.95,99.05
1993-04-28,0.37,0.37,1.27,98.73
1993-04-29,0.37,0.37,0.05,99.95
1993-04-30,0.37,0.37,1.02,98.98
1993-05-03,0.38,0.37,1.34,98.66
1993-05-04,0.39,0.39,1.59,98.41
1993-05-05,0.39,0.44,12.38,87.62
1993-05-06,0.39,0.42,6.92,93.08
1993-05-07,0.4,0.42,4.97,95.03
1993-05-10,0.4,0.42,4.49,95.51
1993-05-11,0.39,0.42,5.45,94.55
1993-05-12,0.39,0.37,3.89,96.11
1993-05-13,0.4,0.42,3.55,96.45
1993-05-14,0.4,0.42,3.55,96.45
1993-05-17,0.4,0.42,3.09,96.91
1993-05-18,0.4,0.39,2.3,97.7
1993-05-19,0.41,0.42,0.39,99.61
1993-05-20,0.42,0.42,1.4,98.6
1993-05-21,0.42,0.39,5.69,94.31
1993-05-24,0.42,0.39,5.9,94.1
1993-05-25,0.41,0.4,1.88,98.12
1993-05-26,0.42,0.4,3.43,96.57
1993-05-27,0.42,0.4,3.01,96.99
1993-05-28,0.41,0.4,2.52,97.48
1993-06-01,0.41,0.4,2.37,97.63
1993-06-02,0.41,0.45,9.75,90.25
1993-06-03,0.41,0.43,4.77,95.23
1993-06-04,0.4,0.42,5.84,94.16
1993-06-07,0.37,0.36,1.75,98.25
1993-06-08,0.36,0.36,0.74,99.26
1993-06-09,0.32,0.31,3.76,96.24
1993-06-10,0.32,0.31,4.3,95.7
1993-06-11,0.32,0.31,2.66,97.34
1993-06-14,0.32,0.31,4.56,95.44
1993-06-15,0.3,0.31,1.4,98.6
1993-06-16,0.31,0.29,3.93,96.07
1993-06-17,0.3,0.29,1.61,98.39
1993-06-18,0.3,0.29,2.39,97.61
1993-06-21,0.29,0.29,1.0,99.0
1993-06-22,0.3,0.29,3.27,96.73
1993-06-23,0.29,0.27,8.36,91.64
1993-06-24,0.3,0.28,9.05,90.95
1993-06-25,0.29,0.28,5.07,94.93
1993-06-28,0.29,0.28,5.36,94.64
1993-06-29,0.28,0.29,1.22,98.78
1993-06-30,0.29,0.29,0.06,99.94
1993-07-01,0.28,0.29,3.88,96.12
1993-07-02,0.28,0.29,2.53,97.47
1993-07-06,0.27,0.26,4.32,95.68
1993-07-07,0.26,0.26,1.04,98.96
1993-07-08,0.26,0.26,1.04,98.96
1993-07-09,0.27,0.26,1.71,98.29
1993-07-12,0.28,0.28,2.46,97.54
1993-07-13,0.27,0.26,3.03,96.97
1993-07-14,0.27,0.27,0.28,99.72
1993-07-15,0.26,0.25,3.17,96.83
1993-07-16,0.2,0.23,15.21,84.79
1993-07-19,0.19,0.23,23.64,76.36
1993-07-20,0.19,0.24,21.09,78.91
1993-07-21,0.19,0.21,10.67,89.33
1993-07-22,0.19,0.22,12.87,87.13
1993-07-23,0.19,0.21,10.67,89.33
1993-07-26,0.19,0.21,7.18,92.82
1993-07-27,0.19,0.21,8.7,91.3
1993-07-28,0.19,0.21,7.18,92.82
1993-07-29,0.2,0.21,5.71,94.29
1993-07-30,0.2,0.21,3.8,96.2
1993-08-02,0.21,0.19,8.56,91.44
1993-08-03,0.21,0.19,8.78,91.22
1993-08-04,0.22,0.2,9.59,90.41
1993-08-05,0.21,0.23,7.5,92.5
1993-08-06,0.21,0.25,17.04,82.96
1993-08-09,0.22,0.24,11.08,88.92
1993-08-10,0.21,0.23,11.27,88.73
1993-08-11,0.2,0.23,13.67,86.33
1993-08-12,0.19,0.21,11.18,88.82
1993-08-13,0.2,0.21,7.62,92.38
1993-08-16,0.2,0.21,6.66,93.34
1993-08-17,0.21,0.22,4.96,95.04
1993-08-18,0.21,0.21,2.92,97.08
1993-08-19,0.2,0.21,3.1,96.9
1993-08-20,0.2,0.21,1.26,98.74
1993-08-23,0.21,0.21,0.08,99.92
1993-08-24,0.2,0.2,4.23,95.77
1993-08-25,0.2,0.2,1.59,98.41
1993-08-26,0.2,0.2,0.22,99.78
1993-08-27,0.19,0.18,5.07,94.93
1993-08-30,0.19,0.19,0.92,99.08
1993-08-31,0.19,0.2,2.73,97.27
1993-09-01,0.19,0.21,8.52,91.48
1993-09-02,0.19,0.2,5.72,94.28
1993-09-03,0.19,0.19,1.9,98.1
1993-09-07,0.19,0.18,4.17,95.83
1993-09-08,0.19,0.19,1.91,98.09
1993-09-09,0.19,0.2,3.14,96.86
1993-09-10,0.19,0.19,0.04,99.96
1993-09-13,0.18,0.18,2.78,97.22
1993-09-14,0.18,0.18,0.38,99.62
1993-09-15,0.18,0.18,2.68,97.32
1993-09-16,0.18,0.18,1.64,98.36
1993-09-17,0.18,0.18,1.43,98.57
1993-09-20,0.18,0.18,0.05,99.95
1993-09-21,0.18,0.17,5.69,94.31
1993-09-22,0.19,0.18,2.4,97.6
1993-09-23,0.18,0.18,0.56,99.44
1993-09-24,0.18,0.18,0.45,99.55
1993-09-27,0.18,0.18,0.56,99.44
1993-09-28,0.18,0.17,3.41,96.59
1993-09-29,0.17,0.17,3.23,96.77
1993-09-30,0.17,0.17,2.37,97.63
1993-10-01,0.17,0.17,0.31,99.69
1993-10-04,0.17,0.18,7.61,92.39
1993-10-05,0.17,0.18,5.91,94.09
1993-10-06,0.17,0.18,5.35,94.65
1993-10-07,0.17,0.17,0.78,99.22
1993-10-08,0.16,0.17,0.87,99.13
1993-10-11,0.17,0.18,3.83,96.17
1993-10-12,0.17,0.18,2.75,97.25
1993-10-13,0.17,0.18,2.75,97.25
1993-10-14,0.17,0.18,3.83,96.17
1993-10-15,0.21,0.21,1.86,98.14
1993-10-18,0.21,0.21,1.42,98.58
1993-10-19,0.2,0.21,3.7,96.3
1993-10-20,0.2,0.22,9.1,90.9
1993-10-21,0.22,0.25,12.48,87.52
1993-10-22,0.22,0.26,20.2,79.8
1993-10-25,0.22,0.26,19.9,80.1
1993-10-26,0.22,0.25,17.15,82.85
1993-10-27,0.23,0.28,20.15,79.85
1993-10-28,0.23,0.28,23.06,76.94
1993-10-29,0.22,0.26,16.97,83.03
1993-11-01,0.23,0.26,14.19,85.81
1993-11-02,0.24,0.28,16.48,83.52
1993-11-03,0.23,0.25,10.2,89.8
1993-11-04,0.23,0.24,2.02,97.98
1993-11-05,0.23,0.23,0.95,99.05
1993-11-08,0.22,0.23,2.68,97.32
1993-11-09,0.22,0.23,4.81,95.19
1993-11-10,0.22,0.23,1.21,98.79
1993-11-11,0.23,0.23,0.78,99.22
1993-11-12,0.23,0.23,1.01,98.99
1993-11-15,0.23,0.23,0.22,99.78
1993-11-16,0.25,0.23,5.68,94.32
1993-11-17,0.24,0.25,3.88,96.12
1993-11-18,0.24,0.25,3.88,96.12
1993-11-19,0.24,0.25,5.08,94.92
1993-11-22,0.24,0.24,2.31,97.69
1993-11-23,0.24,0.25,5.08,94.92
1993-11-24,0.24,0.25,3.72,96.28
1993-11-26,0.24,0.25,4.91,95.09
1993-11-29,0.23,0.25,7.8,92.2
1993-11-30,0.23,0.25,10.08,89.92
1993-12-01,0.23,0.25,8.66,91.34
1993-12-02,0.23,0.25,7.8,92.2
1993-12-03,0.23,0.24,5.56,94.44
1993-12-06,0.24,0.25,6.13,93.87
1993-12-07,0.24,0.22,6.77,93.23
1993-12-08,0.23,0.22,5.68,94.32
1993-12-09,0.22,0.21,4.75,95.25
1993-12-10,0.21,0.21,1.15,98.85
1993-12-13,0.22,0.22,1.92,98.08
1993-12-14,0.21,0.22,1.15,98.85
1993-12-15,0.22,0.22,1.06,98.94
1993-12-16,0.21,0.22,2.35,97.65
1993-12-17,0.22,0.21,3.65,96.35
1993-12-20,0.21,0.2,4.06,95.94
1993-12-21,0.2,0.2,0.57,99.43
1993-12-22,0.2,0.2,4.11,95.89
1993-12-23,0.2,0.2,1.47,98.53
1993-12-27,0.21,0.2,5.79,94.21
1993-12-28,0.21,0.2,4.11,95.89
1993-12-29,0.21,0.2,2.0,98.0
1993-12-30,0.22,0.22,0.95,99.05
1993-12-31,0.21,0.23,6.02,93.98
1994-01-03,0.22,0.23,3.8,96.2
1994-01-04,0.23,0.23,0.13,99.87
1994-01-05,0.25,0.23,6.79,93.21
1994-01-06,0.24,0.23,3.94,96.06
1994-01-07,0.24,0.23,5.03,94.97
1994-01-10,0.25,0.26,5.59,94.41
1994-01-11,0.23,0.25,7.24,92.76
1994-01-12,0.22,0.25,12.07,87.93
1994-01-13,0.22,0.25,11.61,88.39
1994-01-14,0.23,0.25,10.26,89.74
1994-01-17,0.22,0.25,11.06,88.94
1994-01-18,0.21,0.25,14.84,85.16
1994-01-19,0.21,0.22,2.68,97.32
1994-01-20,0.22,0.23,3.8,96.2
1994-01-21,0.24,0.25,3.9,96.1
1994-01-24,0.26,0.25,0.92,99.08
1994-01-25,0.25,0.25,1.04,98.96
1994-01-26,0.24,0.25,2.17,97.83
1994-01-27,0.25,0.25,0.3,99.7
1994-01-28,0.25,0.25,0.67,99.33
1994-01-31,0.24,0.25,4.51,95.49
1994-02-01,0.24,0.25,4.29,95.71
1994-02-02,0.24,0.25,5.08,94.92
1994-02-03,0.24,0.25,3.51,96.49
1994-02-04,0.24,0.25,3.51,96.49
1994-02-07,0.27,0.28,5.35,94.65
1994-02-08,0.26,0.28,7.56,92.44
1994-02-09,0.27,0.28,6.08,93.92
1994-02-10,0.27,0.26,2.34,97.66
1994-02-11,0.27,0.26,3.66,96.34
1994-02-14,0.27,0.27,0.1,99.9
1994-02-15,0.27,0.28,1.7,98.3
1994-02-16,0.27,0.26,3.0,97.0
1994-02-17,0.27,0.27,0.1,99.9
1994-02-18,0.27,0.28,6.08,93.92
1994-02-22,0.27,0.28,3.23,96.77
1994-02-23,0.27,0.3,10.21,89.79
1994-02-24,0.27,0.29,8.03,91.97
1994-02-25,0.26,0.28,6.24,93.76
1994-02-28,0.27,0.27,0.89,99.11
1994-03-01,0.27,0.28,4.28,95.72
1994-03-02,0.26,0.26,0.23,99.77
1994-03-03,0.26,0.26,0.12,99.88
1994-03-04,0.27,0.27,0.21,99.79
1994-03-07,0.28,0.28,0.2,99.8
1994-03-08,0.27,0.27,0.47,99.53
1994-03-09,0.27,0.28,0.8,99.2
1994-03-10,0.27,0.28,1.48,98.52
1994-03-11,0.27,0.28,1.48,98.52
1994-03-14,0.28,0.28,0.85,99.15
1994-03-15,0.28,0.28,0.46,99.54
1994-03-16,0.27,0.28,2.86,97.14
1994-03-17,0.27,0.28,3.56,96.44
1994-03-18,0.27,0.27,1.24,98.76
1994-03-21,0.26,0.26,0.58,99.42
1994-03-22,0.26,0.26,2.02,97.98
1994-03-23,0.26,0.26,1.65,98.35
1994-03-24,0.25,0.25,0.3,99.7
1994-03-25,0.24,0.23,4.37,95.63
1994-03-28,0.24,0.24,0.61,99.39
1994-03-29,0.24,0.22,9.72,90.28
1994-03-30,0.24,0.22,9.03,90.97
1994-03-31,0.24,0.22,8.43,91.57
1994-04-04,0.24,0.21,13.63,86.37
1994-04-05,0.25,0.22,11.74,88.26
1994-04-06,0.25,0.22,9.11,90.89
1994-04-07,0.24,0.22,8.77,91.23
1994-04-08,0.25,0.23,7.31,92.69
1994-04-11,0.25,0.23,7.31,92.69
1994-04-12,0.23,0.23,2.96,97.04
1994-04-13,0.23,0.22,6.88,93.12
1994-04-14,0.23,0.22,3.34,96.66
1994-04-15,0.22,0.23,2.65,97.35
1994-04-18,0.22,0.22,0.2,99.8
1994-04-19,0.21,0.21,1.82,98.18
1994-04-20,0.21,0.2,2.22,97.78
1994-04-21,0.22,0.21,3.89,96.11
1994-04-22,0.22,0.22,1.33,98.67
1994-04-25,0.23,0.22,2.45,97.55
1994-04-26,0.23,0.23,0.69,99.31
1994-04-28,0.22,0.22,0.96,99.04
1994-04-29,0.22,0.22,0.14,99.86
1994-05-02,0.23,0.23,1.96,98.04
1994-05-03,0.22,0.23,5.82,94.18
1994-05-04,0.24,0.25,3.35,96.65
1994-05-05,0.24,0.25,3.74,96.26
1994-05-06,0.24,0.25,6.93,93.07
1994-05-09,0.23,0.25,9.14,90.86
1994-05-10,0.23,0.25,11.46,88.54
1994-05-11,0.22,0.25,14.22,85.78
1994-05-12,0.22,0.25,14.88,85.12
1994-05-13,0.22,0.25,13.68,86.32
1994-05-16,0.22,0.23,8.51,91.49
1994-05-17,0.22,0.23,8.97,91.03
1994-05-18,0.22,0.25,11.36,88.64
1994-05-19,0.24,0.25,7.56,92.44
1994-05-20,0.23,0.25,9.8,90.2
1994-05-23,0.22,0.25,11.82,88.18
1994-05-24,0.23,0.23,2.78,97.22
1994-05-25,0.23,0.23,2.43,97.57
1994-05-26,0.22,0.23,4.95,95.05
1994-05-27,0.22,0.23,6.5,93.5
1994-05-31,0.22,0.23,9.01,90.99
1994-06-01,0.21,0.21,3.3,96.7
1994-06-02,0.2,0.21,6.6,93.4
1994-06-03,0.2,0.21,5.64,94.36
1994-06-06,0.2,0.21,6.6,93.4
1994-06-07,0.2,0.21,4.33,95.67
1994-06-08,0.19,0.2,2.0,98.0
1994-06-09,0.2,0.19,4.96,95.04
1994-06-10,0.2,0.19,3.17,96.83
1994-06-13,0.2,0.2,1.31,98.69
1994-06-14,0.2,0.2,1.53,98.47
1994-06-15,0.2,0.2,4.19,95.81
1994-06-16,0.19,0.2,1.03,98.97
1994-06-17,0.2,0.2,0.56,99.44
1994-06-20,0.2,0.21,4.29,95.71
1994-06-21,0.19,0.21,8.8,91.2
1994-06-22,0.19,0.21,9.3,90.7
1994-06-23,0.18,0.19,3.28,96.72
1994-06-24,0.19,0.2,5.13,94.87
1994-06-27,0.19,0.2,2.56,97.44
1994-06-28,0.2,0.21,8.44,91.56
1994-06-29,0.19,0.2,3.05,96.95
1994-06-30,0.2,0.21,5.81,94.19
1994-07-01,0.19,0.2,4.55,95.45
1994-07-05,0.2,0.21,5.81,94.19
1994-07-06,0.19,0.2,3.05,96.95
1994-07-07,0.2,0.21,8.19,91.81
1994-07-08,0.2,0.21,7.19,92.81
1994-07-11,0.2,0.21,3.85,96.15
1994-07-12,0.21,0.22,3.8,96.2
1994-07-13,0.22,0.23,3.64,96.36
1994-07-14,0.21,0.23,7.48,92.52
1994-07-15,0.21,0.22,4.26,95.74
1994-07-18,0.21,0.22,3.8,96.2
1994-07-19,0.2,0.21,4.77,95.23
1994-07-20,0.2,0.21,8.95,91.05
1994-07-21,0.21,0.21,3.6,96.4
1994-07-22,0.23,0.24,4.96,95.04
1994-07-25,0.23,0.24,2.68,97.32
1994-07-26,0.23,0.24,3.7,96.3
1994-07-27,0.23,0.24,4.75,95.25
1994-07-28,0.23,0.24,2.08,97.92
1994-07-29,0.25,0.25,0.99,99.01
1994-08-01,0.25,0.24,2.51,97.49
1994-08-02,0.24,0.23,4.11,95.89
1994-08-03,0.24,0.24,1.78,98.22
1994-08-04,0.24,0.26,5.98,94.02
1994-08-05,0.24,0.26,5.98,94.02
1994-08-08,0.25,0.27,8.81,91.19
1994-08-09,0.25,0.3,20.23,79.77
1994-08-10,0.25,0.28,10.54,89.46
1994-08-11,0.25,0.27,5.0,95.0
1994-08-12,0.26,0.26,2.82,97.18
1994-08-15,0.26,0.27,7.1,92.9
1994-08-16,0.26,0.29,11.12,88.88
1994-08-17,0.26,0.28,9.06,90.94
1994-08-18,0.26,0.26,2.19,97.81
1994-08-19,0.26,0.26,1.46,98.54
1994-08-22,0.26,0.29,13.88,86.12
1994-08-23,0.26,0.29,10.33,89.67
1994-08-24,0.26,0.28,9.45,90.55
1994-08-25,0.26,0.28,8.86,91.14
1994-08-26,0.26,0.28,6.77,93.23
1994-08-29,0.26,0.28,5.95,94.05
1994-08-30,0.27,0.27,1.22,98.78
1994-08-31,0.27,0.28,5.48,94.52
1994-09-01,0.26,0.26,0.17,99.83
1994-09-02,0.26,0.26,1.23,98.77
1994-09-06,0.26,0.26,0.5,99.5
1994-09-07,0.27,0.26,2.05,97.95
1994-09-08,0.27,0.26,2.05,97.95
1994-09-09,0.26,0.26,1.03,98.97
1994-09-12,0.26,0.26,1.03,98.97
1994-09-13,0.26,0.28,6.01,93.99
1994-09-14,0.26,0.28,6.82,93.18
1994-09-15,0.27,0.28,4.23,95.77
1994-09-16,0.27,0.28,3.15,96.85
1994-09-19,0.26,0.28,5.69,94.31
1994-09-20,0.26,0.25,0.26,99.74
1994-09-21,0.25,0.25,1.29,98.71
1994-09-22,0.25,0.24,3.0,97.0
1994-09-23,0.25,0.24,4.36,95.64
1994-09-26,0.25,0.23,8.35,91.65
1994-09-27,0.25,0.23,9.01,90.99
1994-09-28,0.25,0.23,9.01,90.99
1994-09-29,0.25,0.23,9.68,90.32
1994-09-30,0.25,0.23,8.5,91.5
1994-10-03,0.24,0.23,6.95,93.05
1994-10-04,0.25,0.24,3.83,96.17
1994-10-05,0.28,0.26,6.58,93.42
1994-10-06,0.27,0.25,6.28,93.72
1994-10-07,0.27,0.26,5.57,94.43
1994-10-10,0.29,0.29,1.03,98.97
1994-10-11,0.29,0.3,2.84,97.16
1994-10-12,0.31,0.31,0.41,99.59
1994-10-13,0.3,0.31,0.86,99.14
1994-10-14,0.3,0.31,0.86,99.14
1994-10-17,0.29,0.3,0.63,99.37
1994-10-18,0.3,0.3,3.03,96.97
1994-10-19,0.3,0.3,3.03,96.97
1994-10-20,0.3,0.32,4.45,95.55
1994-10-21,0.31,0.32,2.09,97.91
1994-10-24,0.31,0.32,2.99,97.01
1994-10-25,0.31,0.31,1.38,98.62
1994-10-26,0.32,0.32,0.61,99.39
1994-10-27,0.32,0.32,1.06,98.94
1994-10-28,0.31,0.3,3.32,96.68
1994-10-31,0.32,0.3,5.7,94.3
1994-11-01,0.32,0.3,6.59,93.41
1994-11-02,0.31,0.3,2.64,97.36
1994-11-03,0.31,0.3,1.59,98.41
1994-11-04,0.3,0.3,1.15,98.85
1994-11-07,0.3,0.29,2.15,97.85
1994-11-08,0.31,0.3,3.34,96.66
1994-11-09,0.31,0.3,1.89,98.11
1994-11-10,0.31,0.29,6.18,93.82
1994-11-11,0.3,0.29,5.75,94.25
1994-11-14,0.31,0.29,6.18,93.82
1994-11-15,0.31,0.29,6.32,93.68
1994-11-16,0.3,0.29,5.32,94.68
1994-11-17,0.3,0.29,3.1,96.9
1994-11-18,0.3,0.27,7.77,92.23
1994-11-21,0.28,0.27,5.86,94.14
1994-11-22,0.28,0.27,3.97,96.03
1994-11-23,0.27,0.27,2.67,97.33
1994-11-25,0.28,0.28,0.9,99.1
1994-11-28,0.28,0.27,1.82,98.18
1994-11-29,0.28,0.26,7.62,92.38
1994-11-30,0.28,0.26,5.14,94.86
1994-12-01,0.27,0.26,4.01,95.99
1994-12-02,0.27,0.26,3.36,96.64
1994-12-05,0.28,0.25,8.93,91.07
1994-12-06,0.28,0.26,5.93,94.07
1994-12-07,0.27,0.26,3.52,96.48
1994-12-08,0.27,0.25,7.16,92.84
1994-12-09,0.27,0.25,8.12,91.88
1994-12-12,0.27,0.27,1.21,98.79
1994-12-13,0.27,0.27,0.87,99.13
1994-12-14,0.28,0.28,0.68,99.32
1994-12-15,0.27,0.27,2.87,97.13
1994-12-16,0.28,0.28,0.22,99.78
1994-12-19,0.29,0.28,2.54,97.46
1994-12-20,0.29,0.28,0.95,99.05
1994-12-21,0.28,0.29,0.52,99.48
1994-12-22,0.29,0.29,0.13,99.87
1994-12-23,0.29,0.29,0.77,99.23
1994-12-27,0.29,0.29,1.4,98.6
1994-12-28,0.29,0.3,1.93,98.07
1994-12-29,0.29,0.32,9.83,90.17
1994-12-30,0.29,0.31,7.46,92.54
1995-01-03,0.28,0.3,5.81,94.19
1995-01-04,0.29,0.31,6.44,93.56
1995-01-05,0.29,0.3,3.31,96.69
1995-01-06,0.31,0.32,3.29,96.71
1995-01-09,0.31,0.31,1.72,98.28
1995-01-10,0.32,0.31,4.07,95.93
1995-01-11,0.35,0.33,3.9,96.1
1995-01-12,0.34,0.32,4.39,95.61
1995-01-13,0.33,0.31,6.61,93.39
1995-01-16,0.33,0.33,1.56,98.44
1995-01-17,0.33,0.33,0.43,99.57
1995-01-18,0.34,0.33,0.95,99.05
1995-01-19,0.34,0.33,1.49,98.51
1995-01-20,0.32,0.33,2.96,97.04
1995-01-23,0.31,0.33,3.88,96.12
1995-01-24,0.31,0.32,4.37,95.63
1995-01-25,0.3,0.32,6.0,94.0
1995-01-26,0.29,0.31,4.74,95.26
1995-01-27,0.3,0.31,3.75,96.25
1995-01-30,0.3,0.3,0.7,99.3
1995-01-31,0.3,0.28,6.62,93.38
1995-02-01,0.3,0.25,14.22,85.78
1995-02-02,0.31,0.27,11.37,88.63
1995-02-03,0.3,0.27,11.38,88.62
1995-02-06,0.3,0.27,11.38,88.62
1995-02-07,0.3,0.27,12.06,87.94
1995-02-08,0.31,0.27,12.81,87.19
1995-02-09,0.32,0.33,0.86,99.14
1995-02-10,0.32,0.33,1.58,98.42
1995-02-13,0.32,0.33,1.3,98.7
1995-02-14,0.32,0.33,3.22,96.78
1995-02-15,0.32,0.35,11.1,88.9
1995-02-16,0.32,0.35,9.49,90.51
1995-02-17,0.32,0.33,4.28,95.72
1995-02-21,0.3,0.33,7.02,92.98
1995-02-22,0.3,0.33,7.51,92.49
1995-02-23,0.3,0.31,4.04,95.96
1995-02-24,0.29,0.31,7.21,92.79
1995-02-27,0.28,0.29,0.75,99.25
1995-02-28,0.29,0.29,2.43,97.57
1995-03-01,0.3,0.29,3.65,96.35
1995-03-02,0.3,0.27,10.52,89.48
1995-03-03,0.3,0.27,11.08,88.92
1995-03-06,0.3,0.27,9.96,90.04
1995-03-07,0.28,0.26,8.14,91.86
1995-03-08,0.29,0.28,5.02,94.98
1995-03-09,0.3,0.26,11.35,88.65
1995-03-10,0.29,0.27,8.26,91.74
1995-03-13,0.28,0.27,4.95,95.05
1995-03-14,0.26,0.26,0.68,99.32
1995-03-15,0.26,0.26,0.68,99.32
1995-03-16,0.26,0.26,0.03,99.97
1995-03-17,0.26,0.27,3.17,96.83
1995-03-20,0.26,0.25,5.78,94.22
1995-03-21,0.27,0.25,8.38,91.62
1995-03-22,0.28,0.27,5.52,94.48
1995-03-23,0.28,0.26,4.21,95.79
1995-03-24,0.28,0.27,4.74,95.26
1995-03-27,0.28,0.27,3.3,96.7
1995-03-28,0.26,0.25,3.38,96.62
1995-03-29,0.26,0.25,3.38,96.62
1995-03-30,0.26,0.25,3.28,96.72
1995-03-31,0.26,0.27,2.02,97.98
1995-04-03,0.26,0.28,7.12,92.88
1995-04-04,0.25,0.27,6.16,93.84
1995-04-05,0.26,0.27,4.59,95.41
1995-04-06,0.27,0.28,1.51,98.49
1995-04-07,0.27,0.28,1.51,98.49
1995-04-10,0.27,0.28,1.86,98.14
1995-04-11,0.28,0.28,1.81,98.19
1995-04-12,0.29,0.28,2.49,97.51
1995-04-13,0.28,0.28,0.58,99.42
1995-04-17,0.28,0.28,0.9,99.1
1995-04-18,0.28,0.29,2.59,97.41
1995-04-19,0.27,0.29,5.76,94.24
1995-04-20,0.28,0.29,2.24,97.76
1995-04-21,0.29,0.29,1.68,98.32
1995-04-24,0.29,0.29,1.36,98.64
1995-04-25,0.28,0.29,1.91,98.09
1995-04-26,0.28,0.29,0.57,99.43
1995-04-27,0.28,0.28,0.4,99.6
1995-04-28,0.28,0.28,0.58,99.42
1995-05-01,0.28,0.28,0.58,99.42
1995-05-02,0.28,0.28,0.25,99.75
1995-05-03,0.28,0.27,5.68,94.32
1995-05-04,0.29,0.28,1.23,98.77
1995-05-05,0.29,0.28,2.18,97.82
1995-05-08,0.3,0.29,5.01,94.99
1995-05-09,0.31,0.32,5.96,94.04
1995-05-10,0.31,0.32,4.41,95.59
1995-05-11,0.3,0.3,1.23,98.77
1995-05-12,0.32,0.32,0.83,99.17
1995-05-15,0.32,0.35,7.59,92.41
1995-05-16,0.32,0.35,7.29,92.71
1995-05-17,0.33,0.35,7.96,92.04
1995-05-18,0.32,0.35,8.21,91.79
1995-05-19,0.32,0.32,2.24,97.76
1995-05-22,0.33,0.36,8.95,91.05
1995-05-23,0.33,0.36,9.57,90.43
1995-05-24,0.32,0.35,6.98,93.02
1995-05-25,0.32,0.35,7.29,92.71
1995-05-26,0.32,0.33,2.25,97.75
1995-05-30,0.31,0.33,4.18,95.82
1995-05-31,0.31,0.33,5.28,94.72
1995-06-01,0.31,0.33,3.72,96.28
1995-06-02,0.31,0.31,1.02,98.98
1995-06-05,0.32,0.32,1.61,98.39
1995-06-06,0.33,0.33,0.55,99.45
1995-06-07,0.32,0.31,2.56,97.44
1995-06-08,0.32,0.32,0.44,99.56
1995-06-09,0.32,0.33,1.34,98.66
1995-06-12,0.33,0.33,0.2,99.8
1995-06-13,0.33,0.33,0.19,99.81
1995-06-14,0.32,0.33,1.05,98.95
1995-06-15,0.32,0.33,1.05,98.95
1995-06-16,0.33,0.33,1.48,98.52
1995-06-19,0.33,0.35,7.0,93.0
1995-06-20,0.35,0.38,8.4,91.6
1995-06-21,0.37,0.39,5.89,94.11
1995-06-22,0.37,0.39,6.43,93.57
1995-06-23,0.36,0.36,0.26,99.74
1995-06-26,0.36,0.37,3.87,96.13
1995-06-27,0.35,0.35,1.41,98.59
1995-06-28,0.35,0.37,7.21,92.79
1995-06-29,0.35,0.37,5.79,94.21
1995-06-30,0.35,0.35,1.97,98.03
1995-07-03,0.35,0.35,0.89,99.11
1995-07-05,0.35,0.35,1.83,98.17
1995-07-06,0.35,0.35,0.75,99.25
1995-07-07,0.36,0.37,3.47,96.53
1995-07-10,0.36,0.36,1.82,98.18
1995-07-11,0.35,0.35,1.66,98.34
1995-07-12,0.35,0.33,5.42,94.58
1995-07-13,0.35,0.33,5.82,94.18
1995-07-14,0.36,0.35,4.94,95.06
1995-07-17,0.36,0.35,3.47,96.53
1995-07-18,0.36,0.36,0.8,99.2
1995-07-19,0.34,0.33,1.43,98.57
1995-07-20,0.35,0.35,1.53,98.47
1995-07-21,0.33,0.33,2.52,97.48
1995-07-24,0.34,0.33,1.15,98.85
1995-07-25,0.34,0.35,1.29,98.71
1995-07-26,0.34,0.33,1.15,98.85
1995-07-27,0.35,0.33,4.19,95.81
1995-07-28,0.34,0.33,1.43,98.57
1995-07-31,0.34,0.33,0.33,99.67
1995-08-01,0.32,0.33,3.11,96.89
1995-08-02,0.33,0.33,1.07,98.93
1995-08-03,0.34,0.33,0.33,99.67
1995-08-04,0.33,0.33,0.81,99.19
1995-08-07,0.32,0.33,1.19,98.81
1995-08-08,0.32,0.31,1.12,98.88
1995-08-09,0.32,0.31,4.79,95.21
1995-08-10,0.32,0.31,1.7,98.3
1995-08-11,0.32,0.31,2.42,97.58
1995-08-14,0.32,0.31,3.12,96.88
1995-08-15,0.33,0.31,4.63,95.37
1995-08-16,0.33,0.31,5.83,94.17
1995-08-17,0.33,0.31,6.09,93.91
1995-08-18,0.34,0.32,4.16,95.84
1995-08-21,0.33,0.33,0.37,99.63
1995-08-22,0.33,0.33,1.76,98.24
1995-08-23,0.34,0.33,3.38,96.62
1995-08-24,0.34,0.33,2.95,97.05
1995-08-25,0.33,0.33,0.78,99.22
1995-08-28,0.32,0.33,2.24,97.76
1995-08-29,0.32,0.33,1.94,98.06
1995-08-30,0.32,0.33,1.36,98.64
1995-08-31,0.32,0.33,2.24,97.76
1995-09-01,0.32,0.32,0.16,99.84
1995-09-05,0.32,0.32,1.13,98.87
1995-09-06,0.33,0.31,4.21,95.79
1995-09-07,0.33,0.33,1.76,98.24
1995-09-08,0.33,0.32,3.89,96.11
1995-09-11,0.33,0.33,0.65,99.35
1995-09-12,0.32,0.31,2.4,97.6
1995-09-13,0.32,0.29,7.55,92.45
1995-09-14,0.3,0.28,6.52,93.48
1995-09-15,0.27,0.27,1.91,98.09
1995-09-18,0.27,0.28,1.92,98.08
1995-09-19,0.27,0.28,0.25,99.75
1995-09-20,0.27,0.28,0.59,99.41
1995-09-21,0.28,0.26,6.89,93.11
1995-09-22,0.28,0.26,7.04,92.96
1995-09-25,0.28,0.26,8.17,91.83
1995-09-26,0.28,0.25,10.13,89.87
1995-09-27,0.27,0.24,9.65,90.35
1995-09-28,0.28,0.25,11.03,88.97
1995-09-29,0.28,0.25,9.83,90.17
1995-10-02,0.28,0.26,6.86,93.14
1995-10-03,0.28,0.26,6.86,93.14
1995-10-04,0.27,0.26,3.66,96.34
1995-10-05,0.27,0.3,9.13,90.87
1995-10-06,0.27,0.28,5.86,94.14
1995-10-09,0.26,0.26,1.59,98.41
1995-10-10,0.26,0.26,1.96,98.04
1995-10-11,0.26,0.26,0.2,99.8
1995-10-12,0.26,0.27,1.28,98.72
1995-10-13,0.27,0.27,0.66,99.34
1995-10-16,0.27,0.27,1.0,99.0
1995-10-17,0.27,0.28,3.26,96.74
1995-10-18,0.28,0.28,1.37,98.63
1995-10-19,0.26,0.26,0.16,99.84
1995-10-20,0.26,0.26,0.91,99.09
1995-10-23,0.26,0.26,0.91,99.09
1995-10-24,0.26,0.27,1.82,98.18
1995-10-25,0.26,0.26,0.85,99.15
1995-10-26,0.26,0.26,0.49,99.51
1995-10-27,0.26,0.27,4.02,95.98
1995-10-30,0.26,0.28,5.25,94.75
1995-10-31,0.27,0.28,3.38,96.62
1995-11-01,0.27,0.28,2.5,97.5
1995-11-02,0.27,0.28,1.3,98.7
1995-11-03,0.27,0.28,1.65,98.35
1995-11-06,0.28,0.29,0.35,99.65
1995-11-07,0.3,0.29,3.45,96.55
1995-11-08,0.29,0.32,9.43,90.57
1995-11-09,0.29,0.32,8.04,91.96
1995-11-10,0.3,0.32,7.03,92.97
1995-11-13,0.31,0.33,9.28,90.72
1995-11-14,0.31,0.35,13.84,86.16
1995-11-15,0.31,0.35,13.86,86.14
1995-11-16,0.3,0.32,7.74,92.26
1995-11-17,0.3,0.32,7.23,92.77
1995-11-20,0.29,0.3,4.26,95.74
1995-11-21,0.29,0.3,3.94,96.06
1995-11-22,0.29,0.3,3.94,96.06
1995-11-24,0.3,0.3,0.1,99.9
1995-11-27,0.29,0.3,0.85,99.15
1995-11-28,0.3,0.3,0.73,99.27
1995-11-29,0.29,0.3,1.17,98.83
1995-11-30,0.29,0.28,1.22,98.78
1995-12-01,0.28,0.28,0.09,99.91
1995-12-04,0.3,0.29,3.27,96.73
1995-12-05,0.3,0.29,3.27,96.73
1995-12-06,0.29,0.29,1.4,98.6
1995-12-07,0.29,0.29,0.92,99.08
1995-12-08,0.29,0.29,0.18,99.82
1995-12-11,0.29,0.3,4.23,95.77
1995-12-12,0.28,0.29,3.43,96.57
1995-12-13,0.29,0.29,2.42,97.58
1995-12-14,0.29,0.29,0.11,99.89
1995-12-15,0.26,0.26,0.89,99.11
1995-12-18,0.24,0.24,2.4,97.6
1995-12-19,0.25,0.24,1.26,98.74
1995-12-20,0.24,0.25,0.93,99.07
1995-12-21,0.24,0.25,1.32,98.68
1995-12-22,0.24,0.23,4.98,95.02
1995-12-26,0.24,0.23,4.42,95.58
1995-12-27,0.24,0.24,2.78,97.22
1995-12-28,0.24,0.24,1.64,98.36
1995-12-29,0.24,0.23,3.86,96.14
1996-01-02,0.24,0.21,12.53,87.47
1996-01-03,0.24,0.21,12.53,87.47
1996-01-04,0.24,0.21,10.97,89.03
1996-01-05,0.26,0.23,11.29,88.71
1996-01-08,0.26,0.25,3.28,96.72
1996-01-09,0.25,0.26,5.16,94.84
1996-01-10,0.26,0.26,1.84,98.16
1996-01-11,0.26,0.26,0.35,99.65
1996-01-12,0.25,0.26,1.67,98.33
1996-01-15,0.26,0.26,2.21,97.79
1996-01-16,0.26,0.26,0.92,99.08
1996-01-17,0.25,0.26,1.3,98.7
1996-01-18,0.24,0.25,4.86,95.14
1996-01-19,0.22,0.24,8.42,91.58
1996-01-22,0.23,0.24,6.2,93.8
1996-01-23,0.24,0.25,5.89,94.11
1996-01-24,0.24,0.26,6.79,93.21
1996-01-25,0.23,0.24,3.92,96.08
1996-01-26,0.23,0.24,2.65,97.35
1996-01-29,0.22,0.24,9.86,90.14
1996-01-30,0.2,0.22,7.33,92.67
1996-01-31,0.21,0.22,3.97,96.03
1996-02-01,0.21,0.22,3.31,96.69
1996-02-02,0.22,0.22,0.22,99.78
1996-02-05,0.22,0.22,0.22,99.78
1996-02-06,0.22,0.22,1.75,98.25
1996-02-07,0.21,0.22,5.78,94.22
1996-02-08,0.21,0.23,10.63,89.37
1996-02-09,0.21,0.23,9.71,90.29
1996-02-12,0.21,0.2,4.04,95.96
1996-02-13,0.21,0.2,6.93,93.07
1996-02-14,0.21,0.2,1.43,98.57
1996-02-15,0.21,0.2,2.75,97.25
1996-02-16,0.21,0.21,2.49,97.51
1996-02-20,0.22,0.23,5.77,94.23
1996-02-21,0.22,0.23,3.54,96.46
1996-02-22,0.22,0.23,4.28,95.72
1996-02-23,0.22,0.23,2.82,97.18
1996-02-26,0.22,0.23,4.13,95.87
1996-02-27,0.21,0.21,0.15,99.85
1996-02-28,0.21,0.22,7.26,92.74
1996-02-29,0.21,0.22,8.23,91.77
1996-03-01,0.2,0.21,6.67,93.33
1996-03-04,0.2,0.2,3.73,96.27
1996-03-05,0.2,0.21,5.86,94.14
1996-03-06,0.2,0.21,7.63,92.37
1996-03-07,0.19,0.2,5.49,94.51
1996-03-08,0.19,0.21,8.4,91.6
1996-03-11,0.19,0.19,2.58,97.42
1996-03-12,0.19,0.18,5.57,94.43
1996-03-13,0.19,0.18,5.34,94.66
1996-03-14,0.19,0.18,4.88,95.12
1996-03-15,0.19,0.18,5.8,94.2
1996-03-18,0.2,0.19,3.52,96.48
1996-03-19,0.19,0.19,0.64,99.36
1996-03-20,0.19,0.19,0.17,99.83
1996-03-21,0.19,0.18,2.73,97.27
1996-03-22,0.19,0.2,2.66,97.34
1996-03-25,0.18,0.18,2.22,97.78
1996-03-26,0.18,0.18,1.7,98.3
1996-03-27,0.19,0.2,4.74,95.26
1996-03-28,0.18,0.19,2.18,97.82
1996-03-29,0.18,0.2,7.67,92.33
1996-04-01,0.19,0.21,8.01,91.99
1996-04-02,0.19,0.2,5.79,94.21
1996-04-03,0.18,0.2,7.67,92.33
1996-04-04,0.18,0.18,0.22,99.78
1996-04-08,0.18,0.18,0.81,99.19
1996-04-09,0.19,0.2,0.88,99.12
1996-04-10,0.19,0.2,0.88,99.12
1996-04-11,0.19,0.2,1.86,98.14
1996-04-12,0.19,0.2,2.86,97.14
1996-04-15,0.19,0.22,12.37,87.63
1996-04-16,0.19,0.22,11.82,88.18
1996-04-17,0.19,0.21,9.08,90.92
1996-04-18,0.19,0.2,5.97,94.03
1996-04-19,0.19,0.2,4.65,95.35
1996-04-22,0.19,0.19,0.6,99.4
1996-04-23,0.19,0.19,2.12,97.88
1996-04-24,0.18,0.19,4.23,95.77
1996-04-25,0.19,0.2,5.44,94.56
1996-04-26,0.19,0.2,5.97,94.03
1996-04-29,0.19,0.17,9.31,90.69
1996-04-30,0.18,0.17,9.04,90.96
1996-05-01,0.18,0.17,9.04,90.96
1996-05-02,0.18,0.17,6.65,93.35
1996-05-03,0.18,0.17,7.14,92.86
1996-05-06,0.19,0.19,1.36,98.64
1996-05-07,0.2,0.2,0.78,99.22
1996-05-08,0.2,0.2,0.31,99.69
1996-05-09,0.2,0.2,2.07,97.93
1996-05-10,0.2,0.22,6.18,93.82
1996-05-13,0.2,0.22,6.92,93.08
1996-05-14,0.21,0.23,12.73,87.27
1996-05-15,0.21,0.24,11.16,88.84
1996-05-16,0.21,0.24,11.65,88.35
1996-05-17,0.21,0.23,9.41,90.59
1996-05-20,0.21,0.23,8.19,91.81
1996-05-21,0.2,0.22,6.67,93.33
1996-05-22,0.2,0.22,11.02,88.98
1996-05-23,0.2,0.22,10.23,89.77
1996-05-24,0.2,0.21,6.53,93.47
1996-05-28,0.2,0.21,4.43,95.57
1996-05-29,0.19,0.2,6.32,93.68
1996-05-30,0.19,0.21,8.01,91.99
1996-05-31,0.2,0.2,1.23,98.77
1996-06-03,0.19,0.2,5.26,94.74
1996-06-04,0.18,0.18,1.04,98.96
1996-06-05,0.19,0.18,2.73,97.27
1996-06-06,0.18,0.18,0.78,99.22
1996-06-07,0.18,0.18,0.26,99.74
1996-06-10,0.18,0.18,1.3,98.7
1996-06-11,0.18,0.17,7.62,92.38
1996-06-12,0.18,0.18,0.29,99.71
1996-06-13,0.18,0.18,1.81,98.19
1996-06-14,0.18,0.17,7.38,92.62
1996-06-17,0.18,0.17,4.99,95.01
1996-06-18,0.17,0.17,2.08,97.92
1996-06-19,0.17,0.17,2.94,97.06
1996-06-20,0.17,0.17,2.55,97.45
1996-06-21,0.17,0.17,2.01,97.99
1996-06-24,0.17,0.17,0.88,99.12
1996-06-25,0.15,0.15,1.24,98.76
1996-06-26,0.15,0.15,2.48,97.52
1996-06-27,0.15,0.16,2.79,97.21
1996-06-28,0.16,0.17,5.57,94.43
1996-07-01,0.16,0.15,6.02,93.98
1996-07-02,0.16,0.15,3.78,96.22
1996-07-03,0.15,0.14,0.72,99.28
1996-07-05,0.15,0.14,1.36,98.64
1996-07-08,0.14,0.14,0.58,99.42
1996-07-09,0.14,0.15,3.24,96.76
1996-07-10,0.14,0.14,2.59,97.41
1996-07-11,0.13,0.14,6.37,93.63
1996-07-12,0.14,0.13,4.11,95.89
1996-07-15,0.13,0.13,0.77,99.23
1996-07-16,0.13,0.13,4.89,95.11
1996-07-17,0.13,0.13,2.77,97.23
1996-07-18,0.16,0.16,1.24,98.76
1996-07-19,0.16,0.16,1.83,98.17
1996-07-22,0.15,0.15,0.24,99.76
1996-07-23,0.15,0.16,3.07,96.93
1996-07-24,0.16,0.17,8.21,91.79
1996-07-25,0.16,0.17,7.24,92.76
1996-07-26,0.16,0.17,2.37,97.63
1996-07-29,0.17,0.18,7.02,92.98
1996-07-30,0.16,0.17,5.36,94.64
1996-07-31,0.16,0.18,11.76,88.24
1996-08-01,0.16,0.17,5.98,94.02
1996-08-02,0.16,0.19,16.85,83.15
1996-08-05,0.16,0.19,21.45,78.55
1996-08-06,0.16,0.2,23.98,76.02
1996-08-07,0.17,0.18,8.22,91.78
1996-08-08,0.17,0.18,9.44,90.56
1996-08-09,0.17,0.19,10.29,89.71
1996-08-12,0.17,0.18,5.28,94.72
1996-08-13,0.17,0.18,7.62,92.38
1996-08-14,0.17,0.18,6.44,93.56
1996-08-15,0.17,0.18,6.86,93.14
1996-08-16,0.17,0.18,5.67,94.33
1996-08-19,0.18,0.18,2.5,97.5
1996-08-20,0.18,0.18,3.04,96.96
1996-08-21,0.17,0.18,5.28,94.72
1996-08-22,0.17,0.18,4.15,95.85
1996-08-23,0.18,0.19,6.83,93.17
1996-08-26,0.18,0.19,5.72,94.28
1996-08-27,0.19,0.19,2.6,97.4
1996-08-28,0.19,0.21,13.55,86.45
1996-08-29,0.18,0.2,6.85,93.15
1996-08-30,0.18,0.2,9.96,90.04
1996-09-03,0.18,0.2,8.51,91.49
1996-09-04,0.18,0.2,8.51,91.49
1996-09-05,0.17,0.19,12.53,87.47
1996-09-06,0.17,0.19,11.92,88.08
1996-09-09,0.16,0.17,4.55,95.45
1996-09-10,0.16,0.17,3.12,96.88
1996-09-11,0.16,0.17,6.25,93.75
1996-09-12,0.15,0.15,0.83,99.17
1996-09-13,0.16,0.15,3.78,96.22
1996-09-16,0.17,0.16,2.49,97.51
1996-09-17,0.17,0.16,5.14,94.86
1996-09-18,0.18,0.17,5.47,94.53
1996-09-19,0.18,0.17,4.97,95.03
1996-09-20,0.17,0.17,2.89,97.11
1996-09-23,0.17,0.17,0.72,99.28
1996-09-24,0.17,0.17,1.27,98.73
1996-09-25,0.17,0.17,4.18,95.82
1996-09-26,0.17,0.16,1.71,98.29
1996-09-27,0.17,0.18,6.56,93.44
1996-09-30,0.17,0.18,7.16,92.84
1996-10-01,0.18,0.2,6.73,93.27
1996-10-02,0.18,0.19,7.96,92.04
1996-10-03,0.17,0.18,8.22,91.78
1996-10-04,0.17,0.18,4.23,95.77
1996-10-07,0.17,0.18,2.82,97.18
1996-10-08,0.17,0.17,1.83,98.17
1996-10-09,0.17,0.19,7.78,92.22
1996-10-10,0.18,0.2,8.23,91.77
1996-10-11,0.18,0.2,7.95,92.05
1996-10-14,0.19,0.2,3.68,96.32
1996-10-15,0.19,0.21,10.72,89.28
1996-10-16,0.19,0.21,8.57,91.43
1996-10-17,0.2,0.22,8.94,91.06
1996-10-18,0.2,0.22,10.73,89.27
1996-10-21,0.19,0.2,2.35,97.65
1996-10-22,0.19,0.2,7.2,92.8
1996-10-23,0.19,0.21,12.95,87.05
1996-10-24,0.19,0.2,7.74,92.26
1996-10-25,0.18,0.2,8.84,91.16
1996-10-28,0.18,0.2,8.84,91.16
1996-10-29,0.17,0.2,12.81,87.19
1996-10-30,0.17,0.18,5.7,94.3
1996-10-31,0.17,0.18,5.12,94.88
1996-11-01,0.18,0.18,0.29,99.71
1996-11-04,0.18,0.18,0.81,99.19
1996-11-05,0.19,0.19,0.88,99.12
1996-11-06,0.19,0.18,5.18,94.82
1996-11-07,0.19,0.18,6.56,93.44
1996-11-08,0.2,0.2,0.08,99.92
1996-11-11,0.19,0.2,2.56,97.44
1996-11-12,0.19,0.2,3.87,96.13
1996-11-13,0.19,0.2,2.6,97.4
1996-11-14,0.19,0.2,4.06,95.94
1996-11-15,0.19,0.2,4.91,95.09
1996-11-18,0.19,0.2,7.74,92.26
1996-11-19,0.19,0.21,12.39,87.61
1996-11-20,0.19,0.21,11.82,88.18
1996-11-21,0.18,0.2,7.05,92.95
1996-11-22,0.19,0.2,5.61,94.39
1996-11-25,0.19,0.18,3.28,96.72
1996-11-26,0.18,0.18,0.29,99.71
1996-11-27,0.18,0.17,5.21,94.79
1996-11-29,0.18,0.17,8.1,91.9
1996-12-02,0.19,0.18,3.77,96.23
1996-12-03,0.19,0.19,0.6,99.4
1996-12-04,0.19,0.18,3.28,96.72
1996-12-05,0.19,0.18,3.28,96.72
1996-12-06,0.19,0.2,4.39,95.61
1996-12-09,0.19,0.2,4.91,95.09
1996-12-10,0.18,0.18,1.31,98.69
1996-12-11,0.18,0.18,0.74,99.26
1996-12-12,0.18,0.18,1.27,98.73
1996-12-13,0.17,0.17,4.64,95.36
1996-12-16,0.17,0.16,4.62,95.38
1996-12-17,0.17,0.17,1.46,98.54
1996-12-18,0.17,0.17,0.43,99.57
1996-12-19,0.17,0.17,0.36,99.64
1996-12-20,0.18,0.17,1.18,98.82
1996-12-23,0.17,0.17,3.46,96.54
1996-12-24,0.17,0.17,2.94,97.06
1996-12-26,0.17,0.17,3.61,96.39
1996-12-27,0.17,0.17,4.13,95.87
1996-12-30,0.16,0.17,1.93,98.07
1996-12-31,0.16,0.16,3.37,96.63
1997-01-02,0.16,0.17,5.57,94.43
1997-01-03,0.16,0.17,6.77,93.23
1997-01-06,0.13,0.15,9.73,90.27
1997-01-07,0.13,0.15,12.08,87.92
1997-01-08,0.13,0.15,14.65,85.35
1997-01-09,0.13,0.14,8.37,91.63
1997-01-10,0.14,0.15,10.72,89.28
1997-01-13,0.14,0.13,3.22,96.78
1997-01-14,0.13,0.13,3.86,96.14
1997-01-15,0.13,0.13,0.38,99.62
1997-01-16,0.13,0.12,2.37,97.63
1997-01-17,0.13,0.12,3.69,96.31
1997-01-20,0.13,0.13,0.15,99.85
1997-01-21,0.13,0.13,0.53,99.47
1997-01-22,0.13,0.13,0.9,99.1
1997-01-23,0.13,0.12,6.49,93.51
1997-01-24,0.13,0.13,0.67,99.33
1997-01-27,0.12,0.13,5.55,94.45
1997-01-28,0.12,0.12,2.49,97.51
1997-01-29,0.12,0.12,4.15,95.85
1997-01-30,0.13,0.12,7.12,92.88
1997-01-31,0.12,0.12,6.43,93.57
1997-02-03,0.12,0.12,4.63,95.37
1997-02-04,0.12,0.12,1.18,98.82
1997-02-05,0.11,0.11,5.58,94.42
1997-02-06,0.12,0.13,4.91,95.09
1997-02-07,0.12,0.11,4.8,95.2
1997-02-10,0.12,0.11,5.42,94.58
1997-02-11,0.12,0.11,5.8,94.2
1997-02-12,0.12,0.11,6.17,93.83
1997-02-13,0.12,0.13,4.1,95.9
1997-02-14,0.12,0.13,2.91,97.09
1997-02-18,0.13,0.14,6.34,93.66
1997-02-19,0.13,0.14,7.85,92.15
1997-02-20,0.13,0.14,9.24,90.76
1997-02-21,0.12,0.13,7.59,92.41
1997-02-24,0.12,0.14,11.7,88.3
1997-02-25,0.13,0.14,12.64,87.36
1997-02-26,0.13,0.14,11.0,89.0
1997-02-27,0.13,0.14,11.81,88.19
1997-02-28,0.12,0.14,14.28,85.72
1997-03-03,0.12,0.14,15.17,84.83
1997-03-04,0.12,0.14,12.55,87.45
1997-03-05,0.13,0.14,11.81,88.19
1997-03-06,0.12,0.14,11.7,88.3
1997-03-07,0.12,0.14,12.55,87.45
1997-03-10,0.12,0.12,4.78,95.22
1997-03-11,0.12,0.12,3.32,96.68
1997-03-12,0.12,0.13,3.3,96.7
1997-03-13,0.12,0.13,7.59,92.41
1997-03-14,0.12,0.13,6.37,93.63
1997-03-17,0.12,0.13,1.74,98.26
1997-03-18,0.12,0.12,0.87,99.13
1997-03-19,0.12,0.12,1.65,98.35
1997-03-20,0.13,0.14,10.19,89.81
1997-03-21,0.12,0.14,11.7,88.3
1997-03-24,0.12,0.13,6.77,93.23
1997-03-25,0.12,0.13,1.74,98.26
1997-03-26,0.13,0.14,10.87,89.13
1997-03-27,0.14,0.15,8.98,91.02
1997-03-31,0.14,0.14,4.16,95.84
1997-04-01,0.13,0.14,8.62,91.38
1997-04-02,0.13,0.14,5.6,94.4
1997-04-03,0.14,0.15,7.54,92.46
1997-04-04,0.14,0.16,11.46,88.54
1997-04-07,0.15,0.16,10.03,89.97
1997-04-08,0.14,0.16,12.19,87.81
1997-04-09,0.14,0.16,12.93,87.07
1997-04-10,0.14,0.15,6.84,93.16
1997-04-11,0.14,0.15,10.5,89.5
1997-04-14,0.14,0.15,7.55,92.45
1997-04-15,0.14,0.15,9.37,90.63
1997-04-16,0.14,0.15,8.64,91.36
1997-04-17,0.14,0.15,3.83,96.17
1997-04-18,0.14,0.15,12.53,87.47
1997-04-21,0.13,0.15,14.87,85.13
1997-04-22,0.14,0.15,11.77,88.23
1997-04-23,0.14,0.14,4.24,95.76
1997-04-24,0.13,0.13,0.35,99.65
1997-04-25,0.13,0.13,3.52,96.48
1997-04-28,0.13,0.13,2.64,97.36
1997-04-29,0.13,0.13,1.41,98.59
1997-04-30,0.13,0.13,0.68,99.32
1997-05-01,0.13,0.13,5.51,94.49
1997-05-02,0.13,0.13,0.68,99.32
1997-05-05,0.13,0.13,0.68,99.32
1997-05-06,0.13,0.13,0.06,99.94
1997-05-07,0.12,0.11,8.59,91.41
1997-05-08,0.13,0.13,0.68,99.32
1997-05-09,0.13,0.13,0.43,99.57
1997-05-12,0.13,0.13,2.13,97.87
1997-05-13,0.13,0.14,7.57,92.43
1997-05-14,0.13,0.15,11.51,88.49
1997-05-15,0.13,0.15,16.49,83.51
1997-05-16,0.13,0.14,9.52,90.48
1997-05-19,0.13,0.14,11.13,88.87
1997-05-20,0.13,0.15,19.87,80.13
1997-05-21,0.13,0.14,10.02,89.98
1997-05-22,0.12,0.13,6.68,93.32
1997-05-23,0.13,0.14,10.02,89.98
1997-05-27,0.13,0.15,13.16,86.84
1997-05-28,0.13,0.15,14.82,85.18
1997-05-29,0.12,0.13,6.68,93.32
1997-05-30,0.12,0.13,6.68,93.32
1997-06-02,0.13,0.13,4.71,95.29
1997-06-03,0.13,0.13,3.91,96.09
1997-06-04,0.12,0.12,3.75,96.25
1997-06-05,0.13,0.12,4.11,95.89
1997-06-06,0.13,0.13,5.88,94.12
1997-06-09,0.12,0.13,6.68,93.32
1997-06-10,0.12,0.11,9.06,90.94
1997-06-11,0.12,0.13,2.91,97.09
1997-06-12,0.12,0.13,4.51,95.49
1997-06-13,0.12,0.11,6.54,93.46
1997-06-16,0.12,0.1,12.47,87.53
1997-06-17,0.12,0.13,2.71,97.29
1997-06-18,0.12,0.13,5.33,94.67
1997-06-19,0.12,0.12,4.07,95.93
1997-06-20,0.12,0.11,5.04,94.96
1997-06-23,0.12,0.11,3.88,96.12
1997-06-24,0.11,0.11,3.49,96.51
1997-06-25,0.11,0.1,9.0,91.0
1997-06-26,0.11,0.1,8.87,91.13
1997-06-27,0.11,0.1,8.87,91.13
1997-06-30,0.11,0.1,6.07,93.93
1997-07-01,0.1,0.09,4.81,95.19
1997-07-02,0.1,0.09,3.9,96.1
1997-07-03,0.1,0.1,0.56,99.44
1997-07-07,0.1,0.1,0.35,99.65
1997-07-08,0.1,0.09,8.7,91.3
1997-07-09,0.1,0.1,2.21,97.79
1997-07-10,0.1,0.1,1.02,98.98
1997-07-11,0.11,0.12,9.32,90.68
1997-07-14,0.12,0.13,12.36,87.64
1997-07-15,0.12,0.13,10.16,89.84
1997-07-16,0.12,0.13,9.47,90.53
1997-07-17,0.13,0.14,10.2,89.8
1997-07-18,0.13,0.14,11.19,88.81
1997-07-21,0.12,0.13,11.38,88.62
1997-07-22,0.12,0.16,25.23,74.77
1997-07-23,0.12,0.14,19.59,80.41
1997-07-24,0.12,0.13,13.8,86.2
1997-07-25,0.12,0.13,10.73,89.27
1997-07-28,0.12,0.14,17.32,82.68
1997-07-29,0.12,0.14,16.87,83.13
1997-07-30,0.13,0.16,19.37,80.63
1997-07-31,0.13,0.15,15.99,84.01
1997-08-01,0.14,0.16,13.38,86.62
1997-08-04,0.15,0.16,10.15,89.85
1997-08-05,0.15,0.16,6.71,93.29
1997-08-06,0.2,0.2,0.92,99.08
1997-08-07,0.22,0.2,9.26,90.74
1997-08-08,0.2,0.19,4.14,95.86
1997-08-11,0.18,0.17,7.49,92.51
1997-08-12,0.17,0.16,2.85,97.15
1997-08-13,0.18,0.17,3.82,96.18
1997-08-14,0.17,0.17,0.55,99.45
1997-08-15,0.17,0.18,2.16,97.84
1997-08-18,0.18,0.18,0.54,99.46
1997-08-19,0.18,0.18,2.8,97.2
1997-08-20,0.18,0.19,3.52,96.48
1997-08-21,0.18,0.19,6.21,93.79
1997-08-22,0.18,0.18,0.54,99.46
1997-08-25,0.17,0.17,1.1,98.9
1997-08-26,0.17,0.16,1.94,98.06
1997-08-27,0.17,0.15,13.54,86.46
1997-08-28,0.16,0.15,8.15,91.85
1997-08-29,0.16,0.16,2.26,97.74
1997-09-02,0.17,0.18,8.44,91.56
1997-09-03,0.17,0.17,1.27,98.73
1997-09-04,0.17,0.17,1.27,98.73
1997-09-05,0.17,0.17,0.12,99.88
1997-09-08,0.16,0.15,7.05,92.95
1997-09-09,0.16,0.15,8.38,91.62
1997-09-10,0.17,0.16,5.84,94.16
1997-09-11,0.17,0.16,3.48,96.52
1997-09-12,0.17,0.16,0.32,99.68
1997-09-15,0.16,0.16,2.29,97.71
1997-09-16,0.16,0.17,4.04,95.96
1997-09-17,0.16,0.16,0.83,99.17
1997-09-18,0.17,0.18,6.56,93.44
1997-09-19,0.16,0.18,8.38,91.62
1997-09-22,0.17,0.18,4.23,95.77
1997-09-23,0.16,0.16,1.12,98.88
1997-09-24,0.16,0.16,2.29,97.71
1997-09-25,0.16,0.16,4.11,95.89
1997-09-26,0.16,0.17,7.09,92.91
1997-09-29,0.17,0.18,7.77,92.23
1997-09-30,0.16,0.16,1.41,98.59
1997-10-01,0.16,0.16,2.14,97.86
1997-10-02,0.16,0.17,4.04,95.96
1997-10-03,0.17,0.18,7.47,92.53
1997-10-06,0.16,0.17,4.04,95.96
1997-10-07,0.16,0.17,4.64,95.36
1997-10-08,0.16,0.16,2.29,97.71
1997-10-09,0.16,0.17,4.94,95.06
1997-10-10,0.17,0.17,0.6,99.4
1997-10-13,0.17,0.18,6.73,93.27
1997-10-14,0.17,0.18,6.73,93.27
1997-10-15,0.18,0.2,13.22,86.78
1997-10-16,0.16,0.18,10.59,89.41
1997-10-17,0.15,0.16,7.31,92.69
1997-10-20,0.14,0.15,6.94,93.06
1997-10-21,0.14,0.16,10.36,89.64
1997-10-22,0.14,0.15,7.66,92.34
1997-10-23,0.13,0.14,3.05,96.95
1997-10-24,0.12,0.13,6.87,93.13
1997-10-27,0.13,0.13,5.67,94.33
1997-10-28,0.14,0.14,1.49,98.51
1997-10-29,0.13,0.13,0.9,99.1
1997-10-30,0.12,0.13,5.1,94.9
1997-10-31,0.13,0.13,1.83,98.17
1997-11-03,0.13,0.13,0.19,99.81
1997-11-04,0.13,0.13,3.32,96.68
1997-11-05,0.14,0.14,0.11,99.89
1997-11-06,0.14,0.14,1.84,98.16
1997-11-07,0.15,0.16,7.01,92.99
1997-11-10,0.14,0.15,7.99,92.01
1997-11-11,0.14,0.15,9.83,90.17
1997-11-12,0.13,0.15,14.51,85.49
1997-11-13,0.13,0.16,19.85,80.15
1997-11-14,0.14,0.17,22.15,77.85
1997-11-17,0.14,0.17,19.37,80.63
1997-11-18,0.14,0.15,14.47,85.53
1997-11-19,0.14,0.16,15.7,84.3
1997-11-20,0.14,0.16,14.13,85.87
1997-11-21,0.14,0.15,13.69,86.31
1997-11-24,0.13,0.15,11.91,88.09
1997-11-25,0.13,0.14,8.73,91.27
1997-11-26,0.13,0.13,2.5,97.5
1997-11-28,0.13,0.13,4.88,95.12
1997-12-01,0.13,0.14,6.44,93.56
1997-12-02,0.12,0.13,6.36,93.64
1997-12-03,0.12,0.12,1.18,98.82
1997-12-04,0.12,0.12,1.99,98.01
1997-12-05,0.12,0.11,8.94,91.06
1997-12-08,0.12,0.11,7.48,92.52
1997-12-09,0.11,0.11,5.58,94.42
1997-12-10,0.11,0.1,8.02,91.98
1997-12-11,0.11,0.1,6.83,93.17
1997-12-12,0.11,0.1,3.95,96.05
1997-12-15,0.1,0.09,9.93,90.07
1997-12-16,0.11,0.1,6.48,93.52
1997-12-17,0.1,0.09,9.93,90.07
1997-12-18,0.1,0.09,9.12,90.88
1997-12-19,0.1,0.09,8.29,91.71
1997-12-22,0.1,0.09,5.7,94.3
1997-12-23,0.1,0.09,2.97,97.03
1997-12-24,0.1,0.1,1.98,98.02
1997-12-26,0.1,0.1,0.54,99.46
1997-12-29,0.1,0.1,1.98,98.02
1997-12-30,0.1,0.1,1.5,98.5
1997-12-31,0.1,0.1,4.87,95.13
1998-01-02,0.12,0.13,10.73,89.27
1998-01-05,0.12,0.13,13.35,86.65
1998-01-06,0.14,0.15,8.53,91.47
1998-01-07,0.13,0.13,0.76,99.24
1998-01-08,0.14,0.14,2.59,97.41
1998-01-09,0.14,0.14,2.59,97.41
1998-01-12,0.14,0.15,8.54,91.46
1998-01-13,0.15,0.16,10.6,89.4
1998-01-14,0.15,0.17,14.7,85.3
1998-01-15,0.14,0.16,10.12,89.88
1998-01-16,0.14,0.16,12.31,87.69
1998-01-20,0.14,0.16,10.84,89.16
1998-01-21,0.14,0.17,17.88,82.12
1998-01-22,0.14,0.17,15.77,84.23
1998-01-23,0.15,0.16,10.03,89.97
1998-01-26,0.15,0.16,10.38,89.62
1998-01-27,0.14,0.15,3.15,96.85
1998-01-28,0.14,0.16,11.82,88.18
1998-01-29,0.14,0.15,6.64,93.36
1998-01-30,0.14,0.15,12.91,87.09
1998-02-02,0.13,0.14,6.81,93.19
1998-02-03,0.14,0.14,1.01,98.99
1998-02-04,0.14,0.13,7.48,92.52
1998-02-05,0.14,0.14,3.17,96.83
1998-02-06,0.14,0.14,2.12,97.88
1998-02-09,0.14,0.15,7.76,92.24
1998-02-10,0.15,0.15,6.38,93.62
1998-02-11,0.14,0.15,3.81,96.19
1998-02-12,0.15,0.15,1.8,98.2
1998-02-13,0.15,0.17,13.25,86.75
1998-02-17,0.15,0.17,12.53,87.47
1998-02-18,0.15,0.17,9.52,90.48
1998-02-19,0.15,0.18,16.51,83.49
1998-02-20,0.15,0.17,12.61,87.39
1998-02-23,0.16,0.2,26.08,73.92
1998-02-24,0.16,0.19,20.62,79.38
1998-02-25,0.17,0.22,29.57,70.43
1998-02-26,0.18,0.22,23.02,76.98
1998-02-27,0.18,0.22,22.37,77.63
1998-03-02,0.17,0.19,11.07,88.93
1998-03-03,0.17,0.2,16.59,83.41
1998-03-04,0.18,0.23,25.23,74.77
1998-03-05,0.18,0.21,13.87,86.13
1998-03-06,0.18,0.21,14.12,85.88
1998-03-09,0.17,0.19,8.58,91.42
1998-03-10,0.18,0.19,2.66,97.34
1998-03-11,0.2,0.21,5.07,94.93
1998-03-12,0.2,0.22,8.94,91.06
1998-03-13,0.2,0.22,8.43,91.57
1998-03-16,0.2,0.22,7.66,92.34
1998-03-17,0.2,0.21,6.12,93.88
1998-03-18,0.2,0.2,1.01,98.99
1998-03-19,0.2,0.2,0.31,99.69
1998-03-20,0.2,0.21,5.99,94.01
1998-03-23,0.2,0.2,2.07,97.93
1998-03-24,0.21,0.2,4.76,95.24
1998-03-25,0.2,0.2,1.81,98.19
1998-03-26,0.2,0.2,0.39,99.61
1998-03-27,0.2,0.23,12.2,87.8
1998-03-30,0.21,0.23,10.16,89.84
1998-03-31,0.21,0.22,5.22,94.78
1998-04-01,0.21,0.21,3.62,96.38
1998-04-02,0.2,0.21,4.33,95.67
1998-04-03,0.2,0.21,5.3,94.7
1998-04-06,0.2,0.21,4.93,95.07
1998-04-07,0.19,0.2,3.71,96.29
1998-04-08,0.19,0.2,4.21,95.79
1998-04-09,0.19,0.2,3.21,96.79
1998-04-13,0.2,0.21,7.79,92.21
1998-04-14,0.2,0.2,1.82,98.18
1998-04-15,0.21,0.21,3.86,96.14
1998-04-16,0.21,0.22,1.08,98.92
1998-04-17,0.21,0.21,2.0,98.0
1998-04-20,0.22,0.22,0.23,99.77
1998-04-21,0.22,0.22,0.23,99.77
1998-04-22,0.21,0.21,0.16,99.84
1998-04-23,0.21,0.21,2.92,97.08
1998-04-24,0.21,0.21,2.0,98.0
1998-04-27,0.21,0.22,4.27,95.73
1998-04-28,0.2,0.22,7.41,92.59
1998-04-29,0.2,0.22,7.16,92.84
1998-04-30,0.21,0.22,5.7,94.3
1998-05-01,0.21,0.22,3.34,96.66
1998-05-04,0.22,0.23,5.54,94.46
1998-05-05,0.22,0.23,3.32,96.68
1998-05-06,0.23,0.23,1.19,98.81
1998-05-07,0.23,0.23,1.61,98.39
1998-05-08,0.23,0.23,0.77,99.23
1998-05-11,0.23,0.23,0.86,99.14
1998-05-12,0.23,0.24,6.1,93.9
1998-05-13,0.23,0.24,5.01,94.99
1998-05-14,0.23,0.23,2.03,97.97
1998-05-15,0.22,0.23,3.75,96.25
1998-05-18,0.21,0.23,7.62,92.38
1998-05-19,0.22,0.23,4.42,95.58
1998-05-20,0.22,0.23,5.39,94.61
1998-05-21,0.22,0.23,6.38,93.62
1998-05-22,0.21,0.21,2.84,97.16
1998-05-26,0.2,0.2,1.91,98.09
1998-05-27,0.2,0.2,2.14,97.86
1998-05-28,0.21,0.2,2.84,97.16
1998-05-29,0.2,0.2,1.68,98.32
1998-06-01,0.2,0.19,3.98,96.02
1998-06-02,0.2,0.2,2.6,97.4
1998-06-03,0.2,0.2,0.52,99.48
1998-06-04,0.2,0.2,2.37,97.63
1998-06-05,0.2,0.2,1.57,98.43
1998-06-08,0.2,0.21,3.43,96.57
1998-06-09,0.21,0.21,0.23,99.77
1998-06-10,0.21,0.21,0.44,99.56
1998-06-11,0.21,0.21,1.34,98.66
1998-06-12,0.21,0.23,7.5,92.5
1998-06-15,0.21,0.21,3.62,96.38
1998-06-16,0.21,0.22,3.34,96.66
1998-06-17,0.21,0.21,1.32,98.68
1998-06-18,0.2,0.21,4.33,95.67
1998-06-19,0.2,0.21,5.3,94.7
1998-06-22,0.21,0.21,4.1,95.9
1998-06-23,0.21,0.22,4.03,95.97
1998-06-24,0.21,0.22,2.42,97.58
1998-06-25,0.21,0.22,1.3,98.7
1998-06-26,0.21,0.22,2.65,97.35
1998-06-29,0.21,0.21,0.67,99.33
1998-06-30,0.21,0.21,0.67,99.33
1998-07-01,0.22,0.23,2.57,97.43
1998-07-02,0.22,0.22,0.07,99.93
1998-07-06,0.23,0.24,6.81,93.19
1998-07-07,0.23,0.24,6.38,93.62
1998-07-08,0.24,0.25,2.63,97.37
1998-07-09,0.24,0.25,5.46,94.54
1998-07-10,0.24,0.25,4.23,95.77
1998-07-13,0.25,0.28,10.78,89.22
1998-07-14,0.25,0.27,7.88,92.12
1998-07-15,0.26,0.27,4.75,95.25
1998-07-16,0.28,0.28,0.26,99.74
1998-07-17,0.28,0.28,1.96,98.04
1998-07-20,0.27,0.28,2.46,97.54
1998-07-21,0.27,0.28,4.26,95.74
1998-07-22,0.26,0.27,1.96,98.04
1998-07-23,0.26,0.27,4.37,95.63
1998-07-24,0.26,0.27,4.27,95.73
1998-07-27,0.26,0.26,1.28,98.72
1998-07-28,0.25,0.26,2.43,97.57
1998-07-29,0.26,0.26,0.7,99.3
1998-07-30,0.27,0.26,4.44,95.56
1998-07-31,0.26,0.26,0.53,99.47
1998-08-03,0.26,0.26,1.95,98.05
1998-08-04,0.26,0.25,2.05,97.95
1998-08-05,0.27,0.24,10.02,89.98
1998-08-06,0.28,0.25,9.18,90.82
1998-08-07,0.27,0.28,1.33,98.67
1998-08-10,0.28,0.28,1.35,98.65
1998-08-11,0.29,0.28,4.04,95.96
1998-08-12,0.3,0.29,3.37,96.63
1998-08-13,0.3,0.29,3.29,96.71
1998-08-14,0.3,0.3,2.64,97.36
1998-08-17,0.31,0.31,2.51,97.49
1998-08-18,0.32,0.31,3.94,96.06
1998-08-19,0.31,0.3,2.08,97.92
1998-08-20,0.3,0.32,3.91,96.09
1998-08-21,0.32,0.32,0.25,99.75
1998-08-24,0.31,0.31,0.61,99.39
1998-08-25,0.31,0.3,1.63,98.37
1998-08-26,0.3,0.3,0.56,99.44
1998-08-27,0.28,0.3,5.89,94.11
1998-08-28,0.26,0.28,10.16,89.84
1998-08-31,0.23,0.25,5.58,94.42
1998-09-01,0.26,0.26,1.68,98.32
1998-09-02,0.27,0.27,0.25,99.75
1998-09-03,0.26,0.26,1.83,98.17
1998-09-04,0.26,0.25,3.43,96.57
1998-09-08,0.29,0.27,6.79,93.21
1998-09-09,0.28,0.27,4.61,95.39
1998-09-10,0.29,0.27,6.49,93.51
1998-09-11,0.28,0.26,6.29,93.71
1998-09-14,0.28,0.27,4.13,95.87
1998-09-15,0.29,0.27,6.64,93.36
1998-09-16,0.28,0.27,4.45,95.55
1998-09-17,0.27,0.28,2.08,97.92
1998-09-18,0.28,0.28,2.59,97.41
1998-09-21,0.28,0.3,6.75,93.25
1998-09-22,0.28,0.29,3.08,96.92
1998-09-23,0.29,0.29,0.45,99.55
1998-09-24,0.29,0.29,0.94,99.06
1998-09-25,0.29,0.29,1.57,98.43
1998-09-28,0.29,0.28,3.48,96.52
1998-09-29,0.3,0.29,3.44,96.56
1998-09-30,0.29,0.28,3.61,96.39
1998-10-01,0.27,0.27,0.1,99.9
1998-10-02,0.26,0.27,1.68,98.32
1998-10-05,0.24,0.25,2.3,97.7
1998-10-06,0.24,0.25,1.12,98.88
1998-10-07,0.24,0.25,3.1,96.9
1998-10-08,0.23,0.24,4.95,95.05
1998-10-09,0.26,0.26,0.54,99.46
1998-10-12,0.28,0.28,1.2,98.8
1998-10-13,0.29,0.28,4.55,95.45
1998-10-14,0.28,0.28,1.67,98.33
1998-10-15,0.27,0.27,2.66,97.34
1998-10-16,0.27,0.27,2.82,97.18
1998-10-19,0.28,0.27,4.93,95.07
1998-10-20,0.27,0.27,1.14,98.86
1998-10-21,0.28,0.28,1.55,98.45
1998-10-22,0.28,0.28,2.59,97.41
1998-10-23,0.27,0.29,7.44,92.56
1998-10-26,0.28,0.29,1.88,98.12
1998-10-27,0.26,0.29,8.2,91.8
1998-10-28,0.28,0.29,3.61,96.39
1998-10-29,0.27,0.28,3.47,96.53
1998-10-30,0.28,0.28,1.01,98.99
1998-11-02,0.28,0.27,5.24,94.76
1998-11-03,0.28,0.28,0.29,99.71
1998-11-04,0.29,0.29,1.42,98.58
1998-11-05,0.29,0.28,1.27,98.73
1998-11-06,0.29,0.28,0.95,99.05
1998-11-09,0.27,0.28,2.94,97.06
1998-11-10,0.26,0.27,1.5,98.5
1998-11-11,0.25,0.27,6.23,93.77
1998-11-12,0.25,0.27,4.86,95.14
1998-11-13,0.27,0.27,0.1,99.9
1998-11-16,0.27,0.28,4.73,95.27
1998-11-17,0.26,0.27,2.41,97.59
1998-11-18,0.27,0.26,1.41,98.59
1998-11-19,0.27,0.26,2.27,97.73
1998-11-20,0.26,0.26,1.06,98.94
1998-11-23,0.27,0.26,3.62,96.38
1998-11-24,0.27,0.26,3.88,96.12
1998-11-25,0.26,0.25,3.26,96.74
1998-11-27,0.26,0.25,3.08,96.92
1998-11-30,0.24,0.25,3.1,96.9
1998-12-01,0.26,0.27,5.59,94.41
1998-12-02,0.27,0.28,3.96,96.04
1998-12-03,0.25,0.27,6.96,93.04
1998-12-04,0.25,0.26,6.68,93.32
1998-12-07,0.25,0.26,3.52,96.48
1998-12-08,0.24,0.24,1.03,98.97
1998-12-09,0.24,0.24,1.22,98.78
1998-12-10,0.24,0.24,0.01,99.99
1998-12-11,0.25,0.24,4.02,95.98
1998-12-14,0.24,0.24,0.33,99.67
1998-12-15,0.25,0.24,3.49,96.51
1998-12-16,0.25,0.24,1.28,98.72
1998-12-17,0.25,0.24,3.13,96.87
1998-12-18,0.26,0.26,0.88,99.12
1998-12-21,0.26,0.26,1.77,98.23
1998-12-22,0.28,0.26,9.37,90.63
1998-12-23,0.3,0.29,2.76,97.24
1998-12-24,0.29,0.29,1.36,98.64
1998-12-28,0.31,0.3,2.47,97.53
1998-12-29,0.31,0.32,3.92,96.08
1998-12-30,0.3,0.31,2.06,97.94
1998-12-31,0.31,0.31,0.95,99.05
1999-01-04,0.31,0.31,0.88,99.12
1999-01-05,0.32,0.35,7.44,92.56
1999-01-06,0.31,0.32,2.74,97.26
1999-01-07,0.34,0.35,3.41,96.59
1999-01-08,0.34,0.35,3.41,96.59
1999-01-11,0.34,0.33,3.18,96.82
1999-01-12,0.35,0.35,0.89,99.11
1999-01-13,0.35,0.35,0.17,99.83
1999-01-14,0.31,0.32,3.82,96.18
1999-01-15,0.31,0.32,3.97,96.03
1999-01-19,0.31,0.31,2.76,97.24
1999-01-20,0.3,0.31,3.55,96.45
1999-01-21,0.29,0.31,5.39,94.61
1999-01-22,0.29,0.28,2.81,97.19
1999-01-25,0.29,0.28,4.36,95.64
1999-01-26,0.3,0.29,5.66,94.34
1999-01-27,0.3,0.29,4.78,95.22
1999-01-28,0.31,0.27,13.19,86.81
1999-01-29,0.31,0.27,11.44,88.56
1999-02-01,0.31,0.27,13.32,86.68
1999-02-02,0.29,0.25,14.56,85.44
1999-02-03,0.3,0.26,13.07,86.93
1999-02-04,0.28,0.27,5.14,94.86
1999-02-05,0.27,0.26,3.79,96.21
1999-02-08,0.28,0.28,0.24,99.76
1999-02-09,0.28,0.28,0.21,99.79
1999-02-10,0.29,0.29,1.16,98.84
1999-02-11,0.3,0.3,0.21,99.79
1999-02-12,0.28,0.28,0.07,99.93
1999-02-16,0.29,0.28,1.7,98.3
1999-02-17,0.28,0.28,1.78,98.22
1999-02-18,0.27,0.27,0.2,99.8
1999-02-19,0.28,0.28,1.27,98.73
1999-02-22,0.29,0.28,2.02,97.98
1999-02-23,0.29,0.29,0.83,99.17
1999-02-24,0.28,0.28,0.59,99.41
1999-02-25,0.28,0.29,4.92,95.08
1999-02-26,0.26,0.28,8.18,91.82
1999-03-01,0.25,0.26,2.81,97.19
1999-03-02,0.26,0.27,2.97,97.03
1999-03-03,0.26,0.26,1.49,98.51
1999-03-04,0.25,0.25,1.52,98.48
1999-03-05,0.25,0.25,0.78,99.22
1999-03-08,0.26,0.25,1.32,98.68
1999-03-09,0.26,0.26,1.22,98.78
1999-03-10,0.24,0.25,4.36,95.64
1999-03-11,0.24,0.25,2.3,97.7
1999-03-12,0.25,0.25,0.78,99.22
1999-03-15,0.26,0.25,3.33,96.67
1999-03-16,0.27,0.26,1.59,98.41
1999-03-17,0.26,0.26,2.57,97.43
1999-03-18,0.27,0.28,4.19,95.81
1999-03-19,0.25,0.27,7.56,92.44
1999-03-22,0.26,0.28,5.49,94.51
1999-03-23,0.25,0.26,5.87,94.13
1999-03-24,0.25,0.26,2.24,97.76
1999-03-25,0.25,0.26,1.86,98.14
1999-03-26,0.25,0.24,2.58,97.42
1999-03-29,0.26,0.26,2.64,97.36
1999-03-30,0.27,0.28,4.32,95.68
1999-03-31,0.27,0.28,4.14,95.86
1999-04-01,0.27,0.28,3.78,96.22
1999-04-05,0.28,0.28,0.98,99.02
1999-04-06,0.28,0.28,1.52,98.48
1999-04-07,0.28,0.28,0.81,99.19
1999-04-08,0.28,0.28,0.3,99.7
1999-04-09,0.28,0.28,1.83,98.17
1999-04-12,0.27,0.28,2.03,97.97
1999-04-13,0.26,0.28,8.08,91.92
1999-04-14,0.27,0.28,5.33,94.67
1999-04-15,0.27,0.28,4.68,95.32
1999-04-16,0.27,0.28,5.61,94.39
1999-04-19,0.25,0.26,3.14,96.86
1999-04-20,0.26,0.26,2.57,97.43
1999-04-21,0.26,0.26,1.63,98.37
1999-04-22,0.27,0.28,1.68,98.32
1999-04-23,0.29,0.28,4.5,95.5
1999-04-26,0.31,0.29,6.83,93.17
1999-04-27,0.34,0.31,10.63,89.37
1999-04-28,0.33,0.3,10.51,89.49
1999-04-29,0.32,0.3,6.63,93.37
1999-04-30,0.34,0.32,8.23,91.77
1999-05-03,0.37,0.33,10.38,89.62
1999-05-04,0.35,0.31,10.89,89.11
1999-05-05,0.35,0.33,4.93,95.07
1999-05-06,0.33,0.33,2.49,97.51
1999-05-07,0.34,0.33,2.6,97.4
1999-05-10,0.34,0.33,1.25,98.75
1999-05-11,0.34,0.33,0.15,99.85
1999-05-12,0.35,0.33,3.91,96.09
1999-05-13,0.35,0.33,6.05,93.95
1999-05-14,0.33,0.32,3.2,96.8
1999-05-17,0.33,0.31,5.35,94.65
1999-05-18,0.34,0.32,5.07,94.93
1999-05-19,0.34,0.33,3.73,96.27
1999-05-20,0.32,0.31,2.46,97.54
1999-05-21,0.33,0.29,11.12,88.88
1999-05-24,0.31,0.31,2.66,97.34
1999-05-25,0.31,0.29,5.89,94.11
1999-05-26,0.33,0.32,2.7,97.3
1999-05-27,0.33,0.31,3.96,96.04
1999-05-28,0.33,0.31,5.19,94.81
1999-06-01,0.34,0.33,2.2,97.8
1999-06-02,0.35,0.33,5.88,94.12
1999-06-03,0.36,0.33,7.61,92.39
1999-06-04,0.36,0.33,8.02,91.98
1999-06-07,0.37,0.35,3.8,96.2
1999-06-08,0.36,0.35,2.2,97.8
1999-06-09,0.36,0.35,2.81,97.19
1999-06-10,0.36,0.37,3.93,96.07
1999-06-11,0.35,0.35,1.38,98.62
1999-06-14,0.34,0.35,3.61,96.39
1999-06-15,0.35,0.35,2.2,97.8
1999-06-16,0.36,0.35,1.79,98.21
1999-06-17,0.35,0.35,1.51,98.49
1999-06-18,0.35,0.35,0.1,99.9
1999-06-21,0.35,0.35,0.3,99.7
1999-06-22,0.34,0.33,1.73,98.27
1999-06-23,0.33,0.33,1.16,98.84
1999-06-24,0.32,0.31,1.05,98.95
1999-06-25,0.32,0.31,0.76,99.24
1999-06-28,0.32,0.31,1.64,98.36
1999-06-29,0.34,0.33,1.73,98.27
1999-06-30,0.35,0.33,3.72,96.28
1999-07-01,0.34,0.34,0.83,99.17
1999-07-02,0.35,0.35,0.71,99.29
1999-07-06,0.35,0.35,1.55,98.45
1999-07-07,0.37,0.35,6.49,93.51
1999-07-08,0.41,0.38,7.52,92.48
1999-07-09,0.42,0.38,9.97,90.03
1999-07-12,0.41,0.39,4.56,95.44
1999-07-13,0.4,0.39,3.12,96.88
1999-07-14,0.42,0.41,2.18,97.82
1999-07-15,0.4,0.41,1.93,98.07
1999-07-16,0.4,0.41,2.29,97.71
1999-07-19,0.41,0.41,0.29,99.71
1999-07-20,0.4,0.39,1.63,98.37
1999-07-21,0.4,0.39,3.79,96.21
1999-07-22,0.39,0.37,6.3,93.7
1999-07-23,0.4,0.37,7.34,92.66
1999-07-26,0.38,0.37,3.88,96.12
1999-07-27,0.4,0.37,7.99,92.01
1999-07-28,0.41,0.36,11.71,88.29
1999-07-29,0.4,0.35,13.64,86.36
1999-07-30,0.42,0.37,12.08,87.92
1999-08-02,0.42,0.4,4.23,95.77
1999-08-03,0.41,0.39,5.09,94.91
1999-08-04,0.4,0.43,6.16,93.84
1999-08-05,0.41,0.43,4.34,95.66
1999-08-06,0.41,0.42,3.79,96.21
1999-08-09,0.41,0.43,4.94,95.06
1999-08-10,0.41,0.43,3.16,96.84
1999-08-11,0.45,0.43,4.89,95.11
1999-08-12,0.45,0.43,5.39,94.61
1999-08-13,0.45,0.46,2.27,97.73
1999-08-16,0.45,0.45,0.99,99.01
1999-08-17,0.45,0.45,0.68,99.32
1999-08-18,0.45,0.45,0.37,99.63
1999-08-19,0.44,0.4,8.38,91.62
1999-08-20,0.44,0.4,9.06,90.94
1999-08-23,0.46,0.45,0.4,99.6
1999-08-24,0.45,0.48,5.41,94.59
1999-08-25,0.46,0.48,4.4,95.6
1999-08-26,0.47,0.5,8.3,91.7
1999-08-27,0.49,0.5,3.91,96.09
1999-08-30,0.46,0.45,2.51,97.49
1999-08-31,0.49,0.45,7.27,92.73
1999-09-01,0.51,0.48,7.27,92.73
1999-09-02,0.53,0.48,9.81,90.19
1999-09-03,0.55,0.48,12.82,87.18
1999-09-07,0.57,0.54,5.97,94.03
1999-09-08,0.56,0.53,5.65,94.35
1999-09-09,0.57,0.54,4.96,95.04
1999-09-10,0.58,0.55,4.52,95.48
1999-09-13,0.56,0.53,6.28,93.72
1999-09-14,0.58,0.53,9.1,90.9
1999-09-15,0.56,0.5,10.9,89.1
1999-09-16,0.58,0.51,11.56,88.44
1999-09-17,0.58,0.5,12.71,87.29
1999-09-20,0.59,0.57,2.94,97.06
1999-09-21,0.52,0.52,0.78,99.22
1999-09-22,0.53,0.54,2.45,97.55
1999-09-23,0.47,0.5,5.84,94.16
1999-09-24,0.49,0.5,3.19,96.81
1999-09-27,0.46,0.48,4.85,95.15
1999-09-28,0.45,0.48,7.82,92.18
1999-09-29,0.44,0.48,9.42,90.58
1999-09-30,0.47,0.48,2.08,97.92
1999-10-01,0.46,0.44,5.02,94.98
1999-10-04,0.48,0.44,9.2,90.8
1999-10-05,0.51,0.46,9.7,90.3
1999-10-06,0.5,0.46,9.29,90.71
1999-10-07,0.5,0.45,9.02,90.98
1999-10-08,0.49,0.44,10.59,89.41
1999-10-11,0.5,0.46,8.01,91.99
1999-10-12,0.51,0.46,9.37,90.63
1999-10-13,0.48,0.48,0.39,99.61
1999-10-14,0.55,0.48,12.26,87.74
1999-10-15,0.56,0.5,9.93,90.07
1999-10-18,0.55,0.55,0.11,99.89
1999-10-19,0.51,0.53,2.52,97.48
1999-10-20,0.56,0.48,14.52,85.48
1999-10-21,0.57,0.5,11.78,88.22
1999-10-22,0.55,0.48,13.15,86.85
1999-10-25,0.56,0.53,5.74,94.26
1999-10-26,0.56,0.53,6.44,93.56
1999-10-27,0.57,0.54,5.11,94.89
1999-10-28,0.58,0.56,3.16,96.84
1999-10-29,0.6,0.56,5.88,94.12
1999-11-01,0.58,0.54,6.63,93.37
1999-11-02,0.6,0.57,5.06,94.94
1999-11-03,0.61,0.54,11.07,88.93
1999-11-04,0.63,0.54,13.33,86.67
1999-11-05,0.66,0.64,3.6,96.4
1999-11-08,0.72,0.68,5.44,94.56
1999-11-09,0.67,0.63,5.88,94.12
1999-11-10,0.68,0.63,7.74,92.26
1999-11-11,0.69,0.66,5.16,94.84
1999-11-12,0.68,0.63,6.91,93.09
1999-11-15,0.67,0.63,5.68,94.32
1999-11-16,0.68,0.71,3.85,96.15
1999-11-17,0.68,0.69,1.67,98.33
1999-11-18,0.67,0.69,2.38,97.62
1999-11-19,0.69,0.71,2.44,97.56
1999-11-22,0.68,0.69,1.25,98.75
1999-11-23,0.7,0.69,1.14,98.86
1999-11-24,0.71,0.69,3.1,96.9
1999-11-26,0.71,0.69,3.48,96.52
1999-11-29,0.71,0.66,7.18,92.82
1999-11-30,0.73,0.71,3.25,96.75
1999-12-01,0.77,0.73,5.08,94.92
1999-12-02,0.83,0.74,10.82,89.18
1999-12-03,0.86,0.79,8.35,91.65
1999-12-06,0.87,0.79,8.65,91.35
1999-12-07,0.88,0.79,10.06,89.94
1999-12-08,0.82,0.84,1.37,98.63
1999-12-09,0.79,0.81,3.03,96.97
1999-12-10,0.77,0.79,2.43,97.57
1999-12-13,0.74,0.79,6.57,93.43
1999-12-14,0.71,0.79,10.74,89.26
1999-12-15,0.73,0.71,1.81,98.19
1999-12-16,0.74,0.71,3.12,96.88
1999-12-17,0.75,0.71,4.76,95.24
1999-12-20,0.73,0.71,2.81,97.19
1999-12-21,0.77,0.71,8.01,91.99
1999-12-22,0.75,0.68,9.73,90.27
1999-12-23,0.78,0.74,4.27,95.73
1999-12-27,0.74,0.73,2.02,97.98
1999-12-28,0.74,0.73,0.89,99.11
1999-12-29,0.75,0.75,0.65,99.35
1999-12-30,0.75,0.75,0.28,99.72
1999-12-31,0.77,0.78,1.26,98.74
2000-01-03,0.84,0.79,5.75,94.25
2000-01-04,0.77,0.79,2.93,97.07
2000-01-05,0.78,0.79,1.02,98.98
2000-01-06,0.71,0.76,6.86,93.14
2000-01-07,0.75,0.78,4.63,95.37
2000-01-10,0.73,0.78,6.51,93.49
2000-01-11,0.69,0.75,7.85,92.15
2000-01-12,0.65,0.68,3.47,96.53
2000-01-13,0.72,0.68,6.75,93.25
2000-01-14,0.75,0.71,5.17,94.83
2000-01-18,0.78,0.71,8.36,91.64
2000-01-19,0.8,0.71,10.62,89.38
2000-01-20,0.85,0.79,7.05,92.95
2000-01-21,0.83,0.79,5.62,94.38
2000-01-24,0.8,0.75,5.85,94.15
2000-01-25,0.84,0.79,6.4,93.6
2000-01-26,0.83,0.79,4.65,95.35
2000-01-27,0.82,0.79,4.09,95.91
2000-01-28,0.76,0.79,3.38,96.62
2000-01-31,0.78,0.79,1.26,98.74
2000-02-01,0.75,0.79,4.8,95.2
2000-02-02,0.74,0.79,6.77,93.23
2000-02-03,0.77,0.79,1.69,98.31
2000-02-04,0.81,0.79,2.72,97.28
2000-02-07,0.85,0.79,7.51,92.49
2000-02-08,0.86,0.79,8.16,91.84
2000-02-09,0.84,0.78,7.56,92.44
2000-02-10,0.85,0.79,7.43,92.57
2000-02-11,0.81,0.79,3.39,96.61
2000-02-14,0.87,0.79,9.28,90.72
2000-02-15,0.89,0.9,1.12,98.88
2000-02-16,0.85,0.9,5.06,94.94
2000-02-17,0.86,0.9,4.75,95.25
2000-02-18,0.83,0.9,8.16,91.84
2000-02-22,0.85,0.9,5.73,94.27
2000-02-23,0.87,0.92,6.04,93.96
2000-02-24,0.86,0.9,4.45,95.55
2000-02-25,0.83,0.9,8.63,91.37
2000-02-28,0.85,0.89,5.03,94.97
2000-02-29,0.86,0.89,3.77,96.23
2000-03-01,0.98,0.9,7.66,92.34
2000-03-02,0.91,0.9,1.73,98.27
2000-03-03,0.96,0.9,5.99,94.01
2000-03-06,0.94,0.9,4.26,95.74
2000-03-07,0.92,0.9,2.42,97.58
2000-03-08,0.91,0.9,1.73,98.27
2000-03-09,0.92,0.9,1.93,98.07
2000-03-10,0.94,0.9,4.31,95.69
2000-03-13,0.91,0.9,1.17,98.83
2000-03-14,0.86,0.89,4.11,95.89
2000-03-15,0.87,0.9,3.14,96.86
2000-03-16,0.91,0.9,1.01,98.99
2000-03-17,0.94,0.9,3.73,96.27
2000-03-20,0.92,0.9,2.52,97.48
2000-03-21,1.01,0.9,11.15,88.85
2000-03-22,1.08,0.92,14.5,85.5
2000-03-23,1.06,0.9,14.85,85.15
2000-03-24,1.04,1.05,1.01,98.99
2000-03-27,1.05,1.05,0.38,99.62
2000-03-28,1.04,1.05,0.7,99.3
2000-03-29,1.02,1.05,3.06,96.94
2000-03-30,0.94,1.04,10.3,89.7
2000-03-31,1.02,1.05,3.15,96.85
2000-04-03,1.0,1.05,5.09,94.91
2000-04-04,0.95,1.05,10.04,89.96
2000-04-05,0.98,1.05,7.12,92.88
2000-04-06,0.94,1.05,11.56,88.44
2000-04-07,0.99,1.05,6.0,94.0
2000-04-10,0.94,1.01,7.7,92.3
2000-04-11,0.89,0.99,10.44,89.56
2000-04-12,0.82,0.99,20.74,79.26
2000-04-13,0.85,0.84,1.47,98.53
2000-04-14,0.84,0.84,0.24,99.76
2000-04-17,0.93,0.86,7.27,92.73
2000-04-18,0.95,0.86,9.47,90.53
2000-04-19,0.91,0.89,1.8,98.2
2000-04-20,0.89,0.86,3.37,96.63
2000-04-24,0.9,0.86,4.68,95.32
2000-04-25,0.96,0.9,6.56,93.44
2000-04-26,0.91,0.86,5.31,94.69
2000-04-27,0.95,0.9,5.41,94.59
2000-04-28,0.93,0.86,7.41,92.59
2000-05-01,0.93,0.89,4.32,95.68
2000-05-02,0.88,0.89,0.91,99.09
2000-05-03,0.86,0.9,4.2,95.8
2000-05-04,0.83,0.89,7.46,92.54
2000-05-05,0.85,0.9,5.98,94.02
2000-05-08,0.82,0.86,3.95,96.05
2000-05-09,0.79,0.84,6.36,93.64
2000-05-10,0.74,0.84,12.92,87.08
2000-05-11,0.77,0.85,10.79,89.21
2000-05-12,0.81,0.86,6.73,93.27
2000-05-15,0.76,0.84,11.03,88.97
2000-05-16,0.79,0.85,7.78,92.22
2000-05-17,0.76,0.84,10.62,89.38
2000-05-18,0.75,0.84,11.31,88.69
2000-05-19,0.7,0.72,2.89,97.11
2000-05-22,0.67,0.72,7.54,92.46
2000-05-23,0.64,0.72,12.71,87.29
2000-05-24,0.66,0.73,10.97,89.03
2000-05-25,0.65,0.72,10.83,89.17
2000-05-26,0.65,0.73,12.66,87.34
2000-05-30,0.66,0.66,0.08,99.92
2000-05-31,0.63,0.66,4.16,95.84
2000-06-01,0.67,0.67,0.15,99.85
2000-06-02,0.69,0.66,4.41,95.59
2000-06-05,0.68,0.68,1.2,98.8
2000-06-06,0.7,0.66,5.8,94.2
2000-06-07,0.72,0.68,6.57,93.43
2000-06-08,0.71,0.68,4.85,95.15
2000-06-09,0.72,0.71,0.53,99.47
2000-06-12,0.68,0.71,4.45,95.55
2000-06-13,0.71,0.72,1.25,98.75
2000-06-14,0.68,0.68,0.97,99.03
2000-06-15,0.69,0.68,1.14,98.86
2000-06-16,0.68,0.68,0.14,99.86
2000-06-19,0.72,0.69,5.04,94.96
2000-06-20,0.76,0.74,2.59,97.41
2000-06-21,0.83,0.76,8.53,91.47
2000-06-22,0.81,0.72,10.99,89.01
2000-06-23,0.77,0.72,7.44,92.56
2000-06-26,0.81,0.72,11.61,88.39
2000-06-27,0.78,0.71,7.98,92.02
2000-06-28,0.82,0.79,3.1,96.9
2000-06-29,0.77,0.79,2.5,97.5
2000-06-30,0.78,0.79,0.72,99.28
2000-07-03,0.8,0.79,1.06,98.94
2000-07-05,0.77,0.79,2.18,97.82
2000-07-06,0.78,0.79,1.81,98.19
2000-07-07,0.82,0.79,3.1,96.9
2000-07-10,0.86,0.79,7.66,92.34
2000-07-11,0.85,0.79,7.35,92.65
2000-07-12,0.88,0.79,10.78,89.22
2000-07-13,0.85,0.79,7.02,92.98
2000-07-14,0.86,0.79,8.56,91.44
2000-07-17,0.87,0.79,9.54,90.46
2000-07-18,0.86,0.9,5.09,94.91
2000-07-19,0.79,0.76,3.66,96.34
2000-07-20,0.83,0.79,4.31,95.69
2000-07-21,0.8,0.79,1.93,98.07
2000-07-24,0.73,0.75,2.73,97.27
2000-07-25,0.75,0.76,1.39,98.61
2000-07-26,0.75,0.76,1.39,98.61
2000-07-27,0.78,0.75,3.81,96.19
2000-07-28,0.72,0.74,1.73,98.27
2000-07-31,0.76,0.75,1.57,98.43
2000-08-01,0.74,0.73,1.33,98.67
2000-08-02,0.71,0.74,4.02,95.98
2000-08-03,0.72,0.73,1.36,98.64
2000-08-04,0.71,0.73,2.7,97.3
2000-08-07,0.72,0.73,1.5,98.5
2000-08-08,0.7,0.75,6.56,93.44
2000-08-09,0.71,0.73,2.43,97.57
2000-08-10,0.71,0.67,6.17,93.83
2000-08-11,0.71,0.69,3.86,96.14
2000-08-14,0.71,0.68,4.15,95.85
2000-08-15,0.7,0.68,3.38,96.62
2000-08-16,0.73,0.68,6.99,93.01
2000-08-17,0.77,0.72,6.99,93.01
2000-08-18,0.75,0.71,5.71,94.29
2000-08-21,0.76,0.71,5.7,94.3
2000-08-22,0.77,0.74,4.6,95.4
2000-08-23,0.81,0.81,0.17,99.83
2000-08-24,0.84,0.84,0.18,99.82
2000-08-25,0.85,0.84,1.42,98.58
2000-08-28,0.87,0.86,0.78,99.22
2000-08-29,0.89,0.86,2.67,97.33
2000-08-30,0.89,0.86,3.18,96.82
2000-08-31,0.91,0.86,5.46,94.54
2000-09-01,0.95,0.98,2.94,97.06
2000-09-05,0.94,0.98,4.59,95.41
2000-09-06,0.88,0.93,6.14,93.86
2000-09-07,0.93,0.93,0.34,99.66
2000-09-08,0.88,0.92,4.69,95.31
2000-09-11,0.88,0.9,2.96,97.04
2000-09-12,0.87,0.9,4.18,95.82
2000-09-13,0.87,0.9,3.74,96.26
2000-09-14,0.85,0.9,5.43,94.57
2000-09-15,0.83,0.87,5.32,94.68
2000-09-18,0.91,0.9,1.17,98.83
2000-09-19,0.9,0.9,0.02,99.98
2000-09-20,0.91,0.9,1.8,98.2
2000-09-21,0.85,0.86,1.32,98.68
2000-09-22,0.78,0.84,7.44,92.56
2000-09-25,0.8,0.85,6.46,93.54
2000-09-26,0.77,0.86,11.66,88.34
2000-09-27,0.73,0.84,14.58,85.42
2000-09-28,0.8,0.86,7.35,92.65
2000-09-29,0.39,0.72,85.5,14.5
2000-10-02,0.36,0.56,55.42,44.58
2000-10-03,0.33,0.49,47.42,52.58
2000-10-04,0.35,0.43,21.95,78.05
2000-10-05,0.33,0.43,29.34,70.66
2000-10-06,0.33,0.42,26.74,73.26
2000-10-09,0.33,0.42,29.29,70.71
2000-10-10,0.31,0.35,13.29,86.71
2000-10-11,0.29,0.35,19.59,80.41
2000-10-12,0.3,0.35,17.35,82.65
2000-10-13,0.33,0.35,6.38,93.62
2000-10-16,0.32,0.35,9.16,90.84
2000-10-17,0.3,0.3,0.09,99.91
2000-10-18,0.3,0.3,0.09,99.91
2000-10-19,0.28,0.31,7.91,92.09
2000-10-20,0.29,0.31,4.8,95.2
2000-10-23,0.31,0.33,6.98,93.02
2000-10-24,0.28,0.31,8.27,91.73
2000-10-25,0.28,0.32,14.83,85.17
2000-10-26,0.28,0.32,16.02,83.98
2000-10-27,0.28,0.33,20.4,79.6
2000-10-30,0.29,0.33,13.18,86.82
2000-10-31,0.29,0.34,14.54,85.46
2000-11-01,0.31,0.34,11.63,88.37
2000-11-02,0.33,0.34,2.56,97.44
2000-11-03,0.33,0.34,2.85,97.15
2000-11-06,0.32,0.34,6.75,93.25
2000-11-07,0.32,0.34,7.37,92.63
2000-11-08,0.3,0.32,7.05,92.95
2000-11-09,0.3,0.32,6.39,93.61
2000-11-10,0.29,0.31,7.29,92.71
2000-11-13,0.29,0.32,10.85,89.15
2000-11-14,0.3,0.33,7.14,92.86
2000-11-15,0.3,0.33,9.16,90.84
2000-11-16,0.28,0.32,13.04,86.96
2000-11-17,0.28,0.31,10.55,89.45
2000-11-20,0.28,0.31,10.9,89.1
2000-11-21,0.28,0.31,8.72,91.28
2000-11-22,0.28,0.25,9.5,90.5
2000-11-24,0.29,0.26,9.55,90.45
2000-11-27,0.28,0.26,6.53,93.47
2000-11-28,0.27,0.26,3.12,96.88
2000-11-29,0.26,0.26,0.54,99.46
2000-11-30,0.25,0.26,5.87,94.13
2000-12-01,0.26,0.28,9.2,90.8
2000-12-04,0.25,0.25,1.34,98.66
2000-12-05,0.25,0.25,3.15,96.85
2000-12-06,0.21,0.24,9.96,90.04
2000-12-07,0.21,0.24,9.96,90.04
2000-12-08,0.23,0.25,9.31,90.69
2000-12-11,0.23,0.25,8.41,91.59
2000-12-12,0.23,0.23,1.19,98.81
2000-12-13,0.22,0.23,1.28,98.72
2000-12-14,0.22,0.22,0.19,99.81
2000-12-15,0.21,0.22,2.86,97.14
2000-12-18,0.21,0.22,2.84,97.16
2000-12-19,0.21,0.22,6.79,93.21
2000-12-20,0.22,0.22,1.24,98.76
2000-12-21,0.21,0.22,2.51,97.49
2000-12-22,0.22,0.23,2.8,97.2
2000-12-26,0.22,0.22,0.91,99.09
2000-12-27,0.22,0.25,11.02,88.98
2000-12-28,0.22,0.25,11.02,88.98
2000-12-29,0.22,0.24,7.35,92.65
2001-01-02,0.22,0.23,5.28,94.72
2001-01-03,0.25,0.25,3.23,96.77
2001-01-04,0.26,0.26,2.85,97.15
2001-01-05,0.25,0.25,3.23,96.77
2001-01-08,0.25,0.27,8.3,91.7
2001-01-09,0.26,0.27,4.94,95.06
2001-01-10,0.25,0.26,4.5,95.5
2001-01-11,0.27,0.28,3.18,96.82
2001-01-12,0.26,0.27,3.82,96.18
2001-01-16,0.26,0.26,0.43,99.57
2001-01-17,0.25,0.26,2.29,97.71
2001-01-18,0.28,0.27,2.44,97.56
2001-01-19,0.29,0.28,3.52,96.48
2001-01-22,0.29,0.28,4.04,95.96
2001-01-23,0.31,0.3,2.02,97.98
2001-01-24,0.31,0.29,5.57,94.43
2001-01-25,0.3,0.28,6.15,93.85
2001-01-26,0.29,0.3,0.78,99.22
2001-01-29,0.32,0.31,5.74,94.26
2001-01-30,0.33,0.3,7.57,92.43
2001-01-31,0.32,0.32,0.82,99.18
2001-02-01,0.32,0.31,1.92,98.08
2001-02-02,0.31,0.31,0.45,99.55
2001-02-05,0.3,0.3,0.56,99.44
2001-02-06,0.32,0.32,0.09,99.91
2001-02-07,0.31,0.3,3.26,96.74
2001-02-08,0.31,0.3,3.26,96.74
2001-02-09,0.29,0.29,1.32,98.68
2001-02-12,0.29,0.28,4.36,95.64
2001-02-13,0.29,0.28,1.54,98.46
2001-02-14,0.29,0.29,0.62,99.38
2001-02-15,0.3,0.3,0.33,99.67
2001-02-16,0.28,0.27,6.62,93.38
2001-02-20,0.27,0.26,4.61,95.39
2001-02-21,0.28,0.27,4.83,95.17
2001-02-22,0.28,0.27,2.45,97.55
2001-02-23,0.28,0.28,0.09,99.91
2001-02-26,0.29,0.28,3.44,96.56
2001-02-27,0.29,0.28,3.83,96.17
2001-02-28,0.27,0.27,1.57,98.43
2001-03-01,0.28,0.28,0.63,99.37
2001-03-02,0.29,0.3,3.14,96.86
2001-03-05,0.31,0.3,2.55,97.45
2001-03-06,0.32,0.3,6.63,93.37
2001-03-07,0.32,0.3,5.54,94.46
2001-03-08,0.31,0.3,4.6,95.4
2001-03-09,0.3,0.3,0.87,99.13
2001-03-12,0.28,0.3,6.6,93.4
2001-03-13,0.29,0.3,1.49,98.51
2001-03-14,0.31,0.3,1.78,98.22
2001-03-15,0.29,0.3,0.85,99.15
2001-03-16,0.29,0.3,1.17,98.83
2001-03-19,0.31,0.3,3.44,96.56
2001-03-20,0.29,0.3,0.85,99.15
2001-03-21,0.3,0.3,1.34,98.66
2001-03-22,0.32,0.3,7.17,92.83
2001-03-23,0.34,0.3,12.72,87.28
2001-03-26,0.33,0.3,8.84,91.16
2001-03-27,0.34,0.32,6.09,93.91
2001-03-28,0.33,0.32,3.12,96.88
2001-03-29,0.34,0.33,3.7,96.3
2001-03-30,0.33,0.33,1.69,98.31
2001-04-02,0.32,0.33,1.76,98.24
2001-04-03,0.3,0.31,3.76,96.24
2001-04-04,0.29,0.31,7.7,92.3
2001-04-05,0.31,0.32,2.91,97.09
2001-04-06,0.31,0.32,4.31,95.69
2001-04-09,0.31,0.33,5.9,94.1
2001-04-10,0.33,0.33,1.31,98.69
2001-04-11,0.33,0.33,0.22,99.78
2001-04-12,0.34,0.32,5.11,94.89
2001-04-16,0.32,0.32,0.77,99.23
2001-04-17,0.31,0.31,0.63,99.37
2001-04-18,0.34,0.33,4.56,95.44
2001-04-19,0.39,0.33,14.58,85.42
2001-04-20,0.38,0.33,12.26,87.74
2001-04-23,0.36,0.33,9.4,90.6
2001-04-24,0.36,0.33,8.57,91.43
2001-04-25,0.37,0.37,0.51,99.49
2001-04-26,0.37,0.35,5.32,94.68
2001-04-27,0.39,0.37,5.16,94.84
2001-04-30,0.38,0.37,2.52,97.48
2001-05-01,0.39,0.35,9.85,90.15
2001-05-02,0.4,0.38,5.83,94.17
2001-05-03,0.37,0.35,5.57,94.43
2001-05-04,0.39,0.37,4.71,95.29
2001-05-07,0.37,0.37,1.69,98.31
2001-05-08,0.37,0.37,0.37,99.63
2001-05-09,0.36,0.35,2.99,97.01
2001-05-10,0.34,0.35,1.14,98.86
2001-05-11,0.34,0.33,2.43,97.57
2001-05-14,0.35,0.33,4.27,95.73
2001-05-15,0.35,0.33,3.82,96.18
2001-05-16,0.36,0.35,4.41,95.59
2001-05-17,0.35,0.33,7.36,92.64
2001-05-18,0.35,0.33,5.25,94.75
2001-05-21,0.35,0.32,9.05,90.95
2001-05-22,0.35,0.31,10.92,89.08
2001-05-23,0.35,0.33,6.08,93.92
2001-05-24,0.35,0.31,11.05,88.95
2001-05-25,0.34,0.31,8.03,91.97
2001-05-29,0.32,0.3,6.64,93.36
2001-05-30,0.3,0.3,1.34,98.66
2001-05-31,0.3,0.31,2.63,97.37
2001-06-01,0.31,0.32,3.66,96.34
2001-06-04,0.31,0.29,6.27,93.73
2001-06-05,0.31,0.29,7.52,92.48
2001-06-06,0.31,0.28,10.09,89.91
2001-06-07,0.32,0.3,6.51,93.49
2001-06-08,0.32,0.3,6.85,93.15
2001-06-11,0.3,0.29,3.37,96.63
2001-06-12,0.3,0.29,4.65,95.35
2001-06-13,0.31,0.29,5.4,94.6
2001-06-14,0.3,0.29,2.59,97.41
2001-06-15,0.31,0.3,0.93,99.07
2001-06-18,0.3,0.31,1.95,98.05
2001-06-19,0.3,0.33,7.73,92.27
2001-06-20,0.32,0.33,1.39,98.61
2001-06-21,0.34,0.33,2.31,97.69
2001-06-22,0.33,0.33,1.3,98.7
2001-06-25,0.36,0.35,2.29,97.71
2001-06-26,0.36,0.35,1.3,98.7
2001-06-27,0.35,0.33,5.87,94.13
2001-06-28,0.35,0.33,6.67,93.33
2001-06-29,0.35,0.36,2.49,97.51
2001-07-02,0.36,0.36,1.13,98.87
2001-07-03,0.36,0.38,6.64,93.36
2001-07-05,0.35,0.38,8.82,91.18
2001-07-06,0.33,0.35,6.11,93.89
2001-07-09,0.34,0.35,2.98,97.02
2001-07-10,0.32,0.33,2.89,97.11
2001-07-11,0.34,0.33,3.5,96.5
2001-07-12,0.36,0.35,4.04,95.96
2001-07-13,0.37,0.35,5.93,94.07
2001-07-16,0.36,0.34,5.34,94.66
2001-07-17,0.38,0.35,6.32,93.68
2001-07-18,0.31,0.33,7.24,92.76
2001-07-19,0.3,0.33,11.7,88.3
2001-07-20,0.3,0.31,3.74,96.26
2001-07-23,0.29,0.3,3.63,96.37
2001-07-24,0.29,0.3,4.04,95.96
2001-07-25,0.28,0.29,6.04,93.96
2001-07-26,0.28,0.3,8.95,91.05
2001-07-27,0.28,0.3,5.35,94.65
2001-07-30,0.28,0.31,8.04,91.96
2001-07-31,0.28,0.29,1.6,98.4
2001-08-01,0.29,0.25,12.16,87.84
2001-08-02,0.3,0.26,13.36,86.64
2001-08-03,0.29,0.26,10.42,89.58
2001-08-06,0.29,0.24,14.66,85.34
2001-08-07,0.29,0.27,6.68,93.32
2001-08-08,0.28,0.28,1.42,98.58
2001-08-09,0.29,0.28,1.16,98.84
2001-08-10,0.28,0.28,1.0,99.0
2001-08-13,0.29,0.29,1.51,98.49
2001-08-14,0.28,0.3,6.01,93.99
2001-08-15,0.28,0.29,5.09,94.91
2001-08-16,0.28,0.28,0.96,99.04
2001-08-17,0.27,0.28,4.21,95.79
2001-08-20,0.27,0.28,3.92,96.08
2001-08-21,0.27,0.27,0.24,99.76
2001-08-22,0.27,0.26,5.7,94.3
2001-08-23,0.27,0.24,9.22,90.78
2001-08-24,0.28,0.27,4.0,96.0
2001-08-27,0.28,0.27,5.78,94.22
2001-08-28,0.28,0.27,3.12,96.88
2001-08-29,0.27,0.26,2.7,97.3
2001-08-30,0.27,0.26,2.7,97.3
2001-08-31,0.28,0.27,3.9,96.1
2001-09-04,0.27,0.27,2.32,97.68
2001-09-05,0.28,0.28,1.62,98.38
2001-09-06,0.27,0.27,0.6,99.4
2001-09-07,0.26,0.27,3.16,96.84
2001-09-10,0.26,0.27,2.63,97.37
2001-09-17,0.25,0.27,4.92,95.08
2001-09-18,0.24,0.25,1.98,98.02
2001-09-19,0.25,0.26,2.63,97.37
2001-09-20,0.23,0.25,5.0,95.0
2001-09-21,0.24,0.25,4.67,95.33
2001-09-24,0.25,0.25,3.29,96.71
2001-09-25,0.23,0.23,1.36,98.64
2001-09-26,0.23,0.23,0.28,99.72
2001-09-27,0.23,0.23,2.05,97.95
2001-09-28,0.23,0.23,2.05,97.95
2001-10-01,0.23,0.23,2.24,97.76
2001-10-02,0.23,0.23,0.94,99.06
2001-10-03,0.22,0.23,1.41,98.59
2001-10-04,0.24,0.24,1.99,98.01
2001-10-05,0.24,0.24,0.35,99.65
2001-10-08,0.24,0.25,3.36,96.64
2001-10-09,0.24,0.24,1.22,98.78
2001-10-10,0.25,0.26,3.68,96.32
2001-10-11,0.27,0.26,1.69,98.31
2001-10-12,0.27,0.26,3.17,96.83
2001-10-15,0.27,0.28,4.57,95.43
2001-10-16,0.27,0.31,14.57,85.43
2001-10-17,0.25,0.26,2.65,97.35
2001-10-18,0.27,0.27,0.47,99.53
2001-10-19,0.27,0.28,0.94,99.06
2001-10-22,0.28,0.29,2.92,97.08
2001-10-23,0.27,0.29,6.71,93.29
2001-10-24,0.28,0.29,2.15,97.85
2001-10-25,0.29,0.29,0.87,99.13
2001-10-26,0.28,0.28,0.23,99.77
2001-10-29,0.26,0.28,6.14,93.86
2001-10-30,0.26,0.28,5.08,94.92
2001-10-31,0.26,0.27,2.6,97.4
2001-11-01,0.28,0.28,0.52,99.48
2001-11-02,0.28,0.28,0.41,99.59
2001-11-05,0.29,0.28,3.02,96.98
2001-11-06,0.29,0.3,0.74,99.26
2001-11-07,0.29,0.29,2.65,97.35
2001-11-08,0.28,0.28,0.75,99.25
2001-11-09,0.28,0.28,1.79,98.21
2001-11-12,0.28,0.28,0.54,99.46
2001-11-13,0.29,0.28,2.68,97.32
2001-11-14,0.29,0.28,3.87,96.13
2001-11-15,0.29,0.28,3.08,96.92
2001-11-16,0.28,0.29,0.53,99.47
2001-11-19,0.3,0.3,0.52,99.48
2001-11-20,0.29,0.29,2.36,97.64
2001-11-21,0.29,0.3,2.0,98.0
2001-11-23,0.3,0.3,1.18,98.82
2001-11-26,0.32,0.31,3.05,96.95
2001-11-27,0.31,0.3,4.41,95.59
2001-11-28,0.31,0.3,3.29,96.71
2001-11-29,0.31,0.3,1.7,98.3
2001-11-30,0.32,0.31,2.73,97.27
2001-12-03,0.32,0.3,4.64,95.36
2001-12-04,0.34,0.31,7.51,92.49
2001-12-05,0.36,0.35,2.91,97.09
2001-12-06,0.34,0.33,1.93,98.07
2001-12-07,0.34,0.33,0.88,99.12
2001-12-10,0.34,0.33,3.74,96.26
2001-12-11,0.33,0.33,0.39,99.61
2001-12-12,0.32,0.33,0.96,99.04
2001-12-13,0.31,0.33,3.58,96.42
2001-12-14,0.31,0.31,1.65,98.35
2001-12-17,0.31,0.32,3.18,96.82
2001-12-18,0.31,0.33,3.53,96.47
2001-12-19,0.32,0.33,0.61,99.39
2001-12-20,0.31,0.31,0.27,99.73
2001-12-21,0.31,0.32,1.31,98.69
2001-12-24,0.32,0.31,2.97,97.03
2001-12-26,0.32,0.29,9.89,90.11
2001-12-27,0.33,0.31,6.09,93.91
2001-12-28,0.34,0.32,5.15,94.85
2001-12-31,0.33,0.31,5.36,94.64
2002-01-02,0.35,0.33,5.71,94.29
2002-01-03,0.35,0.33,6.83,93.17
2002-01-04,0.35,0.35,1.05,98.95
2002-01-07,0.34,0.35,2.36,97.64
2002-01-08,0.34,0.33,2.83,97.17
2002-01-09,0.32,0.33,0.47,99.53
2002-01-10,0.32,0.32,0.21,99.79
2002-01-11,0.32,0.33,3.33,96.67
2002-01-14,0.32,0.33,2.84,97.16
2002-01-15,0.33,0.33,0.24,99.76
2002-01-16,0.31,0.31,0.26,99.74
2002-01-17,0.34,0.33,3.24,96.76
2002-01-18,0.33,0.32,4.04,95.96
2002-01-22,0.33,0.32,2.5,97.5
2002-01-23,0.34,0.32,6.88,93.12
2002-01-24,0.35,0.32,7.64,92.36
2002-01-25,0.35,0.32,7.8,92.2
2002-01-28,0.35,0.33,5.83,94.17
2002-01-29,0.35,0.33,5.01,94.99
2002-01-30,0.36,0.37,3.82,96.18
2002-01-31,0.37,0.39,5.88,94.12
2002-02-01,0.37,0.38,4.15,95.85
2002-02-04,0.38,0.38,0.89,99.11
2002-02-05,0.38,0.38,0.49,99.51
2002-02-06,0.37,0.38,3.67,96.33
2002-02-07,0.36,0.35,3.01,96.99
2002-02-08,0.36,0.35,1.92,98.08
2002-02-11,0.37,0.39,3.19,96.81
2002-02-12,0.37,0.36,3.96,96.04
2002-02-13,0.37,0.36,5.11,94.89
2002-02-14,0.37,0.36,3.53,96.47
2002-02-15,0.36,0.35,1.62,98.38
2002-02-19,0.34,0.35,1.84,98.16
2002-02-20,0.35,0.33,3.61,96.39
2002-02-21,0.32,0.31,2.64,97.36
2002-02-22,0.34,0.33,1.96,98.04
2002-02-25,0.36,0.33,6.36,93.64
2002-02-26,0.35,0.33,5.81,94.19
2002-02-27,0.33,0.33,0.62,99.38
2002-02-28,0.33,0.33,1.83,98.17
2002-03-01,0.35,0.35,1.76,98.24
2002-03-04,0.36,0.35,5.16,94.84
2002-03-05,0.35,0.33,5.25,94.75
2002-03-06,0.36,0.33,7.37,92.63
2002-03-07,0.37,0.35,5.51,94.49
2002-03-08,0.37,0.35,4.65,95.35
2002-03-11,0.38,0.36,5.3,94.7
2002-03-12,0.37,0.35,4.88,95.12
2002-03-13,0.37,0.36,3.1,96.9
2002-03-14,0.37,0.36,2.86,97.14
2002-03-15,0.37,0.35,5.76,94.24
2002-03-18,0.37,0.37,1.05,98.95
2002-03-19,0.37,0.4,6.87,93.13
2002-03-20,0.37,0.42,11.3,88.7
2002-03-21,0.36,0.37,1.77,98.23
2002-03-22,0.36,0.36,0.36,99.64
2002-03-25,0.35,0.36,2.8,97.2
2002-03-26,0.35,0.33,4.97,95.03
2002-03-27,0.35,0.33,5.01,94.99
2002-03-28,0.35,0.33,7.83,92.17
2002-04-01,0.37,0.33,8.85,91.15
2002-04-02,0.36,0.33,7.37,92.63
2002-04-03,0.36,0.33,6.13,93.87
2002-04-04,0.37,0.35,5.57,94.43
2002-04-05,0.37,0.36,2.98,97.02
2002-04-08,0.37,0.36,2.26,97.74
2002-04-09,0.36,0.35,3.48,96.52
2002-04-10,0.37,0.36,2.66,97.34
2002-04-11,0.37,0.37,1.53,98.47
2002-04-12,0.38,0.37,1.44,98.56
2002-04-15,0.37,0.39,4.68,95.32
2002-04-16,0.39,0.39,1.67,98.33
2002-04-17,0.39,0.42,6.23,93.77
2002-04-18,0.38,0.37,2.8,97.2
2002-04-19,0.37,0.37,2.0,98.0
2002-04-22,0.37,0.37,0.2,99.8
2002-04-23,0.36,0.37,0.95,99.05
2002-04-24,0.36,0.35,2.14,97.86
2002-04-25,0.36,0.35,3.56,96.44
2002-04-26,0.34,0.35,0.24,99.76
2002-04-29,0.36,0.36,0.18,99.82
2002-04-30,0.36,0.36,1.1,98.9
2002-05-01,0.36,0.35,2.99,97.01
2002-05-02,0.35,0.35,1.8,98.2
2002-05-03,0.35,0.35,1.05,98.95
2002-05-06,0.34,0.31,7.58,92.42
2002-05-07,0.34,0.3,10.79,89.21
2002-05-08,0.37,0.33,8.51,91.49
2002-05-09,0.36,0.33,7.83,92.17
2002-05-10,0.35,0.33,4.4,95.6
2002-05-13,0.36,0.35,3.77,96.23
2002-05-14,0.38,0.36,7.33,92.67
2002-05-15,0.38,0.37,3.16,96.84
2002-05-16,0.38,0.37,2.03,97.97
2002-05-17,0.37,0.37,2.12,97.88
2002-05-20,0.37,0.37,1.05,98.95
2002-05-21,0.35,0.36,2.32,97.68
2002-05-22,0.36,0.37,0.66,99.34
2002-05-23,0.38,0.37,1.91,98.09
2002-05-24,0.36,0.37,1.37,98.63
2002-05-28,0.36,0.37,2.09,97.91
2002-05-29,0.36,0.36,0.1,99.9
2002-05-30,0.36,0.37,1.16,98.84
2002-05-31,0.35,0.36,3.02,96.98
2002-06-03,0.34,0.33,2.68,97.32
2002-06-04,0.34,0.31,8.11,91.89
2002-06-05,0.34,0.31,7.86,92.14
2002-06-06,0.33,0.31,5.54,94.46
2002-06-07,0.32,0.31,3.56,96.44
2002-06-10,0.32,0.31,2.55,97.45
2002-06-11,0.31,0.31,2.31,97.69
2002-06-12,0.3,0.29,2.3,97.7
2002-06-13,0.29,0.27,6.74,93.26
2002-06-14,0.3,0.27,9.34,90.66
2002-06-17,0.31,0.28,9.26,90.74
2002-06-18,0.3,0.28,7.5,92.5
2002-06-19,0.26,0.27,4.84,95.16
2002-06-20,0.26,0.27,4.9,95.1
2002-06-21,0.25,0.27,6.52,93.48
2002-06-24,0.26,0.24,5.47,94.53
2002-06-25,0.26,0.24,4.75,95.25
2002-06-26,0.25,0.24,1.35,98.65
2002-06-27,0.26,0.25,1.87,98.13
2002-06-28,0.27,0.26,1.42,98.58
2002-07-01,0.26,0.26,2.39,97.61
2002-07-02,0.25,0.25,2.81,97.19
2002-07-03,0.26,0.26,0.45,99.55
2002-07-05,0.28,0.27,4.88,95.12
2002-07-08,0.27,0.26,3.67,96.33
2002-07-09,0.26,0.26,1.03,98.97
2002-07-10,0.26,0.28,8.84,91.16
2002-07-11,0.27,0.29,4.21,95.79
2002-07-12,0.26,0.28,7.66,92.34
2002-07-15,0.27,0.28,3.41,96.59
2002-07-16,0.27,0.28,5.55,94.45
2002-07-17,0.23,0.26,11.76,88.24
2002-07-18,0.22,0.26,16.53,83.47
2002-07-19,0.22,0.25,13.58,86.42
2002-07-22,0.22,0.24,7.22,92.78
2002-07-23,0.22,0.24,8.63,91.37
2002-07-24,0.23,0.24,5.25,94.75
2002-07-25,0.22,0.22,3.73,96.27
2002-07-26,0.21,0.23,5.94,94.06
2002-07-29,0.23,0.24,4.65,95.35
2002-07-30,0.23,0.24,4.96,95.04
2002-07-31,0.23,0.22,2.03,97.97
2002-08-01,0.22,0.22,2.6,97.4
2002-08-02,0.22,0.21,3.6,96.4
2002-08-05,0.21,0.21,0.43,99.57
2002-08-06,0.22,0.23,4.61,95.39
2002-08-07,0.23,0.25,9.41,90.59
2002-08-08,0.23,0.25,7.48,92.52
2002-08-09,0.22,0.25,9.63,90.37
2002-08-12,0.22,0.25,11.31,88.69
2002-08-13,0.22,0.23,7.34,92.66
2002-08-14,0.23,0.25,11.43,88.57
2002-08-15,0.23,0.25,8.29,91.71
2002-08-16,0.24,0.25,6.92,93.08
2002-08-19,0.24,0.25,4.42,95.58
2002-08-20,0.24,0.25,4.88,95.12
2002-08-21,0.24,0.25,4.87,95.13
2002-08-22,0.24,0.26,9.89,90.11
2002-08-23,0.24,0.26,11.57,88.43
2002-08-26,0.23,0.25,8.85,91.15
2002-08-27,0.22,0.24,9.15,90.85
2002-08-28,0.22,0.23,6.54,93.46
2002-08-29,0.22,0.23,6.54,93.46
2002-08-30,0.22,0.24,9.89,90.11
2002-09-03,0.21,0.23,11.47,88.53
2002-09-04,0.22,0.23,8.16,91.84
2002-09-05,0.21,0.22,3.36,96.64
2002-09-06,0.22,0.22,1.92,98.08
2002-09-09,0.22,0.2,9.3,90.7
2002-09-10,0.21,0.2,9.04,90.96
2002-09-11,0.21,0.19,11.8,88.2
2002-09-12,0.21,0.19,10.87,89.13
2002-09-13,0.21,0.19,11.06,88.94
2002-09-16,0.22,0.2,8.07,91.93
2002-09-17,0.22,0.22,0.55,99.45
2002-09-18,0.23,0.23,2.25,97.75
2002-09-19,0.22,0.22,2.07,97.93
2002-09-20,0.22,0.23,3.28,96.72
2002-09-23,0.22,0.23,4.9,95.1
2002-09-24,0.22,0.23,4.91,95.09
2002-09-25,0.22,0.23,4.34,95.66
2002-09-26,0.22,0.23,4.48,95.52
2002-09-27,0.22,0.23,4.34,95.66
2002-09-30,0.22,0.23,5.92,94.08
2002-10-01,0.22,0.23,5.85,94.15
2002-10-02,0.21,0.23,8.39,91.61
2002-10-03,0.21,0.23,7.4,92.6
2002-10-04,0.21,0.21,2.16,97.84
2002-10-07,0.21,0.2,3.2,96.8
2002-10-08,0.2,0.2,4.72,95.28
2002-10-09,0.2,0.2,1.92,98.08
2002-10-10,0.21,0.21,1.8,98.2
2002-10-11,0.22,0.21,1.21,98.79
2002-10-14,0.22,0.23,3.98,96.02
2002-10-15,0.23,0.23,1.31,98.69
2002-10-16,0.22,0.22,2.21,97.79
2002-10-17,0.21,0.21,1.59,98.41
2002-10-18,0.21,0.22,3.78,96.22
2002-10-21,0.22,0.23,5.48,94.52
2002-10-22,0.22,0.23,4.48,95.52
2002-10-23,0.22,0.23,3.22,96.78
2002-10-24,0.22,0.23,6.04,93.96
2002-10-25,0.23,0.24,5.2,94.8
2002-10-28,0.23,0.24,3.92,96.08
2002-10-29,0.23,0.24,5.07,94.93
2002-10-30,0.24,0.24,1.52,98.48
2002-10-31,0.24,0.26,9.21,90.79
2002-11-01,0.25,0.26,5.8,94.2
2002-11-04,0.25,0.26,2.48,97.52
2002-11-05,0.25,0.28,9.45,90.55
2002-11-06,0.26,0.31,18.35,81.65
2002-11-07,0.24,0.26,9.68,90.32
2002-11-08,0.24,0.25,6.72,93.28
2002-11-11,0.23,0.25,10.06,89.94
2002-11-12,0.23,0.25,6.69,93.31
2002-11-13,0.23,0.25,8.43,91.57
2002-11-14,0.24,0.25,3.71,96.29
2002-11-15,0.24,0.25,4.61,95.39
2002-11-18,0.23,0.25,6.62,93.38
2002-11-19,0.23,0.23,2.56,97.44
2002-11-20,0.23,0.23,0.84,99.16
2002-11-21,0.24,0.24,0.86,99.14
2002-11-22,0.24,0.23,2.18,97.82
2002-11-25,0.24,0.23,1.94,98.06
2002-11-26,0.23,0.23,1.47,98.53
2002-11-27,0.24,0.24,3.11,96.89
2002-11-29,0.23,0.24,4.58,95.42
2002-12-02,0.23,0.25,9.92,90.08
2002-12-03,0.23,0.23,3.3,96.7
2002-12-04,0.22,0.23,4.62,95.38
2002-12-05,0.22,0.22,0.18,99.82
2002-12-06,0.22,0.23,4.76,95.24
2002-12-09,0.22,0.23,6.18,93.82
2002-12-10,0.23,0.25,9.2,90.8
2002-12-11,0.23,0.24,4.64,95.36
2002-12-12,0.23,0.22,2.6,97.4
2002-12-13,0.22,0.22,0.03,99.97
2002-12-16,0.22,0.23,2.24,97.76
2002-12-17,0.23,0.23,3.85,96.15
2002-12-18,0.22,0.22,1.54,98.46
2002-12-19,0.21,0.22,3.22,96.78
2002-12-20,0.21,0.23,7.38,92.62
2002-12-23,0.22,0.21,1.08,98.92
2002-12-24,0.22,0.21,0.18,99.82
2002-12-26,0.22,0.22,3.35,96.65
2002-12-27,0.21,0.21,0.54,99.46
2002-12-30,0.21,0.21,1.87,98.13
2002-12-31,0.21,0.21,3.31,96.69
2003-01-02,0.22,0.21,3.15,96.85
2003-01-03,0.22,0.21,3.8,96.2
2003-01-06,0.22,0.23,3.08,96.92
2003-01-07,0.22,0.22,0.22,99.78
2003-01-08,0.22,0.21,1.49,98.51
2003-01-09,0.22,0.23,4.62,95.38
2003-01-10,0.22,0.23,5.82,94.18
2003-01-13,0.22,0.23,6.48,93.52
2003-01-14,0.22,0.23,5.12,94.88
2003-01-15,0.22,0.23,6.43,93.57
2003-01-16,0.22,0.23,5.05,94.95
2003-01-17,0.21,0.23,8.93,91.07
2003-01-21,0.21,0.22,6.15,93.85
2003-01-22,0.21,0.21,3.27,96.73
2003-01-23,0.21,0.2,4.96,95.04
2003-01-24,0.21,0.2,3.41,96.59
2003-01-27,0.21,0.21,1.94,98.06
2003-01-28,0.22,0.21,1.69,98.31
2003-01-29,0.22,0.23,2.87,97.13
2003-01-30,0.21,0.21,0.1,99.9
2003-01-31,0.22,0.21,0.18,99.82
2003-02-03,0.22,0.23,4.76,95.24
2003-02-04,0.22,0.22,1.93,98.07
2003-02-05,0.22,0.23,6.29,93.71
2003-02-06,0.22,0.22,3.13,96.87
2003-02-07,0.21,0.23,8.54,91.46
2003-02-10,0.21,0.23,7.03,92.97
2003-02-11,0.21,0.23,7.03,92.97
2003-02-12,0.22,0.23,6.73,93.27
2003-02-13,0.22,0.23,7.13,92.87
2003-02-14,0.22,0.23,6.19,93.81
2003-02-18,0.23,0.23,2.01,97.99
2003-02-19,0.22,0.22,0.22,99.78
2003-02-20,0.22,0.23,5.47,94.53
2003-02-21,0.22,0.23,3.85,96.15
2003-02-24,0.22,0.23,4.2,95.8
2003-02-25,0.23,0.23,2.25,97.75
2003-02-26,0.22,0.23,5.92,94.08
2003-02-27,0.22,0.23,3.35,96.65
2003-02-28,0.22,0.23,3.78,96.22
2003-03-03,0.22,0.23,4.84,95.16
2003-03-04,0.22,0.23,5.48,94.52
2003-03-05,0.22,0.23,5.05,94.95
2003-03-06,0.22,0.23,5.48,94.52
2003-03-07,0.22,0.22,2.42,97.58
2003-03-10,0.22,0.2,6.28,93.72
2003-03-11,0.21,0.21,0.73,99.27
2003-03-12,0.21,0.21,0.8,99.2
2003-03-13,0.22,0.21,2.62,97.38
2003-03-14,0.22,0.23,3.91,96.09
2003-03-17,0.22,0.22,0.85,99.15
2003-03-18,0.22,0.23,3.85,96.15
2003-03-19,0.22,0.23,2.73,97.27
2003-03-20,0.22,0.22,0.19,99.81
2003-03-21,0.22,0.23,3.85,96.15
2003-03-24,0.22,0.21,0.25,99.75
2003-03-25,0.22,0.22,2.28,97.72
2003-03-26,0.22,0.22,3.28,96.72
2003-03-27,0.22,0.22,2.71,97.29
2003-03-28,0.22,0.23,5.41,94.59
2003-03-31,0.21,0.22,5.25,94.75
2003-04-01,0.21,0.22,5.1,94.9
2003-04-02,0.22,0.22,1.93,98.07
2003-04-03,0.22,0.21,0.87,99.13
2003-04-04,0.22,0.21,1.9,98.1
2003-04-07,0.22,0.21,1.08,98.92
2003-04-08,0.22,0.21,0.8,99.2
2003-04-09,0.21,0.21,2.35,97.65
2003-04-10,0.22,0.21,0.25,99.75
2003-04-11,0.2,0.2,0.98,99.02
2003-04-14,0.2,0.21,2.03,97.97
2003-04-15,0.2,0.21,3.48,96.52
2003-04-16,0.2,0.2,0.68,99.32
2003-04-17,0.2,0.2,0.24,99.76
2003-04-21,0.2,0.2,0.66,99.34
2003-04-22,0.2,0.21,4.31,95.69
2003-04-23,0.2,0.2,2.61,97.39
2003-04-24,0.2,0.2,1.59,98.41
2003-04-25,0.2,0.2,1.96,98.04
2003-04-28,0.21,0.21,1.68,98.32
2003-04-29,0.21,0.21,0.23,99.77
2003-04-30,0.21,0.23,6.31,93.69
2003-05-01,0.22,0.22,1.96,98.04
2003-05-02,0.22,0.25,15.64,84.36
2003-05-05,0.24,0.28,15.17,84.83
2003-05-06,0.26,0.28,7.49,92.51
2003-05-07,0.26,0.28,6.58,93.42
2003-05-08,0.27,0.3,11.7,88.3
2003-05-09,0.27,0.3,9.86,90.14
2003-05-12,0.28,0.3,8.33,91.67
2003-05-13,0.28,0.3,7.69,92.31
2003-05-14,0.28,0.31,11.27,88.73
2003-05-15,0.28,0.31,10.2,89.8
2003-05-16,0.28,0.31,9.79,90.21
2003-05-19,0.27,0.31,12.67,87.33
2003-05-20,0.27,0.29,8.68,91.32
2003-05-21,0.27,0.29,8.31,91.69
2003-05-22,0.27,0.29,6.0,94.0
2003-05-23,0.27,0.28,2.69,97.31
2003-05-27,0.28,0.29,2.53,97.47
2003-05-28,0.27,0.28,2.36,97.64
2003-05-29,0.27,0.28,2.17,97.83
2003-05-30,0.27,0.26,2.68,97.32
2003-06-02,0.26,0.25,2.63,97.37
2003-06-03,0.26,0.25,4.88,95.12
2003-06-04,0.26,0.26,0.75,99.25
2003-06-05,0.26,0.25,3.68,96.32
2003-06-06,0.26,0.25,4.0,96.0
2003-06-09,0.25,0.25,1.12,98.88
2003-06-10,0.26,0.26,1.68,98.32
2003-06-11,0.26,0.26,0.11,99.89
2003-06-12,0.27,0.26,1.7,98.3
2003-06-13,0.26,0.26,0.28,99.72
2003-06-16,0.27,0.26,4.39,95.61
2003-06-17,0.27,0.27,0.95,99.05
2003-06-18,0.29,0.28,2.13,97.87
2003-06-19,0.29,0.28,2.24,97.76
2003-06-20,0.29,0.29,0.82,99.18
2003-06-23,0.29,0.3,3.44,96.56
2003-06-24,0.28,0.29,1.54,98.46
2003-06-25,0.29,0.29,0.11,99.89
2003-06-26,0.29,0.31,5.98,94.02
2003-06-27,0.28,0.3,5.26,94.74
2003-06-30,0.29,0.3,3.44,96.56
2003-07-01,0.29,0.3,3.27,96.73
2003-07-02,0.29,0.3,2.31,97.69
2003-07-03,0.29,0.3,3.06,96.94
2003-07-07,0.3,0.3,0.78,99.22
2003-07-08,0.31,0.31,0.21,99.79
2003-07-09,0.3,0.3,0.92,99.08
2003-07-10,0.29,0.3,1.4,98.6
2003-07-11,0.3,0.3,0.02,99.98
2003-07-14,0.3,0.3,0.87,99.13
2003-07-15,0.29,0.3,2.36,97.64
2003-07-16,0.3,0.3,2.4,97.6
2003-07-17,0.31,0.3,3.95,96.05
2003-07-18,0.31,0.32,2.81,97.19
2003-07-21,0.31,0.3,2.6,97.4
2003-07-22,0.31,0.31,0.39,99.61
2003-07-23,0.31,0.3,3.45,96.55
2003-07-24,0.31,0.3,0.79,99.21
2003-07-25,0.32,0.3,5.53,94.47
2003-07-28,0.31,0.3,4.1,95.9
2003-07-29,0.31,0.3,1.8,98.2
2003-07-30,0.3,0.3,0.75,99.25
2003-07-31,0.32,0.3,3.47,96.53
2003-08-01,0.31,0.3,2.9,97.1
2003-08-04,0.32,0.3,4.07,95.93
2003-08-05,0.31,0.3,1.23,98.77
2003-08-06,0.29,0.29,2.68,97.32
2003-08-07,0.3,0.29,4.14,95.86
2003-08-08,0.29,0.29,2.73,97.27
2003-08-11,0.29,0.29,2.83,97.17
2003-08-12,0.3,0.29,3.02,96.98
2003-08-13,0.3,0.29,2.61,97.39
2003-08-14,0.3,0.28,6.73,93.27
2003-08-15,0.3,0.29,3.07,96.93
2003-08-18,0.3,0.29,3.38,96.62
2003-08-19,0.3,0.3,0.94,99.06
2003-08-20,0.31,0.29,6.46,93.54
2003-08-21,0.32,0.3,6.14,93.86
2003-08-22,0.31,0.29,5.88,94.12
2003-08-25,0.31,0.3,3.5,96.5
2003-08-26,0.32,0.33,4.37,95.63
2003-08-27,0.32,0.33,2.28,97.72
2003-08-28,0.33,0.36,8.92,91.08
2003-08-29,0.34,0.36,6.9,93.1
2003-09-02,0.34,0.37,6.73,93.27
2003-09-03,0.34,0.36,5.31,94.69
2003-09-04,0.34,0.36,5.87,94.13
2003-09-05,0.34,0.36,7.42,92.58
2003-09-08,0.34,0.36,6.28,93.72
2003-09-09,0.34,0.35,4.79,95.21
2003-09-10,0.33,0.33,0.95,99.05
2003-09-11,0.34,0.33,2.61,97.39
2003-09-12,0.35,0.36,4.63,95.37
2003-09-15,0.33,0.33,1.08,98.92
2003-09-16,0.33,0.33,1.02,98.98
2003-09-17,0.33,0.33,0.93,99.07
2003-09-18,0.34,0.33,4.22,95.78
2003-09-19,0.34,0.32,5.06,94.94
2003-09-22,0.33,0.31,5.4,94.6
2003-09-23,0.34,0.31,6.87,93.13
2003-09-24,0.32,0.31,2.95,97.05
2003-09-25,0.31,0.3,2.0,98.0
2003-09-26,0.31,0.3,3.23,96.77
2003-09-29,0.32,0.31,1.93,98.07
2003-09-30,0.31,0.31,0.81,99.19
2003-10-01,0.31,0.31,1.26,98.74
2003-10-02,0.31,0.29,5.86,94.14
2003-10-03,0.32,0.31,4.44,95.56
2003-10-06,0.33,0.32,4.55,95.45
2003-10-07,0.35,0.33,6.32,93.68
2003-10-08,0.35,0.33,5.67,94.33
2003-10-09,0.35,0.33,7.24,92.76
2003-10-10,0.35,0.33,7.22,92.78
2003-10-13,0.36,0.33,9.77,90.23
2003-10-14,0.37,0.38,4.18,95.82
2003-10-15,0.37,0.41,10.38,89.62
2003-10-16,0.35,0.35,0.54,99.46
2003-10-17,0.34,0.35,2.75,97.25
2003-10-20,0.35,0.37,7.01,92.99
2003-10-21,0.35,0.35,0.85,99.15
2003-10-22,0.34,0.35,2.71,97.29
2003-10-23,0.34,0.35,1.68,98.32
2003-10-24,0.34,0.35,2.47,97.53
2003-10-27,0.34,0.33,1.35,98.65
2003-10-28,0.36,0.35,1.69,98.31
2003-10-29,0.35,0.35,0.75,99.25
2003-10-30,0.35,0.33,3.44,96.56
2003-10-31,0.34,0.33,3.46,96.54
2003-11-03,0.35,0.33,3.69,96.31
2003-11-04,0.34,0.32,6.47,93.53
2003-11-05,0.35,0.35,0.03,99.97
2003-11-06,0.35,0.35,1.7,98.3
2003-11-07,0.34,0.33,0.91,99.09
2003-11-10,0.33,0.33,0.38,99.62
2003-11-11,0.32,0.33,2.59,97.41
2003-11-12,0.33,0.33,0.16,99.84
2003-11-13,0.34,0.34,1.89,98.11
2003-11-14,0.32,0.33,3.89,96.11
2003-11-17,0.32,0.29,8.99,91.01
2003-11-18,0.31,0.28,8.68,91.32
2003-11-19,0.31,0.29,5.82,94.18
2003-11-20,0.31,0.29,6.43,93.57
2003-11-21,0.3,0.28,8.09,91.91
2003-11-24,0.32,0.3,6.1,93.9
2003-11-25,0.31,0.29,6.36,93.64
2003-11-26,0.31,0.29,6.54,93.46
2003-11-28,0.31,0.3,3.16,96.84
2003-12-01,0.33,0.32,2.0,98.0
2003-12-02,0.32,0.32,1.23,98.77
2003-12-03,0.32,0.31,2.38,97.62
2003-12-04,0.32,0.31,2.94,97.06
2003-12-05,0.31,0.31,0.59,99.41
2003-12-08,0.32,0.32,1.07,98.93
2003-12-09,0.31,0.33,6.36,93.64
2003-12-10,0.31,0.32,4.39,95.61
2003-12-11,0.32,0.33,3.58,96.42
2003-12-12,0.31,0.33,4.12,95.88
2003-12-15,0.3,0.31,2.76,97.24
2003-12-16,0.3,0.31,3.02,96.98
2003-12-17,0.3,0.31,4.26,95.74
2003-12-18,0.3,0.31,3.43,96.57
2003-12-19,0.3,0.29,1.7,98.3
2003-12-22,0.3,0.29,2.44,97.56
2003-12-23,0.3,0.3,0.25,99.75
2003-12-24,0.31,0.31,1.55,98.45
2003-12-26,0.31,0.32,2.38,97.62
2003-12-29,0.32,0.33,2.84,97.16
2003-12-30,0.32,0.33,3.24,96.76
2003-12-31,0.32,0.33,2.81,97.19
2004-01-02,0.32,0.33,2.22,97.78
2004-01-05,0.33,0.33,0.9,99.1
2004-01-06,0.33,0.36,9.41,90.59
2004-01-07,0.34,0.37,10.36,89.64
2004-01-08,0.35,0.39,11.26,88.74
2004-01-09,0.34,0.37,8.4,91.6
2004-01-12,0.36,0.39,10.71,89.29
2004-01-13,0.36,0.39,8.92,91.08
2004-01-14,0.36,0.39,8.56,91.44
2004-01-15,0.34,0.35,2.59,97.41
2004-01-16,0.34,0.33,3.3,96.7
2004-01-20,0.34,0.33,3.34,96.66
2004-01-21,0.34,0.33,2.83,97.17
2004-01-22,0.33,0.33,1.93,98.07
2004-01-23,0.34,0.33,2.61,97.39
2004-01-26,0.34,0.33,4.77,95.23
2004-01-27,0.35,0.35,2.03,97.97
2004-01-28,0.34,0.34,1.44,98.56
2004-01-29,0.34,0.33,1.7,98.3
2004-01-30,0.34,0.33,1.17,98.83
2004-02-02,0.33,0.32,3.99,96.01
2004-02-03,0.33,0.31,5.96,94.04
2004-02-04,0.33,0.28,14.46,85.54
2004-02-05,0.34,0.31,6.83,93.17
2004-02-06,0.34,0.32,5.61,94.39
2004-02-09,0.34,0.32,5.44,94.56
2004-02-10,0.34,0.35,1.48,98.52
2004-02-11,0.36,0.37,5.08,94.92
2004-02-12,0.36,0.35,0.81,99.19
2004-02-13,0.34,0.34,0.68,99.32
2004-02-17,0.35,0.35,0.69,99.31
2004-02-18,0.35,0.35,1.2,98.8
2004-02-19,0.34,0.34,1.66,98.34
2004-02-20,0.34,0.34,1.98,98.02
2004-02-23,0.33,0.34,2.94,97.06
2004-02-24,0.33,0.35,4.29,95.71
2004-02-25,0.34,0.35,3.19,96.81
2004-02-26,0.35,0.35,1.21,98.79
2004-02-27,0.36,0.35,1.59,98.41
2004-03-01,0.36,0.35,2.0,98.0
2004-03-02,0.36,0.35,1.14,98.86
2004-03-03,0.36,0.35,2.51,97.49
2004-03-04,0.38,0.36,5.68,94.32
2004-03-05,0.4,0.41,2.96,97.04
2004-03-08,0.39,0.38,3.07,96.93
2004-03-09,0.41,0.42,2.35,97.65
2004-03-10,0.41,0.44,6.78,93.22
2004-03-11,0.41,0.42,2.97,97.03
2004-03-12,0.41,0.44,7.25,92.75
2004-03-15,0.4,0.4,0.41,99.59
2004-03-16,0.39,0.37,4.34,95.66
2004-03-17,0.39,0.37,5.69,94.31
2004-03-18,0.38,0.37,3.78,96.22
2004-03-19,0.39,0.37,4.49,95.51
2004-03-22,0.39,0.37,4.49,95.51
2004-03-23,0.38,0.37,3.2,96.8
2004-03-24,0.38,0.37,4.0,96.0
2004-03-25,0.4,0.37,8.89,91.11
2004-03-26,0.41,0.37,9.47,90.53
2004-03-29,0.42,0.37,12.29,87.71
2004-03-30,0.42,0.4,4.39,95.61
2004-03-31,0.41,0.39,3.04,96.96
2004-04-01,0.41,0.39,3.29,96.71
2004-04-02,0.41,0.4,2.13,97.87
2004-04-05,0.42,0.43,0.23,99.77
2004-04-06,0.42,0.4,3.29,96.71
2004-04-07,0.41,0.4,1.45,98.55
2004-04-08,0.41,0.4,2.24,97.76
2004-04-12,0.42,0.4,4.02,95.98
2004-04-13,0.4,0.4,0.06,99.94
2004-04-14,0.4,0.4,0.21,99.79
2004-04-15,0.44,0.4,8.14,91.86
2004-04-16,0.44,0.4,7.77,92.23
2004-04-19,0.42,0.4,5.84,94.16
2004-04-20,0.42,0.39,5.45,94.55
2004-04-21,0.42,0.43,3.01,96.99
2004-04-22,0.42,0.43,2.82,97.18
2004-04-23,0.41,0.43,3.12,96.88
2004-04-26,0.41,0.41,0.8,99.2
2004-04-27,0.4,0.41,1.51,98.49
2004-04-28,0.4,0.41,3.39,96.61
2004-04-29,0.4,0.41,2.15,97.85
2004-04-30,0.39,0.4,4.22,95.78
2004-05-03,0.39,0.41,4.89,95.11
2004-05-04,0.39,0.39,0.3,99.7
2004-05-05,0.4,0.35,12.85,87.15
2004-05-06,0.4,0.35,12.62,87.38
2004-05-07,0.4,0.36,9.58,90.42
2004-05-10,0.39,0.36,8.24,91.76
2004-05-11,0.41,0.38,6.13,93.87
2004-05-12,0.41,0.38,6.68,93.32
2004-05-13,0.41,0.38,6.3,93.7
2004-05-14,0.41,0.42,3.8,96.2
2004-05-17,0.4,0.42,5.43,94.57
2004-05-18,0.41,0.43,5.56,94.44
2004-05-19,0.4,0.42,6.11,93.89
2004-05-20,0.4,0.43,7.76,92.24
2004-05-21,0.41,0.43,6.17,93.83
2004-05-24,0.41,0.43,5.28,94.72
2004-05-25,0.43,0.45,6.49,93.51
2004-05-26,0.43,0.45,6.11,93.89
2004-05-27,0.42,0.43,2.17,97.83
2004-05-28,0.42,0.45,7.81,92.19
2004-06-01,0.42,0.43,2.57,97.43
2004-06-02,0.43,0.43,0.48,99.52
2004-06-03,0.43,0.43,1.35,98.65
2004-06-04,0.43,0.43,0.01,99.99
2004-06-07,0.45,0.48,6.74,93.26
2004-06-08,0.45,0.48,4.84,95.16
2004-06-09,0.45,0.49,7.89,92.11
2004-06-10,0.46,0.5,9.43,90.57
2004-06-14,0.45,0.48,5.64,94.36
2004-06-15,0.46,0.48,3.68,96.32
2004-06-16,0.49,0.48,2.14,97.86
2004-06-17,0.49,0.48,2.35,97.65
2004-06-18,0.49,0.49,1.0,99.0
2004-06-21,0.48,0.48,1.58,98.42
2004-06-22,0.49,0.48,2.91,97.09
2004-06-23,0.5,0.48,4.93,95.07
2004-06-24,0.5,0.48,3.44,96.56
2004-06-25,0.5,0.48,4.93,95.07
2004-06-28,0.49,0.43,11.41,88.59
2004-06-29,0.49,0.43,11.44,88.56
2004-06-30,0.49,0.43,11.55,88.45
2004-07-01,0.48,0.48,0.59,99.41
2004-07-02,0.47,0.47,1.57,98.43
2004-07-06,0.46,0.47,2.0,98.0
2004-07-07,0.46,0.43,4.61,95.39
2004-07-08,0.45,0.43,3.82,96.18
2004-07-09,0.45,0.43,3.47,96.53
2004-07-12,0.44,0.43,0.52,99.48
2004-07-13,0.44,0.42,3.83,96.17
2004-07-14,0.44,0.41,6.41,93.59
2004-07-15,0.49,0.47,5.58,94.42
2004-07-16,0.48,0.45,5.75,94.25
2004-07-19,0.48,0.47,2.75,97.25
2004-07-20,0.48,0.47,3.44,96.56
2004-07-21,0.47,0.45,4.02,95.98
2004-07-22,0.47,0.47,1.86,98.14
2004-07-23,0.46,0.47,1.27,98.73
2004-07-26,0.47,0.47,0.98,99.02
2004-07-27,0.49,0.48,1.98,98.02
2004-07-28,0.48,0.48,1.5,98.5
2004-07-29,0.49,0.48,2.61,97.39
2004-07-30,0.48,0.5,2.84,97.16
2004-08-02,0.47,0.48,0.65,99.35
2004-08-03,0.47,0.48,1.59,98.41
2004-08-04,0.48,0.45,4.53,95.47
2004-08-05,0.47,0.45,3.31,96.69
2004-08-06,0.45,0.45,0.31,99.69
2004-08-09,0.45,0.45,0.16,99.84
2004-08-10,0.47,0.48,2.21,97.79
2004-08-11,0.46,0.46,0.29,99.71
2004-08-12,0.45,0.48,6.08,93.92
2004-08-13,0.46,0.48,4.46,95.54
2004-08-16,0.46,0.45,1.96,98.04
2004-08-17,0.46,0.45,2.24,97.76
2004-08-18,0.48,0.45,4.92,95.08
2004-08-19,0.46,0.45,1.73,98.27
2004-08-20,0.46,0.45,2.02,97.98
2004-08-23,0.47,0.48,3.66,96.34
2004-08-24,0.48,0.49,2.32,97.68
2004-08-25,0.5,0.49,0.42,99.58
2004-08-26,0.52,0.57,10.07,89.93
2004-08-27,0.51,0.55,7.63,92.37
2004-08-30,0.51,0.53,2.91,97.09
2004-08-31,0.52,0.55,7.2,92.8
2004-09-01,0.54,0.54,0.13,99.87
2004-09-02,0.53,0.53,0.83,99.17
2004-09-03,0.53,0.53,0.24,99.76
2004-09-07,0.54,0.57,6.68,93.32
2004-09-08,0.54,0.57,4.95,95.05
2004-09-09,0.53,0.57,7.48,92.52
2004-09-10,0.54,0.57,6.97,93.03
2004-09-13,0.53,0.57,7.19,92.81
2004-09-14,0.53,0.57,7.87,92.13
2004-09-15,0.53,0.54,2.95,97.05
2004-09-16,0.54,0.54,0.31,99.69
2004-09-17,0.56,0.56,1.53,98.47
2004-09-20,0.56,0.59,4.15,95.85
2004-09-21,0.57,0.59,3.33,96.67
2004-09-22,0.55,0.54,2.44,97.56
2004-09-23,0.56,0.62,11.1,88.9
2004-09-24,0.56,0.62,11.04,88.96
2004-09-27,0.56,0.62,10.33,89.67
2004-09-28,0.57,0.62,8.85,91.15
2004-09-29,0.58,0.67,14.9,85.1
2004-09-30,0.58,0.65,12.13,87.87
2004-10-01,0.58,0.67,14.93,85.07
2004-10-04,0.58,0.67,14.58,85.42
2004-10-05,0.59,0.69,17.51,82.49
2004-10-06,0.61,0.69,13.84,86.16
2004-10-07,0.59,0.64,8.22,91.78
2004-10-08,0.59,0.62,6.01,93.99
2004-10-11,0.58,0.68,18.32,81.68
2004-10-12,0.57,0.69,19.82,80.18
2004-10-13,0.6,0.71,19.12,80.88
2004-10-14,0.67,0.74,10.44,89.56
2004-10-15,0.68,0.74,9.18,90.82
2004-10-18,0.72,0.76,6.25,93.75
2004-10-19,0.71,0.74,4.76,95.24
2004-10-20,0.71,0.74,4.65,95.35
2004-10-21,0.72,0.74,3.62,96.38
2004-10-22,0.71,0.74,3.64,96.36
2004-10-25,0.71,0.74,3.33,96.67
2004-10-26,0.72,0.73,1.97,98.03
2004-10-27,0.75,0.76,0.87,99.13
2004-10-28,0.78,0.76,2.25,97.75
2004-10-29,0.79,0.76,2.64,97.36
2004-11-01,0.79,0.76,2.8,97.2
2004-11-02,0.8,0.76,4.7,95.3
2004-11-03,0.83,0.79,4.21,95.79
2004-11-04,0.82,0.79,3.22,96.78
2004-11-05,0.82,0.79,3.69,96.31
2004-11-08,0.81,0.79,3.09,96.91
2004-11-09,0.81,0.85,4.62,95.38
2004-11-10,0.82,0.85,3.29,96.71
2004-11-11,0.83,0.86,4.17,95.83
2004-11-12,0.83,0.86,3.8,96.2
2004-11-15,0.83,0.86,4.29,95.71
2004-11-16,0.82,0.84,1.54,98.46
2004-11-17,0.82,0.81,1.24,98.76
2004-11-18,0.83,0.81,2.11,97.89
2004-11-19,0.83,0.81,1.72,98.28
2004-11-22,0.92,0.85,7.83,92.17
2004-11-23,0.92,0.84,8.59,91.41
2004-11-24,0.96,0.97,1.52,98.48
2004-11-26,0.97,0.97,0.74,99.26
2004-11-29,1.03,0.98,4.58,95.42
2004-11-30,1.0,0.97,3.02,96.98
2004-12-01,1.02,0.97,4.08,95.92
2004-12-02,0.98,0.95,3.08,96.92
2004-12-03,0.94,0.9,4.01,95.99
2004-12-06,0.99,0.92,6.3,93.7
2004-12-07,0.94,0.9,4.33,95.67
2004-12-08,0.95,0.9,4.92,95.08
2004-12-09,0.96,0.9,5.98,94.02
2004-12-10,0.98,0.92,5.39,94.61
2004-12-13,0.97,0.9,7.31,92.69
2004-12-14,0.98,0.9,7.85,92.15
2004-12-15,0.98,0.9,8.14,91.86
2004-12-16,1.0,0.9,9.99,90.01
2004-12-17,0.97,0.86,11.63,88.37
2004-12-20,0.94,0.86,8.43,91.57
2004-12-21,0.95,1.01,5.69,94.31
2004-12-22,0.96,1.01,5.59,94.41
2004-12-23,0.96,1.05,9.09,90.91
2004-12-27,0.95,1.01,6.58,93.42
2004-12-28,0.96,1.05,8.8,91.2
2004-12-29,0.97,1.05,8.36,91.64
2004-12-30,0.97,1.05,7.76,92.24
2004-12-31,0.96,1.01,4.52,95.48
2005-01-03,0.95,1.01,6.36,93.64
2005-01-04,0.96,1.01,5.28,94.72
2005-01-05,0.97,1.02,5.51,94.49
2005-01-06,0.97,1.01,4.28,95.72
2005-01-07,1.04,1.05,1.15,98.85
2005-01-10,1.03,1.09,5.98,94.02
2005-01-11,0.97,1.05,8.16,91.84
2005-01-12,0.98,1.05,6.67,93.33
2005-01-13,1.05,1.05,0.35,99.65
2005-01-14,1.05,1.07,1.88,98.12
2005-01-18,1.06,1.07,1.23,98.77
2005-01-19,1.05,1.05,0.24,99.76
2005-01-20,1.06,1.05,0.59,99.41
2005-01-21,1.06,1.05,0.63,99.37
2005-01-24,1.06,1.07,1.07,98.93
2005-01-25,1.08,1.07,0.74,99.26
2005-01-26,1.08,1.07,1.01,98.99
2005-01-27,1.09,1.07,1.54,98.46
2005-01-28,1.11,1.05,5.32,94.68
2005-01-31,1.15,1.08,6.49,93.51
2005-02-01,1.16,1.13,3.07,96.93
2005-02-02,1.19,1.13,5.62,94.38
2005-02-03,1.17,1.11,5.09,94.91
2005-02-04,1.18,1.13,4.42,95.58
2005-02-07,1.18,1.13,4.55,95.45
2005-02-08,1.21,1.14,5.55,94.45
2005-02-09,1.18,1.12,5.27,94.73
2005-02-10,1.17,1.12,4.81,95.19
2005-02-11,1.22,1.12,7.88,92.12
2005-02-14,1.27,1.3,2.34,97.66
2005-02-15,1.32,1.32,0.23,99.77
2005-02-16,1.35,1.32,2.13,97.87
2005-02-17,1.32,1.29,1.62,98.38
2005-02-18,1.3,1.27,2.29,97.71
2005-02-22,1.28,1.26,1.64,98.36
2005-02-23,1.32,1.26,4.92,95.08
2005-02-24,1.33,1.28,4.18,95.82
2005-02-25,1.33,1.27,4.68,95.32
2005-02-28,1.34,1.33,0.95,99.05
2005-03-01,1.33,1.29,2.92,97.08
2005-03-02,1.32,1.33,0.72,99.28
2005-03-03,1.25,1.29,3.38,96.62
2005-03-04,1.28,1.29,0.92,99.08
2005-03-07,1.28,1.29,0.8,99.2
2005-03-08,1.21,1.24,2.15,97.85
2005-03-09,1.18,1.21,2.36,97.64
2005-03-10,1.19,1.21,1.5,98.5
2005-03-11,1.21,1.25,3.29,96.71
2005-03-14,1.21,1.19,1.27,98.73
2005-03-15,1.23,1.18,3.87,96.13
2005-03-16,1.23,1.15,6.74,93.26
2005-03-17,1.27,1.25,0.98,99.02
2005-03-18,1.29,1.25,2.62,97.38
2005-03-21,1.31,1.26,3.42,96.58
2005-03-22,1.28,1.25,2.32,97.68
2005-03-23,1.27,1.29,1.28,98.72
2005-03-24,1.27,1.28,0.83,99.17
2005-03-28,1.27,1.28,0.76,99.24
2005-03-29,1.25,1.29,3.48,96.52
2005-03-30,1.28,1.35,5.65,94.35
2005-03-31,1.25,1.29,3.68,96.32
2005-04-01,1.23,1.29,5.39,94.61
2005-04-04,1.23,1.29,4.87,95.13
2005-04-05,1.26,1.29,2.87,97.13
2005-04-06,1.27,1.29,1.8,98.2
2005-04-07,1.31,1.29,1.07,98.93
2005-04-08,1.31,1.29,1.48,98.52
2005-04-11,1.26,1.25,0.2,99.8
2005-04-12,1.28,1.28,0.46,99.54
2005-04-13,1.23,1.25,1.94,98.06
2005-04-14,1.12,1.21,8.5,91.5
2005-04-15,1.06,1.15,8.64,91.36
2005-04-18,1.07,1.17,9.97,90.03
2005-04-19,1.11,1.17,5.61,94.39
2005-04-20,1.06,1.15,8.15,91.85
2005-04-21,1.11,1.19,7.07,92.93
2005-04-22,1.06,1.19,11.47,88.53
2005-04-25,1.11,1.19,7.39,92.61
2005-04-26,1.08,1.18,8.81,91.19
2005-04-27,1.08,1.15,6.82,93.18
2005-04-28,1.06,1.15,8.05,91.95
2005-04-29,1.08,1.15,6.5,93.5
2005-05-02,1.09,0.97,10.78,89.22
2005-05-03,1.08,1.0,7.55,92.45
2005-05-04,1.11,1.05,5.98,94.02
2005-05-05,1.1,1.05,4.12,95.88
2005-05-06,1.12,1.05,5.56,94.44
2005-05-09,1.11,1.05,5.52,94.48
2005-05-10,1.09,1.05,3.44,96.56
2005-05-11,1.07,1.02,4.77,95.23
2005-05-12,1.02,1.02,0.64,99.36
2005-05-13,1.04,1.01,3.16,96.84
2005-05-16,1.07,1.02,4.61,95.39
2005-05-17,1.06,1.03,3.05,96.95
2005-05-18,1.07,1.05,1.87,98.13
2005-05-19,1.13,1.06,6.05,93.95
2005-05-20,1.13,1.05,6.34,93.66
2005-05-23,1.19,1.06,11.27,88.73
2005-05-24,1.19,1.06,11.14,88.86
2005-05-25,1.19,1.06,11.32,88.68
2005-05-26,1.22,1.09,10.38,89.62
2005-05-27,1.22,1.27,4.56,95.44
2005-05-31,1.19,1.23,3.56,96.44
2005-06-01,1.21,1.29,7.18,92.82
2005-06-02,1.2,1.32,10.15,89.85
2005-06-03,1.15,1.27,10.91,89.09
2005-06-06,1.14,1.23,8.59,91.41
2005-06-07,1.09,1.23,12.39,87.61
2005-06-08,1.11,1.23,11.23,88.77
2005-06-09,1.13,1.23,9.08,90.92
2005-06-10,1.07,1.19,11.17,88.83
2005-06-13,1.08,0.97,9.46,90.54
2005-06-14,1.08,0.97,9.71,90.29
2005-06-15,1.11,1.01,8.94,91.06
2005-06-16,1.14,1.01,11.34,88.66
2005-06-17,1.15,1.02,11.48,88.52
2005-06-20,1.13,1.02,9.84,90.16
2005-06-21,1.13,1.01,10.69,89.31
2005-06-22,1.16,1.02,12.03,87.97
2005-06-23,1.17,1.23,5.6,94.4
2005-06-24,1.13,1.22,8.13,91.87
2005-06-27,1.11,1.05,5.21,94.79
2005-06-28,1.12,1.05,5.74,94.26
2005-06-29,1.09,1.02,6.76,93.24
2005-06-30,1.1,1.05,4.46,95.54
2005-07-01,1.09,1.05,3.65,96.35
2005-07-05,1.14,1.06,7.12,92.88
2005-07-06,1.12,1.05,5.94,94.06
2005-07-07,1.13,1.05,7.18,92.82
2005-07-08,1.15,1.05,8.68,91.32
2005-07-11,1.14,1.05,7.7,92.3
2005-07-12,1.15,1.05,8.03,91.97
2005-07-13,1.15,1.05,8.92,91.08
2005-07-14,1.22,1.23,1.05,98.95
2005-07-15,1.24,1.27,2.07,97.93
2005-07-18,1.24,1.29,4.11,95.89
2005-07-19,1.29,1.3,0.26,99.74
2005-07-20,1.31,1.33,1.41,98.59
2005-07-21,1.3,1.32,1.88,98.12
2005-07-22,1.32,1.33,0.56,99.44
2005-07-25,1.31,1.32,0.67,99.33
2005-07-26,1.31,1.33,1.41,98.59
2005-07-27,1.32,1.33,0.58,99.42
2005-07-28,1.31,1.38,5.32,94.68
2005-07-29,1.28,1.35,6.02,93.98
2005-08-01,1.28,1.35,5.78,94.22
2005-08-02,1.29,1.35,4.7,95.3
2005-08-03,1.3,1.33,2.81,97.19
2005-08-04,1.28,1.29,1.15,98.85
2005-08-05,1.29,1.29,0.49,99.51
2005-08-08,1.28,1.25,1.91,98.09
2005-08-09,1.31,1.29,1.66,98.34
2005-08-10,1.3,1.34,2.79,97.21
2005-08-11,1.32,1.33,0.8,99.2
2005-08-12,1.38,1.36,1.57,98.43
2005-08-15,1.43,1.4,1.84,98.16
2005-08-16,1.39,1.29,6.59,93.41
2005-08-17,1.41,1.32,6.74,93.26
2005-08-18,1.39,1.48,6.41,93.59
2005-08-19,1.37,1.44,4.8,95.2
2005-08-22,1.37,1.44,4.71,95.29
2005-08-23,1.37,1.44,5.01,94.99
2005-08-24,1.37,1.44,4.94,95.06
2005-08-25,1.38,1.5,9.0,91.0
2005-08-26,1.37,1.5,9.76,90.24
2005-08-29,1.37,1.48,7.85,92.15
2005-08-30,1.4,1.48,6.16,93.84
2005-08-31,1.4,1.48,5.43,94.57
2005-09-01,1.39,1.46,5.17,94.83
2005-09-02,1.38,1.42,2.54,97.46
2005-09-06,1.46,1.52,3.83,96.17
2005-09-07,1.46,1.5,3.13,96.87
2005-09-08,1.49,1.56,4.91,95.09
2005-09-09,1.54,1.59,3.55,96.45
2005-09-12,1.54,1.59,3.37,96.63
2005-09-13,1.52,1.58,3.51,96.49
2005-09-14,1.49,1.54,3.69,96.31
2005-09-15,1.49,1.54,3.15,96.85
2005-09-16,1.53,1.56,1.98,98.02
2005-09-19,1.58,1.57,0.58,99.42
2005-09-20,1.59,1.57,1.61,98.39
2005-09-21,1.56,1.54,1.29,98.71
2005-09-22,1.56,1.56,0.62,99.38
2005-09-23,1.59,1.56,1.84,98.16
2005-09-26,1.61,1.55,4.1,95.9
2005-09-27,1.6,1.54,3.74,96.26
2005-09-28,1.53,1.48,3.25,96.75
2005-09-29,1.57,1.48,5.58,94.42
2005-09-30,1.61,1.5,6.35,93.65
2005-10-03,1.63,1.5,7.78,92.22
2005-10-04,1.61,1.5,6.59,93.41
2005-10-05,1.58,1.51,4.36,95.64
2005-10-06,1.55,1.49,3.88,96.12
2005-10-07,1.54,1.44,6.11,93.89
2005-10-10,1.51,1.44,4.38,95.62
2005-10-11,1.55,1.47,4.67,95.33
2005-10-12,1.48,1.44,2.21,97.79
2005-10-13,1.61,1.48,8.04,91.96
2005-10-14,1.62,1.49,7.97,92.03
2005-10-17,1.6,1.47,7.97,92.03
2005-10-18,1.56,1.49,4.82,95.18
2005-10-19,1.65,1.51,8.32,91.68
2005-10-20,1.68,1.49,11.48,88.52
2005-10-21,1.67,1.76,5.33,94.67
2005-10-24,1.7,1.77,4.14,95.86
2005-10-25,1.68,1.77,5.42,94.58
2005-10-26,1.71,1.77,3.7,96.3
2005-10-27,1.66,1.77,6.73,93.27
2005-10-28,1.63,1.77,8.57,91.43
2005-10-31,1.73,1.77,2.69,97.31
2005-11-01,1.72,1.81,5.0,95.0
2005-11-02,1.8,1.81,0.7,99.3
2005-11-03,1.85,1.81,2.39,97.61
2005-11-04,1.83,1.82,0.83,99.17
2005-11-07,1.8,1.82,0.69,99.31
2005-11-08,1.79,1.78,0.82,99.18
2005-11-09,1.8,1.78,1.16,98.84
2005-11-10,1.83,1.82,0.87,99.13
2005-11-11,1.84,1.78,3.46,96.54
2005-11-14,1.84,1.82,1.31,98.69
2005-11-15,1.87,1.82,2.63,97.37
2005-11-16,1.95,1.85,4.84,95.16
2005-11-17,1.93,1.87,3.38,96.62
2005-11-18,1.93,1.84,4.68,95.32
2005-11-21,1.95,1.85,4.85,95.15
2005-11-22,1.99,1.84,7.49,92.51
2005-11-23,2.01,1.84,8.47,91.53
2005-11-25,2.08,1.87,10.1,89.9
2005-11-28,2.09,1.87,10.31,89.69
2005-11-29,2.04,1.87,8.46,91.54
2005-11-30,2.03,1.85,8.86,91.14
2005-12-01,2.15,2.19,2.31,97.69
2005-12-02,2.18,2.19,0.86,99.14
2005-12-05,2.15,2.18,1.26,98.74
2005-12-06,2.22,2.19,1.08,98.92
2005-12-07,2.22,2.17,2.03,97.97
2005-12-08,2.22,2.18,1.83,98.17
2005-12-09,2.23,2.18,2.16,97.84
2005-12-12,2.24,2.19,2.21,97.79
2005-12-13,2.25,2.18,3.01,96.99
2005-12-14,2.16,2.11,2.34,97.66
2005-12-15,2.16,2.11,2.57,97.43
2005-12-16,2.13,2.08,2.21,97.79
2005-12-19,2.14,2.11,1.48,98.52
2005-12-20,2.16,2.11,2.48,97.52
2005-12-21,2.2,2.11,4.32,95.68
2005-12-22,2.22,2.08,6.05,93.95
2005-12-23,2.2,2.1,4.27,95.73
2005-12-27,2.22,2.08,6.32,93.68
2005-12-28,2.2,2.07,6.17,93.83
2005-12-29,2.14,2.04,4.81,95.19
2005-12-30,2.15,2.04,5.4,94.6
2006-01-03,2.24,2.07,7.65,92.35
2006-01-04,2.25,2.07,7.92,92.08
2006-01-05,2.23,2.11,5.45,94.55
2006-01-06,2.29,2.49,8.97,91.03
2006-01-09,2.28,2.53,10.95,89.05
2006-01-10,2.42,2.55,5.32,94.68
2006-01-11,2.51,2.56,1.64,98.36
2006-01-12,2.53,2.56,1.17,98.83
2006-01-13,2.56,2.56,0.37,99.63
2006-01-17,2.54,2.56,0.67,99.33
2006-01-18,2.47,2.53,2.29,97.71
2006-01-19,2.37,2.52,6.4,93.6
2006-01-20,2.28,2.49,9.27,90.73
2006-01-23,2.33,2.49,7.05,92.95
2006-01-24,2.28,2.47,8.31,91.69
2006-01-25,2.22,2.45,10.31,89.69
2006-01-26,2.17,2.42,11.76,88.24
2006-01-27,2.16,2.42,12.22,87.78
2006-01-30,2.25,2.45,9.14,90.86
2006-01-31,2.26,2.04,9.93,90.07
2006-02-01,2.26,2.0,11.69,88.31
2006-02-02,2.16,1.99,7.83,92.17
2006-02-03,2.15,1.98,7.92,92.08
2006-02-06,2.02,1.98,2.0,98.0
2006-02-07,2.03,1.98,2.13,97.87
2006-02-08,2.06,2.0,3.21,96.79
2006-02-09,1.95,2.0,2.55,97.45
2006-02-10,2.02,2.0,1.05,98.95
2006-02-13,1.94,2.0,2.93,97.07
2006-02-14,2.03,2.03,0.4,99.6
2006-02-15,2.07,2.04,1.75,98.25
2006-02-16,2.11,2.07,2.18,97.82
2006-02-17,2.11,2.04,3.24,96.76
2006-02-21,2.07,2.03,1.69,98.31
2006-02-22,2.14,2.04,4.64,95.36
2006-02-23,2.15,2.07,3.79,96.21
2006-02-24,2.14,2.07,3.4,96.6
2006-02-27,2.13,2.11,0.94,99.06
2006-02-28,2.05,2.08,1.53,98.47
2006-03-01,2.07,2.08,0.64,99.36
2006-03-02,2.09,2.11,1.03,98.97
2006-03-03,2.03,2.08,2.69,97.31
2006-03-06,1.96,2.08,6.2,93.8
2006-03-07,1.99,2.04,2.56,97.44
2006-03-08,1.97,2.04,3.58,96.42
2006-03-09,1.92,2.0,4.18,95.82
2006-03-10,1.89,2.0,5.4,94.6
2006-03-13,1.97,2.04,3.55,96.45
2006-03-14,2.02,2.03,0.88,99.12
2006-03-15,1.98,2.02,2.03,97.97
2006-03-16,1.93,2.0,3.57,96.43
2006-03-17,1.94,2.0,3.01,96.99
2006-03-20,1.92,2.03,5.91,94.09
2006-03-21,1.85,2.0,7.76,92.24
2006-03-22,1.85,2.0,8.0,92.0
2006-03-23,1.8,2.0,10.71,89.29
2006-03-24,1.8,2.0,11.08,88.92
2006-03-27,1.78,1.67,6.42,93.58
2006-03-28,1.76,1.67,5.15,94.85
2006-03-29,1.87,1.71,8.4,91.6
2006-03-30,1.88,1.74,7.39,92.61
2006-03-31,1.88,1.71,8.97,91.03
2006-04-03,1.88,1.67,11.11,88.89
2006-04-04,1.83,1.67,8.96,91.04
2006-04-05,2.01,1.78,11.6,88.4
2006-04-06,2.13,1.78,16.6,83.4
2006-04-07,2.09,2.11,0.77,99.23
2006-04-10,2.06,2.11,2.41,97.59
2006-04-11,2.04,2.11,3.43,96.57
2006-04-12,2.0,2.11,5.42,94.58
2006-04-13,1.99,2.11,5.8,94.2
2006-04-17,1.94,2.11,8.51,91.49
2006-04-18,1.98,2.11,6.2,93.8
2006-04-19,1.97,2.11,7.12,92.88
2006-04-20,2.03,2.11,3.98,96.02
2006-04-21,2.01,2.11,4.9,95.1
2006-04-24,1.97,2.08,5.76,94.24
2006-04-25,1.98,2.11,6.28,93.72
2006-04-26,2.04,2.08,2.04,97.96
2006-04-27,2.08,2.04,1.95,98.05
2006-04-28,2.11,2.08,1.21,98.79
2006-05-01,2.09,2.08,0.09,99.91
2006-05-02,2.15,2.11,1.81,98.19
2006-05-03,2.13,2.11,1.15,98.85
2006-05-04,2.13,2.11,1.13,98.87
2006-05-05,2.15,2.17,0.63,99.37
2006-05-08,2.15,2.15,0.19,99.81
2006-05-09,2.13,2.14,0.74,99.26
2006-05-10,2.12,2.11,0.39,99.61
2006-05-11,2.04,2.08,2.04,97.96
2006-05-12,2.03,2.1,3.72,96.28
2006-05-15,2.03,2.08,2.58,97.42
2006-05-16,1.95,2.03,4.51,95.49
2006-05-17,1.96,2.0,2.06,97.94
2006-05-18,1.89,1.98,4.72,95.28
2006-05-19,1.93,2.0,3.25,96.75
2006-05-22,1.9,1.98,4.38,95.62
2006-05-23,1.89,1.98,4.77,95.23
2006-05-24,1.9,1.98,4.45,95.55
2006-05-25,1.93,1.98,2.84,97.16
2006-05-26,1.9,1.98,4.11,95.89
2006-05-30,1.83,1.98,8.07,91.93
2006-05-31,1.79,1.98,10.34,89.66
2006-06-01,1.86,2.0,7.13,92.87
2006-06-02,1.85,1.67,9.68,90.32
2006-06-05,1.8,1.67,7.18,92.82
2006-06-06,1.79,1.67,6.75,93.25
2006-06-07,1.75,1.67,4.9,95.1
2006-06-08,1.82,1.71,6.03,93.97
2006-06-09,1.78,1.7,4.35,95.65
2006-06-12,1.71,1.67,2.3,97.7
2006-06-13,1.75,1.71,2.28,97.72
2006-06-14,1.73,1.7,1.64,98.36
2006-06-15,1.78,1.71,4.01,95.99
2006-06-16,1.72,1.7,1.22,98.78
2006-06-19,1.71,1.71,0.18,99.82
2006-06-20,1.72,1.71,0.65,99.35
2006-06-21,1.73,1.7,1.73,98.27
2006-06-22,1.79,1.71,4.17,95.83
2006-06-23,1.76,1.72,2.32,97.68
2006-06-26,1.77,1.74,1.48,98.52
2006-06-27,1.72,1.72,0.06,99.94
2006-06-28,1.68,1.7,1.15,98.85
2006-06-29,1.77,1.74,1.45,98.55
2006-06-30,1.72,1.76,2.37,97.63
2006-07-03,1.74,1.74,0.29,99.71
2006-07-05,1.71,1.74,1.96,98.04
2006-07-06,1.67,1.71,2.38,97.62
2006-07-07,1.66,1.71,3.06,96.94
2006-07-10,1.65,1.71,3.81,96.19
2006-07-11,1.67,1.71,2.6,97.4
2006-07-12,1.59,1.7,7.36,92.64
2006-07-13,1.57,1.67,6.58,93.42
2006-07-14,1.52,1.66,9.61,90.39
2006-07-17,1.57,1.67,6.34,93.66
2006-07-18,1.59,1.7,7.48,92.52
2006-07-19,1.62,1.71,5.54,94.46
2006-07-20,1.81,1.76,3.1,96.9
2006-07-21,1.82,1.78,2.16,97.84
2006-07-24,1.84,1.78,3.27,96.73
2006-07-25,1.86,1.78,4.07,95.93
2006-07-26,1.91,1.82,5.05,94.95
2006-07-27,1.9,1.82,4.35,95.65
2006-07-28,1.97,1.84,6.35,93.65
2006-07-31,2.04,1.84,9.61,90.39
2006-08-01,2.01,1.87,7.21,92.79
2006-08-02,2.04,1.87,8.54,91.46
2006-08-03,2.09,1.87,10.24,89.76
2006-08-04,2.05,1.87,8.73,91.27
2006-08-07,2.01,1.87,7.25,92.75
2006-08-08,1.94,1.84,5.17,94.83
2006-08-09,1.91,1.78,6.57,93.43
2006-08-10,1.92,1.78,7.27,92.73
2006-08-11,1.91,1.76,7.89,92.11
2006-08-14,1.92,1.76,8.31,91.69
2006-08-15,1.99,1.78,10.76,89.24
2006-08-16,2.04,1.78,12.61,87.39
2006-08-17,2.03,2.08,2.89,97.11
2006-08-18,2.03,2.07,1.65,98.35
2006-08-21,1.99,2.07,3.71,96.29
2006-08-22,2.03,2.07,2.08,97.92
2006-08-23,2.02,2.04,1.04,98.96
2006-08-24,2.03,2.07,1.8,98.2
2006-08-25,2.06,2.08,1.15,98.85
2006-08-28,2.01,2.11,4.99,95.01
2006-08-29,1.99,2.11,5.78,94.22
2006-08-30,2.01,2.11,5.03,94.97
2006-08-31,2.03,2.11,3.65,96.35
2006-09-01,2.05,2.14,4.65,95.35
2006-09-05,2.14,2.14,0.11,99.89
2006-09-06,2.1,2.1,0.26,99.74
2006-09-07,2.18,2.11,3.4,96.6
2006-09-08,2.17,2.11,3.03,96.97
2006-09-11,2.17,2.14,1.3,98.7
2006-09-12,2.18,2.14,1.47,98.53
2006-09-13,2.22,2.17,2.5,97.5
2006-09-14,2.22,2.53,14.03,85.97
2006-09-15,2.22,2.53,13.87,86.13
2006-09-18,2.21,2.56,15.41,84.59
2006-09-19,2.21,2.56,15.96,84.04
2006-09-20,2.26,2.19,2.67,97.33
2006-09-21,2.24,2.17,2.94,97.06
2006-09-22,2.19,2.14,1.97,98.03
2006-09-25,2.27,2.11,7.16,92.84
2006-09-26,2.33,2.17,6.65,93.35
2006-09-27,2.29,2.11,7.96,92.04
2006-09-28,2.31,2.14,7.08,92.92
2006-09-29,2.31,2.14,7.04,92.96
2006-10-02,2.24,2.11,6.06,93.94
2006-10-03,2.22,2.45,10.49,89.51
2006-10-04,2.26,2.47,9.26,90.74
2006-10-05,2.24,2.08,7.07,92.93
2006-10-06,2.22,2.08,6.31,93.69
2006-10-09,2.24,2.47,10.36,89.64
2006-10-10,2.21,2.04,7.86,92.14
2006-10-11,2.19,2.04,7.13,92.87
2006-10-12,2.26,2.1,6.7,93.3
2006-10-13,2.25,2.07,7.98,92.02
2006-10-16,2.26,2.04,9.8,90.2
2006-10-17,2.23,2.04,8.45,91.55
2006-10-18,2.23,2.42,8.46,91.54
2006-10-19,2.37,2.47,4.27,95.73
2006-10-20,2.4,2.53,5.54,94.46
2006-10-23,2.44,2.55,4.55,95.45
2006-10-24,2.43,2.53,4.11,95.89
2006-10-25,2.45,2.55,4.27,95.73
2006-10-26,2.46,2.56,3.75,96.25
2006-10-27,2.41,2.53,4.94,95.06
2006-10-30,2.41,2.53,5.17,94.83
2006-10-31,2.43,2.55,5.04,94.96
2006-11-01,2.37,2.49,5.04,94.96
2006-11-02,2.37,2.49,5.28,94.72
2006-11-03,2.35,2.49,6.2,93.8
2006-11-06,2.39,2.53,5.86,94.14
2006-11-07,2.41,2.53,4.81,95.19
2006-11-08,2.47,2.49,0.85,99.15
2006-11-09,2.5,2.49,0.23,99.77
2006-11-10,2.49,2.49,0.1,99.9
2006-11-13,2.53,2.49,1.43,98.57
2006-11-14,2.55,2.49,2.18,97.82
2006-11-15,2.52,2.49,1.2,98.8
2006-11-16,2.57,2.65,3.36,96.64
2006-11-17,2.57,2.65,3.08,96.92
2006-11-20,2.59,2.65,2.34,97.66
2006-11-21,2.65,2.7,1.79,98.21
2006-11-22,2.71,2.73,0.92,99.08
2006-11-24,2.75,2.73,0.38,99.62
2006-11-27,2.68,2.71,1.19,98.81
2006-11-28,2.75,2.71,1.31,98.69
2006-11-29,2.75,2.72,1.17,98.83
2006-11-30,2.75,2.72,1.02,98.98
2006-12-01,2.74,2.73,0.17,99.83
2006-12-04,2.73,2.73,0.05,99.95
2006-12-05,2.73,2.73,0.12,99.88
2006-12-06,2.69,2.71,0.61,99.39
2006-12-07,2.61,2.65,1.52,98.48
2006-12-08,2.64,2.67,0.88,99.12
2006-12-11,2.66,2.67,0.32,99.68
2006-12-12,2.58,2.59,0.35,99.65
2006-12-13,2.67,2.6,2.51,97.49
2006-12-14,2.65,2.59,2.38,97.62
2006-12-15,2.63,2.59,1.46,98.54
2006-12-18,2.56,2.48,3.01,96.99
2006-12-19,2.59,2.48,3.95,96.05
2006-12-20,2.54,2.48,2.2,97.8
2006-12-21,2.48,2.48,0.0,100.0
2006-12-22,2.46,2.5,1.62,98.38
2006-12-26,2.44,2.5,2.3,97.7
2006-12-27,2.44,2.5,2.47,97.53
2006-12-28,2.42,2.5,3.29,96.71
2006-12-29,2.54,2.55,0.12,99.88
2007-01-03,2.51,2.54,1.24,98.76
2007-01-04,2.57,2.58,0.35,99.65
2007-01-05,2.55,2.55,0.13,99.87
2007-01-08,2.56,2.55,0.62,99.38
2007-01-09,2.77,2.61,5.74,94.26
2007-01-10,2.91,2.7,7.09,92.91
2007-01-11,2.87,2.71,5.66,94.34
2007-01-12,2.84,2.71,4.48,95.52
2007-01-16,2.91,2.73,6.12,93.88
2007-01-17,2.84,2.83,0.5,99.5
2007-01-18,2.67,2.77,3.8,96.2
2007-01-19,2.65,2.77,4.47,95.53
2007-01-22,2.6,2.77,6.53,93.47
2007-01-23,2.57,2.65,3.1,96.9
2007-01-24,2.6,2.65,1.91,98.09
2007-01-25,2.58,2.62,1.34,98.66
2007-01-26,2.56,2.62,2.37,97.63
2007-01-29,2.58,2.62,1.71,98.29
2007-01-30,2.56,2.55,0.58,99.42
2007-01-31,2.57,2.48,3.64,96.36
2007-02-01,2.54,2.48,2.52,97.48
2007-02-02,2.54,2.48,2.53,97.47
2007-02-05,2.52,2.48,1.26,98.74
2007-02-06,2.52,2.48,1.51,98.49
2007-02-07,2.58,2.54,1.68,98.32
2007-02-08,2.58,2.55,1.44,98.56
2007-02-09,2.5,2.53,1.49,98.51
2007-02-12,2.54,2.56,0.51,99.49
2007-02-13,2.54,2.55,0.29,99.71
2007-02-14,2.56,2.55,0.42,99.58
2007-02-15,2.55,2.58,0.88,99.12
2007-02-16,2.54,2.55,0.13,99.87
2007-02-20,2.57,2.59,0.67,99.33
2007-02-21,2.67,2.61,2.18,97.82
2007-02-22,2.68,2.65,1.14,98.86
2007-02-23,2.67,2.61,2.04,97.96
2007-02-26,2.65,2.64,0.34,99.66
2007-02-27,2.51,2.6,3.56,96.44
2007-02-28,2.54,2.57,1.52,98.48
2007-03-01,2.61,2.62,0.42,99.58
2007-03-02,2.56,2.62,2.36,97.64
2007-03-05,2.59,2.62,1.28,98.72
2007-03-06,2.64,2.64,0.02,99.98
2007-03-07,2.63,2.62,0.33,99.67
2007-03-08,2.64,2.64,0.12,99.88
2007-03-09,2.64,2.64,0.27,99.73
2007-03-12,2.69,2.66,1.24,98.76
2007-03-13,2.65,2.62,1.06,98.94
2007-03-14,2.7,2.61,3.32,96.68
2007-03-15,2.68,2.64,1.79,98.21
2007-03-16,2.68,2.64,1.81,98.19
2007-03-19,2.73,2.72,0.39,99.61
2007-03-20,2.74,2.72,0.77,99.23
2007-03-21,2.81,2.72,3.3,96.7
2007-03-22,2.82,2.86,1.52,98.48
2007-03-23,2.8,2.83,1.14,98.86
2007-03-26,2.87,2.83,1.32,98.68
2007-03-27,2.86,2.83,0.92,99.08
2007-03-28,2.79,2.81,0.49,99.51
2007-03-29,2.81,2.81,0.06,99.94
2007-03-30,2.78,2.77,0.49,99.51
2007-04-02,2.81,2.81,0.05,99.95
2007-04-03,2.83,2.81,0.85,99.15
2007-04-04,2.82,2.81,0.61,99.39
2007-04-05,2.84,2.81,1.04,98.96
2007-04-09,2.81,2.77,1.27,98.73
2007-04-10,2.82,2.77,1.9,98.1
2007-04-11,2.77,2.69,3.06,96.94
2007-04-12,2.76,2.69,2.64,97.36
2007-04-13,2.7,2.66,1.76,98.24
2007-04-16,2.74,2.58,5.71,94.29
2007-04-17,2.71,2.58,4.58,95.42
2007-04-18,2.71,2.65,2.05,97.95
2007-04-19,2.7,2.64,2.28,97.72
2007-04-20,2.73,2.69,1.34,98.66
2007-04-23,2.8,2.72,2.93,97.07
2007-04-24,2.79,2.69,3.74,96.26
2007-04-25,2.86,2.75,3.85,96.15
2007-04-26,2.96,2.77,6.46,93.54
2007-04-27,2.99,2.81,6.23,93.77
2007-04-30,2.99,2.77,7.36,92.64
2007-05-01,2.98,3.21,7.65,92.35
2007-05-02,3.01,3.22,7.15,92.85
2007-05-03,3.01,3.25,8.05,91.95
2007-05-04,3.02,3.25,7.61,92.39
2007-05-07,3.11,2.86,8.09,91.91
2007-05-08,3.15,2.86,9.09,90.91
2007-05-09,3.2,2.86,10.64,89.36
2007-05-10,3.22,3.25,1.18,98.82
2007-05-11,3.26,3.25,0.12,99.88
2007-05-14,3.28,3.25,0.69,99.31
2007-05-15,3.22,3.25,0.9,99.1
2007-05-16,3.22,3.23,0.57,99.43
2007-05-17,3.28,3.61,10.2,89.8
2007-05-18,3.3,3.61,9.62,90.38
2007-05-21,3.36,3.61,7.7,92.3
2007-05-22,3.4,3.62,6.34,93.66
2007-05-23,3.38,3.61,6.83,93.17
2007-05-24,3.32,3.59,8.13,91.87
2007-05-25,3.4,3.59,5.34,94.66
2007-05-29,3.43,3.59,4.67,95.33
2007-05-30,3.56,3.59,0.87,99.13
2007-05-31,3.63,3.59,1.15,98.85
2007-06-01,3.55,3.56,0.43,99.57
2007-06-04,3.64,3.81,4.78,95.22
2007-06-05,3.68,3.83,4.2,95.8
2007-06-06,3.7,3.83,3.38,96.62
2007-06-07,3.72,3.83,3.02,96.98
2007-06-08,3.73,3.83,2.68,97.32
2007-06-11,3.6,3.77,4.58,95.42
2007-06-12,3.61,3.77,4.42,95.58
2007-06-13,3.52,3.77,6.97,93.03
2007-06-14,3.56,3.77,5.85,94.15
2007-06-15,3.61,3.77,4.31,95.69
2007-06-18,3.75,3.8,1.47,98.53
2007-06-19,3.71,3.77,1.65,98.35
2007-06-20,3.64,3.74,2.77,97.23
2007-06-21,3.71,3.77,1.45,98.55
2007-06-22,3.69,3.74,1.55,98.45
2007-06-25,3.67,3.72,1.37,98.63
2007-06-26,3.59,3.69,2.79,97.21
2007-06-27,3.65,3.69,0.9,99.1
2007-06-28,3.61,3.69,2.02,97.98
2007-06-29,3.66,3.74,2.35,97.65
2007-07-02,3.63,3.74,3.01,96.99
2007-07-03,3.81,3.77,1.16,98.84
2007-07-05,3.98,3.8,4.38,95.62
2007-07-06,3.96,3.8,4.06,95.94
2007-07-09,3.91,3.77,3.56,96.44
2007-07-10,3.97,3.77,5.03,94.97
2007-07-11,3.97,4.14,4.45,95.55
2007-07-12,4.02,4.14,3.14,96.86
2007-07-13,4.13,4.17,0.97,99.03
2007-07-16,4.14,4.17,0.7,99.3
2007-07-17,4.16,4.19,0.77,99.23
2007-07-18,4.14,4.18,0.96,99.04
2007-07-19,4.19,4.19,0.01,99.99
2007-07-20,4.31,4.19,2.62,97.38
2007-07-23,4.31,4.24,1.62,98.38
2007-07-24,4.04,4.14,2.53,97.47
2007-07-25,4.11,4.14,0.76,99.24
2007-07-26,4.37,4.18,4.42,95.58
2007-07-27,4.31,4.41,2.36,97.64
2007-07-30,4.24,4.37,3.24,96.76
2007-07-31,3.95,4.32,9.54,90.46
2007-08-01,4.05,4.35,7.58,92.42
2007-08-02,4.09,4.36,6.68,93.32
2007-08-03,3.95,4.33,9.66,90.34
2007-08-06,4.05,4.11,1.48,98.52
2007-08-07,4.05,4.11,1.65,98.35
2007-08-08,4.02,4.06,1.21,98.79
2007-08-09,3.79,3.98,5.08,94.92
2007-08-10,3.75,3.92,4.65,95.35
2007-08-13,3.83,4.03,5.13,94.87
2007-08-14,3.72,3.65,1.81,98.19
2007-08-15,3.59,3.57,0.75,99.25
2007-08-16,3.51,3.57,1.67,98.33
2007-08-17,3.66,3.58,2.14,97.86
2007-08-20,3.66,3.65,0.27,99.73
2007-08-21,3.82,3.69,3.59,96.41
2007-08-22,3.97,3.69,7.18,92.82
2007-08-23,3.93,3.72,5.39,94.61
2007-08-24,4.05,3.74,7.68,92.32
2007-08-27,3.96,3.7,6.72,93.28
2007-08-28,3.8,3.69,3.02,96.98
2007-08-29,4.02,4.1,2.13,97.87
2007-08-30,4.08,4.11,0.59,99.41
2007-08-31,4.15,4.11,1.03,98.97
2007-09-04,4.32,4.14,4.07,95.93
2007-09-05,4.1,4.11,0.21,99.79
2007-09-06,4.05,4.14,2.44,97.56
2007-09-07,3.95,4.14,4.96,95.04
2007-09-10,4.1,4.14,1.17,98.83
2007-09-11,4.06,4.14,2.0,98.0
2007-09-12,4.1,4.12,0.49,99.51
2007-09-13,4.11,4.12,0.24,99.76
2007-09-14,4.16,4.12,0.93,99.07
2007-09-17,4.15,4.1,1.06,98.94
2007-09-18,4.22,4.11,2.75,97.25
2007-09-19,4.22,4.14,1.73,98.27
2007-09-20,4.2,4.12,1.97,98.03
2007-09-21,4.32,4.14,4.04,95.96
2007-09-24,4.44,4.12,7.24,92.76
2007-09-25,4.59,4.3,6.4,93.6
2007-09-26,4.58,4.35,4.86,95.14
2007-09-27,4.63,4.61,0.51,99.49
2007-09-28,4.6,4.6,0.07,99.93
2007-10-01,4.68,4.57,2.5,97.5
2007-10-02,4.75,4.57,3.8,96.2
2007-10-03,4.73,4.57,3.48,96.52
2007-10-04,4.68,4.6,1.71,98.29
2007-10-05,4.84,4.6,4.88,95.12
2007-10-08,5.03,4.93,1.92,98.08
2007-10-09,5.03,4.94,1.81,98.19
2007-10-10,5.0,4.93,1.26,98.74
2007-10-11,4.86,5.02,3.36,96.64
2007-10-12,5.01,5.02,0.26,99.74
2007-10-15,5.0,5.0,0.05,99.95
2007-10-16,5.08,5.16,1.6,98.4
2007-10-17,5.18,5.16,0.26,99.74
2007-10-18,5.2,5.17,0.63,99.37
2007-10-19,5.11,5.14,0.64,99.36
2007-10-22,5.22,5.14,1.63,98.37
2007-10-23,5.58,5.31,4.82,95.18
2007-10-24,5.57,5.32,4.56,95.44
2007-10-25,5.48,5.5,0.38,99.62
2007-10-26,5.53,5.46,1.37,98.63
2007-10-29,5.55,5.46,1.58,98.42
2007-10-30,5.6,5.5,1.88,98.12
2007-10-31,5.69,5.53,2.77,97.23
2007-11-01,5.62,5.54,1.29,98.71
2007-11-02,5.63,5.54,1.51,98.49
2007-11-05,5.58,5.51,1.22,98.78
2007-11-06,5.75,5.54,3.53,96.47
2007-11-07,5.58,5.47,2.05,97.95
2007-11-08,5.26,5.53,5.11,94.89
2007-11-09,4.95,5.42,9.39,90.61
2007-11-12,4.61,5.08,10.29,89.71
2007-11-13,5.09,5.28,3.61,96.39
2007-11-14,4.98,5.23,5.08,94.92
2007-11-15,4.92,5.22,6.1,93.9
2007-11-16,4.99,5.03,0.82,99.18
2007-11-19,4.91,5.02,2.12,97.88
2007-11-20,5.06,4.9,3.07,96.93
2007-11-21,5.05,4.91,2.77,97.23
2007-11-23,5.14,4.91,4.45,95.55
2007-11-26,5.17,4.83,6.49,93.51
2007-11-27,5.24,4.77,8.88,91.12
2007-11-28,5.4,4.83,10.47,89.53
2007-11-29,5.52,4.94,10.53,89.47
2007-11-30,5.46,5.1,6.55,93.45
2007-12-03,5.36,5.22,2.51,97.49
2007-12-04,5.39,5.27,2.24,97.76
2007-12-05,5.56,5.34,3.87,96.13
2007-12-06,5.69,5.36,5.76,94.24
2007-12-07,5.82,5.56,4.43,95.57
2007-12-10,5.82,5.58,4.11,95.89
2007-12-11,5.65,5.54,1.86,98.14
2007-12-12,5.72,5.63,1.62,98.38
2007-12-13,5.75,5.63,2.12,97.88
2007-12-14,5.7,5.59,2.07,97.93
2007-12-17,5.53,5.55,0.45,99.55
2007-12-18,5.48,5.53,0.8,99.2
2007-12-19,5.49,5.49,0.11,99.89
2007-12-20,5.61,5.53,1.48,98.52
2007-12-21,5.81,5.59,3.84,96.16
2007-12-24,5.96,5.85,1.81,98.19
2007-12-26,5.96,5.81,2.51,97.49
2007-12-27,5.95,5.81,2.32,97.68
2007-12-28,5.99,5.81,2.94,97.06
2007-12-31,5.94,5.79,2.48,97.52
2008-01-02,5.84,5.86,0.41,99.59
2008-01-03,5.84,5.84,0.04,99.96
2008-01-04,5.39,5.67,5.06,94.94
2008-01-07,5.32,5.61,5.46,94.54
2008-01-08,5.13,5.61,9.4,90.6
2008-01-09,5.38,5.74,6.7,93.3
2008-01-10,5.33,5.68,6.53,93.47
2008-01-11,5.17,5.36,3.5,96.5
2008-01-14,5.36,5.35,0.1,99.9
2008-01-15,5.06,5.18,2.2,97.8
2008-01-16,4.78,5.08,6.23,93.77
2008-01-17,4.82,5.08,5.41,94.59
2008-01-18,4.83,4.88,0.95,99.05
2008-01-22,4.66,4.88,4.66,95.34
2008-01-23,4.17,4.71,13.02,86.98
2008-01-24,4.06,4.57,12.52,87.48
2008-01-25,3.9,4.45,14.28,85.72
2008-01-28,3.9,4.08,4.75,95.25
2008-01-29,3.94,4.08,3.53,96.47
2008-01-30,3.96,3.91,1.3,98.7
2008-01-31,4.06,3.88,4.4,95.6
2008-02-01,4.01,3.88,3.25,96.75
2008-02-04,3.94,3.57,9.39,90.61
2008-02-05,3.88,3.57,7.79,92.21
2008-02-06,3.66,3.57,2.23,97.77
2008-02-07,3.63,3.57,1.61,98.39
2008-02-08,3.76,3.57,4.94,95.06
2008-02-11,3.88,3.59,7.46,92.54
2008-02-12,3.74,3.58,4.33,95.67
2008-02-13,3.88,3.69,4.95,95.05
2008-02-14,3.82,3.7,3.21,96.79
2008-02-15,3.73,3.69,1.31,98.69
2008-02-19,3.66,3.65,0.24,99.76
2008-02-20,3.71,3.65,1.56,98.44
2008-02-21,3.64,3.58,1.72,98.28
2008-02-22,3.58,3.58,0.01,99.99
2008-02-25,3.59,3.64,1.59,98.41
2008-02-26,3.57,3.64,2.1,97.9
2008-02-27,3.68,3.74,1.59,98.41
2008-02-28,3.89,3.77,3.24,96.76
2008-02-29,3.75,3.72,0.81,99.19
2008-03-03,3.65,3.65,0.13,99.87
2008-03-04,3.73,3.72,0.49,99.51
2008-03-05,3.73,3.69,1.2,98.8
2008-03-06,3.62,3.69,1.7,98.3
2008-03-07,3.66,3.7,0.91,99.09
2008-03-10,3.59,3.7,3.07,96.93
2008-03-11,3.82,3.74,1.92,98.08
2008-03-12,3.78,3.74,0.89,99.11
2008-03-13,3.83,3.77,1.75,98.25
2008-03-14,3.79,3.77,0.72,99.28
2008-03-17,3.8,3.77,0.82,99.18
2008-03-18,3.98,3.77,5.36,94.64
2008-03-19,3.89,3.72,4.36,95.64
2008-03-20,3.99,3.77,5.68,94.32
2008-03-24,4.18,3.8,9.03,90.97
2008-03-25,4.22,3.8,9.97,90.03
2008-03-26,4.35,4.17,4.13,95.87
2008-03-27,4.2,4.14,1.4,98.6
2008-03-28,4.29,4.15,3.17,96.83
2008-03-31,4.3,4.2,2.21,97.79
2008-04-01,4.48,4.2,6.15,93.85
2008-04-02,4.42,4.2,4.86,95.14
2008-04-03,4.54,4.2,7.44,92.56
2008-04-04,4.59,4.44,3.23,96.77
2008-04-07,4.67,4.55,2.65,97.35
2008-04-08,4.58,4.51,1.53,98.47
2008-04-09,4.54,4.53,0.23,99.77
2008-04-10,4.63,4.53,2.24,97.76
2008-04-11,4.41,4.47,1.31,98.69
2008-04-14,4.43,4.46,0.8,99.2
2008-04-15,4.45,4.48,0.8,99.2
2008-04-16,4.61,4.5,2.18,97.82
2008-04-17,4.63,4.63,0.04,99.96
2008-04-18,4.83,4.67,3.26,96.74
2008-04-21,5.04,4.67,7.36,92.64
2008-04-22,4.8,4.63,3.52,96.48
2008-04-23,4.88,4.96,1.71,98.29
2008-04-24,5.06,4.96,1.94,98.06
2008-04-25,5.09,4.96,2.39,97.61
2008-04-28,5.16,5.0,3.1,96.9
2008-04-29,5.25,5.14,1.91,98.09
2008-04-30,5.21,5.14,1.4,98.6
2008-05-01,5.39,5.21,3.32,96.68
2008-05-02,5.42,5.21,3.82,96.18
2008-05-05,5.54,5.33,3.65,96.35
2008-05-06,5.59,5.33,4.64,95.36
2008-05-07,5.47,5.3,3.18,96.82
2008-05-08,5.54,5.5,0.85,99.15
2008-05-09,5.5,5.46,0.7,99.3
2008-05-12,5.64,5.53,1.85,98.15
2008-05-13,5.69,5.58,1.96,98.04
2008-05-14,5.58,5.54,0.66,99.34
2008-05-15,5.68,5.54,2.48,97.52
2008-05-16,5.62,5.59,0.62,99.38
2008-05-19,5.5,5.55,0.88,99.12
2008-05-20,5.57,5.55,0.37,99.63
2008-05-21,5.34,5.49,2.88,97.12
2008-05-22,5.3,5.42,2.17,97.83
2008-05-23,5.43,5.42,0.15,99.85
2008-05-27,5.59,5.49,1.67,98.33
2008-05-28,5.6,5.44,2.84,97.16
2008-05-29,5.59,5.44,2.68,97.32
2008-05-30,5.66,5.49,2.85,97.15
2008-06-02,5.58,5.54,0.59,99.41
2008-06-03,5.55,5.47,1.5,98.5
2008-06-04,5.55,5.54,0.1,99.9
2008-06-05,5.68,5.46,3.78,96.22
2008-06-06,5.56,5.54,0.34,99.66
2008-06-09,5.44,5.54,1.87,98.13
2008-06-10,5.56,5.54,0.34,99.66
2008-06-11,5.42,5.58,2.94,97.06
2008-06-12,5.19,5.42,4.41,95.59
2008-06-13,5.16,5.36,3.75,96.25
2008-06-16,5.3,5.36,1.08,98.92
2008-06-17,5.44,5.34,1.81,98.19
2008-06-18,5.36,5.34,0.33,99.67
2008-06-19,5.42,5.34,1.52,98.48
2008-06-20,5.25,5.28,0.47,99.53
2008-06-23,5.19,5.27,1.64,98.36
2008-06-24,5.19,5.27,1.59,98.41
2008-06-25,5.32,5.07,4.56,95.44
2008-06-26,5.04,5.06,0.42,99.58
2008-06-27,5.1,5.08,0.4,99.6
2008-06-30,5.02,5.0,0.28,99.72
2008-07-01,5.23,5.02,4.11,95.89
2008-07-02,5.04,5.02,0.4,99.6
2008-07-03,5.1,5.05,1.02,98.98
2008-07-07,5.25,5.09,2.99,97.01
2008-07-08,5.38,5.21,3.16,96.84
2008-07-09,5.22,5.14,1.6,98.4
2008-07-10,5.29,5.18,2.13,97.87
2008-07-11,5.17,5.21,0.75,99.25
2008-07-14,5.21,5.24,0.64,99.36
2008-07-15,5.08,5.14,1.21,98.79
2008-07-16,5.18,5.09,1.67,98.33
2008-07-17,5.15,5.2,0.96,99.04
2008-07-18,4.95,5.09,2.89,97.11
2008-07-21,4.98,5.16,3.64,96.36
2008-07-22,4.85,5.03,3.54,96.46
2008-07-23,4.98,5.05,1.28,98.72
2008-07-24,4.77,4.91,3.06,96.94
2008-07-25,4.86,4.91,1.04,98.96
2008-07-28,4.63,4.84,4.58,95.42
2008-07-29,4.71,4.7,0.14,99.86
2008-07-30,4.79,4.76,0.64,99.36
2008-07-31,4.76,4.77,0.06,99.94
2008-08-01,4.69,4.7,0.12,99.88
2008-08-04,4.59,4.7,2.36,97.64
2008-08-05,4.81,4.77,0.84,99.16
2008-08-06,4.92,4.83,1.73,98.27
2008-08-07,4.9,4.91,0.12,99.88
2008-08-08,5.08,4.94,2.75,97.25
2008-08-11,5.2,4.96,4.55,95.45
2008-08-12,5.3,4.96,6.26,93.74
2008-08-13,5.37,5.0,6.91,93.09
2008-08-14,5.37,5.14,4.35,95.65
2008-08-15,5.27,5.3,0.59,99.41
2008-08-18,5.26,5.27,0.21,99.79
2008-08-19,5.2,5.26,1.12,98.88
2008-08-20,5.27,5.46,3.6,96.4
2008-08-21,5.22,5.46,4.63,95.37
2008-08-22,5.3,5.52,4.17,95.83
2008-08-25,5.17,5.42,4.86,95.14
2008-08-26,5.2,5.22,0.34,99.66
2008-08-27,5.23,5.22,0.25,99.75
2008-08-28,5.21,5.22,0.22,99.78
2008-08-29,5.08,5.09,0.23,99.77
2008-09-02,4.98,4.96,0.46,99.54
2008-09-03,5.0,4.96,0.92,99.08
2008-09-04,4.83,4.83,0.08,99.92
2008-09-05,4.8,4.93,2.71,97.29
2008-09-08,4.73,4.83,2.17,97.83
2008-09-09,4.54,4.72,3.76,96.24
2008-09-10,4.54,4.71,3.68,96.32
2008-09-11,4.57,4.58,0.09,99.91
2008-09-12,4.46,4.57,2.44,97.56
2008-09-15,4.21,4.57,8.7,91.3
2008-09-16,4.19,4.57,9.07,90.93
2008-09-17,3.83,4.11,7.37,92.63
2008-09-18,4.02,4.11,2.36,97.64
2008-09-19,4.22,4.18,1.11,98.89
2008-09-22,3.93,4.08,3.91,96.09
2008-09-23,3.8,3.92,3.01,96.99
2008-09-24,3.86,3.94,2.28,97.72
2008-09-25,3.95,3.97,0.47,99.53
2008-09-26,3.84,3.93,2.38,97.62
2008-09-29,3.15,3.86,22.48,77.52
2008-09-30,3.41,3.92,15.09,84.91
2008-10-01,3.27,3.58,9.47,90.53
2008-10-02,3.0,3.33,11.17,88.83
2008-10-03,2.91,3.34,14.79,85.21
2008-10-06,2.94,3.34,13.54,86.46
2008-10-07,2.67,3.34,24.98,75.02
2008-10-08,2.69,3.33,23.93,76.07
2008-10-09,2.66,3.32,24.83,75.17
2008-10-10,2.9,3.34,15.11,84.89
2008-10-13,3.3,3.02,8.61,91.39
2008-10-14,3.12,3.01,3.41,96.59
2008-10-15,2.93,2.95,0.39,99.61
2008-10-16,3.05,3.01,1.34,98.66
2008-10-17,2.92,3.05,4.59,95.41
2008-10-20,2.95,3.02,2.37,97.63
2008-10-21,2.74,3.02,10.03,89.97
2008-10-22,2.9,3.08,6.22,93.78
2008-10-23,2.94,3.11,5.66,94.34
2008-10-24,2.89,3.08,6.76,93.24
2008-10-27,2.76,2.75,0.45,99.55
2008-10-28,2.99,2.77,7.57,92.43
2008-10-29,3.13,2.77,11.56,88.44
2008-10-30,3.33,3.13,5.82,94.18
2008-10-31,3.22,3.08,4.37,95.63
2008-11-03,3.2,3.11,2.96,97.04
2008-11-04,3.33,3.13,5.78,94.22
2008-11-05,3.1,3.11,0.48,99.52
2008-11-06,2.97,3.11,4.74,95.26
2008-11-07,2.94,3.08,4.74,95.26
2008-11-10,2.87,2.75,4.39,95.61
2008-11-11,2.84,2.72,4.22,95.78
2008-11-12,2.7,2.69,0.41,99.59
2008-11-13,2.89,2.75,4.94,95.06
2008-11-14,2.7,2.72,0.59,99.41
2008-11-17,2.64,2.66,0.58,99.42
2008-11-18,2.69,2.65,1.67,98.33
2008-11-19,2.59,2.58,0.26,99.74
2008-11-20,2.41,2.57,6.56,93.44
2008-11-21,2.47,2.58,4.4,95.6
2008-11-24,2.79,2.64,5.09,94.91
2008-11-25,2.72,2.65,2.48,97.52
2008-11-26,2.85,2.69,5.52,94.48
2008-11-28,2.78,2.69,3.15,96.85
2008-12-01,2.66,2.69,0.93,99.07
2008-12-02,2.77,2.72,1.83,98.17
2008-12-03,2.87,2.72,5.4,94.6
2008-12-04,2.74,2.66,2.86,97.14
2008-12-05,2.82,2.75,2.47,97.53
2008-12-08,2.99,2.77,7.28,92.72
2008-12-09,3.0,2.77,7.6,92.4
2008-12-10,2.94,2.77,5.86,94.14
2008-12-11,2.85,2.77,2.67,97.33
2008-12-12,2.94,2.77,5.91,94.09
2008-12-15,2.84,2.75,3.25,96.75
2008-12-16,2.86,2.75,3.94,96.06
2008-12-17,2.67,2.69,0.67,99.33
2008-12-18,2.68,2.69,0.36,99.64
2008-12-19,2.7,2.75,1.86,98.14
2008-12-22,2.57,2.69,4.68,95.32
2008-12-23,2.59,2.65,2.51,97.49
2008-12-24,2.55,2.66,4.24,95.76
2008-12-26,2.57,2.65,3.19,96.81
2008-12-29,2.6,2.58,0.45,99.55
2008-12-30,2.59,2.58,0.09,99.91
2008-12-31,2.56,2.58,1.02,98.98
2009-01-02,2.72,2.66,2.15,97.85
2009-01-05,2.83,2.66,6.11,93.89
2009-01-06,2.79,2.67,4.14,95.86
2009-01-07,2.73,2.69,1.38,98.62
2009-01-08,2.78,2.77,0.38,99.62
2009-01-09,2.71,2.75,1.21,98.79
2009-01-12,2.66,2.72,2.38,97.62
2009-01-13,2.63,2.75,4.52,95.48
2009-01-14,2.56,2.72,6.38,93.62
2009-01-15,2.5,2.7,8.09,91.91
2009-01-16,2.47,2.59,4.99,95.01
2009-01-20,2.34,2.55,8.82,91.18
2009-01-21,2.48,2.59,4.36,95.64
2009-01-22,2.65,2.65,0.0,100.0
2009-01-23,2.65,2.6,1.75,98.25
2009-01-26,2.69,2.56,4.63,95.37
2009-01-27,2.72,2.56,5.78,94.22
2009-01-28,2.82,2.62,7.21,92.79
2009-01-29,2.79,2.65,4.99,95.01
2009-01-30,2.7,2.62,2.96,97.04
2009-02-02,2.74,2.75,0.18,99.82
2009-02-03,2.79,2.77,0.56,99.44
2009-02-04,2.8,2.77,1.17,98.83
2009-02-05,2.89,2.81,2.87,97.13
2009-02-06,2.99,2.83,5.26,94.74
2009-02-09,3.07,2.86,6.95,93.05
2009-02-10,2.93,2.83,3.43,96.57
2009-02-11,2.9,2.77,4.5,95.5
2009-02-12,2.97,2.81,5.62,94.38
2009-02-13,2.97,2.77,6.76,93.24
2009-02-17,2.83,2.75,3.02,96.98
2009-02-18,2.83,2.75,2.86,97.14
2009-02-19,2.72,2.69,0.98,99.02
2009-02-20,2.73,2.75,0.52,99.48
2009-02-23,2.61,2.69,3.23,96.77
2009-02-24,2.7,2.69,0.55,99.45
2009-02-25,2.73,2.7,1.13,98.87
2009-02-26,2.67,2.66,0.61,99.39
2009-02-27,2.68,2.58,3.47,96.53
2009-03-02,2.63,2.58,2.13,97.87
2009-03-03,2.65,2.58,2.44,97.56
2009-03-04,2.73,2.66,2.76,97.24
2009-03-05,2.66,2.58,2.96,97.04
2009-03-06,2.56,2.58,1.07,98.93
2009-03-09,2.49,2.58,3.73,96.27
2009-03-10,2.66,2.69,1.27,98.73
2009-03-11,2.78,2.75,1.09,98.91
2009-03-12,2.89,2.77,4.15,95.85
2009-03-13,2.87,2.77,3.62,96.38
2009-03-16,2.86,2.77,3.1,96.9
2009-03-17,2.99,2.77,7.23,92.77
2009-03-18,3.04,2.81,7.71,92.29
2009-03-19,3.04,2.81,7.8,92.2
2009-03-20,3.04,2.81,7.58,92.42
2009-03-23,3.23,2.83,12.25,87.75
2009-03-24,3.19,2.81,11.84,88.16
2009-03-25,3.19,3.22,1.02,98.98
2009-03-26,3.29,3.25,1.26,98.74
2009-03-27,3.2,3.25,1.53,98.47
2009-03-30,3.13,3.22,2.95,97.05
2009-03-31,3.15,3.22,2.33,97.67
2009-04-01,3.26,3.22,1.03,98.97
2009-04-02,3.38,3.22,4.56,95.44
2009-04-03,3.48,3.6,3.52,96.48
2009-04-06,3.55,3.59,1.14,98.86
2009-04-07,3.45,3.56,3.4,96.6
2009-04-08,3.49,3.56,2.22,97.78
2009-04-09,3.58,3.59,0.1,99.9
2009-04-13,3.6,3.56,1.09,98.91
2009-04-14,3.54,3.56,0.51,99.49
2009-04-15,3.52,3.53,0.03,99.97
2009-04-16,3.64,3.53,3.11,96.89
2009-04-17,3.7,3.59,3.02,96.98
2009-04-20,3.61,3.59,0.67,99.33
2009-04-21,3.65,3.83,4.89,95.11
2009-04-22,3.64,3.8,4.46,95.54
2009-04-23,3.76,3.8,1.22,98.78
2009-04-24,3.71,3.77,1.45,98.55
2009-04-27,3.74,3.77,0.77,99.23
2009-04-28,3.71,3.8,2.45,97.55
2009-04-29,3.75,3.8,1.43,98.57
2009-04-30,3.77,3.77,0.11,99.89
2009-05-01,3.81,3.77,1.21,98.79
2009-05-04,3.96,3.83,3.3,96.7
2009-05-05,3.98,3.83,3.68,96.32
2009-05-06,3.97,4.17,4.96,95.04
2009-05-07,3.87,4.11,6.19,93.81
2009-05-08,3.87,4.14,7.04,92.96
2009-05-11,3.88,4.14,6.73,93.27
2009-05-12,3.73,4.08,9.52,90.48
2009-05-13,3.58,3.99,11.51,88.49
2009-05-14,3.68,4.06,10.1,89.9
2009-05-15,3.67,4.03,9.74,90.26
2009-05-18,3.79,4.08,7.59,92.41
2009-05-19,3.82,3.74,1.99,98.01
2009-05-20,3.77,3.74,0.76,99.24
2009-05-21,3.72,3.69,0.96,99.04
2009-05-22,3.67,3.58,2.49,97.51
2009-05-26,3.92,3.72,5.18,94.82
2009-05-27,3.99,3.74,6.12,93.88
2009-05-28,4.05,4.11,1.47,98.53
2009-05-29,4.07,4.11,0.91,99.09
2009-06-01,4.18,4.11,1.65,98.35
2009-06-02,4.18,4.14,0.86,99.14
2009-06-03,4.22,4.19,0.69,99.31
2009-06-04,4.31,4.23,1.74,98.26
2009-06-05,4.33,4.23,2.37,97.63
2009-06-08,4.31,4.22,2.18,97.82
2009-06-09,4.28,4.44,3.72,96.28
2009-06-10,4.2,4.44,5.55,94.45
2009-06-11,4.19,4.44,5.85,94.15
2009-06-12,4.1,4.44,8.07,91.93
2009-06-15,4.08,4.37,7.29,92.71
2009-06-16,4.09,4.37,7.09,92.91
2009-06-17,4.06,4.35,7.12,92.88
2009-06-18,4.07,4.12,1.21,98.79
2009-06-19,4.18,4.12,1.4,98.6
2009-06-22,4.12,4.1,0.35,99.65
2009-06-23,4.02,4.06,1.0,99.0
2009-06-24,4.08,4.0,2.11,97.89
2009-06-25,4.19,4.07,2.92,97.08
2009-06-26,4.27,4.13,3.18,96.82
2009-06-29,4.25,4.26,0.1,99.9
2009-06-30,4.27,4.29,0.41,99.59
2009-07-01,4.28,4.16,2.82,97.18
2009-07-02,4.2,4.29,2.14,97.86
2009-07-06,4.15,4.29,3.17,96.83
2009-07-07,4.06,4.26,4.96,95.04
2009-07-08,4.11,4.29,4.22,95.78
2009-07-09,4.09,4.16,1.79,98.21
2009-07-10,4.15,4.13,0.44,99.56
2009-07-13,4.26,4.18,1.93,98.07
2009-07-14,4.26,4.31,1.07,98.93
2009-07-15,4.4,4.22,4.12,95.88
2009-07-16,4.42,4.5,1.92,98.08
2009-07-17,4.55,4.54,0.11,99.89
2009-07-20,4.58,4.54,0.87,99.13
2009-07-21,4.54,4.5,0.77,99.23
2009-07-22,4.7,4.54,3.29,96.71
2009-07-23,4.73,4.58,3.2,96.8
2009-07-24,4.79,4.93,2.94,97.06
2009-07-27,4.8,4.94,2.95,97.05
2009-07-28,4.79,4.94,3.02,96.98
2009-07-29,4.79,4.94,2.99,97.01
2009-07-30,4.88,4.94,1.24,98.76
2009-07-31,4.9,4.94,0.88,99.12
2009-08-03,4.99,4.94,0.97,99.03
2009-08-04,4.96,5.06,2.1,97.9
2009-08-05,4.95,5.06,2.29,97.71
2009-08-06,4.91,5.04,2.72,97.28
2009-08-07,4.96,5.04,1.72,98.28
2009-08-10,4.94,5.06,2.53,97.47
2009-08-11,4.88,5.0,2.5,97.5
2009-08-12,4.95,5.14,3.75,96.25
2009-08-13,5.05,5.14,1.95,98.05
2009-08-14,5.0,5.1,2.1,97.9
2009-08-17,4.78,5.05,5.51,94.49
2009-08-18,4.91,5.08,3.35,96.65
2009-08-19,4.93,5.08,2.97,97.03
2009-08-20,4.98,5.08,1.9,98.1
2009-08-21,5.07,5.08,0.16,99.84
2009-08-24,5.07,5.08,0.26,99.74
2009-08-25,5.08,5.1,0.45,99.55
2009-08-26,5.02,5.08,1.25,98.75
2009-08-27,5.08,5.08,0.03,99.97
2009-08-28,5.1,5.1,0.14,99.86
2009-08-31,5.04,5.1,1.23,98.77
2009-09-01,4.95,5.05,1.86,98.14
2009-09-02,4.95,5.09,2.87,97.13
2009-09-03,4.99,5.05,1.1,98.9
2009-09-04,5.1,5.14,0.82,99.18
2009-09-08,5.18,5.14,0.82,99.18
2009-09-09,5.13,5.1,0.5,99.5
2009-09-10,5.17,5.22,0.97,99.03
2009-09-11,5.16,5.22,1.14,98.86
2009-09-14,5.21,5.22,0.3,99.7
2009-09-15,5.25,5.22,0.53,99.47
2009-09-16,5.45,5.28,3.09,96.91
2009-09-17,5.53,5.5,0.58,99.42
2009-09-18,5.54,5.5,0.83,99.17
2009-09-21,5.51,5.5,0.23,99.77
2009-09-22,5.53,5.58,0.95,99.05
2009-09-23,5.56,5.58,0.39,99.61
2009-09-24,5.51,5.65,2.51,97.49
2009-09-25,5.46,5.63,2.96,97.04
2009-09-28,5.58,5.63,0.87,99.13
2009-09-29,5.55,5.64,1.51,98.49
2009-09-30,5.55,5.63,1.36,98.64
2009-10-01,5.42,5.55,2.41,97.59
2009-10-02,5.54,5.59,0.84,99.16
2009-10-05,5.57,5.59,0.23,99.77
2009-10-06,5.69,5.55,2.52,97.48
2009-10-07,5.7,5.55,2.64,97.36
2009-10-08,5.67,5.55,2.14,97.86
2009-10-09,5.71,5.55,2.76,97.24
2009-10-12,5.72,5.55,2.93,97.07
2009-10-13,5.69,5.6,1.64,98.36
2009-10-14,5.73,5.6,2.29,97.71
2009-10-15,5.71,5.9,3.32,96.68
2009-10-16,5.63,5.84,3.62,96.38
2009-10-19,5.69,5.86,3.05,96.95
2009-10-20,5.96,5.9,0.95,99.05
2009-10-21,6.14,5.97,2.7,97.3
2009-10-22,6.15,5.92,3.65,96.35
2009-10-23,6.11,5.9,3.45,96.55
2009-10-26,6.07,5.86,3.46,96.54
2009-10-27,5.91,5.86,0.87,99.13
2009-10-28,5.76,5.84,1.28,98.72
2009-10-29,5.88,5.86,0.42,99.58
2009-10-30,5.65,5.81,2.78,97.22
2009-11-02,5.67,5.81,2.34,97.66
2009-11-03,5.66,5.81,2.65,97.35
2009-11-04,5.72,5.84,2.12,97.88
2009-11-05,5.81,5.84,0.43,99.57
2009-11-06,5.82,5.84,0.27,99.73
2009-11-09,6.04,5.84,3.28,96.72
2009-11-10,6.08,5.81,4.55,95.45
2009-11-11,6.09,5.81,4.68,95.32
2009-11-12,6.05,5.81,4.08,95.92
2009-11-13,6.13,5.84,4.69,95.31
2009-11-16,6.19,6.17,0.4,99.6
2009-11-17,6.2,6.21,0.11,99.89
2009-11-18,6.17,6.17,0.08,99.92
2009-11-19,6.01,6.2,3.25,96.75
2009-11-20,5.99,6.2,3.56,96.44
2009-11-23,6.17,6.24,1.2,98.8
2009-11-24,6.13,6.2,1.27,98.73
2009-11-25,6.12,6.17,0.79,99.21
2009-11-27,6.01,6.17,2.59,97.41
2009-11-30,5.99,6.09,1.67,98.33
2009-12-01,5.9,5.98,1.24,98.76
2009-12-02,5.88,5.97,1.57,98.43
2009-12-03,5.89,5.98,1.49,98.51
2009-12-04,5.79,5.9,1.89,98.11
2009-12-07,5.66,5.78,2.09,97.91
2009-12-08,5.69,5.48,3.75,96.25
2009-12-09,5.93,5.98,0.82,99.18
2009-12-10,5.89,5.73,2.6,97.4
2009-12-11,5.83,5.73,1.72,98.28
2009-12-14,5.9,5.66,4.04,95.96
2009-12-15,5.82,5.66,2.75,97.25
2009-12-16,5.84,5.66,3.08,96.92
2009-12-17,5.75,5.66,1.48,98.52
2009-12-18,5.86,5.73,2.1,97.9
2009-12-21,5.94,5.84,1.7,98.3
2009-12-22,6.0,5.84,2.75,97.25
2009-12-23,6.06,5.86,3.25,96.75
2009-12-24,6.26,6.2,0.96,99.04
2009-12-28,6.34,6.25,1.49,98.51
2009-12-29,6.27,6.24,0.36,99.64
2009-12-30,6.34,6.2,2.18,97.82
2009-12-31,6.31,6.2,1.76,98.24
2010-01-04,6.41,6.24,2.65,97.35
2010-01-05,6.42,6.58,2.38,97.62
2010-01-06,6.32,6.58,4.04,95.96
2010-01-07,6.31,6.54,3.61,96.39
2010-01-08,6.35,6.59,3.73,96.27
2010-01-11,6.3,6.55,3.98,96.02
2010-01-12,6.22,6.5,4.44,95.56
2010-01-13,6.31,6.5,2.99,97.01
2010-01-14,6.28,6.5,3.59,96.41
2010-01-15,6.17,6.37,3.25,96.75
2010-01-19,6.44,6.48,0.52,99.48
2010-01-20,6.34,6.48,2.09,97.91
2010-01-21,6.23,6.37,2.19,97.81
2010-01-22,5.93,6.3,6.36,93.64
2010-01-25,6.08,6.31,3.69,96.31
2010-01-26,6.17,6.37,3.24,96.76
2010-01-27,6.23,6.42,3.13,96.87
2010-01-28,5.97,6.31,5.66,94.34
2010-01-29,5.75,6.3,9.41,90.59
2010-02-01,5.83,5.97,2.35,97.65
2010-02-02,5.87,5.98,1.81,98.19
2010-02-03,5.97,6.04,1.13,98.87
2010-02-04,5.75,5.97,3.78,96.22
2010-02-05,5.86,6.04,3.08,96.92
2010-02-08,5.82,5.9,1.47,98.53
2010-02-09,5.88,5.97,1.59,98.41
2010-02-10,5.85,5.98,2.2,97.8
2010-02-11,5.95,6.14,3.19,96.81
2010-02-12,6.0,6.11,1.75,98.25
2010-02-16,6.09,6.11,0.24,99.76
2010-02-17,6.07,6.04,0.53,99.47
2010-02-18,6.08,6.14,1.02,98.98
2010-02-19,6.04,6.17,2.05,97.95
2010-02-22,6.01,6.17,2.68,97.32
2010-02-23,5.9,6.14,4.03,95.97
2010-02-24,6.01,6.14,2.17,97.83
2010-02-25,6.05,6.2,2.49,97.51
2010-02-26,6.13,6.17,0.57,99.43
2010-03-01,6.26,6.24,0.31,99.69
2010-03-02,6.26,6.21,0.78,99.22
2010-03-03,6.27,6.24,0.47,99.53
2010-03-04,6.31,6.24,1.12,98.88
2010-03-05,6.56,6.59,0.43,99.57
2010-03-08,6.56,6.58,0.19,99.81
2010-03-09,6.68,6.6,1.28,98.72
2010-03-10,6.74,6.61,1.84,98.16
2010-03-11,6.76,6.61,2.13,97.87
2010-03-12,6.79,6.62,2.54,97.46
2010-03-15,6.71,6.62,1.34,98.66
2010-03-16,6.73,6.62,1.61,98.39
2010-03-17,6.72,6.62,1.47,98.53
2010-03-18,6.73,6.61,1.76,98.24
2010-03-19,6.66,6.58,1.24,98.76
2010-03-22,6.73,6.59,2.16,97.84
2010-03-23,6.84,6.6,3.59,96.41
2010-03-24,6.87,6.6,4.01,95.99
2010-03-25,6.79,6.5,4.28,95.72
2010-03-26,6.92,6.54,5.51,94.49
2010-03-29,6.96,6.54,6.12,93.88
2010-03-30,7.07,6.54,7.49,92.51
2010-03-31,7.04,6.54,7.16,92.84
2010-04-01,7.07,6.54,7.54,92.46
2010-04-05,7.15,6.58,7.97,92.03
2010-04-06,7.18,6.58,8.33,91.67
2010-04-07,7.21,6.59,8.61,91.39
2010-04-08,7.19,6.58,8.53,91.47
2010-04-09,7.24,6.61,8.73,91.27
2010-04-12,7.26,6.61,8.91,91.09
2010-04-13,7.26,6.6,9.18,90.82
2010-04-14,7.36,7.21,2.04,97.96
2010-04-15,7.46,7.77,4.22,95.78
2010-04-16,7.41,7.82,5.44,94.56
2010-04-19,7.4,7.82,5.58,94.42
2010-04-20,7.33,7.74,5.62,94.38
2010-04-21,7.77,7.82,0.63,99.37
2010-04-22,7.98,7.82,2.11,97.89
2010-04-23,8.11,7.82,3.63,96.37
2010-04-26,8.08,7.82,3.21,96.79
2010-04-27,7.85,7.75,1.34,98.66
2010-04-28,7.84,8.26,5.33,94.67
2010-04-29,8.05,8.29,2.99,97.01
2010-04-30,7.82,8.21,4.99,95.01
2010-05-03,7.98,8.25,3.38,96.62
2010-05-04,7.75,8.21,5.97,94.03
2010-05-05,7.67,8.19,6.78,93.22
2010-05-06,7.38,8.16,10.55,89.45
2010-05-07,7.07,7.57,7.17,92.83
2010-05-10,7.61,7.68,0.91,99.09
2010-05-11,7.69,7.65,0.52,99.48
2010-05-12,7.85,7.65,2.63,97.37
2010-05-13,7.74,7.57,2.16,97.84
2010-05-14,7.61,7.57,0.41,99.59
2010-05-17,7.62,7.57,0.57,99.43
2010-05-18,7.56,7.57,0.16,99.84
2010-05-19,7.44,7.51,0.92,99.08
2010-05-20,7.12,7.51,5.35,94.65
2010-05-21,7.26,7.51,3.37,96.63
2010-05-24,7.39,7.57,2.44,97.56
2010-05-25,7.35,7.57,3.08,96.92
2010-05-26,7.31,7.65,4.54,95.46
2010-05-27,7.59,7.7,1.48,98.52
2010-05-28,7.7,7.68,0.22,99.78
2010-06-01,7.82,7.68,1.73,98.27
2010-06-02,7.91,7.68,2.89,97.11
2010-06-03,7.88,7.68,2.59,97.41
2010-06-04,7.67,7.68,0.14,99.86
2010-06-07,7.52,7.65,1.7,98.3
2010-06-08,7.47,7.65,2.35,97.65
2010-06-09,7.29,7.57,3.94,96.06
2010-06-10,7.51,7.7,2.63,97.37
2010-06-11,7.6,7.7,1.42,98.58
2010-06-14,7.62,7.7,1.06,98.94
2010-06-15,7.78,7.7,1.0,99.0
2010-06-16,8.01,7.74,3.34,96.66
2010-06-17,8.15,7.7,5.43,94.57
2010-06-18,8.21,7.7,6.19,93.81
2010-06-21,8.1,7.85,3.05,96.95
2010-06-22,8.21,8.36,1.86,98.14
2010-06-23,8.12,8.33,2.65,97.35
2010-06-24,8.06,8.36,3.7,96.3
2010-06-25,7.99,8.36,4.59,95.41
2010-06-28,8.04,8.55,6.32,93.68
2010-06-29,7.68,8.42,9.74,90.26
2010-06-30,7.54,8.33,10.59,89.41
2010-07-01,7.45,8.23,10.52,89.48
2010-07-02,7.4,8.23,11.21,88.79
2010-07-06,7.45,7.51,0.84,99.16
2010-07-07,7.75,7.57,2.28,97.72
2010-07-08,7.73,7.51,2.95,97.05
2010-07-09,7.78,7.71,0.83,99.17
2010-07-12,7.71,7.71,0.07,99.93
2010-07-13,7.54,7.5,0.54,99.46
2010-07-14,7.57,7.44,1.76,98.24
2010-07-15,7.53,7.44,1.26,98.74
2010-07-16,7.49,7.44,0.65,99.35
2010-07-19,7.36,7.44,1.1,98.9
2010-07-20,7.55,7.57,0.35,99.65
2010-07-21,7.62,7.68,0.82,99.18
2010-07-22,7.76,7.7,0.74,99.26
2010-07-23,7.79,7.7,1.09,98.91
2010-07-26,7.77,7.77,0.01,99.99
2010-07-27,7.91,7.77,1.86,98.14
2010-07-28,7.82,7.74,0.95,99.05
2010-07-29,7.73,7.71,0.29,99.71
2010-07-30,7.71,7.71,0.05,99.95
2010-08-02,7.85,7.77,0.99,99.01
2010-08-03,7.85,7.77,1.02,98.98
2010-08-04,7.88,7.94,0.78,99.22
2010-08-05,7.84,7.94,1.28,98.72
2010-08-06,7.79,8.04,3.13,96.87
2010-08-09,7.84,8.0,2.01,97.99
2010-08-10,7.77,7.91,1.8,98.2
2010-08-11,7.5,7.72,2.96,97.04
2010-08-12,7.54,7.58,0.44,99.56
2010-08-13,7.46,7.57,1.42,98.58
2010-08-16,7.42,7.48,0.77,99.23
2010-08-17,7.55,7.57,0.32,99.68
2010-08-18,7.58,7.64,0.74,99.26
2010-08-19,7.49,7.58,1.2,98.8
2010-08-20,7.48,7.5,0.32,99.68
2010-08-23,7.36,7.5,1.89,98.11
2010-08-24,7.19,7.32,1.78,98.22
2010-08-25,7.28,7.44,2.22,97.78
2010-08-26,7.2,7.44,3.33,96.67
2010-08-27,7.24,7.41,2.38,97.62
2010-08-30,7.27,7.44,2.38,97.62
2010-08-31,7.28,7.51,3.13,96.87
2010-09-01,7.5,7.65,1.94,98.06
2010-09-02,7.56,7.68,1.64,98.36
2010-09-03,7.75,7.7,0.65,99.35
2010-09-07,7.72,7.7,0.32,99.68
2010-09-08,7.88,7.7,2.21,97.79
2010-09-09,7.88,7.7,2.27,97.73
2010-09-10,7.89,7.74,1.93,98.07
2010-09-13,8.0,7.78,2.77,97.23
2010-09-14,8.03,7.82,2.64,97.36
2010-09-15,8.1,8.33,2.89,97.11
2010-09-16,8.29,8.43,1.7,98.3
2010-09-17,8.25,8.43,2.14,97.86
2010-09-20,8.49,8.43,0.69,99.31
2010-09-21,8.5,8.43,0.88,99.12
2010-09-22,8.62,8.43,2.25,97.75
2010-09-23,8.66,8.43,2.65,97.35
2010-09-24,8.76,8.43,3.78,96.22
2010-09-27,8.72,8.43,3.4,96.6
2010-09-28,8.6,8.47,1.45,98.55
2010-09-29,8.61,8.62,0.14,99.86
2010-09-30,8.5,8.59,1.0,99.0
2010-10-01,8.47,8.55,0.97,99.03
2010-10-04,8.35,8.42,0.89,99.11
2010-10-05,8.66,8.55,1.27,98.73
2010-10-06,8.67,8.45,2.46,97.54
2010-10-07,8.67,8.51,1.79,98.21
2010-10-08,8.81,8.45,4.08,95.92
2010-10-11,8.85,8.45,4.5,95.5
2010-10-12,8.95,8.45,5.52,94.48
2010-10-13,8.99,8.45,6.02,93.98
2010-10-14,9.06,8.42,7.01,92.99
2010-10-15,9.43,8.59,8.95,91.05
2010-10-18,9.53,8.62,9.5,90.5
2010-10-19,9.27,8.55,7.83,92.17
2010-10-20,9.3,8.59,7.71,92.29
2010-10-21,9.27,9.12,1.68,98.32
2010-10-22,9.21,9.12,0.99,99.01
2010-10-25,9.25,9.61,3.86,96.14
2010-10-26,9.23,9.58,3.77,96.23
2010-10-27,9.22,9.57,3.78,96.22
2010-10-28,9.15,9.45,3.3,96.7
2010-10-29,9.02,9.42,4.5,95.5
2010-11-01,9.11,9.42,3.4,96.6
2010-11-02,9.27,8.92,3.81,96.19
2010-11-03,9.37,8.92,4.87,95.13
2010-11-04,9.54,8.89,6.75,93.25
2010-11-05,9.5,9.39,1.17,98.83
2010-11-08,9.55,9.48,0.74,99.26
2010-11-09,9.47,9.45,0.24,99.76
2010-11-10,9.53,9.45,0.86,99.14
2010-11-11,9.49,9.45,0.42,99.58
2010-11-12,9.23,9.39,1.75,98.25
2010-11-15,9.2,9.39,2.07,97.93
2010-11-16,9.04,9.32,3.12,96.88
2010-11-17,9.0,9.32,3.49,96.51
2010-11-18,9.24,9.44,2.19,97.81
2010-11-19,9.19,9.42,2.54,97.46
2010-11-22,9.39,9.42,0.37,99.63
2010-11-23,9.25,9.32,0.73,99.27
2010-11-24,9.43,9.37,0.65,99.35
2010-11-26,9.44,9.39,0.51,99.49
2010-11-29,9.49,9.39,1.09,98.91
2010-11-30,9.32,9.32,0.05,99.95
2010-12-01,9.48,9.39,0.95,99.05
2010-12-02,9.53,9.42,1.14,98.86
2010-12-03,9.51,9.45,0.67,99.33
2010-12-06,9.59,9.45,1.51,98.49
2010-12-07,9.53,9.57,0.39,99.61
2010-12-08,9.62,9.57,0.48,99.52
2010-12-09,9.58,9.45,1.39,98.61
2010-12-10,9.6,9.53,0.73,99.27
2010-12-13,9.64,9.45,1.98,98.02
2010-12-14,9.6,9.86,2.72,97.28
2010-12-15,9.6,9.73,1.41,98.59
2010-12-16,9.63,9.45,1.85,98.15
2010-12-17,9.61,9.44,1.69,98.31
2010-12-20,9.65,9.61,0.45,99.55
2010-12-21,9.71,9.57,1.46,98.54
2010-12-22,9.74,9.57,1.75,98.25
2010-12-23,9.7,9.53,1.66,98.34
2010-12-27,9.73,9.45,2.89,97.11
2010-12-28,9.75,9.86,1.15,98.85
2010-12-29,9.75,9.9,1.61,98.39
2010-12-30,9.7,9.88,1.83,98.17
2010-12-31,9.66,9.85,1.93,98.07
2011-01-03,9.87,10.29,4.16,95.84
2011-01-04,9.93,10.33,4.02,95.98
2011-01-05,10.01,10.34,3.29,96.71
2011-01-06,10.0,10.33,3.26,96.74
2011-01-07,10.07,10.35,2.72,97.28
2011-01-10,10.26,10.36,0.98,99.02
2011-01-11,10.24,10.35,1.06,98.94
2011-01-12,10.32,10.35,0.25,99.75
2011-01-13,10.36,10.36,0.03,99.97
2011-01-14,10.44,10.36,0.77,99.23
2011-01-18,10.21,10.29,0.77,99.23
2011-01-19,10.15,10.25,0.95,99.05
2011-01-20,9.97,10.16,1.94,98.06
2011-01-21,9.79,10.14,3.56,96.44
2011-01-24,10.11,10.16,0.47,99.53
2011-01-25,10.23,10.16,0.66,99.34
2011-01-26,10.3,10.25,0.49,99.51
2011-01-27,10.28,10.25,0.3,99.7
2011-01-28,10.07,10.1,0.34,99.66
2011-01-31,10.17,10.1,0.61,99.39
2011-02-01,10.34,10.14,1.94,98.06
2011-02-02,10.32,10.1,2.06,97.94
2011-02-03,10.29,10.1,1.81,98.19
2011-02-04,10.38,10.2,1.8,98.2
2011-02-07,10.54,10.25,2.76,97.24
2011-02-08,10.64,10.28,3.4,96.6
2011-02-09,10.73,10.43,2.79,97.21
2011-02-10,10.62,10.68,0.57,99.43
2011-02-11,10.69,10.63,0.6,99.4
2011-02-14,10.76,10.63,1.25,98.75
2011-02-15,10.78,10.63,1.44,98.56
2011-02-16,10.88,10.65,2.09,97.91
2011-02-17,10.74,11.25,4.75,95.25
2011-02-18,10.5,10.5,0.0,100.0
2011-02-22,10.15,10.37,2.25,97.75
2011-02-23,10.27,10.45,1.76,98.24
2011-02-24,10.27,10.45,1.68,98.32
2011-02-25,10.43,10.48,0.46,99.54
2011-02-28,10.58,10.48,0.97,99.03
2011-03-01,10.47,10.37,0.88,99.12
2011-03-02,10.55,10.37,1.67,98.33
2011-03-03,10.77,10.48,2.72,97.28
2011-03-04,10.79,10.58,1.89,98.11
2011-03-07,10.65,10.53,1.1,98.9
2011-03-08,10.66,10.72,0.53,99.47
2011-03-09,10.56,10.66,0.97,99.03
2011-03-10,10.39,10.31,0.72,99.28
2011-03-11,10.55,10.67,1.14,98.86
2011-03-14,10.59,10.72,1.18,98.82
2011-03-15,10.35,10.48,1.26,98.74
2011-03-16,9.89,10.31,4.29,95.71
2011-03-17,10.03,10.31,2.85,97.15
2011-03-18,9.91,10.22,3.12,96.88
2011-03-21,10.17,10.37,2.04,97.96
2011-03-22,10.22,10.37,1.48,98.52
2011-03-23,10.16,10.28,1.12,98.88
2011-03-24,10.34,10.31,0.23,99.77
2011-03-25,10.53,10.45,0.82,99.18
2011-03-28,10.5,10.43,0.69,99.31
2011-03-29,10.52,10.45,0.66,99.34
2011-03-30,10.45,10.48,0.33,99.67
2011-03-31,10.44,10.45,0.04,99.96
2011-04-01,10.32,10.37,0.49,99.51
2011-04-04,10.22,10.43,2.0,98.0
2011-04-05,10.15,10.25,0.97,99.03
2011-04-06,10.13,10.23,0.99,99.01
2011-04-07,10.13,10.25,1.21,98.79
2011-04-08,10.04,10.12,0.83,99.17
2011-04-11,9.91,10.03,1.21,98.79
2011-04-12,9.96,10.06,1.02,98.98
2011-04-13,10.07,10.05,0.17,99.83
2011-04-14,9.96,9.8,1.58,98.42
2011-04-15,9.81,9.8,0.15,99.85
2011-04-18,9.94,9.94,0.05,99.95
2011-04-19,10.12,10.06,0.64,99.36
2011-04-20,10.26,10.12,1.33,98.67
2011-04-21,10.51,10.23,2.66,97.34
2011-04-25,10.58,10.25,3.07,96.93
2011-04-26,10.5,10.25,2.35,97.65
2011-04-27,10.49,10.25,2.28,97.72
2011-04-28,10.39,10.25,1.32,98.68
2011-04-29,10.49,10.28,2.0,98.0
2011-05-02,10.38,10.28,0.91,99.09
2011-05-03,10.43,10.28,1.46,98.54
2011-05-04,10.47,10.25,2.12,97.88
2011-05-05,10.39,10.28,1.05,98.95
2011-05-06,10.39,10.63,2.32,97.68
2011-05-09,10.42,10.63,2.04,97.96
2011-05-10,10.47,10.53,0.59,99.41
2011-05-11,10.4,10.5,0.93,99.07
2011-05-12,10.38,10.37,0.1,99.9
2011-05-13,10.2,9.97,2.32,97.68
2011-05-16,9.99,9.94,0.48,99.52
2011-05-17,10.07,9.97,1.05,98.95
2011-05-18,10.18,10.12,0.6,99.4
2011-05-19,10.2,10.05,1.46,98.54
2011-05-20,10.04,10.03,0.18,99.82
2011-05-23,10.02,9.97,0.54,99.46
2011-05-24,9.95,9.94,0.15,99.85
2011-05-25,10.09,10.06,0.32,99.68
2011-05-26,10.04,10.03,0.06,99.94
2011-05-27,10.11,10.06,0.51,99.49
2011-05-31,10.42,10.2,2.17,97.83
2011-06-01,10.35,10.2,1.52,98.48
2011-06-02,10.37,10.2,1.69,98.31
2011-06-03,10.29,10.23,0.6,99.4
2011-06-06,10.13,10.23,0.99,99.01
2011-06-07,9.95,10.03,0.83,99.17
2011-06-08,9.95,10.03,0.77,99.23
2011-06-09,9.93,9.97,0.38,99.62
2011-06-10,9.76,9.97,2.1,97.9
2011-06-13,9.79,10.03,2.51,97.49
2011-06-14,9.96,10.14,1.78,98.22
2011-06-15,9.79,9.97,1.84,98.16
2011-06-16,9.74,9.97,2.34,97.66
2011-06-17,9.6,9.9,3.14,96.86
2011-06-20,9.45,9.77,3.4,96.6
2011-06-21,9.75,9.9,1.54,98.46
2011-06-22,9.67,9.9,2.39,97.61
2011-06-23,9.92,9.97,0.46,99.54
2011-06-24,9.78,9.97,1.96,98.04
2011-06-27,9.95,10.1,1.56,98.44
2011-06-28,10.05,10.14,0.92,99.08
2011-06-29,10.01,10.14,1.29,98.71
2011-06-30,10.06,10.16,1.03,98.97
2011-07-01,10.29,10.16,1.2,98.8
2011-07-05,10.47,10.16,2.95,97.05
2011-07-06,10.54,10.29,2.41,97.59
2011-07-07,10.7,10.43,2.53,97.47
2011-07-08,10.78,10.7,0.76,99.24
2011-07-11,10.61,10.7,0.84,99.16
2011-07-12,10.6,10.68,0.8,99.2
2011-07-13,10.73,10.7,0.22,99.78
2011-07-14,10.72,11.25,4.91,95.09
2011-07-15,10.93,11.28,3.18,96.82
2011-07-18,11.2,11.28,0.73,99.27
2011-07-19,11.29,11.47,1.57,98.43
2011-07-20,11.59,11.47,1.03,98.97
2011-07-21,11.6,11.58,0.25,99.75
2011-07-22,11.78,11.58,1.77,98.23
2011-07-25,11.94,11.58,3.05,96.95
2011-07-26,12.09,11.86,1.86,98.14
2011-07-27,11.76,11.82,0.5,99.5
2011-07-28,11.74,11.82,0.7,99.3
2011-07-29,11.7,11.83,1.15,98.85
2011-08-01,11.89,11.84,0.38,99.62
2011-08-02,11.65,11.77,0.97,99.03
2011-08-03,11.76,11.82,0.5,99.5
2011-08-04,11.31,11.64,2.93,97.07
2011-08-05,11.19,11.53,2.99,97.01
2011-08-08,10.58,11.31,6.9,93.1
2011-08-09,11.21,11.46,2.24,97.76
2011-08-10,10.9,11.11,1.94,98.06
2011-08-11,11.2,11.17,0.24,99.76
2011-08-12,11.3,11.17,1.11,98.89
2011-08-15,11.49,11.17,2.76,97.24
2011-08-16,11.4,11.17,2.01,97.99
2011-08-17,11.4,11.17,2.0,98.0
2011-08-18,10.97,11.11,1.29,98.71
2011-08-19,10.67,10.99,3.06,96.94
2011-08-22,10.68,11.02,3.21,96.79
2011-08-23,11.19,11.17,0.21,99.79
2011-08-24,11.27,11.24,0.25,99.75
2011-08-25,11.2,11.28,0.71,99.29
2011-08-26,11.49,11.36,1.2,98.8
2011-08-29,11.68,11.36,2.82,97.18
2011-08-30,11.69,11.38,2.58,97.42
2011-08-31,11.53,11.35,1.55,98.45
2011-09-01,11.42,11.33,0.74,99.26
2011-09-02,11.21,11.17,0.33,99.67
2011-09-06,11.38,11.24,1.18,98.82
2011-09-07,11.5,11.33,1.49,98.51
2011-09-08,11.51,11.36,1.34,98.66
2011-09-09,11.31,11.38,0.65,99.35
2011-09-12,11.38,11.44,0.51,99.49
2011-09-13,11.52,11.36,1.47,98.53
2011-09-14,11.66,11.36,2.65,97.35
2011-09-15,11.77,11.83,0.5,99.5
2011-09-16,12.0,11.8,1.63,98.37
2011-09-19,12.33,11.89,3.59,96.41
2011-09-20,12.39,11.93,3.71,96.29
2011-09-21,12.35,11.93,3.41,96.59
2011-09-22,12.04,11.83,1.72,98.28
2011-09-23,12.11,11.98,1.07,98.93
2011-09-26,12.08,12.27,1.54,98.46
2011-09-27,11.96,12.14,1.5,98.5
2011-09-28,11.9,12.18,2.38,97.62
2011-09-29,11.7,12.18,4.06,95.94
2011-09-30,11.43,11.76,2.94,97.06
2011-10-03,11.22,11.62,3.52,96.48
2011-10-04,11.16,11.51,3.14,96.86
2011-10-05,11.33,11.59,2.3,97.7
2011-10-06,11.31,11.37,0.59,99.41
2011-10-07,11.08,11.2,1.12,98.88
2011-10-10,11.65,11.15,4.31,95.69
2011-10-11,11.99,11.37,5.21,94.79
2011-10-12,12.05,11.55,4.19,95.81
2011-10-13,12.24,11.89,2.86,97.14
2011-10-14,12.64,12.25,3.13,96.87
2011-10-17,12.58,12.25,2.67,97.33
2011-10-18,12.65,12.25,3.18,96.82
2011-10-19,11.94,12.23,2.36,97.64
2011-10-20,11.84,12.23,3.21,96.79
2011-10-21,11.77,12.25,4.05,95.95
2011-10-24,12.16,12.28,0.98,99.02
2011-10-25,11.92,12.25,2.77,97.23
2011-10-26,12.0,12.25,2.05,97.95
2011-10-27,12.13,12.28,1.25,98.75
2011-10-28,12.13,12.25,0.95,99.05
2011-10-31,12.13,12.23,0.8,99.2
2011-11-01,11.88,12.12,1.99,98.01
2011-11-02,11.91,12.06,1.31,98.69
2011-11-03,12.08,11.86,1.81,98.19
2011-11-04,11.99,11.85,1.15,98.85
2011-11-07,11.98,11.78,1.64,98.36
2011-11-08,12.17,12.23,0.44,99.56
2011-11-09,11.84,12.14,2.47,97.53
2011-11-10,11.54,12.06,4.52,95.48
2011-11-11,11.52,11.72,1.7,98.3
2011-11-14,11.36,11.79,3.75,96.25
2011-11-15,11.65,12.03,3.24,96.76
2011-11-16,11.53,11.79,2.26,97.74
2011-11-17,11.31,11.39,0.74,99.26
2011-11-18,11.23,11.39,1.4,98.6
2011-11-21,11.06,11.38,2.95,97.05
2011-11-22,11.28,11.47,1.68,98.32
2011-11-23,11.0,11.1,0.91,99.09
2011-11-25,10.89,11.1,1.86,98.14
2011-11-28,11.27,11.19,0.72,99.28
2011-11-29,11.18,11.1,0.77,99.23
2011-11-30,11.45,11.33,1.04,98.96
2011-12-01,11.62,11.49,1.11,98.89
2011-12-02,11.68,11.49,1.56,98.44
2011-12-05,11.78,11.52,2.19,97.81
2011-12-06,11.71,11.49,1.88,98.12
2011-12-07,11.66,11.78,1.05,98.95
2011-12-08,11.71,11.8,0.84,99.16
2011-12-09,11.79,11.8,0.09,99.91
2011-12-12,11.74,11.93,1.6,98.4
2011-12-13,11.65,11.8,1.32,98.68
2011-12-14,11.39,11.8,3.62,96.38
2011-12-15,11.35,11.8,3.96,96.04
2011-12-16,11.42,11.78,3.19,96.81
2011-12-19,11.45,11.8,3.07,96.93
2011-12-20,11.86,11.8,0.5,99.5
2011-12-21,11.88,11.8,0.63,99.37
2011-12-22,11.94,11.8,1.15,98.85
2011-12-23,12.08,11.8,2.32,97.68
2011-12-27,12.18,11.89,2.38,97.62
2011-12-28,12.06,11.8,2.16,97.84
2011-12-29,12.14,12.17,0.26,99.74
2011-12-30,12.14,12.14,0.06,99.94
2012-01-03,12.32,12.34,0.12,99.88
2012-01-04,12.39,12.39,0.04,99.96
2012-01-05,12.53,12.47,0.45,99.55
2012-01-06,12.66,12.47,1.48,98.52
2012-01-09,12.64,12.47,1.32,98.68
2012-01-10,12.68,12.47,1.68,98.32
2012-01-11,12.66,12.46,1.55,98.45
2012-01-12,12.63,12.8,1.35,98.65
2012-01-13,12.58,12.77,1.54,98.46
2012-01-17,12.73,12.77,0.37,99.63
2012-01-18,12.86,12.77,0.66,99.34
2012-01-19,12.82,12.8,0.16,99.84
2012-01-20,12.59,12.7,0.88,99.12
2012-01-23,12.81,12.76,0.36,99.64
2012-01-24,12.6,12.58,0.13,99.87
2012-01-25,13.38,13.24,1.05,98.95
2012-01-26,13.32,13.19,1.02,98.98
2012-01-27,13.4,13.19,1.6,98.4
2012-01-30,13.57,13.19,2.85,97.15
2012-01-31,13.68,13.8,0.91,99.09
2012-02-01,13.67,13.8,0.99,99.01
2012-02-02,13.64,13.8,1.23,98.77
2012-02-03,13.77,13.84,0.45,99.55
2012-02-06,13.9,13.84,0.48,99.52
2012-02-07,14.05,13.92,0.93,99.07
2012-02-08,14.28,13.94,2.4,97.6
2012-02-09,14.78,13.97,5.47,94.53
2012-02-10,14.78,13.96,5.55,94.45
2012-02-13,15.06,15.03,0.18,99.82
2012-02-14,15.26,15.03,1.52,98.48
2012-02-15,14.91,15.11,1.33,98.67
2012-02-16,15.05,15.11,0.42,99.58
2012-02-17,15.05,15.04,0.01,99.99
2012-02-21,15.43,15.11,2.05,97.95
2012-02-22,15.37,15.67,1.93,98.07
2012-02-23,15.47,15.67,1.27,98.73
2012-02-24,15.65,15.67,0.1,99.9
2012-02-27,15.75,15.67,0.53,99.47
2012-02-28,16.04,15.67,2.33,97.67
2012-02-29,16.25,15.67,3.59,96.41
2012-03-01,16.31,15.67,3.95,96.05
2012-03-02,16.34,15.67,4.08,95.92
2012-03-05,15.98,16.09,0.72,99.28
2012-03-06,15.89,15.92,0.22,99.78
2012-03-07,15.9,16.15,1.54,98.46
2012-03-08,16.24,16.15,0.58,99.42
2012-03-09,16.33,16.23,0.65,99.35
2012-03-12,16.54,16.27,1.65,98.35
2012-03-13,17.02,16.25,4.55,95.45
2012-03-14,17.67,16.75,5.18,94.82
2012-03-15,17.55,16.9,3.7,96.3
2012-03-16,17.55,17.19,2.03,97.97
2012-03-19,18.01,17.12,4.93,95.07
2012-03-20,18.16,17.26,4.91,95.09
2012-03-21,18.05,17.66,2.16,97.84
2012-03-22,17.96,17.64,1.78,98.22
2012-03-23,17.86,18.34,2.67,97.33
2012-03-26,18.19,18.34,0.82,99.18
2012-03-27,18.41,18.34,0.41,99.59
2012-03-28,18.51,18.34,0.92,99.08
2012-03-29,18.27,18.32,0.25,99.75
2012-03-30,17.96,18.23,1.49,98.51
2012-04-02,18.54,18.25,1.52,98.48
2012-04-03,18.86,18.23,3.31,96.69
2012-04-04,18.71,18.83,0.65,99.35
2012-04-05,18.99,18.83,0.84,99.16
2012-04-09,19.06,18.83,1.24,98.76
2012-04-10,18.83,18.66,0.9,99.1
2012-04-11,18.76,18.66,0.54,99.46
2012-04-12,18.66,18.66,0.0,100.0
2012-04-13,18.13,18.51,2.06,97.94
2012-04-16,17.38,18.18,4.57,95.43
2012-04-17,18.27,18.34,0.41,99.59
2012-04-18,18.23,18.34,0.63,99.37
2012-04-19,17.6,18.29,3.91,96.09
2012-04-20,17.17,18.29,6.53,93.47
2012-04-23,17.13,17.34,1.21,98.79
2012-04-24,16.79,17.28,2.91,97.09
2012-04-25,18.28,17.74,2.96,97.04
2012-04-26,18.21,17.7,2.82,97.18
2012-04-27,18.07,17.7,2.06,97.94
2012-04-30,17.5,17.58,0.48,99.52
2012-05-01,17.44,17.58,0.8,99.2
2012-05-02,17.56,17.7,0.78,99.22
2012-05-03,17.43,17.7,1.5,98.5
2012-05-04,16.94,17.7,4.48,95.52
2012-05-07,17.06,16.9,0.98,99.02
2012-05-08,17.02,16.9,0.76,99.24
2012-05-09,17.05,17.16,0.6,99.4
2012-05-10,17.09,16.8,1.7,98.3
2012-05-11,16.98,16.8,1.04,98.96
2012-05-14,16.73,16.8,0.46,99.54
2012-05-15,16.57,16.1,2.84,97.16
2012-05-16,16.36,16.1,1.58,98.42
2012-05-17,15.88,16.1,1.39,98.61
2012-05-18,15.89,16.1,1.34,98.66
2012-05-21,16.82,16.64,1.07,98.93
2012-05-22,16.69,16.39,1.76,98.24
2012-05-23,17.1,16.75,2.02,97.98
2012-05-24,16.94,16.84,0.6,99.4
2012-05-25,16.85,16.75,0.56,99.44
2012-05-29,17.15,16.89,1.49,98.51
2012-05-30,17.35,16.97,2.22,97.78
2012-05-31,17.31,16.95,2.07,97.93
2012-06-01,16.81,16.8,0.03,99.97
2012-06-04,16.91,16.89,0.09,99.91
2012-06-05,16.86,16.97,0.62,99.38
2012-06-06,17.12,17.12,0.01,99.99
2012-06-07,17.13,17.29,0.92,99.08
2012-06-08,17.39,17.31,0.45,99.55
2012-06-11,17.11,16.97,0.85,99.15
2012-06-12,17.26,17.07,1.1,98.9
2012-06-13,17.14,16.84,1.79,98.21
2012-06-14,17.12,16.97,0.91,99.09
2012-06-15,17.2,17.03,1.02,98.98
2012-06-18,17.55,17.05,2.86,97.14
2012-06-19,17.6,17.37,1.28,98.72
2012-06-20,17.55,17.37,1.0,99.0
2012-06-21,17.31,17.53,1.26,98.74
2012-06-22,17.44,17.53,0.49,99.51
2012-06-25,17.1,17.37,1.6,98.4
2012-06-26,17.14,17.24,0.6,99.4
2012-06-27,17.21,17.3,0.49,99.51
2012-06-28,17.05,17.16,0.62,99.38
2012-06-29,17.5,17.46,0.24,99.76
2012-07-02,17.75,17.53,1.28,98.72
2012-07-03,17.96,17.66,1.69,98.31
2012-07-05,18.28,17.69,3.19,96.81
2012-07-06,18.15,18.23,0.43,99.57
2012-07-09,18.39,18.2,1.08,98.92
2012-07-10,18.22,18.07,0.87,99.13
2012-07-11,18.11,18.02,0.51,99.49
2012-07-12,17.94,18.07,0.67,99.33
2012-07-13,18.13,18.07,0.34,99.66
2012-07-16,18.18,18.23,0.26,99.74
2012-07-17,18.19,18.23,0.26,99.74
2012-07-18,18.17,18.23,0.37,99.63
2012-07-19,18.41,18.29,0.65,99.35
2012-07-20,18.11,18.66,3.06,96.94
2012-07-23,18.09,18.57,2.64,97.36
2012-07-24,18.01,18.43,2.37,97.63
2012-07-25,17.23,17.28,0.28,99.72
2012-07-26,17.23,17.28,0.3,99.7
2012-07-27,17.53,17.28,1.46,98.54
2012-07-30,17.83,17.7,0.75,99.25
2012-07-31,18.3,17.91,2.11,97.89
2012-08-01,18.18,17.91,1.48,98.52
2012-08-02,18.21,17.84,2.06,97.94
2012-08-03,18.45,17.91,2.9,97.1
2012-08-06,18.65,17.97,3.66,96.34
2012-08-07,18.6,17.93,3.6,96.4
2012-08-08,18.57,18.43,0.76,99.24
2012-08-09,18.68,18.66,0.1,99.9
2012-08-10,18.71,18.66,0.25,99.75
2012-08-13,18.96,18.79,0.88,99.12
2012-08-14,19.01,18.93,0.39,99.61
2012-08-15,18.98,18.93,0.25,99.75
2012-08-16,19.15,18.93,1.12,98.88
2012-08-17,19.5,18.93,2.91,97.09
2012-08-20,20.02,20.18,0.82,99.18
2012-08-21,19.74,20.17,2.19,97.81
2012-08-22,20.13,20.17,0.24,99.76
2012-08-23,19.94,20.15,1.06,98.94
2012-08-24,19.96,20.13,0.85,99.15
2012-08-27,20.33,20.16,0.85,99.15
2012-08-28,20.31,20.16,0.72,99.28
2012-08-29,20.27,20.15,0.57,99.43
2012-08-30,19.98,20.09,0.59,99.41
2012-08-31,20.02,20.07,0.27,99.73
2012-09-04,20.31,20.09,1.07,98.93
2012-09-05,20.17,20.07,0.48,99.52
2012-09-06,20.35,20.07,1.37,98.63
2012-09-07,20.48,20.03,2.15,97.85
2012-09-10,19.94,19.59,1.78,98.22
2012-09-11,19.88,20.24,1.83,98.17
2012-09-12,20.16,20.19,0.15,99.85
2012-09-13,20.55,20.13,2.03,97.97
2012-09-14,20.8,20.86,0.3,99.7
2012-09-17,21.06,20.79,1.25,98.75
2012-09-18,21.12,20.86,1.22,98.78
2012-09-19,21.13,20.86,1.24,98.76
2012-09-20,21.03,20.96,0.31,99.69
2012-09-21,21.07,20.96,0.51,99.49
2012-09-24,20.79,20.72,0.31,99.69
2012-09-25,20.27,20.51,1.21,98.79
2012-09-26,20.02,20.37,1.77,98.23
2012-09-27,20.5,20.46,0.22,99.78
2012-09-28,20.07,20.51,2.18,97.82
2012-10-01,19.84,20.42,2.93,97.07
2012-10-02,19.9,20.41,2.58,97.42
2012-10-03,20.21,20.37,0.82,99.18
2012-10-04,20.07,20.12,0.26,99.74
2012-10-05,19.64,19.39,1.27,98.73
2012-10-08,19.2,19.17,0.2,99.8
2012-10-09,19.13,18.94,1.03,98.97
2012-10-10,19.29,19.16,0.66,99.34
2012-10-11,18.9,18.94,0.19,99.81
2012-10-12,18.95,19.09,0.74,99.26
2012-10-15,19.1,19.12,0.08,99.92
2012-10-16,19.55,19.53,0.1,99.9
2012-10-17,19.4,19.12,1.45,98.55
2012-10-18,19.04,19.18,0.73,99.27
2012-10-19,18.35,19.12,4.17,95.83
2012-10-22,19.08,19.42,1.8,98.2
2012-10-23,18.46,19.12,3.57,96.43
2012-10-24,18.56,17.93,3.39,96.61
2012-10-25,18.34,17.94,2.21,97.79
2012-10-26,18.18,18.03,0.78,99.22
2012-10-31,17.91,18.03,0.64,99.36
2012-11-01,17.95,17.93,0.11,99.89
2012-11-02,17.36,17.87,2.96,97.04
2012-11-05,17.59,17.94,1.96,98.04
2012-11-06,17.54,17.28,1.5,98.5
2012-11-07,16.87,17.06,1.11,98.89
2012-11-08,16.26,17.06,4.92,95.08
2012-11-09,16.54,16.71,1.05,98.95
2012-11-12,16.41,16.74,2.0,98.0
2012-11-13,16.41,16.1,1.87,98.13
2012-11-14,16.23,16.11,0.73,99.27
2012-11-15,15.89,16.1,1.35,98.65
2012-11-16,15.95,16.1,0.96,99.04
2012-11-19,17.1,16.49,3.56,96.44
2012-11-20,16.96,16.64,1.88,98.12
2012-11-21,16.98,16.64,2.01,97.99
2012-11-23,17.28,16.8,2.73,97.27
2012-11-26,17.82,16.89,5.21,94.79
2012-11-27,17.68,16.89,4.44,95.56
2012-11-28,17.62,17.07,3.11,96.89
2012-11-29,17.82,17.31,2.84,97.16
2012-11-30,17.69,17.69,0.01,99.99
2012-12-03,17.72,17.69,0.15,99.85
2012-12-04,17.41,17.6,1.09,98.91
2012-12-05,16.29,17.78,9.18,90.82
2012-12-06,16.54,17.4,5.15,94.85
2012-12-07,16.12,17.3,7.31,92.69
2012-12-10,16.02,16.4,2.38,97.62
2012-12-11,16.37,16.75,2.35,97.65
2012-12-12,16.29,16.7,2.5,97.5
2012-12-13,16.01,16.34,2.06,97.94
2012-12-14,15.41,16.06,4.22,95.78
2012-12-17,15.68,16.26,3.64,96.36
2012-12-18,16.14,15.85,1.81,98.19
2012-12-19,15.91,15.77,0.87,99.13
2012-12-20,15.77,15.77,0.0,100.0
2012-12-21,15.7,15.77,0.47,99.53
2012-12-24,15.72,15.77,0.3,99.7
2012-12-26,15.51,15.78,1.78,98.22
2012-12-27,15.57,15.54,0.2,99.8
2012-12-28,15.4,15.2,1.34,98.66
2012-12-31,16.09,15.44,4.03,95.97
2013-01-02,16.6,15.49,6.64,93.36
2013-01-03,16.39,15.49,5.45,94.55
2013-01-04,15.93,15.85,0.52,99.48
2013-01-07,15.84,15.94,0.62,99.38
2013-01-08,15.88,15.94,0.35,99.65
2013-01-09,15.63,15.77,0.92,99.08
2013-01-10,15.83,15.85,0.14,99.86
2013-01-11,15.73,15.85,0.76,99.24
2013-01-14,15.17,15.77,4.01,95.99
2013-01-15,14.69,15.56,5.96,94.04
2013-01-16,15.3,15.41,0.7,99.3
2013-01-17,15.2,15.33,0.9,99.1
2013-01-18,15.11,15.39,1.8,98.2
2013-01-22,15.26,15.27,0.08,99.92
2013-01-23,15.54,14.93,3.93,96.07
2013-01-24,13.62,14.7,7.95,92.05
2013-01-25,13.3,14.66,10.23,89.77
2013-01-28,13.6,14.26,4.9,95.1
2013-01-29,13.85,14.26,2.97,97.03
2013-01-30,13.81,14.26,3.29,96.71
2013-01-31,13.77,14.26,3.6,96.4
2013-02-01,13.71,13.69,0.15,99.85
2013-02-04,13.37,13.69,2.4,97.6
2013-02-05,13.84,14.04,1.41,98.59
2013-02-06,13.83,13.69,0.96,99.04
2013-02-07,14.24,13.97,1.84,98.16
2013-02-08,14.44,14.04,2.81,97.19
2013-02-11,14.59,14.04,3.81,96.19
2013-02-12,14.23,13.83,2.82,97.18
2013-02-13,14.2,14.79,4.18,95.82
2013-02-14,14.19,14.97,5.52,94.48
2013-02-15,13.99,14.79,5.7,94.3
2013-02-19,13.99,14.77,5.6,94.4
2013-02-20,13.65,14.13,3.53,96.47
2013-02-21,13.56,14.08,3.79,96.21
2013-02-22,13.71,14.15,3.22,96.78
2013-02-25,13.46,13.67,1.5,98.5
2013-02-26,13.65,13.5,1.08,98.92
2013-02-27,13.52,13.5,0.1,99.9
2013-02-28,13.42,13.16,1.94,98.06
2013-03-01,13.09,12.99,0.72,99.28
2013-03-04,12.77,12.99,1.69,98.31
2013-03-05,13.11,13.08,0.23,99.77
2013-03-06,12.94,13.05,0.85,99.15
2013-03-07,13.09,13.08,0.1,99.9
2013-03-08,13.13,13.08,0.36,99.64
2013-03-11,13.31,13.22,0.73,99.27
2013-03-12,13.03,12.63,3.07,96.93
2013-03-13,13.02,12.77,1.96,98.04
2013-03-14,13.15,12.77,2.9,97.1
2013-03-15,13.49,12.94,4.1,95.9
2013-03-18,13.86,12.99,6.24,93.76
2013-03-19,13.82,13.58,1.7,98.3
2013-03-20,13.75,13.58,1.18,98.82
2013-03-21,13.77,13.68,0.59,99.41
2013-03-22,14.04,13.84,1.49,98.51
2013-03-25,14.1,13.92,1.27,98.73
2013-03-26,14.02,13.92,0.75,99.25
2013-03-27,13.75,13.77,0.14,99.86
2013-03-28,13.46,13.69,1.68,98.32
2013-04-01,13.04,13.5,3.55,96.45
2013-04-02,13.07,13.61,4.15,95.85
2013-04-03,13.13,13.67,4.04,95.96
2013-04-04,13.0,13.48,3.62,96.38
2013-04-05,12.87,13.17,2.33,97.67
2013-04-08,12.96,13.08,0.93,99.07
2013-04-09,12.98,13.08,0.75,99.25
2013-04-10,13.25,13.22,0.21,99.79
2013-04-11,13.21,12.62,4.44,95.56
2013-04-12,13.07,12.46,4.66,95.34
2013-04-15,12.77,12.32,3.49,96.51
2013-04-16,12.96,12.49,3.65,96.35
2013-04-17,12.25,12.32,0.59,99.41
2013-04-18,11.92,12.32,3.35,96.65
2013-04-19,11.87,12.46,4.93,95.07
2013-04-22,12.12,12.49,3.01,96.99
2013-04-23,12.35,12.62,2.2,97.8
2013-04-24,12.33,12.29,0.28,99.72
2013-04-25,12.42,12.5,0.66,99.34
2013-04-26,12.69,12.5,1.47,98.53
2013-04-29,13.08,12.66,3.2,96.8
2013-04-30,13.46,12.66,5.96,94.04
2013-05-01,13.36,12.99,2.74,97.26
2013-05-02,13.55,13.01,3.95,96.05
2013-05-03,13.68,13.06,4.53,95.47
2013-05-06,14.01,13.09,6.55,93.45
2013-05-07,13.95,13.87,0.57,99.43
2013-05-08,14.1,13.85,1.78,98.22
2013-05-09,13.98,13.89,0.67,99.33
2013-05-10,13.86,13.96,0.72,99.28
2013-05-13,13.92,13.9,0.15,99.85
2013-05-14,13.59,13.92,2.44,97.56
2013-05-15,13.13,13.74,4.65,95.35
2013-05-16,13.3,13.69,2.91,97.09
2013-05-17,13.26,13.67,3.05,96.95
2013-05-20,13.56,13.67,0.8,99.2
2013-05-21,13.46,13.58,0.95,99.05
2013-05-22,13.51,13.5,0.09,99.91
2013-05-23,13.53,13.48,0.42,99.58
2013-05-24,13.62,13.36,1.93,98.07
2013-05-28,13.51,13.36,1.11,98.89
2013-05-29,13.62,13.22,2.93,97.07
2013-05-30,13.82,13.46,2.58,97.42
2013-05-31,13.76,13.5,1.96,98.04
2013-06-03,13.79,13.56,1.72,98.28
2013-06-04,13.75,13.67,0.63,99.37
2013-06-05,13.62,13.86,1.74,98.26
2013-06-06,13.42,13.67,1.83,98.17
2013-06-07,13.52,13.69,1.23,98.77
2013-06-10,13.43,13.5,0.53,99.47
2013-06-11,13.39,13.58,1.37,98.63
2013-06-12,13.23,13.44,1.62,98.38
2013-06-13,13.34,13.42,0.6,99.4
2013-06-14,13.16,13.14,0.18,99.82
2013-06-17,13.22,13.36,1.05,98.95
2013-06-18,13.21,13.15,0.53,99.47
2013-06-19,12.95,12.91,0.26,99.74
2013-06-20,12.76,12.91,1.21,98.79
2013-06-21,12.66,12.91,1.98,98.02
2013-06-24,12.32,12.91,4.76,95.24
2013-06-25,12.32,12.31,0.08,99.92
2013-06-26,12.18,12.31,1.07,98.93
2013-06-27,12.05,12.31,2.17,97.83
2013-06-28,12.14,12.31,1.46,98.54
2013-07-01,12.52,12.16,2.95,97.05
2013-07-02,12.81,12.44,2.9,97.1
2013-07-03,12.88,12.44,3.43,96.57
2013-07-05,12.78,12.5,2.17,97.83
2013-07-08,12.7,12.62,0.62,99.38
2013-07-09,12.93,12.83,0.75,99.25
2013-07-10,12.88,12.9,0.2,99.8
2013-07-11,13.08,13.01,0.51,99.49
2013-07-12,13.05,13.01,0.3,99.7
2013-07-15,13.08,13.19,0.8,99.2
2013-07-16,13.17,13.21,0.34,99.66
2013-07-17,13.17,13.27,0.73,99.27
2013-07-18,13.21,13.29,0.57,99.43
2013-07-19,13.01,13.24,1.82,98.18
2013-07-22,13.05,13.19,1.07,98.93
2013-07-23,12.82,13.53,5.5,94.5
2013-07-24,13.48,13.68,1.49,98.51
2013-07-25,13.42,13.74,2.4,97.6
2013-07-26,13.5,13.78,2.09,97.91
2013-07-29,13.71,13.78,0.54,99.46
2013-07-30,13.87,13.84,0.28,99.72
2013-07-31,13.85,13.78,0.51,99.49
2013-08-01,13.98,13.92,0.43,99.57
2013-08-02,14.16,13.92,1.7,98.3
2013-08-05,14.37,13.92,3.14,96.86
2013-08-06,14.24,13.92,2.27,97.73
2013-08-07,14.23,13.88,2.45,97.55
2013-08-08,14.2,14.49,2.04,97.96
2013-08-09,14.0,14.43,3.09,96.91
2013-08-12,14.4,14.45,0.38,99.62
2013-08-13,15.08,14.45,4.17,95.83
2013-08-14,15.36,15.11,1.61,98.39
2013-08-15,15.34,15.11,1.5,98.5
2013-08-16,15.48,15.11,2.36,97.64
2013-08-19,15.64,15.11,3.4,96.6
2013-08-20,15.44,15.64,1.34,98.66
2013-08-21,15.48,15.62,0.96,99.04
2013-08-22,15.5,15.62,0.81,99.19
2013-08-23,15.44,15.59,1.01,98.99
2013-08-26,15.5,15.62,0.83,99.17
2013-08-27,15.05,15.47,2.77,97.23
2013-08-28,15.12,15.53,2.68,97.32
2013-08-29,15.15,15.59,2.9,97.1
2013-08-30,15.01,15.48,3.14,96.86
2013-09-03,15.05,15.28,1.54,98.46
2013-09-04,15.36,15.32,0.3,99.7
2013-09-05,15.26,15.28,0.17,99.83
2013-09-06,15.35,15.26,0.55,99.45
2013-09-09,15.59,15.28,1.99,98.01
2013-09-10,15.24,15.21,0.18,99.82
2013-09-11,14.41,14.87,3.18,96.82
2013-09-12,14.56,14.93,2.51,97.49
2013-09-13,14.32,14.87,3.81,96.19
2013-09-16,13.87,14.84,7.02,92.98
2013-09-17,14.03,14.37,2.43,97.57
2013-09-18,14.32,14.45,0.91,99.09
2013-09-19,14.55,14.65,0.7,99.3
2013-09-20,14.4,14.61,1.44,98.56
2013-09-23,15.12,14.76,2.36,97.64
2013-09-24,15.07,14.69,2.48,97.52
2013-09-25,14.84,14.65,1.23,98.77
2013-09-26,14.98,14.65,2.18,97.82
2013-09-27,14.87,14.65,1.48,98.52
2013-09-30,14.69,14.61,0.54,99.46
2013-10-01,15.03,14.79,1.6,98.4
2013-10-02,15.08,14.87,1.38,98.62
2013-10-03,14.89,14.87,0.12,99.88
2013-10-04,14.88,15.09,1.39,98.61
2013-10-07,15.03,15.09,0.41,99.59
2013-10-08,14.82,14.87,0.39,99.61
2013-10-09,14.99,14.87,0.78,99.22
2013-10-10,15.09,14.92,1.08,98.92
2013-10-11,15.18,14.81,2.43,97.57
2013-10-14,15.28,14.81,3.07,96.93
2013-10-15,15.36,15.48,0.77,99.23
2013-10-16,15.44,15.48,0.28,99.72
2013-10-17,15.54,15.65,0.68,99.32
2013-10-18,15.68,15.71,0.18,99.82
2013-10-21,16.06,15.71,2.21,97.79
2013-10-22,16.02,15.7,1.95,98.05
2013-10-23,16.17,15.75,2.61,97.39
2013-10-24,16.39,16.19,1.18,98.82
2013-10-25,16.2,16.17,0.22,99.78
2013-10-28,16.32,16.26,0.41,99.59
2013-10-29,15.92,16.15,1.46,98.54
2013-10-30,16.17,16.21,0.22,99.78
2013-10-31,16.1,16.65,3.37,96.63
2013-11-01,16.02,16.61,3.67,96.33
2013-11-04,16.23,16.65,2.58,97.42
2013-11-05,16.19,16.61,2.6,97.4
2013-11-06,16.14,16.04,0.61,99.39
2013-11-07,15.88,15.94,0.34,99.66
2013-11-08,16.13,15.94,1.21,98.79
2013-11-11,16.08,15.94,0.92,99.08
2013-11-12,16.11,15.85,1.66,98.34
2013-11-13,16.13,15.77,2.22,97.78
2013-11-14,16.37,15.94,2.63,97.37
2013-11-15,16.27,15.85,2.59,97.41
2013-11-18,16.07,15.94,0.84,99.16
2013-11-19,16.1,16.28,1.14,98.86
2013-11-20,15.96,16.21,1.58,98.42
2013-11-21,16.15,16.37,1.38,98.62
2013-11-22,16.11,16.25,0.9,99.1
2013-11-25,16.23,15.94,1.81,98.19
2013-11-26,16.53,16.43,0.58,99.42
2013-11-27,16.92,16.7,1.27,98.73
2013-11-29,17.23,17.0,1.36,98.64
2013-12-02,17.08,16.96,0.69,99.31
2013-12-03,17.55,17.0,3.15,96.85
2013-12-04,17.51,17.07,2.5,97.5
2013-12-05,17.6,17.23,2.08,97.92
2013-12-06,17.35,17.18,1.02,98.98
2013-12-09,17.55,17.64,0.51,99.49
2013-12-10,17.53,17.64,0.65,99.35
2013-12-11,17.4,17.64,1.4,98.6
2013-12-12,17.37,17.75,2.18,97.82
2013-12-13,17.18,17.69,2.98,97.02
2013-12-16,17.28,17.69,2.42,97.58
2013-12-17,17.2,17.53,1.91,98.09
2013-12-18,17.07,17.37,1.8,98.2
2013-12-19,16.87,17.16,1.69,98.31
2013-12-20,17.01,17.21,1.15,98.85
2013-12-23,17.67,17.3,2.08,97.92
2013-12-24,17.59,17.3,1.67,98.33
2013-12-26,17.47,17.21,1.52,98.48
2013-12-27,17.36,17.24,0.65,99.35
2013-12-30,17.18,17.16,0.16,99.84
2013-12-31,17.39,17.21,1.01,98.99
2014-01-02,17.14,17.16,0.09,99.91
2014-01-03,16.76,17.04,1.67,98.33
2014-01-06,16.86,17.16,1.78,98.22
2014-01-07,16.74,17.04,1.85,98.15
2014-01-08,16.84,16.75,0.54,99.46
2014-01-09,16.63,16.75,0.75,99.25
2014-01-10,16.52,16.75,1.42,98.58
2014-01-13,16.6,16.7,0.6,99.4
2014-01-14,16.93,16.34,3.48,96.52
2014-01-15,17.27,16.75,3.02,96.98
2014-01-16,17.18,16.75,2.47,97.53
2014-01-17,16.75,16.64,0.7,99.3
2014-01-21,17.01,16.8,1.24,98.76
2014-01-22,17.09,16.75,1.99,98.01
2014-01-23,17.24,16.89,1.99,98.01
2014-01-24,16.92,16.89,0.18,99.82
2014-01-27,17.06,16.85,1.22,98.78
2014-01-28,15.7,16.44,4.74,95.26
2014-01-29,15.52,16.28,4.93,95.07
2014-01-30,15.49,16.34,5.52,94.48
2014-01-31,15.51,16.37,5.5,94.5
2014-02-03,15.54,16.27,4.71,95.29
2014-02-04,15.77,15.77,0.04,99.96
2014-02-05,15.88,15.77,0.71,99.29
2014-02-06,15.98,15.77,1.28,98.72
2014-02-07,16.2,16.19,0.06,99.94
2014-02-10,16.49,16.19,1.82,98.18
2014-02-11,16.71,16.19,3.1,96.9
2014-02-12,16.71,16.19,3.09,96.91
2014-02-13,16.97,16.28,4.09,95.91
2014-02-14,16.96,16.68,1.64,98.36
2014-02-18,17.02,17.28,1.53,98.47
2014-02-19,16.75,17.28,3.15,96.85
2014-02-20,16.56,17.23,4.07,95.93
2014-02-21,16.37,17.02,3.92,96.08
2014-02-24,16.45,16.94,3.01,96.99
2014-02-25,16.27,16.77,3.07,96.93
2014-02-26,16.13,16.67,3.34,96.66
2014-02-27,16.45,16.73,1.69,98.31
2014-02-28,16.4,16.67,1.59,98.41
2014-03-03,16.45,16.58,0.76,99.24
2014-03-04,16.56,16.5,0.34,99.66
2014-03-05,16.6,16.56,0.23,99.77
2014-03-06,16.55,16.3,1.49,98.51
2014-03-07,16.54,16.3,1.43,98.57
2014-03-10,16.55,16.23,1.96,98.04
2014-03-11,16.71,16.58,0.81,99.19
2014-03-12,16.73,16.74,0.07,99.93
2014-03-13,16.54,16.74,1.19,98.81
2014-03-14,16.36,16.56,1.23,98.77
2014-03-17,16.42,16.67,1.49,98.51
2014-03-18,16.57,16.9,2.04,97.96
2014-03-19,16.56,16.67,0.63,99.37
2014-03-20,16.48,16.67,1.12,98.88
2014-03-21,16.61,16.67,0.33,99.67
2014-03-24,16.81,16.8,0.04,99.96
2014-03-25,16.99,16.92,0.41,99.59
2014-03-26,16.83,16.8,0.15,99.85
2014-03-27,16.75,16.76,0.03,99.97
2014-03-28,16.74,16.74,0.02,99.98
2014-03-31,16.73,16.69,0.28,99.72
2014-04-01,16.89,16.74,0.86,99.14
2014-04-02,16.91,16.85,0.38,99.62
2014-04-03,16.8,16.98,1.08,98.92
2014-04-04,16.58,16.74,0.97,99.03
2014-04-07,16.32,16.58,1.6,98.4
2014-04-08,16.32,16.58,1.6,98.4
2014-04-09,16.53,16.74,1.26,98.74
2014-04-10,16.32,16.58,1.59,98.41
2014-04-11,16.2,16.24,0.23,99.77
2014-04-14,16.26,16.16,0.62,99.38
2014-04-15,16.15,16.16,0.09,99.91
2014-04-16,16.18,16.16,0.11,99.89
2014-04-17,16.36,16.44,0.48,99.52
2014-04-21,16.56,16.5,0.33,99.67
2014-04-22,16.58,16.5,0.42,99.58
2014-04-23,16.36,16.23,0.8,99.2
2014-04-24,17.7,16.92,4.41,95.59
2014-04-25,17.83,17.18,3.66,96.34
2014-04-28,18.52,17.26,6.78,93.22
2014-04-29,18.47,17.37,5.91,94.09
2014-04-30,18.4,17.75,3.51,96.49
2014-05-01,18.44,18.27,0.92,99.08
2014-05-02,18.47,18.34,0.74,99.26
2014-05-05,18.73,18.34,2.13,97.87
2014-05-06,18.53,18.93,2.16,97.84
2014-05-07,18.47,18.93,2.52,97.48
2014-05-08,18.43,18.91,2.61,97.39
2014-05-09,18.36,18.89,2.89,97.11
2014-05-12,18.58,18.91,1.73,98.27
2014-05-13,18.61,18.93,1.7,98.3
2014-05-14,18.62,18.88,1.43,98.57
2014-05-15,18.46,18.79,1.8,98.2
2014-05-16,18.73,18.53,1.08,98.92
2014-05-19,18.95,18.73,1.17,98.83
2014-05-20,18.96,18.83,0.68,99.32
2014-05-21,19.01,18.83,0.94,99.06
2014-05-22,19.04,18.83,1.1,98.9
2014-05-23,19.25,18.79,2.4,97.6
2014-05-27,19.61,18.91,3.56,96.44
2014-05-28,19.56,20.09,2.71,97.29
2014-05-29,19.92,20.17,1.29,98.71
2014-05-30,19.84,20.17,1.67,98.33
2014-06-02,19.71,20.15,2.25,97.75
2014-06-03,19.99,20.16,0.87,99.13
2014-06-04,20.21,20.17,0.19,99.81
2014-06-05,20.29,20.18,0.56,99.44
2014-06-06,20.24,20.17,0.31,99.69
2014-06-09,20.56,20.17,1.88,98.12
2014-06-10,20.68,20.17,2.45,97.55
2014-06-11,20.6,20.74,0.7,99.3
2014-06-12,20.25,20.66,2.02,97.98
2014-06-13,20.03,20.54,2.55,97.45
2014-06-16,20.23,20.47,1.18,98.82
2014-06-17,20.21,20.47,1.31,98.69
2014-06-18,20.23,20.34,0.55,99.45
2014-06-19,20.16,20.34,0.9,99.1
2014-06-20,19.95,20.55,3.0,97.0
2014-06-23,19.93,20.38,2.26,97.74
2014-06-24,19.81,20.22,2.04,97.96
2014-06-25,19.83,19.55,1.41,98.59
2014-06-26,19.95,19.81,0.71,99.29
2014-06-27,20.18,19.69,2.43,97.57
2014-06-30,20.39,19.81,2.87,97.13
2014-07-01,20.52,20.39,0.66,99.34
2014-07-02,20.51,20.09,2.08,97.92
2014-07-03,20.63,20.96,1.58,98.42
2014-07-07,21.06,21.02,0.21,99.79
2014-07-08,20.92,20.96,0.18,99.82
2014-07-09,20.93,20.96,0.13,99.87
2014-07-10,20.86,20.96,0.5,99.5
2014-07-11,20.89,21.04,0.69,99.31
2014-07-14,21.16,21.0,0.79,99.21
2014-07-15,20.92,21.02,0.47,99.53
2014-07-16,20.8,21.02,1.05,98.95
2014-07-17,20.43,20.75,1.56,98.44
2014-07-18,20.72,20.79,0.35,99.65
2014-07-21,20.61,21.12,2.44,97.56
2014-07-22,20.79,21.12,1.59,98.41
2014-07-23,21.33,21.39,0.3,99.7
2014-07-24,21.29,21.32,0.13,99.87
2014-07-25,21.43,21.14,1.38,98.62
2014-07-28,21.73,21.39,1.55,98.45
2014-07-29,21.59,21.69,0.48,99.52
2014-07-30,21.54,21.69,0.72,99.28
2014-07-31,20.98,21.47,2.35,97.65
2014-08-01,21.09,21.38,1.36,98.64
2014-08-04,20.98,21.42,2.09,97.91
2014-08-05,20.87,21.47,2.86,97.14
2014-08-06,20.84,21.6,3.68,96.32
2014-08-07,20.84,21.47,3.05,96.95
2014-08-08,20.89,21.55,3.13,96.87
2014-08-11,21.17,21.61,2.08,97.92
2014-08-12,21.16,21.0,0.78,99.22
2014-08-13,21.44,21.55,0.48,99.52
2014-08-14,21.5,21.47,0.15,99.85
2014-08-15,21.61,21.38,1.04,98.96
2014-08-18,21.87,21.57,1.37,98.63
2014-08-19,22.17,21.82,1.57,98.43
2014-08-20,22.18,22.02,0.71,99.29
2014-08-21,22.18,22.02,0.72,99.28
2014-08-22,22.34,22.51,0.72,99.28
2014-08-25,22.39,22.46,0.29,99.71
2014-08-26,22.25,22.51,1.15,98.85
2014-08-27,22.52,22.57,0.2,99.8
2014-08-28,22.55,22.57,0.08,99.92
2014-08-29,22.6,22.57,0.16,99.84
2014-09-02,22.78,22.57,0.93,99.07
2014-09-03,21.82,22.6,3.58,96.42
2014-09-04,21.64,22.5,4.0,96.0
2014-09-05,21.83,22.58,3.46,96.54
2014-09-08,21.69,21.99,1.4,98.6
2014-09-09,21.61,21.76,0.71,99.29
2014-09-10,22.27,22.09,0.83,99.17
2014-09-11,22.37,22.03,1.53,98.47
2014-09-12,22.42,22.03,1.75,98.25
2014-09-15,22.41,21.97,1.97,98.03
2014-09-16,22.24,22.0,1.09,98.91
2014-09-17,22.4,22.0,1.79,98.21
2014-09-18,22.45,22.0,2.0,98.0
2014-09-19,22.26,21.99,1.24,98.76
2014-09-22,22.29,21.99,1.34,98.66
2014-09-23,22.64,22.54,0.44,99.56
2014-09-24,22.44,22.54,0.43,99.57
2014-09-25,21.58,21.99,1.88,98.12
2014-09-26,22.22,22.22,0.02,99.98
2014-09-29,22.08,22.16,0.4,99.6
2014-09-30,22.22,22.0,0.98,99.02
2014-10-01,21.87,21.99,0.53,99.47
2014-10-02,22.03,21.99,0.19,99.81
2014-10-03,21.97,21.99,0.09,99.91
2014-10-06,21.97,21.99,0.09,99.91
2014-10-07,21.78,21.85,0.32,99.68
2014-10-08,22.23,21.94,1.31,98.69
2014-10-09,22.28,21.97,1.38,98.62
2014-10-10,22.21,21.94,1.25,98.75
2014-10-13,22.01,21.99,0.1,99.9
2014-10-14,21.78,21.91,0.61,99.39
2014-10-15,21.51,22.0,2.27,97.73
2014-10-16,21.23,21.46,1.08,98.92
2014-10-17,21.54,21.84,1.4,98.6
2014-10-20,22.0,21.93,0.31,99.69
2014-10-21,22.6,22.3,1.31,98.69
2014-10-22,22.71,22.3,1.81,98.19
2014-10-23,23.12,22.44,2.95,97.05
2014-10-24,23.2,22.5,3.04,96.96
2014-10-27,23.18,22.66,2.26,97.74
2014-10-28,23.54,23.26,1.19,98.81
2014-10-29,23.67,23.22,1.89,98.11
2014-10-30,23.59,23.22,1.56,98.44
2014-10-31,23.82,23.28,2.25,97.75
2014-11-03,24.13,23.16,4.01,95.99
2014-11-04,23.95,24.46,2.12,97.88
2014-11-05,24.01,24.38,1.55,98.45
2014-11-06,24.08,24.41,1.41,98.59
2014-11-07,24.14,24.5,1.45,98.55
2014-11-10,24.1,24.49,1.6,98.4
2014-11-11,24.3,24.49,0.8,99.2
2014-11-12,24.64,24.49,0.61,99.39
2014-11-13,24.99,24.52,1.87,98.13
2014-11-14,25.29,24.52,3.02,96.98
2014-11-17,25.25,25.22,0.13,99.87
2014-11-18,25.57,25.22,1.41,98.59
2014-11-19,25.4,25.22,0.72,99.28
2014-11-20,25.76,25.66,0.4,99.6
2014-11-21,25.8,25.66,0.54,99.46
2014-11-24,26.27,25.8,1.8,98.2
2014-11-25,26.05,25.96,0.33,99.67
2014-11-26,26.36,26.17,0.7,99.3
2014-11-28,26.34,26.17,0.64,99.36
2014-12-01,25.49,26.54,4.12,95.88
2014-12-02,25.39,26.48,4.28,95.72
2014-12-03,25.68,26.4,2.84,97.16
2014-12-04,25.58,25.75,0.67,99.33
2014-12-05,25.47,25.55,0.32,99.68
2014-12-08,24.89,25.41,2.08,97.92
2014-12-09,25.28,25.41,0.54,99.46
2014-12-10,24.8,25.41,2.49,97.51
2014-12-11,24.72,24.97,1.01,98.99
2014-12-12,24.3,24.82,2.11,97.89
2014-12-15,23.97,24.22,1.05,98.95
2014-12-16,23.64,23.87,0.94,99.06
2014-12-17,24.23,24.17,0.24,99.76
2014-12-18,24.95,24.56,1.56,98.44
2014-12-19,24.76,24.79,0.13,99.87
2014-12-22,25.01,24.79,0.9,99.1
2014-12-23,24.93,24.79,0.55,99.45
2014-12-24,24.81,24.79,0.08,99.92
2014-12-26,25.25,24.8,1.77,98.23
2014-12-29,25.23,25.09,0.57,99.43
2014-12-30,24.92,24.79,0.53,99.47
2014-12-31,24.45,24.79,1.4,98.6
2015-01-02,24.21,24.79,2.37,97.63
2015-01-05,23.53,24.76,5.23,94.77
2015-01-06,23.53,24.76,5.22,94.78
2015-01-07,23.86,24.57,2.96,97.04
2015-01-08,24.78,24.03,3.02,96.98
2015-01-09,24.81,24.08,2.94,97.06
2015-01-12,24.2,23.78,1.73,98.27
2015-01-13,24.41,23.78,2.6,97.4
2015-01-14,24.32,24.47,0.63,99.37
2015-01-15,23.66,24.25,2.51,97.49
2015-01-16,23.48,23.24,1.0,99.0
2015-01-20,24.08,23.7,1.58,98.42
2015-01-21,24.26,23.78,2.0,98.0
2015-01-22,24.89,24.03,3.46,96.54
2015-01-23,25.02,24.09,3.72,96.28
2015-01-26,25.05,24.37,2.72,97.28
2015-01-27,24.17,24.73,2.3,97.7
2015-01-28,25.54,25.26,1.08,98.92
2015-01-29,26.33,25.26,4.07,95.93
2015-01-30,25.95,25.19,2.91,97.09
2015-02-02,26.27,25.75,2.01,97.99
2015-02-03,26.28,25.75,2.01,97.99
2015-02-04,26.48,26.02,1.72,98.28
2015-02-05,26.67,26.08,2.2,97.8
2015-02-06,26.45,26.6,0.57,99.43
2015-02-09,26.62,26.59,0.11,99.89
2015-02-10,27.13,26.64,1.8,98.2
2015-02-11,27.77,26.64,4.05,95.95
2015-02-12,28.12,27.17,3.38,96.62
2015-02-13,28.26,27.17,3.85,96.15
2015-02-17,28.42,28.24,0.64,99.36
2015-02-18,28.62,28.24,1.35,98.65
2015-02-19,28.56,28.11,1.57,98.43
2015-02-20,28.8,28.11,2.38,97.62
2015-02-23,29.57,28.11,4.95,95.05
2015-02-24,29.39,29.6,0.72,99.28
2015-02-25,28.64,28.14,1.72,98.28
2015-02-26,29.0,29.55,1.91,98.09
2015-02-27,28.56,29.45,3.09,96.91
2015-03-02,28.7,29.45,2.59,97.41
2015-03-03,28.76,29.66,3.11,96.89
2015-03-04,28.58,29.48,3.14,96.86
2015-03-05,28.11,29.05,3.34,96.66
2015-03-06,28.15,27.85,1.06,98.94
2015-03-09,28.27,27.85,1.48,98.52
2015-03-10,27.69,27.76,0.28,99.72
2015-03-11,27.18,27.66,1.78,98.22
2015-03-12,27.67,27.76,0.33,99.67
2015-03-13,27.48,26.87,2.23,97.77
2015-03-16,27.78,27.39,1.43,98.57
2015-03-17,28.25,27.63,2.19,97.81
2015-03-18,28.57,27.84,2.54,97.46
2015-03-19,28.35,27.85,1.75,98.25
2015-03-20,27.99,27.84,0.55,99.45
2015-03-23,28.29,27.84,1.57,98.43
2015-03-24,28.17,27.84,1.17,98.83
2015-03-25,27.43,27.84,1.49,98.51
2015-03-26,27.63,27.84,0.78,99.22
2015-03-27,27.41,27.63,0.82,99.18
2015-03-30,28.1,27.91,0.69,99.31
2015-03-31,27.67,27.91,0.86,99.14
2015-04-01,27.63,27.64,0.05,99.95
2015-04-02,27.87,27.91,0.15,99.85
2015-04-06,28.32,27.91,1.45,98.55
2015-04-07,28.02,27.64,1.35,98.65
2015-04-08,27.93,27.63,1.07,98.93
2015-04-09,28.14,27.85,1.02,98.98
2015-04-10,28.26,28.12,0.51,99.49
2015-04-13,28.21,27.85,1.25,98.75
2015-04-14,28.08,27.85,0.82,99.18
2015-04-15,28.19,28.36,0.62,99.38
2015-04-16,28.05,28.12,0.23,99.77
2015-04-17,27.74,28.12,1.37,98.63
2015-04-20,28.37,28.12,0.9,99.1
2015-04-21,28.22,28.36,0.51,99.49
2015-04-22,28.6,28.39,0.72,99.28
2015-04-23,28.83,28.39,1.53,98.47
2015-04-24,28.97,28.36,2.09,97.91
2015-04-27,29.5,28.84,2.22,97.78
2015-04-28,29.03,28.72,1.06,98.94
2015-04-29,28.6,28.45,0.54,99.46
2015-04-30,27.83,28.17,1.24,98.76
2015-05-01,28.67,28.45,0.78,99.22
2015-05-04,28.62,28.45,0.59,99.41
2015-05-05,27.97,28.18,0.75,99.25
2015-05-06,27.8,28.18,1.39,98.61
2015-05-07,27.97,28.29,1.16,98.84
2015-05-08,28.5,28.29,0.71,99.29
2015-05-11,28.21,28.18,0.08,99.92
2015-05-12,28.11,27.84,0.94,99.06
2015-05-13,28.14,27.84,1.05,98.95
2015-05-14,28.79,28.18,2.12,97.88
2015-05-15,28.75,28.17,2.02,97.98
2015-05-18,29.07,28.25,2.81,97.19
2015-05-19,29.04,28.45,2.05,97.95
2015-05-20,29.04,28.72,1.1,98.9
2015-05-21,29.34,28.69,2.19,97.81
2015-05-22,29.59,28.72,2.95,97.05
2015-05-26,28.94,28.69,0.86,99.14
2015-05-27,29.48,28.81,2.3,97.7
2015-05-28,29.42,30.19,2.6,97.4
2015-05-29,29.09,29.86,2.64,97.36
2015-06-01,29.15,30.13,3.36,96.64
2015-06-02,29.02,30.1,3.73,96.27
2015-06-03,29.05,30.1,3.6,96.4
2015-06-04,28.88,29.7,2.82,97.18
2015-06-05,28.73,30.38,5.75,94.25
2015-06-08,28.54,28.88,1.21,98.79
2015-06-09,28.45,28.88,1.51,98.49
2015-06-10,28.78,28.96,0.64,99.36
2015-06-11,28.71,28.88,0.59,99.41
2015-06-12,28.4,28.43,0.11,99.89
2015-06-15,28.34,28.88,1.9,98.1
2015-06-16,28.49,28.18,1.11,98.89
2015-06-17,28.42,28.18,0.87,99.13
2015-06-18,28.55,28.31,0.86,99.14
2015-06-19,28.27,27.9,1.3,98.7
2015-06-22,28.49,28.36,0.49,99.51
2015-06-23,28.36,28.26,0.38,99.62
2015-06-24,28.61,28.43,0.6,99.4
2015-06-25,28.47,28.43,0.12,99.88
2015-06-26,28.3,28.43,0.47,99.53
2015-06-29,27.81,28.36,1.98,98.02
2015-06-30,28.01,27.99,0.05,99.95
2015-07-01,28.27,28.43,0.59,99.41
2015-07-02,28.23,28.45,0.76,99.24
2015-07-06,28.13,28.17,0.13,99.87
2015-07-07,28.06,28.17,0.38,99.62
2015-07-08,27.37,27.6,0.84,99.16
2015-07-09,26.81,27.12,1.14,98.86
2015-07-10,27.53,27.76,0.86,99.14
2015-07-13,28.06,27.84,0.77,99.23
2015-07-14,28.05,27.84,0.73,99.27
2015-07-15,28.32,27.85,1.64,98.36
2015-07-16,28.69,27.96,2.55,97.45
2015-07-17,28.94,28.12,2.85,97.15
2015-07-20,29.49,28.78,2.39,97.61
2015-07-21,29.19,28.69,1.72,98.28
2015-07-22,27.96,28.18,0.8,99.2
2015-07-23,27.95,28.18,0.85,99.15
2015-07-24,27.8,27.85,0.19,99.81
2015-07-27,27.41,27.84,1.57,98.43
2015-07-28,27.55,27.96,1.5,98.5
2015-07-29,27.46,28.12,2.39,97.61
2015-07-30,27.32,27.85,1.94,98.06
2015-07-31,27.08,27.38,1.1,98.9
2015-08-03,26.45,27.22,2.93,97.07
2015-08-04,25.6,26.44,3.29,96.71
2015-08-05,25.77,26.4,2.44,97.56
2015-08-06,25.82,25.41,1.6,98.4
2015-08-07,25.91,25.41,1.93,98.07
2015-08-10,26.85,25.26,5.94,94.06
2015-08-11,25.46,25.29,0.63,99.37
2015-08-12,25.85,25.48,1.42,98.58
2015-08-13,25.83,25.78,0.2,99.8
2015-08-14,26.01,25.93,0.29,99.71
2015-08-17,26.28,25.37,3.44,96.56
2015-08-18,26.13,25.37,2.91,97.09
2015-08-19,25.8,25.37,1.67,98.33
2015-08-20,25.27,25.17,0.4,99.6
2015-08-21,23.72,24.81,4.59,95.41
2015-08-24,23.13,24.91,7.71,92.29
2015-08-25,23.27,24.66,5.99,94.01
2015-08-26,24.6,24.79,0.76,99.24
2015-08-27,25.33,24.8,2.08,97.92
2015-08-28,25.41,24.71,2.76,97.24
2015-08-31,25.29,24.8,1.94,98.06
2015-09-01,24.16,24.57,1.67,98.33
2015-09-02,25.2,24.79,1.62,98.38
2015-09-03,24.76,24.79,0.14,99.86
2015-09-04,24.51,24.71,0.82,99.18
2015-09-08,25.19,24.79,1.59,98.41
2015-09-09,24.71,24.79,0.34,99.66
2015-09-10,25.25,24.8,1.78,98.22
2015-09-11,25.62,25.27,1.35,98.65
2015-09-14,25.86,25.4,1.78,98.22
2015-09-15,26.08,25.81,1.03,98.97
2015-09-16,26.11,25.68,1.64,98.36
2015-09-17,25.55,25.34,0.83,99.17
2015-09-18,25.45,25.46,0.04,99.96
2015-09-21,25.84,25.71,0.51,99.49
2015-09-22,25.44,25.89,1.8,98.2
2015-09-23,25.64,25.71,0.26,99.74
2015-09-24,25.79,25.89,0.38,99.62
2015-09-25,25.73,25.89,0.64,99.36
2015-09-28,25.22,25.46,0.94,99.06
2015-09-29,24.46,25.42,3.93,96.07
2015-09-30,24.74,25.41,2.72,97.28
2015-10-01,24.58,24.98,1.62,98.38
2015-10-02,24.76,24.97,0.87,99.13
2015-10-05,24.85,24.88,0.11,99.89
2015-10-06,24.97,24.47,1.99,98.01
2015-10-07,24.85,24.71,0.55,99.45
2015-10-08,24.56,24.57,0.02,99.98
2015-10-09,25.15,24.79,1.43,98.57
2015-10-12,25.03,24.79,0.97,99.03
2015-10-13,25.07,24.79,1.14,98.86
2015-10-14,24.72,24.46,1.03,98.97
2015-10-15,25.09,24.79,1.2,98.8
2015-10-16,24.91,24.79,0.47,99.53
2015-10-19,25.06,25.22,0.65,99.35
2015-10-20,25.52,25.27,0.97,99.03
2015-10-21,25.52,25.75,0.92,99.08
2015-10-22,25.91,25.81,0.36,99.64
2015-10-23,26.71,25.87,3.15,96.85
2015-10-26,25.86,25.63,0.86,99.14
2015-10-27,25.69,25.82,0.5,99.5
2015-10-28,26.75,26.02,2.72,97.28
2015-10-29,27.03,26.02,3.74,96.26
2015-10-30,26.8,26.48,1.22,98.78
2015-11-02,27.18,26.54,2.37,97.63
2015-11-03,27.49,26.64,3.09,96.91
2015-11-04,27.36,27.0,1.32,98.68
2015-11-05,27.24,27.03,0.78,99.22
2015-11-06,27.27,27.98,2.61,97.39
2015-11-09,27.16,28.09,3.42,96.58
2015-11-10,26.3,27.71,5.34,94.66
2015-11-11,26.15,27.51,5.18,94.82
2015-11-12,26.07,26.45,1.45,98.55
2015-11-13,25.31,26.45,4.51,95.49
2015-11-16,25.72,26.49,3.0,97.0
2015-11-17,25.61,25.74,0.51,99.49
2015-11-18,26.42,25.98,1.67,98.33
2015-11-19,26.76,25.99,2.86,97.14
2015-11-20,26.87,25.99,3.29,96.71
2015-11-23,26.52,25.9,2.35,97.65
2015-11-24,26.78,25.98,2.99,97.01
2015-11-25,26.59,25.98,2.29,97.71
2015-11-27,26.54,26.45,0.35,99.65
2015-11-30,26.65,26.45,0.76,99.24
2015-12-01,26.43,26.53,0.38,99.62
2015-12-02,26.19,26.49,1.14,98.86
2015-12-03,25.95,26.46,1.95,98.05
2015-12-04,26.81,27.0,0.71,99.29
2015-12-07,26.64,26.87,0.86,99.14
2015-12-08,26.63,26.87,0.9,99.1
2015-12-09,26.04,26.45,1.54,98.46
2015-12-10,26.17,26.45,1.06,98.94
2015-12-11,25.49,25.67,0.7,99.3
2015-12-14,25.34,25.73,1.56,98.44
2015-12-15,24.89,25.13,0.96,99.04
2015-12-16,25.08,25.38,1.18,98.82
2015-12-17,24.55,24.82,1.09,98.91
2015-12-18,23.88,24.37,2.03,97.97
2015-12-21,24.18,24.67,2.04,97.96
2015-12-22,24.15,24.66,2.11,97.89
2015-12-23,24.47,24.46,0.0,100.0
2015-12-24,24.33,23.87,1.93,98.07
2015-12-28,24.06,23.87,0.82,99.18
2015-12-29,24.49,24.26,0.96,99.04
2015-12-30,24.17,23.56,2.55,97.45
2015-12-31,23.71,23.52,0.82,99.18
2016-01-04,23.73,23.56,0.73,99.27
2016-01-05,23.14,23.45,1.36,98.64
2016-01-06,22.68,23.13,1.99,98.01
2016-01-07,21.73,22.88,5.3,94.7
2016-01-08,21.84,22.89,4.81,95.19
2016-01-11,22.19,22.25,0.23,99.77
2016-01-12,22.52,22.25,1.2,98.8
2016-01-13,21.94,22.09,0.71,99.29
2016-01-14,22.42,22.09,1.44,98.56
2016-01-15,21.88,22.09,0.98,99.02
2016-01-19,21.77,21.64,0.62,99.38
2016-01-20,21.8,21.57,1.05,98.95
2016-01-21,21.69,21.57,0.54,99.46
2016-01-22,22.85,22.08,3.36,96.64
2016-01-25,22.4,21.97,1.94,98.06
2016-01-26,22.52,22.08,1.98,98.02
2016-01-27,21.04,21.88,3.99,96.01
2016-01-28,21.19,22.14,4.47,95.53
2016-01-29,21.93,22.12,0.9,99.1
2016-02-01,21.72,22.01,1.34,98.66
2016-02-02,21.28,21.77,2.31,97.69
2016-02-03,21.7,21.93,1.05,98.95
2016-02-04,21.88,21.92,0.2,99.8
2016-02-05,21.29,21.37,0.36,99.64
2016-02-08,21.52,21.38,0.63,99.37
2016-02-09,21.51,21.38,0.61,99.39
2016-02-10,21.35,21.38,0.15,99.85
2016-02-11,21.22,21.01,0.99,99.01
2016-02-12,21.29,21.26,0.14,99.86
2016-02-16,21.89,21.37,2.36,97.64
2016-02-17,22.22,21.82,1.8,98.2
2016-02-18,21.8,21.57,1.07,98.93
2016-02-19,21.75,21.9,0.67,99.33
2016-02-22,21.94,21.99,0.2,99.8
2016-02-23,21.45,21.99,2.52,97.48
2016-02-24,21.76,21.97,0.92,99.08
2016-02-25,21.91,21.97,0.23,99.77
2016-02-26,21.95,22.25,1.39,98.61
2016-02-29,21.9,22.1,0.91,99.09
2016-03-01,22.77,22.43,1.48,98.52
2016-03-02,22.82,22.43,1.69,98.31
2016-03-03,22.99,22.55,1.9,98.1
2016-03-04,23.33,22.55,3.34,96.66
2016-03-07,23.07,22.91,0.68,99.32
2016-03-08,22.88,22.86,0.08,99.92
2016-03-09,22.9,23.22,1.4,98.6
2016-03-10,22.91,23.22,1.35,98.65
2016-03-11,23.16,23.26,0.42,99.58
2016-03-14,23.22,23.19,0.11,99.89
2016-03-15,23.69,23.36,1.35,98.65
2016-03-16,24.0,23.36,2.65,97.35
2016-03-17,23.96,23.36,2.49,97.51
2016-03-18,23.99,24.49,2.09,97.91
2016-03-21,23.99,24.45,1.91,98.09
2016-03-22,24.17,24.46,1.22,98.78
2016-03-23,24.04,24.44,1.68,98.32
2016-03-24,23.93,24.29,1.49,98.51
2016-03-28,23.82,24.38,2.35,97.65
2016-03-29,24.39,24.52,0.55,99.45
2016-03-30,24.81,24.52,1.18,98.82
2016-03-31,24.68,24.3,1.55,98.45
2016-04-01,24.91,24.46,1.79,98.21
2016-04-04,25.17,25.22,0.19,99.81
2016-04-05,24.87,25.08,0.84,99.16
2016-04-06,25.13,25.08,0.21,99.79
2016-04-07,24.58,24.86,1.15,98.85
2016-04-08,24.61,24.86,1.04,98.96
2016-04-11,24.69,24.93,0.98,99.02
2016-04-12,25.01,24.93,0.32,99.68
2016-04-13,25.37,25.1,1.09,98.91
2016-04-14,25.39,25.1,1.14,98.86
2016-04-15,24.88,25.67,3.2,96.8
2016-04-18,24.34,24.89,2.27,97.73
2016-04-19,24.21,24.88,2.77,97.23
2016-04-20,24.26,24.47,0.86,99.14
2016-04-21,24.0,24.25,1.04,98.96
2016-04-22,23.93,24.09,0.64,99.36
2016-04-25,23.8,24.09,1.21,98.79
2016-04-26,23.63,23.83,0.83,99.17
2016-04-27,22.15,22.88,3.26,96.74
2016-04-28,21.48,22.87,6.49,93.51
2016-04-29,21.23,22.87,7.73,92.27
2016-05-02,21.21,21.74,2.53,97.47
2016-05-03,21.56,21.76,0.95,99.05
2016-05-04,21.33,21.31,0.12,99.88
2016-05-05,21.25,21.24,0.01,99.99
2016-05-06,21.13,21.24,0.55,99.45
2016-05-09,21.14,20.73,1.96,98.04
2016-05-10,21.29,20.2,5.09,94.91
2016-05-11,21.08,20.08,4.73,95.27
2016-05-12,20.58,20.08,2.45,97.55
2016-05-13,20.63,20.08,2.64,97.36
2016-05-16,21.39,20.35,4.86,95.14
2016-05-17,21.3,20.65,3.05,96.95
2016-05-18,21.55,21.01,2.49,97.51
2016-05-19,21.46,21.17,1.39,98.61
2016-05-20,21.7,21.61,0.41,99.59
2016-05-23,21.97,21.57,1.84,98.16
2016-05-24,22.31,21.88,1.91,98.09
2016-05-25,22.7,21.92,3.44,96.56
2016-05-26,22.88,22.49,1.71,98.29
2016-05-27,22.87,22.49,1.65,98.35
2016-05-31,22.75,22.5,1.14,98.86
2016-06-01,22.44,22.5,0.27,99.73
2016-06-02,22.27,23.01,3.33,96.67
2016-06-03,22.31,23.01,3.11,96.89
2016-06-06,22.47,22.95,2.12,97.88
2016-06-07,22.56,23.01,1.96,98.04
2016-06-08,22.54,23.1,2.45,97.55
2016-06-09,22.71,23.28,2.53,97.47
2016-06-10,22.52,23.04,2.31,97.69
2016-06-13,22.18,22.74,2.53,97.47
2016-06-14,22.21,22.58,1.66,98.34
2016-06-15,22.13,22.24,0.47,99.53
2016-06-16,22.23,22.06,0.76,99.24
2016-06-17,21.72,21.9,0.82,99.18
2016-06-20,21.67,21.44,1.04,98.96
2016-06-21,21.85,21.76,0.43,99.57
2016-06-22,21.77,21.76,0.03,99.97
2016-06-23,21.9,21.91,0.05,99.95
2016-06-24,21.28,21.36,0.35,99.65
2016-06-27,20.97,21.12,0.71,99.29
2016-06-28,21.33,21.46,0.65,99.35
2016-06-29,21.51,20.94,2.63,97.37
2016-06-30,21.78,21.33,2.1,97.9
2016-07-01,21.85,21.41,2.03,97.97
2016-07-05,21.64,21.41,1.1,98.9
2016-07-06,21.77,21.41,1.66,98.34
2016-07-07,21.86,21.41,2.08,97.92
2016-07-08,22.03,22.1,0.31,99.69
2016-07-11,22.1,22.15,0.26,99.74
2016-07-12,22.2,22.1,0.45,99.55
2016-07-13,22.07,22.1,0.11,99.89
2016-07-14,22.51,22.25,1.14,98.86
2016-07-15,22.51,22.59,0.35,99.65
2016-07-18,22.75,22.63,0.5,99.5
2016-07-19,22.76,22.63,0.54,99.46
2016-07-20,22.78,22.63,0.63,99.37
2016-07-21,22.66,23.04,1.7,98.3
2016-07-22,22.48,22.95,2.08,97.92
2016-07-25,22.18,22.82,2.91,97.09
2016-07-26,22.03,22.62,2.69,97.31
2016-07-27,23.46,23.17,1.24,98.76
2016-07-28,23.77,23.32,1.93,98.07
2016-07-29,23.75,23.31,1.82,98.18
2016-08-01,24.16,23.32,3.51,96.49
2016-08-02,23.81,23.28,2.21,97.79
2016-08-03,24.11,24.38,1.16,98.84
2016-08-04,24.25,24.41,0.63,99.37
2016-08-05,24.62,24.44,0.74,99.26
2016-08-08,24.83,24.44,1.56,98.44
2016-08-09,24.93,24.49,1.76,98.24
2016-08-10,24.74,24.44,1.22,98.78
2016-08-11,24.73,25.14,1.66,98.34
2016-08-12,24.78,25.0,0.86,99.14
2016-08-15,25.08,25.22,0.53,99.47
2016-08-16,25.06,25.16,0.4,99.6
2016-08-17,25.02,25.18,0.65,99.35
2016-08-18,24.99,25.18,0.78,99.22
2016-08-19,25.05,25.1,0.18,99.82
2016-08-22,24.86,25.57,2.85,97.15
2016-08-23,24.94,25.57,2.52,97.48
2016-08-24,24.75,25.34,2.4,97.6
2016-08-25,24.64,24.93,1.15,98.85
2016-08-26,24.5,24.39,0.43,99.57
2016-08-29,24.47,24.15,1.33,98.67
2016-08-30,24.28,24.17,0.45,99.55
2016-08-31,24.31,24.18,0.52,99.48
2016-09-01,24.45,24.42,0.13,99.87
2016-09-02,24.68,24.27,1.66,98.34
2016-09-06,24.67,24.27,1.63,98.37
2016-09-07,24.82,24.5,1.31,98.69
2016-09-08,24.17,23.96,0.88,99.12
2016-09-09,23.63,23.49,0.56,99.44
2016-09-12,24.16,24.25,0.39,99.61
2016-09-13,24.73,24.48,1.0,99.0
2016-09-14,25.61,24.89,2.81,97.19
2016-09-15,26.48,25.4,4.06,95.94
2016-09-16,26.33,25.4,3.51,96.49
2016-09-19,26.02,25.75,1.03,98.97
2016-09-20,26.02,25.81,0.79,99.21
2016-09-21,26.01,26.02,0.04,99.96
2016-09-22,26.26,26.02,0.89,99.11
2016-09-23,25.82,25.89,0.28,99.72
2016-09-26,25.86,26.4,2.11,97.89
2016-09-27,25.91,26.36,1.73,98.27
2016-09-28,26.11,26.54,1.65,98.35
2016-09-29,25.7,26.56,3.34,96.66
2016-09-30,25.9,26.54,2.46,97.54
2016-10-03,25.78,26.4,2.43,97.57
2016-10-04,25.89,26.22,1.29,98.71
2016-10-05,25.9,25.27,2.44,97.56
2016-10-06,26.09,25.41,2.6,97.4
2016-10-07,26.13,26.06,0.25,99.75
2016-10-10,26.59,26.4,0.68,99.32
2016-10-11,26.64,26.4,0.9,99.1
2016-10-12,26.88,26.4,1.77,98.23
2016-10-13,26.8,26.56,0.89,99.11
2016-10-14,26.95,27.06,0.41,99.59
2016-10-17,26.93,27.03,0.37,99.63
2016-10-18,26.91,27.0,0.34,99.66
2016-10-19,26.83,26.87,0.13,99.87
2016-10-20,26.82,27.17,1.32,98.68
2016-10-21,26.71,27.17,1.72,98.28
2016-10-24,26.95,27.03,0.28,99.72
2016-10-25,27.09,27.15,0.23,99.77
2016-10-26,26.48,26.8,1.21,98.79
2016-10-27,26.23,26.53,1.16,98.84
2016-10-28,26.05,26.3,0.96,99.04
2016-10-31,26.01,26.2,0.73,99.27
2016-11-01,25.54,25.31,0.89,99.11
2016-11-02,25.56,24.79,3.02,96.98
2016-11-03,25.29,24.84,1.78,98.22
2016-11-04,25.06,24.84,0.88,99.12
2016-11-07,25.42,24.77,2.58,97.42
2016-11-08,25.57,24.81,2.99,97.01
2016-11-09,25.53,24.81,2.83,97.17
2016-11-10,24.82,24.47,1.43,98.57
2016-11-11,24.97,24.22,2.99,97.01
2016-11-14,24.34,24.27,0.29,99.71
2016-11-15,24.66,24.62,0.18,99.82
2016-11-16,25.33,25.12,0.81,99.19
2016-11-17,25.32,24.79,2.09,97.91
2016-11-18,25.34,24.79,2.19,97.81
2016-11-21,25.73,25.34,1.5,98.5
2016-11-22,25.74,25.34,1.57,98.43
2016-11-23,25.61,25.5,0.45,99.55
2016-11-25,25.74,25.63,0.42,99.58
2016-11-28,25.69,25.5,0.76,99.24
2016-11-29,25.67,25.34,1.27,98.73
2016-11-30,25.45,25.42,0.1,99.9
2016-12-01,25.21,25.71,1.97,98.03
2016-12-02,25.31,25.71,1.59,98.41
2016-12-05,25.12,25.96,3.34,96.66
2016-12-06,25.32,25.75,1.71,98.29
2016-12-07,25.57,25.5,0.27,99.73
2016-12-08,25.82,25.68,0.53,99.47
2016-12-09,26.24,25.81,1.62,98.38
2016-12-12,26.09,25.75,1.3,98.7
2016-12-13,26.52,25.96,2.12,97.88
2016-12-14,26.52,26.02,1.89,98.11
2016-12-15,26.67,26.54,0.5,99.5
2016-12-16,26.7,26.54,0.63,99.37
2016-12-19,26.86,26.56,1.12,98.88
2016-12-20,26.93,26.7,0.84,99.16
2016-12-21,26.96,27.15,0.73,99.27
2016-12-22,26.78,27.17,1.47,98.53
2016-12-23,26.83,27.15,1.19,98.81
2016-12-27,27.0,27.15,0.56,99.44
2016-12-28,26.89,27.17,1.06,98.94
2016-12-29,26.88,27.06,0.68,99.32
2016-12-30,26.67,26.87,0.76,99.24
2017-01-03,26.75,27.0,0.96,99.04
2017-01-04,26.72,26.73,0.03,99.97
2017-01-05,26.85,26.87,0.07,99.93
2017-01-06,27.15,26.94,0.77,99.23
2017-01-09,27.4,27.0,1.45,98.55
2017-01-10,27.43,27.0,1.55,98.45
2017-01-11,27.57,27.98,1.48,98.52
2017-01-12,27.46,27.92,1.68,98.32
2017-01-13,27.41,27.98,2.08,97.92
2017-01-17,27.63,28.0,1.35,98.65
2017-01-18,27.63,27.98,1.27,98.73
2017-01-19,27.58,28.0,1.53,98.47
2017-01-20,27.63,28.04,1.47,98.53
2017-01-23,27.65,28.13,1.73,98.27
2017-01-24,27.63,28.01,1.38,98.62
2017-01-25,28.07,28.13,0.23,99.77
2017-01-26,28.08,28.24,0.56,99.44
2017-01-27,28.08,28.24,0.55,99.45
2017-01-30,28.01,28.2,0.67,99.33
2017-01-31,27.94,28.24,1.07,98.93
2017-02-01,29.65,28.24,4.76,95.24
2017-02-02,29.6,28.45,3.86,96.14
2017-02-03,29.72,28.45,4.27,95.73
2017-02-06,30.0,28.45,5.16,94.84
2017-02-07,30.29,30.01,0.92,99.08
2017-02-08,30.4,31.34,3.08,96.92
2017-02-09,30.62,31.29,2.19,97.81
2017-02-10,30.56,31.34,2.57,97.43
2017-02-13,30.83,31.87,3.38,96.62
2017-02-14,31.23,31.87,2.05,97.95
2017-02-15,31.34,31.87,1.68,98.32
2017-02-16,31.3,32.02,2.29,97.71
2017-02-17,31.39,31.97,1.86,98.14
2017-02-21,31.61,31.97,1.13,98.87
2017-02-22,31.71,32.02,0.98,99.02
2017-02-23,31.58,32.15,1.82,98.18
2017-02-24,31.61,32.15,1.73,98.27
2017-02-27,31.67,32.46,2.51,97.49
2017-02-28,31.68,32.46,2.45,97.55
2017-03-01,32.33,32.46,0.41,99.59
2017-03-02,32.14,32.25,0.35,99.65
2017-03-03,32.33,32.46,0.41,99.59
2017-03-06,32.22,32.55,1.02,98.98
2017-03-07,32.27,32.44,0.55,99.45
2017-03-08,32.15,32.39,0.74,99.26
2017-03-09,32.07,32.34,0.82,99.18
2017-03-10,32.18,32.34,0.49,99.51
2017-03-13,32.19,32.27,0.26,99.74
2017-03-14,32.14,32.25,0.32,99.68
2017-03-15,32.48,32.44,0.13,99.87
2017-03-16,32.54,32.44,0.3,99.7
2017-03-17,32.38,32.3,0.24,99.76
2017-03-20,32.72,32.39,1.01,98.99
2017-03-21,32.34,31.8,1.66,98.34
2017-03-22,32.71,32.25,1.41,98.59
2017-03-23,32.59,32.0,1.81,98.19
2017-03-24,32.53,32.0,1.61,98.39
2017-03-27,32.58,32.0,1.78,98.22
2017-03-28,33.26,32.34,2.77,97.23
2017-03-29,33.33,32.44,2.67,97.33
2017-03-30,33.29,32.39,2.71,97.29
2017-03-31,33.22,32.34,2.67,97.33
2017-04-03,33.23,33.76,1.59,98.41
2017-04-04,33.48,33.76,0.84,99.16
2017-04-05,33.31,33.85,1.63,98.37
2017-04-06,33.22,33.85,1.89,98.11
2017-04-07,33.15,33.72,1.72,98.28
2017-04-10,33.11,33.91,2.42,97.58
2017-04-11,32.75,33.42,2.03,97.97
2017-04-12,32.79,33.58,2.39,97.61
2017-04-13,32.62,33.42,2.45,97.55
2017-04-17,32.8,33.58,2.37,97.63
2017-04-18,32.66,32.96,0.93,99.07
2017-04-19,32.53,32.44,0.29,99.71
2017-04-20,32.94,33.2,0.77,99.23
2017-04-21,32.9,33.2,0.89,99.11
2017-04-24,33.22,33.07,0.46,99.54
2017-04-25,33.43,33.21,0.65,99.35
2017-04-26,33.23,33.21,0.06,99.94
2017-04-27,33.25,33.32,0.19,99.81
2017-04-28,33.22,33.42,0.6,99.4
2017-05-01,33.9,33.82,0.23,99.77
2017-05-02,34.11,34.07,0.14,99.86
2017-05-03,34.01,33.96,0.14,99.86
2017-05-04,33.89,34.02,0.38,99.62
2017-05-05,34.45,34.02,1.25,98.75
2017-05-08,35.39,34.03,3.82,96.18
2017-05-09,35.61,34.03,4.43,95.57
2017-05-10,35.44,35.59,0.41,99.59
2017-05-11,35.75,35.59,0.45,99.55
2017-05-12,36.25,35.95,0.83,99.17
2017-05-15,36.16,35.95,0.57,99.43
2017-05-16,36.1,35.95,0.42,99.58
2017-05-17,34.89,35.7,2.33,97.67
2017-05-18,35.42,35.77,0.96,99.04
2017-05-19,35.54,35.7,0.45,99.55
2017-05-22,35.76,35.7,0.16,99.84
2017-05-23,35.72,35.79,0.2,99.8
2017-05-24,35.61,35.83,0.61,99.39
2017-05-25,35.73,35.76,0.09,99.91
2017-05-26,35.67,35.52,0.43,99.57
2017-05-30,35.69,35.65,0.1,99.9
2017-05-31,35.47,35.35,0.35,99.65
2017-06-01,35.57,35.28,0.82,99.18
2017-06-02,36.1,35.28,2.27,97.73
2017-06-05,35.75,35.16,1.64,98.36
2017-06-06,35.87,35.28,1.63,98.37
2017-06-07,36.08,36.1,0.06,99.94
2017-06-08,35.99,36.32,0.91,99.09
2017-06-09,34.6,35.42,2.39,97.61
2017-06-12,33.77,34.51,2.21,97.79
2017-06-13,34.04,34.35,0.91,99.09
2017-06-14,33.71,34.26,1.63,98.37
2017-06-15,33.51,34.07,1.68,98.32
2017-06-16,33.04,33.7,2.01,97.99
2017-06-19,33.98,34.77,2.32,97.68
2017-06-20,33.67,33.21,1.38,98.62
2017-06-21,33.87,33.26,1.81,98.19
2017-06-22,33.82,32.76,3.14,96.86
2017-06-23,33.97,33.11,2.52,97.48
2017-06-26,33.86,33.05,2.39,97.61
2017-06-27,33.38,32.41,2.9,97.1
2017-06-28,33.87,32.96,2.68,97.32
2017-06-29,33.37,33.19,0.52,99.48
2017-06-30,33.44,33.28,0.49,99.51
2017-07-03,33.32,33.2,0.38,99.62
2017-07-05,33.46,33.21,0.76,99.24
2017-07-06,33.15,33.2,0.15,99.85
2017-07-07,33.48,33.64,0.47,99.53
2017-07-10,33.69,33.26,1.27,98.73
2017-07-11,33.8,33.48,0.93,99.07
2017-07-12,33.84,33.27,1.7,98.3
2017-07-13,34.32,33.64,1.97,98.03
2017-07-14,34.61,33.78,2.4,97.6
2017-07-17,34.73,33.88,2.44,97.56
2017-07-18,34.85,34.04,2.32,97.68
2017-07-19,35.07,35.53,1.31,98.69
2017-07-20,34.91,35.75,2.39,97.61
2017-07-21,34.9,35.89,2.84,97.16
2017-07-24,35.32,35.9,1.65,98.35
2017-07-25,35.47,35.84,1.05,98.95
2017-07-26,35.64,35.67,0.08,99.92
2017-07-27,34.96,35.93,2.77,97.23
2017-07-28,34.72,35.76,3.02,96.98
2017-07-31,34.54,35.76,3.55,96.45
2017-08-01,34.85,35.76,2.64,97.36
2017-08-02,36.49,35.93,1.54,98.46
2017-08-03,36.13,35.76,1.0,99.0
2017-08-04,36.32,35.76,1.52,98.48
2017-08-07,36.88,35.83,2.86,97.14
2017-08-08,37.17,36.18,2.69,97.31
2017-08-09,37.4,36.82,1.55,98.45
2017-08-10,36.21,36.66,1.23,98.77
2017-08-11,36.71,36.66,0.16,99.84
2017-08-14,37.27,36.66,1.64,98.36
2017-08-15,37.67,36.66,2.7,97.3
2017-08-16,37.52,37.72,0.53,99.47
2017-08-17,36.8,37.66,2.33,97.67
2017-08-18,36.72,37.66,2.56,97.44
2017-08-21,36.65,37.66,2.75,97.25
2017-08-22,37.25,37.42,0.44,99.56
2017-08-23,37.3,37.7,1.07,98.93
2017-08-24,37.13,37.45,0.86,99.14
2017-08-25,37.27,37.42,0.39,99.61
2017-08-28,37.64,37.42,0.61,99.39
2017-08-29,37.98,37.42,1.49,98.51
2017-08-30,38.08,38.38,0.78,99.22
2017-08-31,38.23,38.31,0.19,99.81
2017-09-01,38.25,38.28,0.09,99.91
2017-09-05,37.79,37.96,0.46,99.54
2017-09-06,37.75,38.04,0.77,99.23
2017-09-07,37.6,38.28,1.83,98.17
2017-09-08,36.98,38.04,2.85,97.15
2017-09-11,37.65,38.28,1.67,98.33
2017-09-12,37.5,38.04,1.42,98.58
2017-09-13,37.22,37.49,0.73,99.27
2017-09-14,36.9,37.49,1.6,98.4
2017-09-15,37.27,37.53,0.68,99.32
2017-09-18,36.99,37.34,0.94,99.06
2017-09-19,37.01,37.22,0.58,99.42
2017-09-20,36.39,36.39,0.0,100.0
2017-09-21,35.76,35.73,0.08,99.92
2017-09-22,35.41,35.3,0.31,99.69
2017-09-25,35.1,34.65,1.27,98.73
2017-09-26,35.7,35.25,1.27,98.73
2017-09-27,35.96,35.95,0.02,99.98
2017-09-28,35.73,36.08,0.98,99.02
2017-09-29,35.93,35.25,1.9,98.1
2017-10-02,35.86,35.6,0.72,99.28
2017-10-03,36.01,35.62,1.11,98.89
2017-10-04,35.78,36.05,0.74,99.26
2017-10-05,36.23,36.05,0.49,99.51
2017-10-06,36.21,36.05,0.42,99.58
2017-10-09,36.33,36.05,0.77,99.23
2017-10-10,36.35,36.17,0.48,99.52
2017-10-11,36.5,36.86,1.0,99.0
2017-10-12,36.37,36.86,1.36,98.64
2017-10-13,36.6,36.49,0.3,99.7
2017-10-16,37.27,37.22,0.13,99.87
2017-10-17,37.41,37.03,1.02,98.98
2017-10-18,37.25,37.23,0.05,99.95
2017-10-19,36.36,36.62,0.69,99.31
2017-10-20,36.43,37.42,2.72,97.28
2017-10-23,36.41,37.42,2.76,97.24
2017-10-24,36.63,36.86,0.65,99.35
2017-10-25,36.46,36.62,0.42,99.58
2017-10-26,36.7,36.62,0.22,99.78
2017-10-27,38.01,36.92,2.87,97.13
2017-10-30,38.87,37.08,4.61,95.39
2017-10-31,39.41,38.45,2.43,97.57
2017-11-01,38.91,38.39,1.33,98.67
2017-11-02,39.19,38.41,1.99,98.01
2017-11-03,40.22,40.44,0.57,99.43
2017-11-06,40.62,40.44,0.44,99.56
2017-11-07,40.75,40.45,0.76,99.24
2017-11-08,41.09,40.67,1.02,98.98
2017-11-09,41.0,40.67,0.82,99.18
2017-11-10,40.87,41.05,0.44,99.56
2017-11-13,40.7,41.05,0.85,99.15
2017-11-14,40.09,41.03,2.34,97.66
2017-11-15,39.56,41.08,3.83,96.17
2017-11-16,40.03,40.66,1.57,98.43
2017-11-17,39.81,40.56,1.88,98.12
2017-11-20,39.77,40.42,1.62,98.38
2017-11-21,40.51,40.75,0.58,99.42
2017-11-22,40.94,40.75,0.46,99.54
2017-11-24,40.94,40.64,0.72,99.28
2017-11-27,40.73,40.67,0.15,99.85
2017-11-28,40.49,40.11,0.96,99.04
2017-11-29,39.65,39.15,1.27,98.73
2017-11-30,40.21,40.01,0.5,99.5
2017-12-01,40.02,40.01,0.04,99.96
2017-12-04,39.73,40.01,0.7,99.3
2017-12-05,39.69,39.85,0.41,99.59
2017-12-06,39.54,39.94,1.01,98.99
2017-12-07,39.62,39.82,0.53,99.47
2017-12-08,39.63,39.61,0.05,99.95
2017-12-11,40.4,40.32,0.19,99.81
2017-12-12,40.17,39.52,1.64,98.36
2017-12-13,40.31,39.52,1.96,98.04
2017-12-14,40.29,39.52,1.93,98.07
2017-12-15,40.7,39.77,2.3,97.7
2017-12-18,41.28,40.91,0.9,99.1
2017-12-19,40.84,40.91,0.17,99.83
2017-12-20,40.79,40.8,0.02,99.98
2017-12-21,40.95,41.21,0.65,99.35
2017-12-22,40.95,41.24,0.71,99.29
2017-12-26,39.91,40.89,2.46,97.54
2017-12-27,39.92,40.97,2.64,97.36
2017-12-28,40.03,40.97,2.35,97.65
2017-12-29,39.6,40.11,1.29,98.71
2018-01-02,40.3,40.11,0.49,99.51
2018-01-03,40.3,40.67,0.93,99.07
2018-01-04,40.48,40.58,0.25,99.75
2018-01-05,40.95,40.75,0.47,99.53
2018-01-08,40.79,40.83,0.08,99.92
2018-01-09,40.79,40.01,1.92,98.08
2018-01-10,40.78,40.26,1.28,98.72
2018-01-11,41.01,41.04,0.08,99.92
2018-01-12,41.43,41.06,0.9,99.1
2018-01-16,41.22,41.06,0.4,99.6
2018-01-17,41.9,41.81,0.22,99.78
2018-01-18,41.94,41.87,0.18,99.82
2018-01-19,41.75,41.43,0.77,99.23
2018-01-22,41.41,41.66,0.6,99.4
2018-01-23,41.42,42.84,3.42,96.58
2018-01-24,40.76,42.57,4.43,95.57
2018-01-25,40.04,41.59,3.89,96.11
2018-01-26,40.13,40.08,0.13,99.87
2018-01-29,39.3,38.97,0.85,99.15
2018-01-30,39.07,38.97,0.26,99.74
2018-01-31,39.17,38.89,0.72,99.28
2018-02-01,39.26,38.54,1.83,98.17
2018-02-02,37.55,37.49,0.16,99.84
2018-02-05,36.61,37.47,2.32,97.68
2018-02-06,38.14,37.88,0.68,99.32
2018-02-07,37.33,37.47,0.39,99.61
2018-02-08,36.3,37.27,2.67,97.33
2018-02-09,36.74,37.31,1.54,98.46
2018-02-12,38.22,37.05,3.09,96.91
2018-02-13,38.61,37.37,3.2,96.8
2018-02-14,39.32,37.49,4.65,95.35
2018-02-15,40.64,37.96,6.6,93.4
2018-02-16,40.51,38.04,6.1,93.9
2018-02-20,40.37,40.03,0.84,99.16
2018-02-21,40.19,40.03,0.39,99.61
2018-02-22,40.52,40.03,1.22,98.78
2018-02-23,41.23,40.34,2.16,97.84
2018-02-26,42.04,40.64,3.34,96.66
2018-02-27,41.91,40.95,2.28,97.72
2018-02-28,41.85,41.66,0.45,99.55
2018-03-01,41.11,41.31,0.47,99.53
2018-03-02,41.4,41.47,0.17,99.83
2018-03-05,41.54,41.49,0.11,99.89
2018-03-06,41.5,42.58,2.59,97.41
2018-03-07,41.12,42.41,3.14,96.86
2018-03-08,41.57,42.5,2.23,97.77
2018-03-09,42.28,42.61,0.78,99.22
2018-03-12,42.69,42.91,0.51,99.49
2018-03-13,42.28,42.84,1.32,98.68
2018-03-14,41.92,42.81,2.13,97.87
2018-03-15,41.97,42.57,1.43,98.57
2018-03-16,41.82,42.07,0.6,99.4
2018-03-19,41.18,41.4,0.52,99.48
2018-03-20,41.17,41.4,0.56,99.44
2018-03-21,40.24,41.4,2.89,97.11
2018-03-22,39.67,40.25,1.46,98.54
2018-03-23,38.75,39.58,2.16,97.84
2018-03-26,40.59,40.31,0.68,99.32
2018-03-27,39.55,40.08,1.34,98.66
2018-03-28,39.11,39.09,0.04,99.96
2018-03-29,39.42,38.85,1.42,98.58
2018-04-02,39.16,38.46,1.79,98.21
2018-04-03,39.56,38.45,2.79,97.21
2018-04-04,40.32,39.67,1.61,98.39
2018-04-05,40.6,39.67,2.28,97.72
2018-04-06,39.56,39.23,0.83,99.17
2018-04-09,39.95,39.67,0.7,99.3
2018-04-10,40.7,39.92,1.92,98.08
2018-04-11,40.51,40.34,0.43,99.57
2018-04-12,40.91,40.66,0.61,99.39
2018-04-13,41.05,40.91,0.35,99.65
2018-04-16,41.3,40.66,1.56,98.44
2018-04-17,41.87,40.93,2.25,97.75
2018-04-18,41.78,41.34,1.05,98.95
2018-04-19,40.6,41.11,1.27,98.73
2018-04-20,38.93,40.41,3.8,96.2
2018-04-23,38.82,40.16,3.45,96.55
2018-04-24,38.28,39.21,2.44,97.56
2018-04-25,38.45,39.09,1.69,98.31
2018-04-26,38.58,39.52,2.43,97.57
2018-04-27,38.13,38.78,1.68,98.32
2018-04-30,38.82,38.73,0.24,99.76
2018-05-01,39.73,39.49,0.6,99.4
2018-05-02,41.48,40.16,3.18,96.82
2018-05-03,41.56,40.31,3.0,97.0
2018-05-04,43.19,40.57,6.06,93.94
2018-05-07,43.5,40.56,6.76,93.24
2018-05-08,43.71,41.3,5.5,94.5
2018-05-09,44.02,41.56,5.59,94.41
2018-05-10,44.65,43.2,3.23,96.77
2018-05-11,44.48,43.12,3.06,96.94
2018-05-14,44.37,43.2,2.64,97.36
2018-05-15,43.97,44.82,1.93,98.07
2018-05-16,44.38,44.82,0.99,99.01
2018-05-17,44.1,45.18,2.45,97.55
2018-05-18,43.94,45.27,3.03,96.97
2018-05-21,44.25,45.27,2.3,97.7
2018-05-22,44.14,45.04,2.03,97.97
2018-05-23,44.42,45.41,2.22,97.78
2018-05-24,44.37,44.9,1.2,98.8
2018-05-25,44.47,45.14,1.5,98.5
2018-05-29,44.31,45.06,1.69,98.31
2018-05-30,44.22,44.82,1.37,98.63
2018-05-31,44.07,43.67,0.91,99.09
2018-06-01,44.86,44.84,0.06,99.94
2018-06-04,45.24,45.08,0.34,99.66
2018-06-05,45.59,45.18,0.89,99.11
2018-06-06,45.75,45.78,0.06,99.94
2018-06-07,45.62,45.91,0.63,99.37
2018-06-08,45.21,45.81,1.32,98.68
2018-06-11,45.1,45.78,1.52,98.48
2018-06-12,45.35,45.81,1.02,98.98
2018-06-13,44.97,45.54,1.26,98.74
2018-06-14,45.0,45.68,1.51,98.49
2018-06-15,44.53,45.5,2.18,97.82
2018-06-18,44.51,45.52,2.27,97.73
2018-06-19,43.79,44.79,2.28,97.72
2018-06-20,43.98,45.04,2.41,97.59
2018-06-21,43.74,43.01,1.67,98.33
2018-06-22,43.61,42.49,2.56,97.44
2018-06-25,42.96,42.18,1.82,98.18
2018-06-26,43.49,42.13,3.15,96.85
2018-06-27,43.43,42.24,2.74,97.26
2018-06-28,43.75,42.75,2.29,97.71
2018-06-29,43.66,42.75,2.08,97.92
2018-07-02,44.14,43.05,2.49,97.51
2018-07-03,43.37,42.75,1.45,98.55
2018-07-05,43.72,43.31,0.94,99.06
2018-07-06,44.33,44.34,0.03,99.97
2018-07-09,44.95,44.84,0.24,99.76
2018-07-10,44.89,45.08,0.43,99.57
2018-07-11,44.31,44.82,1.16,98.84
2018-07-12,45.05,45.08,0.07,99.93
2018-07-13,45.12,45.08,0.08,99.92
2018-07-16,45.02,45.11,0.19,99.81
2018-07-17,45.15,45.7,1.22,98.78
2018-07-18,44.9,45.7,1.78,98.22
2018-07-19,45.25,45.78,1.17,98.83
2018-07-20,45.15,45.78,1.41,98.59
2018-07-23,45.19,45.78,1.32,98.68
2018-07-24,45.52,45.91,0.88,99.12
2018-07-25,45.94,45.91,0.07,99.93
2018-07-26,45.8,45.81,0.01,99.99
2018-07-27,45.04,45.61,1.27,98.73
2018-07-30,44.79,45.04,0.57,99.43
2018-07-31,44.88,45.54,1.47,98.53
2018-08-01,47.52,45.88,3.46,96.54
2018-08-02,48.91,47.03,3.84,96.16
2018-08-03,49.05,47.74,2.66,97.34
2018-08-06,49.31,49.64,0.68,99.32
2018-08-07,48.84,49.08,0.49,99.51
2018-08-08,48.88,48.56,0.65,99.35
2018-08-09,49.26,49.14,0.24,99.76
2018-08-10,49.11,48.56,1.13,98.87
2018-08-13,49.43,49.68,0.51,99.49
2018-08-14,49.64,49.41,0.46,99.54
2018-08-15,49.76,50.47,1.43,98.57
2018-08-16,50.48,49.96,1.05,98.95
2018-08-17,51.49,50.22,2.48,97.52
2018-08-20,50.99,50.38,1.19,98.81
2018-08-21,50.89,52.8,3.76,96.24
2018-08-22,50.89,51.01,0.22,99.78
2018-08-23,51.0,51.01,0.02,99.98
2018-08-24,51.16,51.25,0.18,99.82
2018-08-27,51.58,51.58,0.0,100.0
2018-08-28,51.99,52.35,0.68,99.32
2018-08-29,52.77,52.35,0.8,99.2
2018-08-30,53.26,52.39,1.62,98.38
2018-08-31,53.87,52.39,2.74,97.26
2018-09-04,54.04,53.75,0.55,99.45
2018-09-05,53.69,53.62,0.13,99.87
2018-09-06,52.8,53.15,0.66,99.34
2018-09-07,52.37,52.21,0.31,99.69
2018-09-10,51.67,52.17,0.97,99.03
2018-09-11,52.98,52.99,0.02,99.98
2018-09-12,52.32,52.81,0.94,99.06
2018-09-13,53.58,53.11,0.89,99.11
2018-09-14,52.97,52.81,0.31,99.69
2018-09-17,51.56,52.09,1.02,98.98
2018-09-18,51.65,52.09,0.85,99.15
2018-09-19,51.68,51.98,0.58,99.42
2018-09-20,52.07,52.06,0.02,99.98
2018-09-21,51.51,50.26,2.43,97.57
2018-09-24,52.25,51.8,0.87,99.13
2018-09-25,52.58,50.76,3.47,96.53
2018-09-26,52.16,51.01,2.22,97.78
2018-09-27,53.24,52.49,1.41,98.59
2018-09-28,53.42,52.89,0.99,99.01
2018-10-01,53.78,52.49,2.41,97.59
2018-10-02,54.26,52.89,2.52,97.48
2018-10-03,54.92,52.81,3.85,96.15
2018-10-04,53.96,52.4,2.88,97.12
2018-10-05,53.08,52.81,0.51,99.49
2018-10-08,52.96,53.3,0.65,99.35
2018-10-09,53.69,53.65,0.08,99.92
2018-10-10,51.2,52.71,2.94,97.06
2018-10-11,50.75,51.98,2.42,97.58
2018-10-12,52.56,52.44,0.24,99.76
2018-10-15,51.44,51.98,1.05,98.95
2018-10-16,52.57,52.35,0.42,99.58
2018-10-17,52.35,51.98,0.7,99.3
2018-10-18,51.12,52.56,2.81,97.19
2018-10-19,51.9,52.4,0.96,99.04
2018-10-22,52.22,50.41,3.46,96.54
2018-10-23,52.71,51.26,2.76,97.24
2018-10-24,50.9,51.26,0.69,99.31
2018-10-25,52.02,52.03,0.03,99.97
2018-10-26,51.19,50.68,1.0,99.0
2018-10-29,50.23,50.41,0.36,99.64
2018-10-30,50.48,50.92,0.88,99.12
2018-10-31,51.8,51.32,0.93,99.07
2018-11-01,52.59,51.35,2.35,97.65
2018-11-02,49.1,50.19,2.22,97.78
2018-11-05,47.71,47.22,1.02,98.98
2018-11-06,48.22,48.65,0.89,99.11
2018-11-07,49.69,50.46,1.55,98.45
2018-11-08,49.51,49.11,0.82,99.18
2018-11-09,48.56,49.1,1.12,98.88
2018-11-12,46.11,45.71,0.87,99.13
2018-11-13,45.65,45.71,0.13,99.87
2018-11-14,44.36,44.38,0.03,99.97
2018-11-15,45.46,44.24,2.67,97.33
2018-11-16,45.96,45.66,0.66,99.34
2018-11-19,44.14,44.24,0.23,99.77
2018-11-20,42.03,43.85,4.33,95.67
2018-11-21,41.98,42.56,1.37,98.63
2018-11-23,40.92,42.47,3.8,96.2
2018-11-26,41.47,42.21,1.78,98.22
2018-11-27,41.38,42.53,2.77,97.23
2018-11-28,42.97,40.97,4.66,95.34
2018-11-29,42.64,40.97,3.92,96.08
2018-11-30,42.41,40.9,3.56,96.44
2018-12-03,43.89,42.57,3.01,96.99
2018-12-04,41.96,41.54,1.01,98.99
2018-12-06,41.49,42.57,2.59,97.41
2018-12-07,40.01,40.88,2.16,97.84
2018-12-10,40.28,40.11,0.41,99.59
2018-12-11,40.05,40.33,0.7,99.3
2018-12-12,40.16,40.2,0.09,99.91
2018-12-13,40.6,40.2,0.99,99.01
2018-12-14,39.3,40.12,2.08,97.92
2018-12-17,38.93,39.68,1.91,98.09
2018-12-18,39.44,40.04,1.53,98.47
2018-12-19,38.21,38.27,0.15,99.85
2018-12-20,37.24,37.95,1.89,98.11
2018-12-21,35.8,37.24,4.04,95.96
2018-12-24,34.87,37.29,6.94,93.06
2018-12-26,37.33,37.87,1.45,98.55
2018-12-27,37.08,36.35,1.99,98.01
2018-12-28,37.1,37.14,0.09,99.91
2018-12-31,37.46,37.14,0.87,99.13
2019-01-02,37.5,37.22,0.76,99.24
2019-01-03,33.77,36.12,6.98,93.02
2019-01-04,35.21,36.0,2.24,97.76
2019-01-07,35.13,36.18,2.98,97.02
2019-01-08,35.8,36.32,1.45,98.55
2019-01-09,36.41,35.97,1.21,98.79
2019-01-10,36.53,36.05,1.31,98.69
2019-01-11,36.17,36.05,0.33,99.67
2019-01-14,35.62,36.06,1.23,98.77
2019-01-15,36.35,36.68,0.91,99.09
2019-01-16,36.8,36.69,0.28,99.72
2019-01-17,37.01,36.69,0.86,99.14
2019-01-18,37.24,36.87,1.01,98.99
2019-01-22,36.41,36.54,0.37,99.63
2019-01-23,36.55,36.05,1.37,98.63
2019-01-24,36.26,36.92,1.82,98.18
2019-01-25,37.47,36.92,1.45,98.55
2019-01-28,37.12,37.45,0.89,99.11
2019-01-29,36.73,36.62,0.32,99.68
2019-01-30,39.24,37.54,4.33,95.67
2019-01-31,39.53,38.34,3.0,97.0
2019-02-01,39.55,38.39,2.92,97.08
2019-02-04,40.67,38.81,4.57,95.43
2019-02-05,41.37,40.81,1.35,98.65
2019-02-06,41.38,40.64,1.78,98.22
2019-02-07,40.6,40.39,0.51,99.49
2019-02-08,40.64,40.34,0.75,99.25
2019-02-11,40.41,40.83,1.04,98.96
2019-02-12,40.76,40.83,0.18,99.82
2019-02-13,40.59,40.83,0.59,99.41
2019-02-14,40.74,41.13,0.97,99.03
2019-02-15,40.65,41.14,1.2,98.8
2019-02-19,40.77,41.31,1.32,98.68
2019-02-20,41.03,41.08,0.12,99.88
2019-02-21,40.8,41.13,0.81,99.19
2019-02-22,41.25,41.24,0.04,99.96
2019-02-25,41.55,41.21,0.82,99.18
2019-02-26,41.58,41.06,1.25,98.75
2019-02-27,41.71,41.06,1.55,98.45
2019-02-28,41.3,41.3,0.02,99.98
2019-03-01,41.73,41.3,1.02,98.98
2019-03-04,41.94,41.43,1.21,98.79
2019-03-05,41.86,42.61,1.78,98.22
2019-03-06,41.62,42.59,2.32,97.68
2019-03-07,41.14,42.57,3.47,96.53
2019-03-08,41.24,42.71,3.56,96.44
2019-03-11,42.67,42.84,0.4,99.6
2019-03-12,43.15,42.89,0.61,99.39
2019-03-13,43.34,42.95,0.91,99.09
2019-03-14,43.82,42.95,2.0,98.0
2019-03-15,44.39,43.32,2.42,97.58
2019-03-18,44.84,43.8,2.32,97.68
2019-03-19,44.49,44.56,0.17,99.83
2019-03-20,44.88,45.43,1.22,98.78
2019-03-21,46.53,44.9,3.49,96.51
2019-03-22,45.57,44.64,2.02,97.98
2019-03-25,45.02,45.18,0.37,99.63
2019-03-26,44.55,45.18,1.42,98.58
2019-03-27,44.95,45.88,2.07,97.93
2019-03-28,45.01,45.88,1.93,98.07
2019-03-29,45.3,46.2,1.97,98.03
2019-04-01,45.61,46.2,1.28,98.72
2019-04-02,46.27,46.2,0.17,99.83
2019-04-03,46.59,46.2,0.85,99.15
2019-04-04,46.67,46.17,1.07,98.93
2019-04-05,46.99,46.17,1.73,98.27
2019-04-08,47.72,46.27,3.05,96.95
2019-04-09,47.58,48.09,1.08,98.92
2019-04-10,47.85,48.07,0.46,99.54
2019-04-11,47.45,48.09,1.36,98.64
2019-04-12,47.43,48.93,3.16,96.84
2019-04-15,47.52,48.64,2.36,97.64
2019-04-16,47.52,48.64,2.35,97.65
2019-04-17,48.45,48.64,0.4,99.6
2019-04-18,48.62,48.64,0.04,99.96
2019-04-22,48.78,48.64,0.29,99.71
2019-04-23,49.48,48.64,1.71,98.29
2019-04-24,49.41,48.64,1.56,98.44
2019-04-25,48.96,49.68,1.48,98.52
2019-04-26,48.73,49.22,1.01,98.99
2019-04-29,48.8,49.19,0.81,99.19
2019-04-30,47.86,48.99,2.35,97.65
2019-05-01,50.21,49.22,1.97,98.03
2019-05-02,49.88,49.22,1.33,98.67
2019-05-03,50.5,49.29,2.4,97.6
2019-05-06,49.72,49.19,1.06,98.94
2019-05-07,48.38,49.0,1.28,98.72
2019-05-08,48.39,48.61,0.45,99.55
2019-05-09,47.87,48.36,1.01,98.99
2019-05-10,47.21,47.94,1.54,98.46
2019-05-13,44.47,45.45,2.21,97.79
2019-05-14,45.17,44.5,1.49,98.51
2019-05-15,45.71,45.74,0.06,99.94
2019-05-16,45.51,45.74,0.5,99.5
2019-05-17,45.25,45.43,0.39,99.61
2019-05-20,43.84,44.64,1.83,98.17
2019-05-21,44.68,43.22,3.25,96.75
2019-05-22,43.76,42.74,2.34,97.66
2019-05-23,43.01,42.79,0.52,99.48
2019-05-24,42.85,42.18,1.56,98.44
2019-05-28,42.67,42.17,1.17,98.83
2019-05-29,42.47,42.17,0.7,99.3
2019-05-30,42.69,42.18,1.19,98.81
2019-05-31,41.92,42.09,0.42,99.58
2019-06-03,41.49,40.88,1.48,98.52
2019-06-04,43.01,41.95,2.46,97.54
2019-06-05,43.7,42.57,2.6,97.4
2019-06-06,44.35,42.99,3.05,96.95
2019-06-07,45.53,43.81,3.77,96.23
2019-06-10,46.11,43.54,5.56,94.44
2019-06-11,46.64,45.55,2.33,97.67
2019-06-12,46.49,45.58,1.97,98.03
2019-06-13,46.48,46.3,0.39,99.61
2019-06-14,46.15,46.27,0.26,99.74
2019-06-17,46.42,46.3,0.25,99.75
2019-06-18,47.51,47.52,0.02,99.98
2019-06-19,47.37,49.64,4.79,95.21
2019-06-20,47.76,48.64,1.85,98.15
2019-06-21,47.59,48.64,2.21,97.79
2019-06-24,47.54,48.64,2.3,97.7
2019-06-25,46.82,48.2,2.94,97.06
2019-06-26,47.84,48.56,1.51,98.49
2019-06-27,47.82,48.14,0.67,99.33
2019-06-28,47.39,48.07,1.44,98.56
2019-07-01,48.26,48.07,0.38,99.62
2019-07-02,48.54,48.09,0.91,99.09
2019-07-03,48.94,48.09,1.73,98.27
2019-07-05,48.9,48.2,1.43,98.57
2019-07-08,47.89,48.07,0.38,99.62
2019-07-09,48.18,47.88,0.63,99.37
2019-07-10,48.66,48.07,1.21,98.79
2019-07-11,48.3,47.88,0.88,99.12
2019-07-12,48.67,49.09,0.86,99.14
2019-07-15,49.13,49.19,0.13,99.87
2019-07-16,48.96,49.22,0.53,99.47
2019-07-17,48.69,49.01,0.65,99.35
2019-07-18,49.24,49.64,0.8,99.2
2019-07-19,48.5,49.53,2.12,97.88
2019-07-22,49.61,49.64,0.05,99.95
2019-07-23,50.0,49.64,0.73,99.27
2019-07-24,49.96,49.45,1.03,98.97
2019-07-25,49.57,49.44,0.25,99.75
2019-07-26,49.74,49.64,0.2,99.8
2019-07-29,50.2,49.66,1.08,98.92
2019-07-30,49.99,49.64,0.7,99.3
2019-07-31,51.01,51.24,0.47,99.53
2019-08-01,49.9,50.96,2.12,97.88
2019-08-02,48.85,50.63,3.65,96.35
2019-08-05,46.29,48.26,4.25,95.75
2019-08-06,47.17,49.49,4.93,95.07
2019-08-07,47.65,47.97,0.65,99.35
2019-08-08,48.71,49.2,1.02,98.98
2019-08-09,48.3,48.39,0.17,99.83
2019-08-12,48.18,46.9,2.67,97.33
2019-08-13,50.22,48.08,4.27,95.73
2019-08-14,48.73,47.52,2.49,97.51
2019-08-15,48.48,48.39,0.2,99.8
2019-08-16,49.63,48.75,1.78,98.22
2019-08-19,50.55,49.11,2.85,97.15
2019-08-20,50.56,48.74,3.59,96.41
2019-08-21,51.1,49.34,3.45,96.55
2019-08-22,51.06,49.54,2.99,97.01
2019-08-23,48.7,50.62,3.94,96.06
2019-08-26,49.63,50.62,2.0,98.0
2019-08-27,49.07,50.43,2.78,97.22
2019-08-28,49.4,50.41,2.06,97.94
2019-08-29,50.23,50.43,0.4,99.6
2019-08-30,50.17,50.52,0.7,99.3
2019-09-03,49.44,50.39,1.93,98.07
2019-09-04,50.28,50.87,1.19,98.81
2019-09-05,51.26,51.29,0.06,99.94
2019-09-06,51.25,50.96,0.58,99.42
2019-09-09,51.47,50.87,1.17,98.83
2019-09-10,52.08,51.25,1.59,98.41
2019-09-11,53.74,51.72,3.76,96.24
2019-09-12,53.62,51.72,3.54,96.46
2019-09-13,52.57,51.69,1.68,98.32
2019-09-16,52.85,51.88,1.84,98.16
2019-09-17,53.04,53.16,0.23,99.77
2019-09-18,53.54,53.44,0.19,99.81
2019-09-19,53.1,53.01,0.17,99.83
2019-09-20,52.33,52.8,0.91,99.09
2019-09-23,52.57,53.15,1.11,98.89
2019-09-24,52.32,52.99,1.28,98.72
2019-09-25,53.12,52.92,0.38,99.62
2019-09-26,52.85,52.81,0.07,99.93
2019-09-27,52.59,52.4,0.36,99.64
2019-09-30,53.83,52.81,1.89,98.11
2019-10-01,53.98,52.35,3.01,96.99
2019-10-02,52.62,53.03,0.77,99.23
2019-10-03,53.07,53.53,0.87,99.13
2019-10-04,54.56,53.86,1.28,98.72
2019-10-07,54.57,56.66,3.83,96.17
2019-10-08,53.93,56.29,4.37,95.63
2019-10-09,54.56,57.15,4.75,95.25
2019-10-10,55.3,58.93,6.58,93.42
2019-10-11,56.77,58.88,3.73,96.27
2019-10-14,56.69,59.2,4.44,95.56
2019-10-15,56.55,59.07,4.45,95.55
2019-10-16,56.33,58.02,3.01,96.99
2019-10-17,56.55,58.04,2.64,97.36
2019-10-18,56.82,58.93,3.73,96.27
2019-10-21,57.8,58.88,1.87,98.13
2019-10-22,57.67,60.34,4.63,95.37
2019-10-23,58.44,60.34,3.24,96.76
2019-10-24,58.54,60.45,3.26,96.74
2019-10-25,59.26,60.34,1.82,98.18
2019-10-28,59.85,60.17,0.53,99.47
2019-10-29,58.47,59.46,1.69,98.31
2019-10-30,58.46,59.09,1.07,98.93
2019-10-31,59.79,58.88,1.51,98.49
2019-11-01,61.48,60.91,0.93,99.07
2019-11-04,61.89,61.56,0.53,99.47
2019-11-05,61.8,60.45,2.18,97.82
2019-11-06,61.82,60.45,2.22,97.78
2019-11-07,62.54,60.07,3.95,96.05
2019-11-08,62.71,61.77,1.49,98.51
2019-11-11,63.2,60.3,4.59,95.41
2019-11-12,63.15,61.77,2.17,97.83
2019-11-13,63.75,60.66,4.84,95.16
2019-11-14,63.31,63.0,0.49,99.51
2019-11-15,64.06,63.49,0.89,99.11
2019-11-18,64.39,63.68,1.1,98.9
2019-11-19,64.19,65.64,2.26,97.74
2019-11-20,63.44,66.31,4.51,95.49
2019-11-21,63.16,64.99,2.9,97.1
2019-11-22,63.1,64.69,2.52,97.48
2019-11-25,64.21,64.92,1.11,98.89
2019-11-26,63.71,64.61,1.41,98.59
2019-11-27,64.56,64.61,0.06,99.94
2019-11-29,64.42,64.0,0.65,99.35
2019-12-02,63.68,63.36,0.49,99.51
2019-12-03,62.54,62.65,0.17,99.83
2019-12-04,63.09,62.65,0.71,99.29
2019-12-05,64.02,64.89,1.35,98.65
2019-12-06,65.26,64.89,0.57,99.43
2019-12-09,64.34,64.7,0.55,99.45
2019-12-10,64.72,64.84,0.18,99.82
2019-12-11,65.27,65.13,0.22,99.78
2019-12-12,65.44,65.13,0.47,99.53
2019-12-13,66.33,68.94,3.94,96.06
2019-12-16,67.46,67.14,0.47,99.53
2019-12-17,67.59,67.11,0.71,99.29
2019-12-18,67.43,67.14,0.43,99.57
2019-12-19,67.5,67.21,0.43,99.57
2019-12-20,67.36,66.92,0.65,99.35
2019-12-23,68.46,66.77,2.46,97.54
2019-12-24,68.52,66.77,2.56,97.44
2019-12-26,69.88,71.13,1.78,98.22
2019-12-27,69.86,70.8,1.35,98.65
2019-12-30,70.27,70.87,0.86,99.14
2019-12-31,70.79,70.87,0.12,99.88
2020-01-02,72.4,73.29,1.23,98.77
2020-01-03,71.7,73.55,2.58,97.42
2020-01-06,72.27,74.07,2.49,97.51
2020-01-07,71.93,74.16,3.1,96.9
2020-01-08,73.09,74.07,1.34,98.66
2020-01-09,74.64,74.07,0.77,99.23
2020-01-10,74.81,74.07,0.99,99.01
2020-01-13,76.4,74.03,3.11,96.89
2020-01-14,75.37,74.16,1.61,98.39
2020-01-15,75.05,76.69,2.18,97.82
2020-01-16,75.99,75.92,0.1,99.9
2020-01-17,76.83,76.69,0.19,99.81
2020-01-21,76.31,74.86,1.9,98.1
2020-01-22,76.58,74.86,2.25,97.75
2020-01-23,76.95,78.4,1.89,98.11
2020-01-24,76.73,80.61,5.06,94.94
2020-01-27,74.47,76.33,2.5,97.5
2020-01-28,76.58,79.35,3.62,96.38
2020-01-29,78.18,79.35,1.49,98.51
2020-01-30,78.07,78.66,0.76,99.24
2020-01-31,74.61,75.92,1.76,98.24
2020-02-03,74.4,73.88,0.71,99.29
2020-02-04,76.86,77.07,0.28,99.72
2020-02-05,77.49,77.07,0.54,99.46
2020-02-06,78.39,77.07,1.69,98.31
2020-02-07,77.33,77.16,0.22,99.78
2020-02-10,77.69,77.07,0.8,99.2
2020-02-11,77.23,77.07,0.2,99.8
2020-02-12,79.06,77.2,2.35,97.65
2020-02-13,78.5,77.2,1.65,98.35
2020-02-14,78.52,78.38,0.18,99.82
2020-02-18,77.08,77.2,0.16,99.84
2020-02-19,78.19,77.29,1.16,98.84
2020-02-20,77.39,76.15,1.61,98.39
2020-02-21,75.64,77.2,2.06,97.94
2020-02-24,72.05,74.01,2.72,97.28
2020-02-25,69.61,70.59,1.41,98.59
2020-02-26,70.71,70.59,0.18,99.82
2020-02-27,66.09,65.74,0.52,99.48
2020-02-28,66.05,65.74,0.47,99.53
2020-03-02,72.2,69.88,3.22,96.78
2020-03-03,69.91,68.63,1.83,98.17
2020-03-04,73.15,69.88,4.47,95.53
2020-03-05,70.78,68.93,2.6,97.4
2020-03-06,69.84,67.82,2.89,97.11
2020-03-09,64.31,65.66,2.09,97.91
2020-03-10,68.95,68.93,0.02,99.98
2020-03-11,66.55,67.82,1.9,98.1
2020-03-12,59.98,64.14,6.93,93.07
2020-03-13,67.16,64.15,4.49,95.51
2020-03-16,58.52,62.74,7.21,92.79
2020-03-17,61.1,62.74,2.69,97.31
2020-03-18,59.6,62.45,4.79,95.21
2020-03-19,59.15,62.45,5.6,94.4
2020-03-20,55.39,55.92,0.96,99.04
2020-03-23,54.21,55.92,3.16,96.84
2020-03-24,59.65,59.1,0.93,99.07
2020-03-25,59.32,59.21,0.2,99.8
2020-03-26,62.45,59.05,5.44,94.56
2020-03-27,59.86,60.61,1.25,98.75
2020-03-30,61.57,59.21,3.84,96.16
2020-03-31,61.44,60.61,1.36,98.64
2020-04-01,58.21,59.62,2.41,97.59
2020-04-02,59.18,58.73,0.76,99.24
2020-04-03,58.33,59.61,2.19,97.81
2020-04-06,63.42,60.83,4.09,95.91
2020-04-07,62.69,60.83,2.96,97.04
2020-04-08,64.29,60.91,5.25,94.75
2020-04-09,64.75,61.47,5.07,94.93
2020-04-13,66.02,63.38,4.01,95.99
2020-04-14,69.36,67.21,3.1,96.9
2020-04-15,68.73,67.21,2.21,97.79
2020-04-16,69.27,67.14,3.07,96.93
2020-04-17,68.33,67.11,1.79,98.21
2020-04-20,66.91,66.54,0.56,99.44
2020-04-21,64.85,65.9,1.63,98.37
2020-04-22,66.71,67.11,0.6,99.4
2020-04-23,66.45,67.21,1.13,98.87
2020-04-24,68.37,67.75,0.9,99.1
2020-04-27,68.42,67.14,1.87,98.13
2020-04-28,67.31,67.14,0.25,99.75
2020-04-29,69.52,67.14,3.42,96.58
2020-04-30,70.99,71.76,1.09,98.91
2020-05-01,69.85,70.88,1.48,98.52
2020-05-04,70.84,71.91,1.51,98.49
2020-05-05,71.9,72.15,0.35,99.65
2020-05-06,72.64,72.15,0.67,99.33
2020-05-07,73.39,73.43,0.05,99.95
2020-05-08,75.14,74.86,0.37,99.63
2020-05-11,76.32,74.07,2.95,97.05
2020-05-12,75.45,76.69,1.64,98.36
2020-05-13,74.54,74.86,0.43,99.57
2020-05-14,75.0,74.74,0.33,99.67
2020-05-15,74.55,73.95,0.81,99.19
2020-05-18,76.31,76.69,0.49,99.51
2020-05-19,75.87,74.86,1.33,98.67
2020-05-20,77.34,74.86,3.21,96.79
2020-05-21,76.77,75.22,2.02,97.98
2020-05-22,77.26,80.61,4.34,95.66
2020-05-26,76.74,78.79,2.68,97.32
2020-05-27,77.07,78.1,1.33,98.67
2020-05-28,77.11,78.79,2.19,97.81
2020-05-29,77.03,77.16,0.16,99.84
2020-06-01,77.98,77.16,1.05,98.95
2020-06-02,78.34,78.79,0.58,99.42
2020-06-03,78.77,82.97,5.33,94.67
2020-06-04,78.09,79.48,1.78,98.22
2020-06-05,80.32,84.54,5.26,94.74
2020-06-08,80.79,82.97,2.69,97.31
2020-06-09,83.34,82.58,0.91,99.09
2020-06-10,85.49,82.58,3.4,96.6
2020-06-11,81.38,78.79,3.18,96.82
2020-06-12,82.08,78.79,4.01,95.99
2020-06-15,83.1,80.17,3.52,96.48
2020-06-16,85.3,83.06,2.62,97.38
2020-06-17,85.18,82.67,2.95,97.05
2020-06-18,85.22,83.06,2.53,97.47
2020-06-19,84.73,80.41,5.1,94.9
2020-06-22,86.95,86.34,0.7,99.3
2020-06-23,88.8,91.17,2.66,97.34
2020-06-24,87.24,95.53,9.51,90.49
2020-06-25,88.39,95.92,8.51,91.49
2020-06-26,85.68,92.09,7.49,92.51
2020-06-29,87.65,92.09,5.07,94.93
2020-06-30,88.38,92.14,4.25,95.75
2020-07-01,88.22,95.8,8.6,91.4
2020-07-02,88.22,96.01,8.84,91.16
2020-07-06,90.58,95.53,5.47,94.53
2020-07-07,90.3,93.73,3.81,96.19
2020-07-08,92.4,95.67,3.54,96.46
2020-07-09,92.8,95.53,2.94,97.06
2020-07-10,92.96,99.53,7.07,92.93
2020-07-13,92.53,95.22,2.91,97.09
2020-07-14,94.06,95.22,1.23,98.77
2020-07-15,94.71,100.9,6.54,93.46
2020-07-16,93.54,95.22,1.79,98.21
2020-07-17,93.35,100.7,7.87,92.13
2020-07-20,95.32,100.7,5.64,94.36
2020-07-21,94.0,96.1,2.23,97.77
2020-07-22,94.27,99.53,5.58,94.42
2020-07-23,89.98,92.14,2.4,97.6
2020-07-24,89.76,91.68,2.14,97.86
2020-07-27,91.88,92.14,0.28,99.72
2020-07-28,90.37,91.11,0.81,99.19
2020-07-29,92.11,91.67,0.47,99.53
2020-07-30,93.22,92.23,1.07,98.93
2020-07-31,102.98,96.01,6.76,93.24
2020-08-03,105.57,95.92,9.15,90.85
2020-08-04,106.28,95.8,9.86,90.14
2020-08-05,106.66,99.53,6.69,93.31
2020-08-06,110.39,103.18,6.53,93.47
2020-08-07,107.88,96.15,10.87,89.13
2020-08-10,109.44,99.53,9.06,90.94
2020-08-11,106.19,95.22,10.33,89.67
2020-08-12,109.72,104.48,4.77,95.23
2020-08-13,111.66,103.98,6.88,93.12
2020-08-14,111.56,104.48,6.34,93.66
2020-08-17,111.27,113.57,2.07,97.93
2020-08-18,112.2,113.57,1.22,98.78
2020-08-19,112.34,116.14,3.39,96.61
2020-08-20,114.83,113.65,1.03,98.97
2020-08-21,120.75,117.64,2.57,97.43
2020-08-24,122.19,118.07,3.38,96.62
2020-08-25,121.19,121.11,0.06,99.94
2020-08-26,122.84,120.15,2.19,97.81
2020-08-27,121.37,123.01,1.35,98.65
2020-08-28,121.17,121.1,0.06,99.94
2020-08-31,125.28,126.39,0.88,99.12
2020-09-01,130.27,126.43,2.95,97.05
2020-09-02,127.57,126.69,0.69,99.31
2020-09-03,117.36,117.75,0.34,99.66
2020-09-04,117.44,120.27,2.41,97.59
2020-09-08,109.53,114.55,4.58,95.42
2020-09-09,113.9,117.11,2.82,97.18
2020-09-10,110.18,114.46,3.88,96.12
2020-09-11,108.74,110.31,1.45,98.55
2020-09-14,112.0,111.77,0.21,99.79
2020-09-15,112.17,111.96,0.19,99.81
2020-09-16,108.86,109.67,0.74,99.26
2020-09-17,107.13,109.36,2.09,97.91
2020-09-18,103.73,108.57,4.67,95.33
2020-09-21,106.87,108.57,1.58,98.42
2020-09-22,108.55,107.84,0.66,99.34
2020-09-23,104.0,102.74,1.21,98.79
2020-09-24,105.07,103.79,1.21,98.79
2020-09-25,109.01,106.62,2.19,97.81
2020-09-28,111.61,109.17,2.19,97.81
2020-09-29,110.77,106.58,3.78,96.22
2020-09-30,112.44,109.29,2.8,97.2
2020-10-01,113.39,109.34,3.57,96.43
2020-10-02,109.73,106.65,2.81,97.19
2020-10-05,113.11,109.21,3.44,96.56
2020-10-06,109.86,109.21,0.59,99.41
2020-10-07,111.73,109.64,1.87,98.13
2020-10-08,111.62,110.96,0.6,99.4
2020-10-09,113.56,110.96,2.3,97.7
2020-10-12,120.78,118.79,1.64,98.36
2020-10-13,117.57,118.79,1.04,98.96
2020-10-14,117.66,118.79,0.96,99.04
2020-10-15,117.19,118.06,0.74,99.26
2020-10-16,115.55,114.92,0.54,99.46
2020-10-19,112.6,114.41,1.61,98.39
2020-10-20,114.09,114.41,0.28,99.72
2020-10-21,113.47,113.6,0.12,99.88
2020-10-22,112.38,114.92,2.27,97.73
2020-10-23,111.69,111.94,0.22,99.78
2020-10-26,111.7,114.38,2.4,97.6
2020-10-27,113.2,114.33,0.99,99.01
2020-10-28,107.96,111.28,3.08,96.92
2020-10-29,111.96,111.85,0.1,99.9
2020-10-30,105.69,106.4,0.67,99.33
2020-11-02,105.6,106.62,0.96,99.04
2020-11-03,107.22,107.15,0.07,99.93
2020-11-04,111.6,111.32,0.25,99.75
2020-11-05,115.56,113.52,1.77,98.23
2020-11-06,115.43,114.84,0.51,99.49
2020-11-09,113.13,113.05,0.07,99.93
2020-11-10,112.79,113.05,0.23,99.77
2020-11-11,116.21,114.84,1.18,98.82
2020-11-12,115.94,114.84,0.95,99.05
2020-11-13,115.99,114.84,0.99,99.01
2020-11-16,117.0,114.84,1.84,98.16
2020-11-17,116.11,118.79,2.31,97.69
2020-11-18,114.79,114.92,0.12,99.88
2020-11-19,115.38,119.53,3.59,96.41
2020-11-20,114.12,119.08,4.34,95.66
2020-11-23,110.72,114.92,3.79,96.21
2020-11-24,112.01,113.6,1.43,98.57
2020-11-25,112.84,111.44,1.24,98.76
2020-11-27,113.39,111.77,1.43,98.57
2020-11-30,115.78,114.84,0.81,99.19
2020-12-01,119.35,118.89,0.38,99.62
2020-12-02,119.7,118.16,1.28,98.72
2020-12-03,119.56,118.54,0.85,99.15
2020-12-04,118.89,114.98,3.29,96.71
2020-12-07,120.35,118.33,1.68,98.32
2020-12-08,120.96,119.4,1.3,98.7
2020-12-09,118.44,119.14,0.59,99.41
2020-12-10,119.86,119.35,0.42,99.58
2020-12-11,119.05,119.35,0.25,99.75
2020-12-14,118.44,120.39,1.65,98.35
2020-12-15,124.37,124.57,0.16,99.84
2020-12-16,124.3,125.82,1.22,98.78
2020-12-17,125.17,126.62,1.16,98.84
2020-12-18,123.18,122.81,0.3,99.7
2020-12-21,124.71,123.29,1.14,98.86
2020-12-22,128.26,126.11,1.68,98.32
2020-12-23,127.36,126.9,0.36,99.64
2020-12-24,128.35,129.45,0.86,99.14
2020-12-28,132.94,129.78,2.38,97.62
2020-12-29,131.17,129.42,1.33,98.67
2020-12-30,130.05,129.98,0.06,99.94
2020-12-31,129.05,129.95,0.7,99.3
2021-01-04,125.86,128.7,2.26,97.74
2021-01-05,127.41,128.97,1.23,98.77
2021-01-06,123.12,125.54,1.97,98.03
2021-01-07,127.33,128.4,0.84,99.16
2021-01-08,128.42,128.4,0.02,99.98
2021-01-11,125.44,127.82,1.9,98.1
2021-01-12,125.26,127.46,1.76,98.24
2021-01-13,127.3,126.93,0.29,99.71
2021-01-14,125.37,125.46,0.07,99.93
2021-01-15,123.65,125.52,1.51,98.49
2021-01-19,124.32,123.59,0.59,99.41
2021-01-20,128.4,126.46,1.52,98.48
2021-01-21,133.11,129.32,2.85,97.15
2021-01-22,135.25,130.63,3.42,96.58
2021-01-25,139.0,134.27,3.4,96.6
2021-01-26,139.23,133.18,4.35,95.65
2021-01-27,138.16,134.07,2.96,97.04
2021-01-28,133.33,133.28,0.03,99.97
2021-01-29,128.34,130.58,1.74,98.26
2021-02-01,130.46,132.31,1.42,98.58
2021-02-02,131.28,132.64,1.03,98.97
2021-02-03,130.26,132.31,1.57,98.43
2021-02-04,133.62,134.06,0.33,99.67
2021-02-05,133.2,134.51,0.98,99.02
2021-02-08,133.35,134.85,1.13,98.87
2021-02-09,132.47,131.35,0.84,99.16
2021-02-10,131.87,131.46,0.31,99.69
2021-02-11,131.62,133.32,1.3,98.7
2021-02-12,131.85,129.47,1.8,98.2
2021-02-16,129.73,126.32,2.63,97.37
2021-02-17,127.44,124.32,2.45,97.55
2021-02-18,126.34,127.03,0.55,99.45
2021-02-19,126.49,128.27,1.4,98.6
2021-02-22,122.72,123.55,0.67,99.33
2021-02-23,122.59,122.64,0.04,99.96
2021-02-24,122.09,122.61,0.42,99.58
2021-02-25,117.84,119.32,1.25,98.75
2021-02-26,118.11,119.1,0.84,99.16
2021-03-01,124.47,120.63,3.08,96.92
2021-03-02,121.87,120.22,1.35,98.65
2021-03-03,118.89,118.5,0.33,99.67
2021-03-04,117.01,117.44,0.37,99.63
2021-03-05,118.26,117.97,0.25,99.75
2021-03-08,113.33,115.42,1.84,98.16
2021-03-09,117.94,115.73,1.88,98.12
2021-03-10,116.86,115.73,0.97,99.03
2021-03-11,118.79,117.16,1.37,98.63
2021-03-12,117.88,116.29,1.35,98.65
2021-03-15,120.77,120.14,0.51,99.49
2021-03-16,122.3,120.45,1.52,98.48
2021-03-17,121.52,122.28,0.63,99.37
2021-03-18,117.4,120.14,2.34,97.66
2021-03-19,116.87,119.42,2.18,97.82
2021-03-22,120.18,120.14,0.03,99.97
2021-03-23,119.35,120.45,0.91,99.09
2021-03-24,116.97,117.82,0.73,99.27
2021-03-25,117.45,116.96,0.42,99.58
2021-03-26,118.06,120.45,2.03,97.97
2021-03-29,118.23,117.61,0.53,99.47
2021-03-30,116.78,116.96,0.15,99.85
2021-03-31,118.97,117.61,1.15,98.85
2021-04-01,119.8,119.12,0.57,99.43
2021-04-05,122.63,119.12,2.86,97.14
2021-04-06,122.93,118.5,3.6,96.4
2021-04-07,124.57,124.64,0.06,99.94
2021-04-08,126.97,127.26,0.23,99.77
2021-04-09,129.54,129.46,0.06,99.94
2021-04-12,127.83,126.9,0.72,99.28
2021-04-13,130.93,127.65,2.51,97.49
2021-04-14,128.6,130.17,1.22,98.78
2021-04-15,131.0,131.74,0.57,99.43
2021-04-16,130.67,130.9,0.17,99.83
2021-04-19,131.33,131.07,0.2,99.8
2021-04-20,129.65,130.7,0.81,99.19
2021-04-21,130.03,130.53,0.38,99.62
2021-04-22,128.51,130.17,1.3,98.7
2021-04-23,130.83,130.17,0.5,99.5
2021-04-26,131.22,132.85,1.25,98.75
2021-04-27,130.9,131.16,0.2,99.8
2021-04-28,130.11,130.84,0.56,99.44
2021-04-29,130.01,130.03,0.02,99.98
2021-04-30,128.04,128.84,0.62,99.38
2021-05-03,129.09,128.4,0.54,99.46
2021-05-04,124.53,126.96,1.96,98.04
2021-05-05,124.77,125.48,0.57,99.43
2021-05-06,126.37,126.96,0.47,99.53
2021-05-07,127.04,127.1,0.05,99.95
2021-05-10,123.76,123.98,0.18,99.82
2021-05-11,122.84,122.92,0.06,99.94
2021-05-12,119.78,122.47,2.25,97.75
2021-05-13,121.93,122.33,0.33,99.67
2021-05-14,124.35,123.75,0.48,99.52
2021-05-17,123.2,121.57,1.32,98.68
2021-05-18,121.81,120.82,0.81,99.19
2021-05-19,121.65,120.82,0.69,99.31
2021-05-20,124.21,123.37,0.68,99.32
2021-05-21,122.38,122.42,0.04,99.96
2021-05-24,124.01,122.72,1.03,98.97
2021-05-25,123.81,122.73,0.87,99.13
2021-05-26,123.76,122.25,1.22,98.78
2021-05-27,122.23,121.78,0.36,99.64
2021-05-28,121.58,122.03,0.37,99.63
2021-06-01,121.25,122.03,0.64,99.36
2021-06-02,122.01,124.56,2.08,97.92
2021-06-03,120.53,122.03,1.24,98.76
2021-06-04,122.82,122.03,0.65,99.35
2021-06-07,122.83,123.1,0.22,99.78
2021-06-08,123.65,125.48,1.47,98.53
2021-06-09,124.03,125.74,1.37,98.63
2021-06-10,123.04,122.62,0.34,99.66
2021-06-11,124.25,125.48,0.99,99.01
2021-06-14,127.3,126.73,0.45,99.55
2021-06-15,126.48,125.95,0.42,99.58
2021-06-16,126.98,128.47,1.17,98.83
2021-06-17,128.58,129.28,0.55,99.45
2021-06-18,127.28,129.4,1.66,98.34
2021-06-21,129.08,129.56,0.37,99.63
2021-06-22,130.72,130.52,0.15,99.85
2021-06-23,130.44,131.45,0.77,99.23
2021-06-24,130.16,130.37,0.16,99.84
2021-06-25,129.87,130.25,0.3,99.7
2021-06-28,131.5,130.84,0.5,99.5
2021-06-29,133.01,133.98,0.73,99.27
2021-06-30,133.63,134.15,0.39,99.61
2021-07-01,133.93,134.34,0.31,99.69
2021-07-02,136.55,135.03,1.11,98.89
2021-07-06,138.56,135.52,2.2,97.8
2021-07-07,141.05,142.02,0.69,99.31
2021-07-08,139.75,141.38,1.17,98.83
2021-07-09,141.58,142.24,0.47,99.53
2021-07-12,140.98,142.45,1.04,98.96
2021-07-13,142.09,142.45,0.25,99.75
2021-07-14,145.52,145.42,0.07,99.93
2021-07-15,144.86,145.42,0.38,99.62
2021-07-16,142.83,144.93,1.47,98.53
2021-07-19,138.98,141.73,1.98,98.02
2021-07-20,142.59,144.03,1.01,98.99
2021-07-21,141.86,141.73,0.09,99.91
2021-07-22,143.23,145.04,1.27,98.73
2021-07-23,144.94,145.04,0.07,99.93
2021-07-26,145.36,143.12,1.54,98.46
2021-07-27,143.2,143.01,0.13,99.87
2021-07-28,141.45,142.65,0.85,99.15
2021-07-29,142.09,142.23,0.1,99.9
2021-07-30,142.31,143.19,0.62,99.38
2021-08-02,141.98,141.92,0.04,99.96
2021-08-03,143.77,141.82,1.36,98.64
2021-08-04,143.37,141.81,1.09,98.91
2021-08-05,143.48,142.93,0.39,99.61
2021-08-06,142.8,143.42,0.43,99.57
2021-08-09,142.75,142.06,0.48,99.52
2021-08-10,142.27,142.93,0.46,99.54
2021-08-11,142.52,142.01,0.36,99.64
2021-08-12,145.48,144.1,0.95,99.05
2021-08-13,145.69,143.67,1.38,98.62
2021-08-16,147.66,147.37,0.2,99.8
2021-08-17,146.75,147.93,0.81,99.19
2021-08-18,143.01,144.13,0.78,99.22
2021-08-19,143.34,144.26,0.64,99.36
2021-08-20,144.8,145.68,0.61,99.39
2021-08-23,146.28,145.29,0.68,99.32
2021-08-24,146.2,145.68,0.35,99.65
2021-08-25,144.96,145.04,0.05,99.95
2021-08-26,144.16,145.04,0.61,99.39
2021-08-27,145.2,145.36,0.11,99.89
2021-08-30,149.62,147.98,1.09,98.91
2021-08-31,148.35,148.31,0.03,99.97
2021-09-01,149.02,149.0,0.01,99.99
2021-09-02,150.13,148.96,0.78,99.22
2021-09-03,150.77,148.32,1.63,98.37
2021-09-07,153.1,151.16,1.27,98.73
2021-09-08,151.56,153.4,1.21,98.79
2021-09-09,150.54,152.66,1.41,98.59
2021-09-10,145.56,146.78,0.84,99.16
2021-09-13,146.13,145.97,0.11,99.89
2021-09-14,144.73,146.08,0.94,99.06
2021-09-15,145.62,146.78,0.8,99.2
2021-09-16,145.38,147.37,1.37,98.63
2021-09-17,142.72,145.14,1.7,98.3
2021-09-20,139.67,139.35,0.23,99.77
2021-09-21,140.15,140.36,0.16,99.84
2021-09-22,142.51,142.05,0.32,99.68
2021-09-23,143.47,141.85,1.13,98.87
2021-09-24,143.56,140.75,1.95,98.05
2021-09-27,142.04,139.17,2.02,97.98
2021-09-28,138.66,137.85,0.58,99.42
2021-09-29,139.56,139.15,0.29,99.71
2021-09-30,138.26,137.79,0.34,99.66
2021-10-01,139.38,138.28,0.79,99.21
2021-10-04,135.96,136.68,0.53,99.47
2021-10-05,137.88,135.53,1.71,98.29
2021-10-06,138.75,137.31,1.04,98.96
2021-10-07,140.01,139.31,0.5,99.5
2021-10-08,139.63,141.11,1.06,98.94
2021-10-11,139.54,141.18,1.17,98.83
2021-10-12,138.27,137.12,0.83,99.17
2021-10-13,137.68,136.13,1.13,98.87
2021-10-14,140.47,138.02,1.74,98.26
2021-10-15,141.52,141.18,0.24,99.76
2021-10-18,143.2,143.11,0.06,99.94
2021-10-19,145.36,143.94,0.98,99.02
2021-10-20,145.84,145.13,0.49,99.51
2021-10-21,146.06,146.21,0.1,99.9
2021-10-22,145.29,147.42,1.47,98.53
2021-10-25,145.24,147.31,1.43,98.57
2021-10-26,145.9,147.85,1.33,98.67
2021-10-27,145.44,146.51,0.74,99.26
2021-10-28,149.08,149.4,0.22,99.78
2021-10-29,146.37,147.52,0.79,99.21
2021-11-01,145.55,147.67,1.45,98.55
2021-11-02,146.59,148.39,1.23,98.77
2021-11-03,148.02,148.05,0.02,99.98
2021-11-04,147.5,148.06,0.38,99.62
2021-11-05,148.03,147.9,0.09,99.91
2021-11-08,147.21,146.37,0.57,99.43
2021-11-09,147.57,146.37,0.82,99.18
2021-11-10,144.75,145.06,0.22,99.78
2021-11-11,144.7,146.03,0.92,99.08
2021-11-12,146.77,147.57,0.55,99.45
2021-11-15,146.78,147.23,0.31,99.69
2021-11-16,147.76,147.89,0.09,99.91
2021-11-17,150.2,147.81,1.59,98.41
2021-11-18,154.48,152.44,1.32,98.68
2021-11-19,157.1,155.76,0.86,99.14
2021-11-22,157.56,157.05,0.33,99.67
2021-11-23,157.95,156.44,0.95,99.05
2021-11-24,158.46,161.31,1.8,98.2
2021-11-26,153.44,155.37,1.26,98.74
2021-11-29,156.8,158.79,1.27,98.73
2021-11-30,161.75,159.93,1.13,98.87
2021-12-01,161.23,161.96,0.45,99.55
2021-12-02,160.25,160.96,0.45,99.55
2021-12-03,158.37,158.78,0.26,99.74
2021-12-06,161.77,163.2,0.88,99.12
2021-12-07,167.51,167.67,0.1,99.9
2021-12-08,171.32,168.55,1.62,98.38
2021-12-09,170.81,169.43,0.81,99.19
2021-12-10,175.6,172.21,1.93,98.07
2021-12-13,171.97,171.52,0.26,99.74
2021-12-14,170.59,168.53,1.21,98.79
2021-12-15,175.45,171.73,2.12,97.88
2021-12-16,168.56,170.4,1.09,98.91
2021-12-17,167.47,169.02,0.93,99.07
2021-12-20,166.11,167.58,0.89,99.11
2021-12-21,169.28,169.22,0.04,99.96
2021-12-22,171.87,171.35,0.3,99.7
2021-12-23,172.5,172.66,0.1,99.9
2021-12-27,176.46,173.62,1.61,98.39
2021-12-28,175.44,173.95,0.85,99.15
2021-12-29,175.53,173.72,1.03,98.97
2021-12-30,174.38,172.29,1.2,98.8
2021-12-31,173.76,170.7,1.76,98.24
2022-01-03,178.1,175.37,1.54,98.46
2022-01-04,175.84,174.41,0.82,99.18
2022-01-05,171.17,170.28,0.52,99.48
2022-01-06,168.31,171.42,1.85,98.15
2022-01-07,168.47,170.35,1.11,98.89
2022-01-10,168.49,171.21,1.61,98.39
2022-01-11,171.32,171.02,0.18,99.82
2022-01-12,171.76,170.36,0.82,99.18
2022-01-13,168.49,168.56,0.04,99.96
2022-01-14,169.36,167.47,1.11,98.89
2022-01-18,166.16,166.33,0.1,99.9
2022-01-19,162.66,164.65,1.22,98.78
2022-01-20,160.98,164.59,2.24,97.76
2022-01-21,158.92,161.43,1.58,98.42
2022-01-24,158.15,158.08,0.05,99.95
2022-01-25,156.35,156.48,0.09,99.91
2022-01-26,156.26,156.04,0.14,99.86
2022-01-27,155.8,155.67,0.09,99.91
2022-01-28,166.67,166.8,0.08,99.92
2022-01-31,171.03,169.8,0.72,99.28
2022-02-01,170.86,169.22,0.96,99.04
2022-02-02,172.07,168.17,2.27,97.73
2022-02-03,169.19,168.08,0.65,99.35
2022-02-04,168.91,168.04,0.51,99.49
2022-02-07,168.19,168.56,0.22,99.78
2022-02-08,171.3,170.57,0.42,99.58
2022-02-09,172.72,173.59,0.51,99.49
2022-02-10,168.64,168.7,0.03,99.97
2022-02-11,165.23,167.43,1.33,98.67
2022-02-14,165.47,167.54,1.25,98.75
2022-02-15,169.3,170.12,0.48,99.52
2022-02-16,169.06,171.75,1.59,98.41
2022-02-17,165.47,166.45,0.6,99.4
2022-02-18,163.92,161.76,1.32,98.68
2022-02-22,161.0,160.38,0.38,99.62
2022-02-23,156.83,158.56,1.1,98.9
2022-02-24,159.45,161.21,1.1,98.9
2022-02-25,161.52,162.05,0.33,99.67
2022-02-28,161.78,161.85,0.04,99.96
2022-03-01,159.9,158.14,1.1,98.9
2022-03-02,163.19,159.68,2.15,97.85
2022-03-03,162.87,161.07,1.11,98.89
2022-03-04,159.87,159.76,0.07,99.93
2022-03-07,156.08,158.37,1.47,98.53
2022-03-08,154.26,154.6,0.22,99.78
2022-03-09,159.66,156.98,1.68,98.32
2022-03-10,155.32,156.47,0.75,99.25
2022-03-11,151.6,154.29,1.77,98.23
2022-03-14,147.58,148.68,0.75,99.25
2022-03-15,151.95,156.48,2.98,97.02
2022-03-16,156.36,158.83,1.58,98.42
2022-03-17,157.37,157.15,0.14,99.86
2022-03-18,160.67,159.51,0.72,99.28
2022-03-21,162.04,160.16,1.16,98.84
2022-03-22,165.41,160.16,3.17,96.83
2022-03-23,166.77,162.12,2.79,97.21
2022-03-24,170.55,166.88,2.15,97.85
2022-03-25,171.19,168.82,1.38,98.62
2022-03-28,172.05,171.08,0.56,99.44
2022-03-29,175.34,172.51,1.62,98.38
2022-03-30,174.18,173.61,0.32,99.68
2022-03-31,171.08,172.32,0.72,99.28
2022-04-01,170.79,173.12,1.37,98.63
2022-04-04,174.83,173.22,0.92,99.08
2022-04-05,171.52,171.33,0.11,99.89
2022-04-06,168.36,170.92,1.52,98.48
2022-04-07,168.66,168.52,0.08,99.92
2022-04-08,166.65,169.19,1.52,98.48
2022-04-11,162.4,165.41,1.85,98.15
2022-04-12,164.27,166.4,1.29,98.71
2022-04-13,166.96,165.3,0.99,99.01
2022-04-14,161.95,163.47,0.94,99.06
2022-04-18,161.73,161.69,0.03,99.97
2022-04-19,164.02,160.67,2.04,97.96
2022-04-20,163.85,160.82,1.85,98.15
2022-04-21,163.06,161.9,0.71,99.29
2022-04-22,158.52,160.73,1.39,98.61
2022-04-25,159.59,158.35,0.78,99.22
2022-04-26,153.63,156.04,1.57,98.43
2022-04-27,153.4,156.24,1.85,98.15
2022-04-28,160.33,160.14,0.12,99.88
2022-04-29,154.46,157.49,1.96,98.04
2022-05-02,154.77,158.49,2.41,97.59
2022-05-03,156.26,154.9,0.87,99.13
2022-05-04,162.66,158.31,2.68,97.32
2022-05-05,153.6,154.98,0.9,99.1
2022-05-06,154.33,155.37,0.68,99.32
2022-05-09,149.2,150.27,0.71,99.29
2022-05-10,151.61,152.35,0.49,99.51
2022-05-11,143.75,146.73,2.07,97.93
2022-05-12,139.88,146.6,4.8,95.2
2022-05-13,144.35,145.37,0.71,99.29
2022-05-16,142.81,144.66,1.3,98.7
2022-05-17,146.44,146.83,0.27,99.73
2022-05-18,138.18,138.34,0.12,99.88
2022-05-19,134.77,137.37,1.92,98.08
2022-05-20,135.01,136.76,1.3,98.7
2022-05-23,140.42,140.57,0.11,99.89
2022-05-24,137.72,136.5,0.89,99.11
2022-05-25,137.88,137.48,0.29,99.71
2022-05-26,141.08,140.71,0.26,99.74
2022-05-27,146.83,144.25,1.76,98.24
2022-05-31,146.05,144.25,1.23,98.77
2022-06-01,145.92,145.94,0.02,99.98
2022-06-02,148.37,147.82,0.37,99.63
2022-06-03,142.65,145.49,1.99,98.01
2022-06-06,143.4,143.04,0.25,99.75
2022-06-07,145.92,141.62,2.95,97.05
2022-06-08,145.18,145.74,0.38,99.62
2022-06-09,139.96,143.81,2.75,97.25
2022-06-10,134.56,141.42,5.1,94.9
2022-06-13,129.4,133.81,3.4,96.6
2022-06-14,130.27,134.19,3.01,96.99
2022-06-15,132.89,136.43,2.67,97.33
2022-06-16,127.62,133.07,4.27,95.73
2022-06-17,129.09,129.55,0.36,99.64
2022-06-21,133.32,132.59,0.55,99.45
2022-06-22,132.81,132.43,0.28,99.72
2022-06-23,135.67,130.77,3.62,96.38
2022-06-24,139.0,135.26,2.69,97.31
2022-06-27,139.0,137.32,1.21,98.79
2022-06-28,134.86,132.38,1.84,98.16
2022-06-29,136.62,133.73,2.11,97.89
2022-06-30,134.15,133.66,0.36,99.64
2022-07-01,136.32,138.21,1.38,98.62
2022-07-05,138.9,139.47,0.41,99.59
2022-07-06,140.24,139.47,0.55,99.45
2022-07-07,143.6,139.47,2.88,97.12
2022-07-08,144.28,141.85,1.68,98.32
2022-07-11,142.15,142.47,0.22,99.78
2022-07-12,143.12,145.28,1.51,98.49
2022-07-13,142.76,145.42,1.86,98.14
2022-07-14,145.68,145.42,0.18,99.82
2022-07-15,147.35,145.04,1.57,98.43
2022-07-18,144.31,142.49,1.26,98.74
2022-07-19,148.16,148.23,0.05,99.95
2022-07-20,150.17,148.23,1.29,98.71
2022-07-21,152.43,149.91,1.65,98.35
2022-07-22,151.2,149.66,1.02,98.98
2022-07-25,150.08,149.47,0.41,99.59
2022-07-26,148.75,150.44,1.13,98.87
2022-07-27,153.85,151.15,1.75,98.25
2022-07-28,154.4,153.23,0.75,99.25
2022-07-29,159.46,156.72,1.71,98.29
2022-08-01,158.48,155.62,1.81,98.19
2022-08-02,157.01,158.28,0.81,99.19
2022-08-03,163.01,160.62,1.46,98.54
2022-08-04,162.7,159.18,2.16,97.84
2022-08-05,162.47,161.54,0.57,99.43
2022-08-08,162.0,164.1,1.3,98.7
2022-08-09,162.05,162.59,0.33,99.67
2022-08-10,166.29,167.51,0.73,99.27
2022-08-11,165.56,167.67,1.28,98.72
2022-08-12,169.1,168.06,0.62,99.38
2022-08-15,170.17,171.14,0.57,99.43
2022-08-16,170.02,171.39,0.81,99.19
2022-08-17,171.51,172.57,0.62,99.38
2022-08-18,171.12,173.53,1.41,98.59
2022-08-19,168.53,169.84,0.78,99.22
2022-08-22,164.65,168.21,2.16,97.84
2022-08-23,164.32,165.84,0.93,99.07
2022-08-24,164.61,165.84,0.74,99.26
2022-08-25,167.07,167.59,0.31,99.69
2022-08-26,160.77,163.93,1.97,98.03
2022-08-29,158.57,160.8,1.41,98.59
2022-08-30,156.14,157.39,0.8,99.2
2022-08-31,154.48,154.95,0.3,99.7
2022-09-01,155.21,153.49,1.11,98.89
2022-09-02,153.1,153.46,0.24,99.76
2022-09-06,151.84,154.5,1.75,98.25
2022-09-07,153.24,149.85,2.21,97.79
2022-09-08,151.77,149.85,1.26,98.74
2022-09-09,154.63,150.06,2.96,97.04
2022-09-12,160.58,156.14,2.77,97.23
2022-09-13,151.16,149.08,1.38,98.62
2022-09-14,152.61,149.56,1.99,98.01
2022-09-15,149.72,146.62,2.07,97.93
2022-09-16,148.08,146.73,0.91,99.09
2022-09-19,151.79,151.91,0.08,99.92
2022-09-20,154.17,154.42,0.16,99.84
2022-09-21,151.04,149.48,1.03,98.97
2022-09-22,150.08,148.49,1.06,98.94
2022-09-23,147.81,148.61,0.54,99.46
2022-09-26,148.14,149.59,0.98,99.02
2022-09-27,149.12,149.26,0.1,99.9
2022-09-28,147.23,148.2,0.66,99.34
2022-09-29,140.0,140.02,0.01,99.99
2022-09-30,135.79,138.79,2.21,97.79
2022-10-03,139.97,140.88,0.65,99.35
2022-10-04,143.56,142.87,0.48,99.52
2022-10-05,143.85,143.3,0.38,99.62
2022-10-06,142.9,143.97,0.75,99.25
2022-10-07,137.65,137.78,0.09,99.91
2022-10-10,137.97,137.7,0.2,99.8
2022-10-11,136.56,137.57,0.74,99.26
2022-10-12,135.93,136.81,0.65,99.35
2022-10-13,140.5,141.71,0.86,99.14
2022-10-14,135.97,137.25,0.94,99.06
2022-10-17,139.93,139.61,0.23,99.77
2022-10-18,141.25,138.28,2.1,97.9
2022-10-19,141.35,141.37,0.01,99.99
2022-10-20,140.89,144.66,2.67,97.33
2022-10-21,144.71,144.09,0.42,99.58
2022-10-24,146.85,144.09,1.88,98.12
2022-10-25,149.69,145.24,2.97,97.03
2022-10-26,146.75,143.76,2.04,97.96
2022-10-27,142.28,143.52,0.87,99.13
2022-10-28,153.03,147.93,3.33,96.67
2022-10-31,150.67,148.04,1.75,98.25
2022-11-01,148.03,146.5,1.03,98.97
2022-11-02,142.5,142.85,0.24,99.76
2022-11-03,136.46,140.49,2.95,97.05
2022-11-04,136.2,139.56,2.47,97.53
2022-11-07,136.73,139.73,2.19,97.81
2022-11-08,137.3,140.21,2.12,97.88
2022-11-09,132.74,135.2,1.85,98.15
2022-11-10,144.55,140.18,3.03,96.97
2022-11-11,147.34,145.1,1.52,98.48
2022-11-14,145.94,145.79,0.1,99.9
2022-11-15,147.67,146.76,0.62,99.38
2022-11-16,146.44,146.78,0.23,99.77
2022-11-17,148.34,145.43,1.96,98.04
2022-11-18,148.9,146.01,1.94,98.06
2022-11-21,145.67,146.1,0.29,99.71
2022-11-22,147.81,145.57,1.52,98.48
2022-11-23,148.69,149.63,0.63,99.37
2022-11-25,145.77,147.76,1.37,98.63
2022-11-28,141.94,145.57,2.55,97.45
2022-11-29,138.94,143.04,2.95,97.05
2022-11-30,145.69,146.91,0.84,99.16
2022-12-01,145.97,144.09,1.29,98.71
2022-12-02,145.48,142.83,1.82,98.18
2022-12-05,144.32,143.56,0.52,99.48
2022-12-06,140.65,139.81,0.6,99.4
2022-12-07,138.72,139.8,0.79,99.21
2022-12-08,140.4,141.02,0.44,99.56
2022-12-09,139.92,139.18,0.53,99.47
2022-12-12,142.21,143.32,0.78,99.22
2022-12-13,143.17,140.96,1.55,98.45
2022-12-14,140.95,139.86,0.77,99.23
2022-12-15,134.35,138.0,2.72,97.28
2022-12-16,132.39,136.08,2.79,97.21
2022-12-19,130.28,132.91,2.02,97.98
2022-12-20,130.21,129.94,0.21,99.79
2022-12-21,133.31,131.09,1.67,98.33
2022-12-22,130.14,129.46,0.53,99.47
2022-12-23,129.78,129.46,0.25,99.75
2022-12-27,127.98,129.99,1.57,98.43
2022-12-28,124.05,127.05,2.42,97.58
2022-12-29,127.56,128.95,1.08,98.92
2022-12-30,127.88,128.46,0.45,99.55
2023-01-03,123.1,124.94,1.5,98.5
2023-01-04,124.37,124.68,0.25,99.75
2023-01-05,123.05,122.35,0.57,99.43
2023-01-06,127.57,127.47,0.08,99.92
2023-01-09,128.1,127.56,0.42,99.58
2023-01-10,128.67,128.66,0.01,99.99
2023-01-11,131.38,130.06,1.01,98.99
2023-01-12,131.3,129.39,1.46,98.54
2023-01-13,132.63,131.81,0.62,99.38
2023-01-17,133.79,131.54,1.69,98.31
2023-01-18,133.08,132.41,0.5,99.5
2023-01-19,133.14,134.23,0.82,99.18
2023-01-20,135.69,137.92,1.64,98.36
2023-01-23,138.88,137.95,0.67,99.33
2023-01-24,140.28,141.94,1.18,98.82
2023-01-25,139.62,141.71,1.49,98.51
2023-01-26,141.69,141.54,0.11,99.89
2023-01-27,143.63,141.71,1.34,98.66
2023-01-30,140.74,141.7,0.68,99.32
2023-01-31,142.01,144.68,1.88,98.12
2023-02-01,143.13,145.18,1.43,98.57
2023-02-02,148.44,145.42,2.03,97.97
2023-02-03,152.06,147.95,2.7,97.3
2023-02-06,149.34,147.88,0.98,99.02
2023-02-07,152.21,150.85,0.89,99.11
2023-02-08,149.52,150.64,0.75,99.25
2023-02-09,148.49,149.25,0.51,99.49
2023-02-10,148.85,149.85,0.67,99.33
2023-02-13,151.65,150.87,0.52,99.48
2023-02-14,151.01,151.15,0.09,99.91
2023-02-15,153.11,152.89,0.14,99.86
2023-02-16,151.51,150.73,0.52,99.48
2023-02-17,150.37,152.05,1.12,98.88
2023-02-21,146.36,148.22,1.27,98.73
2023-02-22,146.78,148.22,0.98,99.02
2023-02-23,147.27,147.74,0.32,99.68
2023-02-24,144.61,143.8,0.57,99.43
2023-02-27,145.81,146.32,0.35,99.65
2023-02-28,145.3,142.35,2.04,97.96
2023-03-01,143.23,143.04,0.13,99.87
2023-03-02,143.83,145.03,0.83,99.17
2023-03-03,148.87,148.79,0.05,99.95
2023-03-06,151.63,148.79,1.87,98.13
2023-03-07,149.44,149.08,0.24,99.76
2023-03-08,150.69,148.89,1.19,98.81
2023-03-09,148.44,147.86,0.39,99.61
2023-03-10,146.38,146.46,0.05,99.95
2023-03-13,148.32,149.43,0.75,99.25
2023-03-14,150.41,150.42,0.01,99.99
2023-03-15,150.81,149.18,1.08,98.92
2023-03-16,153.62,152.99,0.41,99.59
2023-03-17,152.79,152.05,0.48,99.52
2023-03-20,155.15,153.89,0.81,99.19
2023-03-21,157.01,156.28,0.46,99.54
2023-03-22,155.58,154.12,0.94,99.06
2023-03-23,156.66,157.63,0.62,99.38
2023-03-24,157.96,157.45,0.32,99.68
2023-03-27,156.02,157.63,1.03,98.97
2023-03-28,155.4,156.82,0.92,99.08
2023-03-29,158.47,158.67,0.12,99.88
2023-03-30,160.04,161.9,1.16,98.84
2023-03-31,162.55,162.19,0.22,99.78
2023-04-03,163.8,162.19,0.98,99.02
2023-04-04,163.26,164.87,0.99,99.01
2023-04-05,161.42,162.51,0.68,99.32
2023-04-06,162.31,162.4,0.05,99.95
2023-04-10,159.72,160.54,0.51,99.49
2023-04-11,158.5,159.81,0.83,99.17
2023-04-12,157.81,159.81,1.27,98.73
2023-04-13,163.2,164.0,0.49,99.51
2023-04-14,162.85,163.83,0.6,99.4
2023-04-17,162.87,164.9,1.25,98.75
2023-04-18,164.09,165.72,0.99,99.01
2023-04-19,165.24,164.97,0.16,99.84
2023-04-20,164.27,163.83,0.27,99.73
2023-04-21,162.66,163.08,0.26,99.74
2023-04-24,162.97,161.68,0.79,99.21
2023-04-25,161.43,159.94,0.92,99.08
2023-04-26,161.42,163.21,1.11,98.89
2023-04-27,166.01,164.9,0.66,99.34
2023-04-28,167.26,166.06,0.71,99.29
2023-05-01,167.17,169.58,1.44,98.56
2023-05-02,166.13,169.54,2.05,97.95
2023-05-03,165.06,167.09,1.23,98.77
2023-05-04,163.42,165.68,1.38,98.62
2023-05-05,171.09,169.82,0.75,99.25
2023-05-08,171.02,168.86,1.27,98.73
2023-05-09,169.32,168.01,0.77,99.23
2023-05-10,171.08,168.97,1.24,98.76
2023-05-11,171.27,170.44,0.49,99.51
2023-05-12,170.34,169.92,0.25,99.75
2023-05-15,169.85,170.33,0.29,99.71
2023-05-16,169.85,171.02,0.69,99.31
2023-05-17,170.46,169.28,0.69,99.31
2023-05-18,172.79,170.38,1.4,98.6
2023-05-19,172.9,172.91,0.0,100.0
2023-05-22,171.95,174.96,1.75,98.25
2023-05-23,169.34,172.01,1.57,98.43
2023-05-24,169.62,173.25,2.14,97.86
2023-05-25,170.76,169.54,0.71,99.29
2023-05-26,173.16,171.91,0.73,99.27
2023-05-30,175.01,175.61,0.34,99.66
2023-05-31,174.96,174.43,0.3,99.7
2023-06-01,177.76,175.52,1.26,98.74
2023-06-02,178.61,177.52,0.61,99.39
2023-06-05,177.26,177.46,0.11,99.89
2023-06-06,176.9,178.84,1.1,98.9
2023-06-07,175.52,176.8,0.73,99.27
2023-06-08,178.24,177.84,0.22,99.78
2023-06-09,178.62,178.78,0.09,99.91
2023-06-12,181.42,180.22,0.66,99.34
2023-06-13,180.94,180.96,0.01,99.99
2023-06-14,181.57,182.45,0.48,99.52
2023-06-15,183.61,182.5,0.6,99.4
2023-06-16,182.53,184.79,1.24,98.76
2023-06-20,182.62,184.2,0.87,99.13
2023-06-21,181.58,184.21,1.45,98.55
2023-06-22,184.58,184.21,0.2,99.8
2023-06-23,184.27,183.7,0.31,99.69
2023-06-26,182.88,183.7,0.45,99.55
2023-06-27,185.63,184.58,0.57,99.43
2023-06-28,186.81,188.34,0.82,99.18
2023-06-29,187.14,187.74,0.32,99.68
2023-06-30,191.46,190.59,0.46,99.54
2023-07-03,189.97,189.58,0.21,99.79
2023-07-05,188.86,188.88,0.01,99.99
2023-07-06,189.33,188.88,0.24,99.76
2023-07-07,188.22,187.82,0.21,99.79
2023-07-10,186.17,187.9,0.92,99.08
2023-07-11,185.65,187.24,0.86,99.14
2023-07-12,187.32,188.7,0.74,99.26
2023-07-13,188.08,187.9,0.1,99.9
2023-07-14,188.23,188.08,0.08,99.92
2023-07-17,191.48,190.44,0.54,99.46
2023-07-18,191.23,189.33,0.99,99.01
2023-07-19,192.58,193.05,0.24,99.76
2023-07-20,190.64,190.69,0.03,99.97
2023-07-21,189.46,188.79,0.36,99.64
2023-07-24,190.26,189.46,0.42,99.58
2023-07-25,191.12,189.98,0.59,99.41
2023-07-26,191.99,190.69,0.67,99.33
2023-07-27,190.72,190.08,0.34,99.66
2023-07-28,193.3,195.57,1.17,98.83
2023-07-31,193.91,195.8,0.97,99.03
2023-08-01,193.08,194.32,0.64,99.36
2023-08-02,190.09,189.82,0.14,99.86
2023-08-03,188.7,189.46,0.4,99.6
2023-08-04,179.64,181.76,1.18,98.82
2023-08-07,176.54,178.83,1.3,98.7
2023-08-08,177.48,177.55,0.04,99.96
2023-08-09,175.89,177.36,0.84,99.16
2023-08-10,175.67,179.45,2.15,97.85
2023-08-11,175.73,175.57,0.09,99.91
2023-08-14,177.38,176.69,0.39,99.61
2023-08-15,175.39,175.46,0.03,99.97
2023-08-16,174.52,172.46,1.19,98.81
2023-08-17,171.98,172.25,0.15,99.85
2023-08-18,172.47,172.7,0.14,99.86
2023-08-21,173.8,173.09,0.41,99.59
2023-08-22,175.18,172.9,1.3,98.7
2023-08-23,179.02,175.69,1.86,98.14
2023-08-24,174.34,175.24,0.52,99.48
2023-08-25,176.54,176.09,0.26,99.74
2023-08-28,178.1,175.6,1.4,98.6
2023-08-29,181.99,179.48,1.38,98.62
2023-08-30,185.48,182.25,1.74,98.26
2023-08-31,185.69,182.28,1.84,98.16
2023-09-01,187.27,184.79,1.32,98.68
2023-09-05,187.5,184.79,1.44,98.56
2023-09-06,180.79,181.25,0.26,99.74
2023-09-07,175.5,178.04,1.45,98.55
2023-09-08,176.12,178.04,1.09,98.91
2023-09-11,177.28,178.04,0.43,99.57
2023-09-12,174.26,177.62,1.93,98.07
2023-09-13,172.19,177.3,2.97,97.03
2023-09-14,173.7,175.52,1.04,98.96
2023-09-15,172.98,174.16,0.68,99.32
2023-09-18,175.91,174.86,0.6,99.4
2023-09-19,177.0,174.23,1.56,98.44
2023-09-20,173.46,173.26,0.11,99.89
2023-09-21,171.92,172.3,0.23,99.77
2023-09-22,172.77,171.84,0.53,99.47
2023-09-25,174.04,173.38,0.38,99.62
2023-09-26,169.97,171.5,0.9,99.1
2023-09-27,168.46,171.67,1.91,98.09
2023-09-28,168.71,170.89,1.29,98.71
2023-09-29,169.23,170.66,0.84,99.16
2023-10-02,171.74,172.42,0.4,99.6
2023-10-03,170.4,171.96,0.92,99.08
2023-10-04,171.65,171.79,0.08,99.92
2023-10-05,172.88,173.34,0.26,99.74
2023-10-06,175.43,173.34,1.19,98.81
2023-10-09,176.92,173.38,2.0,98.0
2023-10-10,176.32,173.74,1.46,98.54
2023-10-11,177.72,176.73,0.56,99.44
2023-10-12,178.62,177.16,0.82,99.18
2023-10-13,176.78,174.55,1.26,98.74
2023-10-16,176.65,179.04,1.35,98.65
2023-10-17,175.1,179.04,2.25,97.75
2023-10-18,173.8,177.12,1.91,98.09
2023-10-19,173.43,176.98,2.05,97.95
2023-10-20,170.88,172.29,0.83,99.17
2023-10-23,171.0,172.68,0.98,99.02
2023-10-24,171.43,171.92,0.28,99.72
2023-10-25,169.12,169.5,0.23,99.77
2023-10-26,164.96,165.18,0.14,99.86
2023-10-27,166.27,165.49,0.47,99.53
2023-10-30,168.32,169.36,0.62,99.38
2023-10-31,168.79,167.68,0.66,99.34
2023-11-01,171.95,170.34,0.94,99.06
2023-11-02,175.51,173.66,1.06,98.94
2023-11-03,174.6,172.42,1.25,98.75
2023-11-06,177.15,174.87,1.29,98.71
2023-11-07,179.71,178.28,0.8,99.2
2023-11-08,180.77,177.09,2.04,97.96
2023-11-09,180.3,178.81,0.83,99.17
2023-11-10,184.48,182.91,0.85,99.15
2023-11-13,182.9,182.68,0.12,99.88
2023-11-14,185.51,183.41,1.13,98.87
2023-11-15,186.08,187.21,0.61,99.39
2023-11-16,187.76,187.27,0.26,99.74
2023-11-17,187.74,187.27,0.25,99.75
2023-11-20,189.48,189.75,0.14,99.86
2023-11-21,188.68,189.76,0.57,99.43
2023-11-22,189.34,189.93,0.31,99.69
2023-11-24,188.02,188.75,0.39,99.61
2023-11-27,187.84,189.19,0.72,99.28
2023-11-28,188.44,188.84,0.21,99.79
2023-11-29,187.42,187.33,0.05,99.95
2023-11-30,188.0,189.97,1.05,98.95
2023-12-01,189.27,189.45,0.09,99.91
2023-12-04,187.48,189.47,1.06,98.94
2023-12-05,191.43,189.95,0.78,99.22
2023-12-06,190.34,189.0,0.71,99.29
2023-12-07,192.27,192.45,0.09,99.91
2023-12-08,193.7,193.65,0.02,99.98
2023-12-11,191.19,189.82,0.72,99.28
2023-12-12,192.71,191.97,0.39,99.61
2023-12-13,195.92,193.2,1.39,98.61
2023-12-14,196.07,195.93,0.07,99.93
2023-12-15,195.54,195.22,0.16,99.84
2023-12-18,193.88,195.49,0.83,99.17
2023-12-19,194.92,197.13,1.13,98.87
2023-12-20,192.83,193.12,0.15,99.85
2023-12-21,192.68,192.15,0.27,99.73
2023-12-22,191.61,193.38,0.92,99.08
2023-12-26,191.07,191.5,0.23,99.77
2023-12-27,191.16,191.58,0.22,99.78
2023-12-28,191.59,191.59,0.0,100.0
2023-12-29,190.55,190.62,0.04,99.96
2024-01-02,183.73,186.55,1.54,98.46
2024-01-03,182.36,179.09,1.79,98.21
2024-01-04,180.04,178.71,0.74,99.26
2024-01-05,179.32,178.52,0.45,99.55
2024-01-08,183.65,183.24,0.23,99.77
2024-01-09,183.24,183.42,0.1,99.9
2024-01-10,184.28,182.65,0.88,99.12
2024-01-11,183.68,183.28,0.22,99.78
2024-01-12,184.01,184.5,0.27,99.73
2024-01-16,181.74,182.5,0.42,99.58
2024-01-17,180.8,182.19,0.77,99.23
2024-01-18,186.69,185.0,0.9,99.1
2024-01-19,189.59,185.34,2.24,97.76
2024-01-22,191.9,183.39,4.43,95.57
2024-01-23,193.17,191.34,0.95,99.05
2024-01-24,192.5,191.86,0.33,99.67
2024-01-25,192.17,192.23,0.03,99.97
2024-01-26,190.44,191.68,0.65,99.35
2024-01-29,189.76,189.34,0.22,99.78
2024-01-30,186.11,186.82,0.38,99.62
2024-01-31,182.5,186.32,2.09,97.91
2024-02-01,184.94,186.71,0.96,99.04
2024-02-02,183.94,186.73,1.52,98.48
2024-02-05,185.75,187.07,0.71,99.29
2024-02-06,187.35,188.42,0.57,99.43
2024-02-07,187.46,186.64,0.44,99.56
2024-02-08,186.38,186.42,0.02,99.98
2024-02-09,187.15,186.34,0.43,99.57
2024-02-12,185.46,182.56,1.56,98.44
2024-02-13,183.37,182.6,0.42,99.58
2024-02-14,182.49,182.6,0.06,99.94
2024-02-15,182.2,182.79,0.32,99.68
2024-02-16,180.67,181.66,0.55,99.45
2024-02-20,179.92,182.29,1.31,98.69
2024-02-21,180.68,181.99,0.73,99.27
2024-02-22,182.71,182.27,0.24,99.76
2024-02-23,180.87,181.68,0.45,99.55
2024-02-26,179.53,180.41,0.49,99.51
2024-02-27,180.98,179.16,1.01,98.99
2024-02-28,179.78,178.2,0.88,99.12
2024-02-29,179.12,179.09,0.01,99.99
2024-03-01,178.04,174.79,1.83,98.17
2024-03-04,173.52,174.22,0.4,99.6
2024-03-05,168.59,171.99,2.02,97.98
2024-03-06,167.59,169.36,1.06,98.94
2024-03-07,167.48,169.04,0.93,99.07
2024-03-08,169.19,170.02,0.49,99.51
2024-03-11,171.19,171.56,0.21,99.79
2024-03-12,171.67,171.5,0.1,99.9
2024-03-13,169.59,167.05,1.5,98.5
2024-03-14,171.44,171.67,0.14,99.86
2024-03-15,171.06,171.84,0.45,99.55
2024-03-18,172.15,170.88,0.74,99.26
2024-03-19,174.49,172.05,1.4,98.6
2024-03-20,177.06,173.92,1.77,98.23
2024-03-21,169.82,171.04,0.72,99.28
2024-03-22,170.73,170.89,0.1,99.9
2024-03-25,169.31,172.36,1.8,98.2
2024-03-26,168.18,171.65,2.06,97.94
2024-03-27,171.75,173.7,1.14,98.86
2024-03-28,169.93,171.58,0.97,99.03
2024-04-01,168.5,170.09,0.94,99.06
2024-04-02,167.32,168.94,0.97,99.03
2024-04-03,168.12,170.59,1.47,98.53
2024-04-04,167.3,167.19,0.07,99.93
2024-04-05,168.05,167.32,0.44,99.56
2024-04-08,166.93,166.44,0.29,99.71
2024-04-09,168.14,166.61,0.91,99.09
2024-04-10,166.27,164.19,1.25,98.75
2024-04-11,173.46,172.97,0.28,99.72
2024-04-12,174.96,174.31,0.37,99.63
2024-04-15,171.13,171.26,0.07,99.93
2024-04-16,167.85,169.98,1.27,98.73
2024-04-17,166.48,165.52,0.58,99.42
2024-04-18,165.53,165.47,0.04,99.96
2024-04-19,163.51,165.82,1.41,98.59
2024-04-22,164.34,166.79,1.49,98.51
2024-04-23,165.39,167.25,1.12,98.88
2024-04-24,167.5,167.94,0.27,99.73
2024-04-25,168.36,167.94,0.25,99.75
2024-04-26,167.77,166.58,0.71,99.29
2024-04-29,171.94,171.39,0.31,99.69
2024-04-30,168.79,169.51,0.43,99.57
2024-05-01,167.77,165.9,1.12,98.88
2024-05-02,171.47,167.07,2.56,97.44
2024-05-03,181.73,175.19,3.59,96.41
2024-05-06,180.07,177.79,1.26,98.74
2024-05-07,180.75,178.61,1.19,98.81
2024-05-08,181.09,181.69,0.33,99.67
2024-05-09,182.91,182.52,0.21,99.79
2024-05-10,181.65,182.14,0.27,99.73
2024-05-13,184.85,183.03,0.98,99.02
2024-05-14,185.99,186.55,0.3,99.7
2024-05-15,188.26,187.05,0.64,99.36
2024-05-16,188.38,186.86,0.81,99.19
2024-05-17,188.41,189.03,0.33,99.67
2024-05-20,189.57,189.76,0.1,99.9
2024-05-21,190.87,190.35,0.27,99.73
2024-05-22,189.43,190.45,0.54,99.46
2024-05-23,185.45,186.5,0.57,99.43
2024-05-24,188.52,188.58,0.03,99.97
2024-05-28,188.53,189.27,0.39,99.61
2024-05-29,188.83,189.46,0.33,99.67
2024-05-30,189.82,189.49,0.17,99.83
2024-05-31,190.77,190.6,0.09,99.91
2024-06-03,192.54,190.66,0.98,99.02
2024-06-04,192.86,193.93,0.56,99.44
2024-06-05,194.37,193.62,0.38,99.62
2024-06-06,192.99,192.72,0.14,99.86
2024-06-07,195.38,194.86,0.27,99.73
2024-06-10,191.64,190.13,0.79,99.21
2024-06-11,205.56,198.98,3.2,96.8
2024-06-12,211.43,209.48,0.92,99.08
2024-06-13,212.6,209.73,1.35,98.65
2024-06-14,210.86,209.08,0.84,99.16
2024-06-17,215.01,211.13,1.8,98.2
2024-06-18,212.65,212.25,0.19,99.81
2024-06-20,208.07,209.92,0.89,99.11
2024-06-21,205.9,206.25,0.17,99.83
2024-06-24,206.54,206.38,0.08,99.92
2024-06-25,207.47,206.2,0.61,99.39
2024-06-26,211.61,207.96,1.73,98.27
2024-06-27,212.46,209.94,1.18,98.82
2024-06-28,209.0,207.91,0.52,99.48
2024-07-01,215.09,216.11,0.48,99.52
2024-07-02,218.58,218.99,0.19,99.81
2024-07-03,219.85,218.54,0.6,99.4
2024-07-05,224.6,222.57,0.91,99.09
2024-07-08,226.07,224.35,0.76,99.24
2024-07-09,226.92,226.18,0.33,99.67
2024-07-10,231.19,229.64,0.67,99.33
2024-07-11,225.82,229.61,1.68,98.32
2024-07-12,228.77,229.88,0.49,99.51
2024-07-15,232.6,231.68,0.4,99.6
2024-07-16,233.02,228.47,1.95,98.05
2024-07-17,227.12,226.98,0.06,99.94
2024-07-18,222.46,224.2,0.78,99.22
2024-07-19,222.59,224.41,0.82,99.18
2024-07-22,222.24,223.81,0.7,99.3
2024-07-23,223.28,222.95,0.15,99.85
2024-07-24,216.86,218.36,0.69,99.31
2024-07-25,215.82,214.23,0.74,99.26
2024-07-26,216.29,218.01,0.8,99.2
2024-07-29,216.57,219.25,1.24,98.76
2024-07-30,217.12,216.1,0.47,99.53
2024-07-31,220.38,221.0,0.28,99.72
2024-08-01,216.68,217.35,0.31,99.69
2024-08-02,218.17,213.95,1.94,98.06
2024-08-05,207.66,206.16,0.72,99.28
2024-08-06,205.64,202.67,1.44,98.56
2024-08-07,208.21,206.07,1.03,98.97
2024-08-08,211.67,209.17,1.18,98.82
2024-08-09,214.58,213.06,0.71,99.29
2024-08-12,216.11,211.62,2.08,97.92
2024-08-13,219.83,219.56,0.12,99.88
2024-08-14,220.27,221.89,0.73,99.27
2024-08-15,223.25,224.65,0.62,99.38
2024-08-16,224.57,224.65,0.03,99.97
2024-08-19,224.42,224.65,0.1,99.9
2024-08-20,225.03,222.68,1.04,98.96
2024-08-21,224.92,224.76,0.07,99.93
2024-08-22,223.06,222.43,0.28,99.72
2024-08-23,225.36,227.78,1.07,98.93
2024-08-26,225.7,225.67,0.01,99.99
2024-08-27,226.54,225.97,0.25,99.75
2024-08-28,225.01,226.63,0.72,99.28
2024-08-29,228.29,228.65,0.16,99.84
2024-08-30,227.51,228.53,0.45,99.55
2024-09-03,221.32,222.05,0.33,99.67
2024-09-04,219.41,221.1,0.77,99.23
2024-09-05,220.93,222.55,0.73,99.27
2024-09-06,219.38,218.82,0.25,99.75
2024-09-09,219.47,221.62,0.98,99.02
2024-09-10,218.67,220.64,0.9,99.1
2024-09-11,221.21,222.21,0.45,99.55
2024-09-12,221.32,223.64,1.05,98.95
2024-09-13,221.05,221.62,0.26,99.74
2024-09-16,214.91,214.3,0.28,99.72
2024-09-17,215.38,214.3,0.5,99.5
2024-09-18,219.25,218.37,0.4,99.6
2024-09-19,227.38,224.12,1.43,98.57
2024-09-20,226.71,224.12,1.14,98.86
2024-09-23,224.99,225.04,0.02,99.98
2024-09-24,225.89,225.14,0.33,99.67
2024-09-25,224.89,225.15,0.12,99.88
2024-09-26,226.04,226.26,0.1,99.9
2024-09-27,226.3,226.26,0.02,99.98
2024-09-30,231.48,228.59,1.25,98.75
2024-10-01,224.73,226.23,0.66,99.34
2024-10-02,225.3,224.01,0.57,99.43
2024-10-03,224.2,226.82,1.17,98.83
2024-10-04,225.32,227.75,1.08,98.92
2024-10-07,220.24,226.32,2.76,97.24
2024-10-08,224.3,226.32,0.9,99.1
2024-10-09,228.04,226.87,0.51,99.49
2024-10-10,227.55,226.87,0.3,99.7
2024-10-11,226.07,226.75,0.3,99.7
2024-10-14,229.79,227.88,0.83,99.17
2024-10-15,232.32,229.18,1.35,98.65
2024-10-16,230.27,227.67,1.13,98.87
2024-10-17,230.63,230.3,0.14,99.86
2024-10-18,233.47,229.61,1.65,98.35
2024-10-21,234.94,234.15,0.34,99.66
2024-10-22,234.32,234.66,0.14,99.86
2024-10-23,229.25,231.73,1.08,98.92
2024-10-24,229.07,230.41,0.59,99.41
2024-10-25,229.9,234.62,2.06,97.94
2024-10-28,231.88,234.3,1.04,98.96
2024-10-29,232.15,233.91,0.76,99.24
2024-10-30,228.6,229.21,0.27,99.73
2024-10-31,224.44,228.11,1.64,98.36
2024-11-01,221.46,222.71,0.57,99.43
2024-11-04,220.56,218.84,0.78,99.22
2024-11-05,221.99,223.46,0.66,99.34
2024-11-06,221.27,223.23,0.89,99.11
2024-11-07,226.0,224.86,0.5,99.5
2024-11-08,225.73,222.73,1.33,98.67
2024-11-11,223.01,221.07,0.87,99.13
2024-11-12,223.01,223.8,0.35,99.65
2024-11-13,223.9,224.22,0.15,99.85
2024-11-14,226.98,226.05,0.41,99.59
2024-11-15,223.78,223.02,0.34,99.66
2024-11-18,226.78,224.84,0.86,99.14
2024-11-19,227.04,226.79,0.11,99.89
2024-11-20,227.76,226.92,0.37,99.63
2024-11-21,227.28,228.43,0.51,99.49
2024-11-22,228.62,229.57,0.42,99.58
2024-11-25,231.6,233.73,0.92,99.08
2024-11-26,233.78,233.84,0.02,99.98
2024-11-27,233.65,234.46,0.35,99.65
2024-11-29,236.04,234.22,0.77,99.23
2024-12-02,238.29,235.74,1.07,98.93
2024-12-03,241.33,238.04,1.36,98.64
2024-12-04,241.69,240.69,0.41,99.59
2024-12-05,241.72,240.69,0.43,99.57
2024-12-06,241.52,245.88,1.81,98.19
2024-12-09,245.41,246.44,0.42,99.58
2024-12-10,246.42,246.63,0.08,99.92
2024-12-11,245.15,247.02,0.76,99.24
2024-12-12,246.61,246.71,0.04,99.96
2024-12-13,246.78,246.83,0.02,99.98
2024-12-16,249.68,246.83,1.14,98.86
2024-12-17,252.1,254.43,0.92,99.08
2024-12-18,246.7,252.75,2.45,97.55
2024-12-19,248.43,252.3,1.56,98.44
2024-12-20,253.11,253.24,0.05,99.95
2024-12-23,253.88,253.07,0.32,99.68
2024-12-24,256.8,253.6,1.24,98.76
2024-12-26,257.61,254.85,1.07,98.93
2024-12-27,254.2,254.98,0.31,99.69
2024-12-30,250.83,251.76,0.37,99.63
2024-12-31,249.06,248.96,0.04,99.96
2025-01-02,242.53,245.11,1.06,98.94
2025-01-03,242.04,245.03,1.23,98.77
2025-01-06,243.67,243.98,0.13,99.87
2025-01-07,240.89,243.94,1.26,98.74
2025-01-08,241.38,241.95,0.24,99.76
2025-01-10,235.56,241.55,2.54,97.46
2025-01-13,233.13,232.39,0.32,99.68
2025-01-14,232.01,226.34,2.45,97.55
2025-01-15,236.58,230.98,2.36,97.64
2025-01-16,227.02,226.05,0.43,99.57
2025-01-17,228.73,226.05,1.17,98.83
2025-01-21,221.43,225.21,1.71,98.29
2025-01-22,222.61,224.2,0.71,99.29
2025-01-23,222.44,220.42,0.91,99.09
2025-01-24,221.57,222.5,0.42,99.58
2025-01-27,228.61,227.97,0.28,99.72
2025-01-28,236.97,234.23,1.15,98.85
2025-01-29,238.06,235.68,1.0,99.0
2025-01-30,236.3,234.07,0.94,99.06
2025-01-31,234.72,233.38,0.57,99.43
2025-02-03,226.77,231.67,2.16,97.84
2025-02-04,231.54,232.17,0.28,99.72
2025-02-05,231.21,230.52,0.3,99.7
2025-02-06,231.95,230.55,0.61,99.39
2025-02-07,226.39,228.2,0.8,99.2
2025-02-10,226.66,230.26,1.59,98.41
2025-02-11,231.61,235.0,1.46,98.54
2025-02-12,235.84,235.02,0.35,99.65
2025-02-13,240.48,237.49,1.24,98.76
2025-02-14,243.54,241.63,0.78,99.22
2025-02-18,243.41,241.78,0.67,99.33
2025-02-19,243.81,240.6,1.31,98.69
2025-02-20,244.76,245.02,0.1,99.9
2025-02-21,244.48,245.11,0.26,99.74
2025-02-24,246.03,247.1,0.44,99.56
2025-02-25,245.97,246.69,0.29,99.71
2025-02-26,239.32,244.65,2.23,97.77
2025-02-27,236.27,237.92,0.7,99.3
2025-02-28,240.79,246.4,2.33,97.67
2025-03-03,237.0,245.0,3.38,96.62
2025-03-04,234.91,236.2,0.55,99.45
2025-03-05,234.72,234.92,0.09,99.91
2025-03-06,234.31,233.7,0.26,99.74
2025-03-07,238.03,233.7,1.82,98.18
2025-03-10,226.49,228.05,0.69,99.31
2025-03-11,219.88,220.27,0.18,99.82
2025-03-12,216.04,220.79,2.2,97.8
2025-03-13,208.77,214.17,2.59,97.41
2025-03-14,212.56,213.46,0.42,99.58
2025-03-17,213.07,213.06,0.01,99.99
2025-03-18,211.77,212.82,0.5,99.5
2025-03-19,214.31,216.1,0.84,99.16
2025-03-20,213.17,209.07,1.92,98.08
2025-03-21,217.32,217.01,0.15,99.85
2025-03-24,219.77,218.98,0.36,99.64
2025-03-25,222.78,222.04,0.33,99.67
2025-03-26,220.57,221.05,0.22,99.78
2025-03-27,222.88,220.57,1.03,98.97
2025-03-28,216.95,213.28,1.69,98.31
2025-03-31,221.17,220.29,0.4,99.6
2025-04-01,222.22,222.41,0.08,99.92
2025-04-02,222.92,225.4,1.11,98.89
2025-04-03,202.31,208.3,2.96,97.04
2025-04-04,187.56,198.82,6.0,94.0
2025-04-07,180.67,190.98,5.71,94.29
2025-04-08,171.67,180.4,5.08,94.92
2025-04-09,197.99,198.18,0.1,99.9
2025-04-10,189.59,192.26,1.41,98.59
2025-04-11,197.29,197.57,0.14,99.86
2025-04-14,201.64,198.46,1.58,98.42
2025-04-15,201.26,197.51,1.87,98.13
2025-04-16,193.43,194.25,0.42,99.58
2025-04-17,196.13,198.04,0.98,99.02
2025-04-21,192.32,193.96,0.85,99.15
2025-04-22,198.87,198.25,0.32,99.68
2025-04-23,203.71,198.44,2.59,97.41
2025-04-24,207.47,204.54,1.41,98.59
2025-04-25,208.37,210.29,0.92,99.08
2025-04-28,209.23,211.25,0.97,99.03
2025-04-29,210.29,213.91,1.72,98.28
2025-04-30,211.58,211.96,0.18,99.82
2025-05-01,212.39,210.89,0.71,99.29
2025-05-02,204.46,203.2,0.62,99.38
2025-05-05,198.03,196.88,0.58,99.42
2025-05-06,197.65,196.88,0.39,99.61
2025-05-07,195.4,197.35,1.0,99.0
2025-05-08,196.63,198.06,0.72,99.28
2025-05-09,197.67,198.89,0.62,99.38
2025-05-12,210.15,208.74,0.67,99.33
2025-05-13,212.28,208.83,1.63,98.37
2025-05-14,211.69,205.97,2.7,97.3
2025-05-15,210.81,204.57,2.96,97.04
2025-05-16,210.62,203.84,3.22,96.78
2025-05-19,208.15,203.01,2.47,97.53
2025-05-20,206.23,201.61,2.24,97.76
2025-05-21,201.48,201.62,0.07,99.93
2025-05-22,200.75,201.05,0.15,99.85
2025-05-23,194.68,201.05,3.27,96.73
2025-05-27,199.6,203.5,1.96,98.04
2025-05-28,199.81,205.64,2.92,97.08
2025-05-29,199.34,204.4,2.54,97.46
2025-05-30,200.24,203.03,1.39,98.61
2025-06-02,201.09,201.56,0.24,99.76
2025-06-03,202.65,199.58,1.51,98.49
2025-06-04,202.2,199.58,1.3,98.7
2025-06-05,200.02,195.72,2.15,97.85
2025-06-06,203.3,201.91,0.68,99.32
2025-06-09,200.84,201.91,0.54,99.46
2025-06-10,202.06,201.53,0.26,99.74
2025-06-11,198.18,200.81,1.33,98.67
2025-06-12,198.6,200.72,1.07,98.93
2025-06-13,195.85,199.62,1.92,98.08
2025-06-16,197.82,198.71,0.45,99.55
2025-06-17,195.05,199.43,2.25,97.75
2025-06-18,195.98,199.36,1.72,98.28
2025-06-20,200.39,199.86,0.26,99.74
2025-06-23,200.89,199.9,0.49,99.51
2025-06-24,199.69,199.07,0.31,99.69
2025-06-25,200.95,200.26,0.34,99.66
2025-06-26,200.39,200.77,0.19,99.81
2025-06-27,200.47,199.41,0.53,99.47
2025-06-30,204.55,204.58,0.02,99.98
2025-07-01,207.19,204.67,1.21,98.79
2025-07-02,211.8,210.58,0.58,99.42
2025-07-03,212.9,210.49,1.13,98.87
2025-07-07,209.31,210.07,0.36,99.64
2025-07-08,209.37,209.97,0.28,99.72
2025-07-09,210.5,211.29,0.37,99.63
2025-07-10,211.77,212.86,0.52,99.48
2025-07-11,210.52,211.39,0.41,99.59
2025-07-14,207.99,209.39,0.68,99.32
2025-07-15,208.48,209.96,0.71,99.29
2025-07-16,209.52,210.62,0.52,99.48
2025-07-17,209.38,214.46,2.43,97.57
2025-07-18,210.54,214.93,2.09,97.91
2025-07-21,211.84,213.19,0.64,99.36
2025-07-22,213.75,216.81,1.43,98.57
2025-07-23,213.5,212.1,0.66,99.34
2025-07-24,213.11,210.79,1.09,98.91
2025-07-25,213.23,216.34,1.46,98.54
2025-07-28,213.4,216.34,1.38,98.62
2025-07-29,210.63,210.68,0.03,99.97
2025-07-30,208.42,206.29,1.02,98.98
2025-07-31,206.94,206.38,0.27,99.73
2025-08-01,201.77,203.24,0.73,99.27
2025-08-04,202.73,203.54,0.4,99.6
2025-08-05,202.3,202.14,0.08,99.92
2025-08-06,212.6,211.93,0.31,99.69
2025-08-07,219.36,216.69,1.22,98.78
2025-08-08,228.65,226.35,1.01,98.99
2025-08-11,226.75,226.18,0.25,99.75
2025-08-12,229.21,227.36,0.81,99.19
2025-08-13,232.89,226.32,2.82,97.18
2025-08-14,232.34,229.29,1.31,98.69
2025-08-15,231.15,229.12,0.88,99.12
2025-08-18,230.45,228.45,0.87,99.13
2025-08-19,230.12,228.96,0.5,99.5
2025-08-20,225.58,227.74,0.96,99.04
2025-08-21,224.47,227.72,1.45,98.55
2025-08-22,227.33,227.72,0.17,99.83
2025-08-25,226.73,229.65,1.29,98.71
2025-08-26,228.87,229.34,0.2,99.8
2025-08-27,230.05,229.61,0.19,99.81
2025-08-28,232.12,228.66,1.49,98.51
2025-08-29,231.7,230.65,0.45,99.55
2025-09-02,229.28,227.36,0.84,99.16
2025-09-03,238.02,234.69,1.4,98.6
2025-09-04,239.32,234.71,1.93,98.07
2025-09-05,239.23,234.85,1.83,98.17
2025-09-08,237.43,237.48,0.02,99.98
2025-09-09,233.9,231.89,0.86,99.14
2025-09-10,226.36,229.88,1.55,98.45
2025-09-11,229.59,231.79,0.96,99.04
2025-09-12,233.62,235.51,0.81,99.19
2025-09-15,236.25,237.48,0.52,99.48
2025-09-16,237.7,237.48,0.09,99.91
2025-09-17,238.54,237.66,0.36,99.64
2025-09-18,237.43,233.02,1.86,98.14
2025-09-19,245.03,245.38,0.14,99.86
2025-09-22,255.59,246.81,3.44,96.56
2025-09-23,253.95,247.65,2.48,97.52
2025-09-24,251.83,245.11,2.67,97.33
2025-09-25,256.38,252.37,1.56,98.44
2025-09-26,254.97,254.63,0.14,99.86
2025-09-29,253.95,253.7,0.1,99.9
2025-09-30,254.15,255.13,0.39,99.61
2025-10-01,254.96,254.62,0.14,99.86
2025-10-02,256.64,254.86,0.69,99.31
2025-10-03,257.53,256.2,0.52,99.48
2025-10-06,256.2,257.79,0.62,99.38
2025-10-07,255.99,257.91,0.75,99.25
2025-10-08,257.57,258.36,0.31,99.69
2025-10-09,253.56,255.65,0.83,99.17
2025-10-10,244.8,244.43,0.15,99.85
2025-10-13,247.66,245.84,0.73,99.27
2025-10-14,247.77,246.16,0.65,99.35
2025-10-15,249.34,244.68,1.87,98.13
2025-10-16,247.45,249.01,0.63,99.37
2025-10-17,252.29,253.62,0.53,99.47
2025-10-20,262.24,258.66,1.36,98.64
2025-10-21,262.77,258.61,1.58,98.42
2025-10-22,258.45,255.5,1.14,98.86
2025-10-23,259.58,259.85,0.1,99.9
2025-10-24,262.82,262.21,0.23,99.77
2025-10-27,268.81,267.27,0.57,99.43
2025-10-28,269.0,267.59,0.52,99.48
2025-10-29,269.7,266.35,1.24,98.76
2025-10-30,271.4,266.36,1.86,98.14
2025-10-31,270.37,271.43,0.39,99.61
2025-11-03,269.05,271.31,0.84,99.16
2025-11-04,270.04,271.16,0.41,99.59
2025-11-05,270.14,271.03,0.33,99.67
2025-11-06,269.77,271.16,0.52,99.48
2025-11-07,268.47,269.29,0.31,99.69
2025-11-10,269.43,268.96,0.17,99.83
2025-11-11,275.25,278.28,1.1,98.9
2025-11-12,273.47,278.26,1.75,98.25
2025-11-13,272.95,276.66,1.36,98.64
2025-11-14,272.41,268.53,1.42,98.58
2025-11-17,267.46,268.12,0.25,99.75
2025-11-18,267.44,267.97,0.2,99.8
2025-11-19,268.56,266.59,0.73,99.27
2025-11-20,266.25,267.11,0.32,99.68
2025-11-21,271.49,269.76,0.64,99.36
2025-11-24,275.92,277.12,0.43,99.57
2025-11-25,276.97,276.89,0.03,99.97
2025-11-26,277.55,276.69,0.31,99.69
2025-11-28,278.85,281.04,0.79,99.21
2025-12-01,283.1,284.4,0.46,99.54
2025-12-02,286.19,285.59,0.21,99.79
2025-12-03,284.15,283.05,0.39,99.61
2025-12-04,280.7,279.94,0.27,99.73
2025-12-05,278.78,280.17,0.5,99.5
2025-12-08,277.89,281.76,1.39,98.61
2025-12-09,277.18,281.26,1.47,98.53
2025-12-10,278.78,281.26,0.89,99.11
2025-12-11,278.03,285.81,2.8,97.2
2025-12-12,278.28,280.25,0.71,99.29
2025-12-15,274.11,273.86,0.09,99.91
2025-12-16,274.61,273.64,0.35,99.65
2025-12-17,271.84,273.92,0.77,99.23
2025-12-18,272.19,272.4,0.08,99.92
2025-12-19,273.67,272.04,0.6,99.4
2025-12-22,270.97,266.14,1.78,98.22
2025-12-23,272.36,268.33,1.48,98.52
2025-12-24,273.81,269.62,1.53,98.47
2025-12-26,273.4,271.68,0.63,99.37
2025-12-29,273.76,274.01,0.09,99.91
2025-12-30,273.08,273.92,0.31,99.69
2025-12-31,271.86,271.06,0.29,99.71
2026-01-02,271.01,270.16,0.31,99.69
2026-01-05,267.26,267.38,0.04,99.96
2026-01-06,262.36,266.06,1.41,98.59
2026-01-07,260.33,264.09,1.45,98.55
2026-01-08,259.04,261.99,1.14,98.86
2026-01-09,259.37,261.99,1.01,98.99
2026-01-12,260.25,260.69,0.17,99.83
2026-01-13,261.05,258.32,1.05,98.95
2026-01-14,259.96,254.33,2.16,97.84
2026-01-15,258.21,254.33,1.5,98.5
2026-01-16,255.53,254.33,0.47,99.53
2026-01-20,246.7,249.82,1.27,98.73
2026-01-21,247.65,249.82,0.88,99.12
2026-01-22,248.35,249.48,0.45,99.55
2026-01-23,248.04,249.48,0.58,99.42
2026-01-26,255.41,251.9,1.37,98.63
2026-01-27,258.27,255.96,0.89,99.11
2026-01-28,256.44,255.81,0.25,99.75
2026-01-29,258.28,259.69,0.54,99.46
2026-01-30,259.48,260.58,0.43,99.57
2026-02-02,270.01,267.59,0.9,99.1
2026-02-03,269.48,267.58,0.7,99.3
2026-02-04,276.49,270.69,2.1,97.9
2026-02-05,275.91,272.14,1.37,98.63
2026-02-06,278.12,272.82,1.91,98.09
2026-02-09,274.62,273.21,0.51,99.49
2026-02-10,273.68,274.69,0.37,99.63
2026-02-11,275.5,276.53,0.37,99.63
2026-02-12,261.73,266.53,1.84,98.16
2026-02-13,255.78,260.25,1.75,98.25
2026-02-17,263.88,260.63,1.23,98.77
2026-02-18,264.35,266.29,0.73,99.27
2026-02-19,260.58,264.99,1.69,98.31
2026-02-20,264.58,266.79,0.84,99.16
2026-02-23,266.18,265.43,0.28,99.72
2026-02-24,272.14,265.77,2.34,97.66
2026-02-25,274.23,268.26,2.18,97.82
2026-02-26,272.95,268.26,1.72,98.28
2026-02-27,264.18,264.44,0.1,99.9
2026-03-02,264.72,265.67,0.36,99.64
2026-03-03,263.75,265.67,0.73,99.27
2026-03-04,262.52,264.53,0.76,99.24
2026-03-05,260.29,265.06,1.83,98.17
2026-03-06,257.46,264.47,2.72,97.28
2026-03-09,259.88,260.94,0.41,99.59
2026-03-10,260.83,261.11,0.11,99.89
2026-03-11,260.81,261.23,0.16,99.84
2026-03-12,255.76,254.62,0.44,99.56
2026-03-13,250.12,252.33,0.88,99.12
2026-03-16,252.82,251.27,0.61,99.39
2026-03-17,254.23,249.35,1.92,98.08
2026-03-18,249.94,249.35,0.24,99.76
2026-03-19,248.96,253.5,1.82,98.18
2026-03-20,247.99,248.28,0.12,99.88
2026-03-23,251.49,251.9,0.16,99.84
2026-03-24,251.64,251.15,0.2,99.8
2026-03-25,252.62,253.65,0.41,99.59
2026-03-26,252.89,255.99,1.23,98.77
2026-03-27,248.8,251.9,1.25,98.75
2026-03-30,246.63,248.63,0.81,99.19
2026-03-31,253.79,251.71,0.82,99.18
2026-04-01,255.63,253.91,0.67,99.33
2026-04-02,255.92,258.29,0.93,99.07
2026-04-06,258.86,258.61,0.1,99.9
2026-04-07,253.5,253.8,0.12,99.88
2026-04-08,258.9,259.17,0.11,99.89
2026-04-09,260.49,261.2,0.27,99.73
2026-04-10,260.48,263.78,1.27,98.73
2026-04-13,259.2,261.86,1.03,98.97
2026-04-14,258.83,261.82,1.15,98.85
2026-04-15,266.43,269.56,1.18,98.82
2026-04-16,263.4,267.24,1.46,98.54
2026-04-17,270.23,271.08,0.31,99.69
2026-04-20,273.05,271.98,0.39,99.61
2026-04-21,266.17,267.1,0.35,99.65
2026-04-22,273.17,273.52,0.13,99.87
2026-04-23,273.43,273.52,0.03,99.97
2026-04-24,271.06,269.47,0.59,99.41
2026-04-27,267.61,268.85,0.46,99.54
2026-04-28,270.71,268.93,0.66,99.34
2026-04-29,270.17,269.34,0.31,99.69
2026-04-30,271.35,269.34,0.74,99.26
2026-05-01,280.14,277.55,0.92,99.08
2026-05-04,276.83,277.62,0.29,99.71
2026-05-05,284.18,279.63,1.6,98.4
2026-05-06,287.51,289.99,0.86,99.14
2026-05-07,287.44,285.14,0.8,99.2
2026-05-08,293.32,289.11,1.44,98.56
2026-05-11,292.68,292.52,0.05,99.95
2026-05-12,294.8,292.18,0.89,99.11
2026-05-13,298.87,292.52,2.12,97.88
2026-05-14,298.21,290.71,2.51,97.49
2026-05-15,300.23,296.64,1.19,98.81
2026-05-18,297.84,296.13,0.57,99.43
2026-05-19,298.97,296.64,0.78,99.22
2026-05-20,302.25,307.08,1.6,98.4
2026-05-21,304.99,306.57,0.52,99.48
2026-05-22,308.82,310.21,0.45,99.55
2026-05-26,308.33,310.28,0.63,99.37
2026-05-27,310.85,313.66,0.9,99.1
2026-05-28,312.51,313.66,0.37,99.63
2026-05-29,312.06,313.66,0.51,99.49
2026-06-01,306.31,311.08,1.56,98.44
2026-06-02,315.2,313.88,0.42,99.58
2026-06-03,310.26,312.53,0.73,99.27
2026-06-04,311.23,310.6,0.2,99.8
2026-06-05,307.34,311.3,1.29,98.71
2026-06-08,301.54,305.39,1.28,98.72
2026-06-09,290.55,294.93,1.51,98.49
2026-06-10,291.58,296.34,1.63,98.37
2026-06-11,295.63,295.74,0.04,99.96
2026-06-12,291.13,289.89,0.42,99.58
2026-06-15,296.42,295.93,0.17,99.83
2026-06-16,299.24,296.02,1.07,98.93
2026-06-17,295.95,293.69,0.76,99.24
2026-06-18,298.01,296.01,0.67,99.33
2026-06-22,297.01,295.74,0.43,99.57
2026-06-23,294.3,291.59,0.92,99.08
2026-06-24,293.08,290.83,0.77,99.23
2026-06-25,275.15,285.69,3.83,96.17
2026-06-26,283.78,290.07,2.22,97.78
2026-06-29,281.74,289.74,2.84,97.16
2026-06-30,289.36,291.33,0.68,99.32
2026-07-01,294.38,296.42,0.69,99.31
2026-07-02,308.63,304.0,1.5,98.5
2026-07-06,312.66,305.56,2.27,97.73
2026-07-07,310.66,312.13,0.47,99.53
2026-07-08,313.39,312.13,0.4,99.6
2026-07-09,316.22,312.6,1.15,98.85
2026-07-10,315.32,312.16,1.0,99.0
2026-07-13,317.31,312.86,1.4,98.6
2026-07-14,314.86,312.53,0.74,99.26
2026-07-15,327.5,323.3,1.28,98.72
2026-07-16,333.26,329.68,1.07,98.93
2026-07-17,333.74,329.68,1.22,98.78
2026-07-20,326.59,331.07,1.37,98.63
2026-07-21,327.74,331.5,1.15,98.85
2026-07-22,325.89,331.58,1.75,98.25
2026-07-23,321.66,329.12,2.32,97.68
2026-07-24,333.02,332.85,0.05,99.95
2026-07-27,336.91,334.18,0.81,99.19
2026-07-28,340.08,336.84,0.95,99.05
2026-07-29,338.19,335.43,0.82,99.18
2026-07-30,333.43,332.64,0.24,99.76
2026-07-31,308.91,310.11,0.39,99.61
2026-08-03,303.42,307.69,1.41,98.59
2026-08-04,309.38,308.32,0.34,99.66
2026-08-05,311.0,307.35,1.17,98.83
2026-08-06,312.41,307.78,1.48,98.52
2026-08-07,313.33,308.33,1.6,98.4
2026-08-10,308.26,307.78,0.16,99.84
2026-08-11,304.91,307.78,0.94,99.06
2026-08-12,302.25,307.78,1.83,98.17
2026-08-13,305.26,307.68,0.79,99.21
2026-08-14,305.93,307.68,0.57,99.43
2026-08-17,305.59,305.3,0.1,99.9
2026-08-18,310.03,304.35,1.83,98.17
2026-08-19,316.83,308.78,2.54,97.46
2026-08-20,311.3,312.25,0.31,99.69
2026-08-21,309.35,312.45,1.0,99.0
2026-08-24,310.34,312.37,0.65,99.35
2026-08-25,309.9,311.83,0.62,99.38
2026-08-26,313.45,305.31,2.6,97.4
2026-08-27,314.58,307.22,2.34,97.66
2026-08-28,319.7,319.42,0.09,99.91
2026-08-31,316.85,321.87,1.58,98.42
2026-09-01,325.13,325.62,0.15,99.85
2026-09-02,324.96,325.45,0.15,99.85
2026-09-03,328.21,325.62,0.79,99.21
2026-09-04,319.97,321.97,0.62,99.38
2026-09-08,316.22,318.84,0.83,99.17
2026-09-09,315.34,313.9,0.46,99.54
2026-09-10,326.57,332.06,1.68,98.32
2026-09-11,332.27,335.17,0.87,99.13
2026-09-14,333.08,335.17,0.63,99.37
2026-09-15,331.34,335.64,1.3,98.7
2026-09-16,332.41,335.5,0.93,99.07
2026-09-17,337.0,335.64,0.4,99.6
2026-09-18,336.13,334.92,0.36,99.64
2026-09-21,338.98,336.69,0.68,99.32
2026-09-22,339.75,334.99,1.4,98.6
2026-09-23,337.02,332.22,1.43,98.57
2026-09-24,335.92,332.18,1.11,98.89
2026-09-25,341.07,337.09,1.17,98.83
2026-09-28,338.4,337.09,0.39,99.61
