timestamp,Latest Actual Close,Predicted Close,Error (%),Accuracy (%)
1997-09-08,0.15,0.44,190.25,-90.25
1997-09-09,0.16,0.44,168.78,-68.78
1997-09-10,0.17,0.44,163.69,-63.69
1997-09-11,0.16,0.44,175.88,-75.88
1997-09-12,0.18,0.44,136.13,-36.13
1997-09-15,0.15,0.38,147.83,-47.83
1997-09-16,0.17,0.39,129.58,-29.58
1997-09-17,0.17,0.4,137.26,-37.26
1997-09-18,0.16,0.38,132.93,-32.93
1997-09-19,0.2,0.41,105.97,-5.97
1997-09-22,0.22,0.42,87.96,12.04
1997-09-23,0.23,0.44,88.27,11.73
1997-09-24,0.22,0.4,84.72,15.28
1997-09-25,0.2,0.39,88.83,11.17
1997-09-26,0.21,0.38,84.01,15.99
1997-09-29,0.2,0.37,81.88,18.12
1997-09-30,0.22,0.37,69.43,30.57
1997-10-01,0.2,0.37,82.82,17.18
1997-10-02,0.2,0.34,69.88,30.12
1997-10-03,0.2,0.38,90.93,9.07
1997-10-06,0.21,0.37,78.21,21.79
1997-10-07,0.2,0.37,81.18,18.82
1997-10-08,0.2,0.37,83.54,16.46
1997-10-09,0.19,0.33,75.65,24.35
1997-10-10,0.2,0.3,56.12,43.88
1997-10-13,0.2,0.3,52.26,47.74
1997-10-14,0.2,0.3,53.06,46.94
1997-10-15,0.2,0.33,67.95,32.05
1997-10-16,0.18,0.3,68.01,31.99
1997-10-17,0.18,0.3,68.01,31.99
1997-10-20,0.19,0.3,59.31,40.69
1997-10-21,0.22,0.37,66.05,33.95
1997-10-22,0.23,0.37,62.6,37.4
1997-10-23,0.22,0.37,63.35,36.65
1997-10-24,0.25,0.39,53.21,46.79
1997-10-27,0.21,0.34,59.52,40.48
1997-10-28,0.25,0.37,48.57,51.43
1997-10-29,0.27,0.4,49.92,50.08
1997-10-30,0.26,0.38,49.6,50.4
1997-10-31,0.25,0.38,49.2,50.8
1997-11-03,0.25,0.38,49.51,50.49
1997-11-04,0.25,0.37,48.25,51.75
1997-11-05,0.24,0.38,57.28,42.72
1997-11-06,0.23,0.37,57.7,42.3
1997-11-07,0.22,0.34,51.22,48.78
1997-11-10,0.21,0.33,56.52,43.48
1997-11-11,0.2,0.31,57.47,42.53
1997-11-12,0.19,0.3,61.51,38.49
1997-11-13,0.19,0.3,57.81,42.19
1997-11-14,0.21,0.34,62.77,37.23
1997-11-17,0.22,0.3,39.21,60.79
1997-11-18,0.22,0.27,20.1,79.9
1997-11-19,0.23,0.3,35.03,64.97
1997-11-20,0.23,0.3,32.88,67.12
1997-11-21,0.22,0.3,35.66,64.34
1997-11-24,0.21,0.3,44.01,55.99
1997-11-25,0.21,0.3,44.9,55.1
1997-11-26,0.21,0.3,42.95,57.05
1997-11-28,0.21,0.31,50.71,49.29
1997-12-01,0.21,0.34,59.52,40.48
1997-12-02,0.21,0.34,59.96,40.04
1997-12-03,0.22,0.38,75.67,24.33
1997-12-04,0.22,0.39,71.12,28.88
1997-12-05,0.23,0.38,66.9,33.1
1997-12-08,0.24,0.37,56.13,43.87
1997-12-09,0.23,0.34,44.5,55.5
1997-12-10,0.23,0.34,51.05,48.95
1997-12-11,0.23,0.34,45.35,54.65
1997-12-12,0.23,0.34,50.01,49.99
1997-12-15,0.23,0.37,60.38,39.62
1997-12-16,0.22,0.34,51.93,48.07
1997-12-17,0.22,0.34,55.17,44.83
1997-12-18,0.21,0.34,58.75,41.25
1997-12-19,0.22,0.34,51.4,48.6
1997-12-22,0.23,0.37,56.47,43.53
1997-12-23,0.23,0.34,47.31,52.69
1997-12-24,0.23,0.34,47.98,52.02
1997-12-26,0.23,0.34,50.02,49.98
1997-12-29,0.24,0.34,43.43,56.57
1997-12-30,0.24,0.34,40.51,59.49
1997-12-31,0.25,0.38,52.71,47.29
1998-01-02,0.25,0.34,36.61,63.39
1998-01-05,0.24,0.34,43.43,56.57
1998-01-06,0.24,0.34,40.81,59.19
1998-01-07,0.24,0.34,41.66,58.34
1998-01-08,0.23,0.34,47.64,52.36
1998-01-09,0.21,0.34,59.19,40.81
1998-01-12,0.22,0.33,51.2,48.8
1998-01-13,0.23,0.34,45.98,54.02
1998-01-14,0.24,0.34,39.75,60.25
1998-01-15,0.25,0.34,37.55,62.45
1998-01-16,0.24,0.34,42.19,57.81
1998-01-20,0.25,0.34,37.55,62.45
1998-01-21,0.25,0.34,34.3,65.7
1998-01-22,0.26,0.34,32.67,67.33
1998-01-23,0.25,0.34,37.99,62.01
1998-01-26,0.24,0.34,41.57,58.43
1998-01-27,0.24,0.34,42.78,57.22
1998-01-28,0.24,0.34,42.81,57.19
1998-01-29,0.25,0.34,37.41,62.59
1998-01-30,0.25,0.39,56.62,43.38
1998-02-02,0.26,0.4,55.48,44.52
1998-02-03,0.26,0.38,48.85,51.15
1998-02-04,0.25,0.34,34.58,65.42
1998-02-05,0.25,0.34,37.99,62.01
1998-02-06,0.25,0.34,38.86,61.14
1998-02-09,0.24,0.33,35.69,64.31
1998-02-10,0.27,0.34,28.5,71.5
1998-02-11,0.26,0.34,28.75,71.25
1998-02-12,0.26,0.37,39.74,60.26
1998-02-13,0.26,0.37,41.71,58.29
1998-02-17,0.26,0.37,42.85,57.15
1998-02-18,0.25,0.34,34.14,65.86
1998-02-19,0.26,0.34,29.53,70.47
1998-02-20,0.26,0.37,39.46,60.54
1998-02-23,0.27,0.34,26.02,73.98
1998-02-24,0.27,0.34,25.29,74.71
1998-02-25,0.27,0.38,39.67,60.33
1998-02-26,0.3,0.44,43.63,56.37
1998-02-27,0.32,0.44,35.7,64.3
1998-03-02,0.32,0.44,37.03,62.97
1998-03-03,0.3,0.38,28.23,71.77
1998-03-04,0.31,0.4,32.06,67.94
1998-03-05,0.31,0.4,29.31,70.69
1998-03-06,0.32,0.42,32.25,67.75
1998-03-09,0.35,0.44,25.14,74.86
1998-03-10,0.35,0.44,25.72,74.28
1998-03-11,0.33,0.42,27.47,72.53
1998-03-12,0.33,0.4,23.54,76.46
1998-03-13,0.33,0.4,23.25,76.75
1998-03-16,0.33,0.4,22.76,77.24
1998-03-17,0.33,0.4,21.41,78.59
1998-03-18,0.36,0.4,13.68,86.32
1998-03-19,0.35,0.38,9.36,90.64
1998-03-20,0.35,0.38,9.36,90.64
1998-03-23,0.35,0.44,25.46,74.54
1998-03-24,0.35,0.42,20.15,79.85
1998-03-25,0.34,0.39,15.89,84.11
1998-03-26,0.34,0.38,11.01,88.99
1998-03-27,0.35,0.35,0.33,99.67
1998-03-30,0.36,0.36,0.54,99.46
1998-03-31,0.36,0.4,11.84,88.16
1998-04-01,0.38,0.45,19.99,80.01
1998-04-02,0.4,0.45,13.76,86.24
1998-04-03,0.39,0.44,13.07,86.93
1998-04-06,0.37,0.48,28.69,71.31
1998-04-07,0.36,0.43,19.89,80.11
1998-04-08,0.37,0.43,17.12,82.88
1998-04-09,0.4,0.48,19.74,80.26
1998-04-13,0.39,0.48,20.93,79.07
1998-04-14,0.4,0.48,17.35,82.65
1998-04-15,0.4,0.5,24.45,75.55
1998-04-16,0.41,0.5,21.45,78.55
1998-04-17,0.4,0.49,24.44,75.56
1998-04-20,0.39,0.46,16.98,83.02
1998-04-21,0.39,0.43,11.02,88.98
1998-04-22,0.36,0.41,13.77,86.23
1998-04-23,0.34,0.38,14.04,85.96
1998-04-24,0.35,0.39,9.94,90.06
1998-04-27,0.34,0.4,14.59,85.41
1998-04-28,0.4,0.46,16.21,83.79
1998-04-29,0.4,0.47,16.86,83.14
1998-04-30,0.38,0.45,16.7,83.3
1998-05-01,0.39,0.46,17.37,82.63
1998-05-04,0.4,0.46,16.05,83.95
1998-05-05,0.39,0.45,14.25,85.75
1998-05-06,0.38,0.43,13.56,86.44
1998-05-07,0.38,0.45,17.66,82.34
1998-05-08,0.38,0.46,19.67,80.33
1998-05-11,0.36,0.44,22.11,77.89
1998-05-12,0.38,0.47,22.14,77.86
1998-05-13,0.39,0.49,27.12,72.88
1998-05-14,0.38,0.47,21.89,78.11
1998-05-15,0.37,0.46,23.99,76.01
1998-05-18,0.37,0.38,4.9,95.1
1998-05-19,0.38,0.4,4.92,95.08
1998-05-20,0.37,0.41,12.0,88.0
1998-05-21,0.37,0.39,5.14,94.86
1998-05-22,0.36,0.38,7.41,92.59
1998-05-26,0.34,0.38,11.86,88.14
1998-05-27,0.36,0.41,13.46,86.54
1998-05-28,0.36,0.4,10.34,89.66
1998-05-29,0.37,0.41,11.52,88.48
1998-06-01,0.36,0.43,19.98,80.02
1998-06-02,0.36,0.4,8.53,91.47
1998-06-03,0.35,0.38,9.32,90.68
1998-06-04,0.37,0.41,12.0,88.0
1998-06-05,0.37,0.43,16.09,83.91
1998-06-08,0.39,0.43,12.21,87.79
1998-06-09,0.43,0.48,11.27,88.73
1998-06-10,0.45,0.5,10.51,89.49
1998-06-11,0.52,0.53,1.71,98.29
1998-06-12,0.51,0.56,10.61,89.39
1998-06-15,0.55,0.63,15.61,84.39
1998-06-16,0.61,0.62,0.77,99.23
1998-06-17,0.66,0.75,13.98,86.02
1998-06-18,0.6,0.71,17.48,82.52
1998-06-19,0.63,0.71,11.76,88.24
1998-06-22,0.68,0.76,12.27,87.73
1998-06-23,0.77,0.79,1.94,98.06
1998-06-24,0.83,0.79,5.34,94.66
1998-06-25,0.83,0.85,2.44,97.56
1998-06-26,0.79,0.88,12.52,87.48
1998-06-29,0.82,0.88,7.39,92.61
1998-06-30,0.83,0.9,8.15,91.85
1998-07-01,0.95,0.95,0.59,99.41
1998-07-02,1.03,0.95,8.51,91.49
1998-07-06,1.16,1.0,13.95,86.05
1998-07-07,1.02,1.01,0.75,99.25
1998-07-08,0.89,0.97,8.77,91.23
1998-07-09,0.88,0.99,12.24,87.76
1998-07-10,0.83,0.97,17.1,82.9
1998-07-13,0.9,0.98,9.46,90.54
1998-07-14,0.96,0.91,4.86,95.14
1998-07-15,0.94,0.91,2.53,97.47
1998-07-16,0.94,0.91,3.29,96.71
1998-07-17,1.0,0.96,3.74,96.26
1998-07-20,1.15,1.0,12.94,87.06
1998-07-21,1.1,1.03,6.32,93.68
1998-07-22,1.12,1.11,0.7,99.3
1998-07-23,1.06,1.08,1.43,98.57
1998-07-24,1.04,0.99,4.75,95.25
1998-07-27,1.05,1.04,0.54,99.46
1998-07-28,0.99,1.07,8.23,91.77
1998-07-29,0.9,1.04,15.84,84.16
1998-07-30,0.95,1.07,12.96,87.04
1998-07-31,0.92,1.04,12.64,87.36
1998-08-03,0.9,1.0,10.41,89.59
1998-08-04,0.92,0.98,7.12,92.88
1998-08-05,0.88,1.0,12.55,87.45
1998-08-06,0.91,0.92,0.73,99.27
1998-08-07,0.97,0.89,7.75,92.25
1998-08-10,1.01,0.92,9.31,90.69
1998-08-11,1.03,0.92,11.05,88.95
1998-08-12,1.09,0.98,9.58,90.42
1998-08-13,1.06,1.01,5.35,94.65
1998-08-14,1.02,1.0,2.56,97.44
1998-08-17,1.0,1.01,0.82,99.18
1998-08-18,1.07,1.08,0.74,99.26
1998-08-19,1.07,1.08,0.31,99.69
1998-08-20,1.08,1.08,0.4,99.6
1998-08-21,1.08,1.1,2.12,97.88
1998-08-24,1.12,1.11,1.5,98.5
1998-08-25,1.1,1.12,2.33,97.67
1998-08-26,1.06,1.08,1.88,98.12
1998-08-27,0.99,1.01,1.41,98.59
1998-08-28,0.88,0.9,1.47,98.53
1998-08-31,0.7,0.85,22.14,77.86
1998-09-01,0.67,0.9,35.28,64.72
1998-09-02,0.73,0.91,24.38,75.62
1998-09-03,0.72,0.89,24.06,75.94
1998-09-04,0.72,0.8,11.1,88.9
1998-09-08,0.77,0.8,3.87,96.13
1998-09-09,0.7,0.74,5.11,94.89
1998-09-10,0.66,0.67,1.31,98.69
1998-09-11,0.63,0.73,15.26,84.74
1998-09-14,0.61,0.64,4.29,95.71
1998-09-15,0.61,0.64,5.27,94.73
1998-09-16,0.7,0.68,3.19,96.81
1998-09-17,0.64,0.68,6.24,93.76
1998-09-18,0.66,0.71,7.39,92.61
1998-09-21,0.71,0.8,12.81,87.19
1998-09-22,0.73,0.81,9.76,90.24
1998-09-23,0.88,0.83,4.85,95.15
1998-09-24,0.85,0.83,2.06,97.94
1998-09-25,0.91,0.91,0.3,99.7
1998-09-28,0.96,0.91,5.8,94.2
1998-09-29,0.94,0.91,3.27,96.73
1998-09-30,0.93,0.97,4.17,95.83
1998-10-01,0.86,0.95,10.59,89.41
1998-10-02,0.92,0.97,5.47,94.53
1998-10-05,0.87,0.95,8.39,91.61
1998-10-06,0.9,0.95,4.78,95.22
1998-10-07,0.78,0.9,15.72,84.28
1998-10-08,0.72,0.9,25.33,74.67
1998-10-09,0.76,0.91,19.49,80.51
1998-10-12,0.78,0.87,12.02,87.98
1998-10-13,0.76,0.81,5.94,94.06
1998-10-14,0.78,0.82,5.38,94.62
1998-10-15,0.81,0.77,4.92,95.08
1998-10-16,0.83,0.76,7.72,92.28
1998-10-19,0.88,0.81,8.02,91.98
1998-10-20,0.89,0.81,8.89,91.11
1998-10-21,0.92,0.89,3.2,96.8
1998-10-22,0.96,0.86,10.51,89.49
1998-10-23,0.97,0.89,8.51,91.49
1998-10-26,1.01,0.97,3.88,96.12
1998-10-27,0.97,1.01,4.38,95.62
1998-10-28,0.98,1.04,6.92,93.08
1998-10-29,1.05,1.04,1.06,98.94
1998-10-30,1.05,1.11,5.51,94.49
1998-11-02,1.09,1.06,2.68,97.32
1998-11-03,1.05,1.06,1.13,98.87
1998-11-04,1.08,1.06,1.79,98.21
1998-11-05,1.07,1.11,3.81,96.19
1998-11-06,1.04,1.08,4.08,95.92
1998-11-09,1.06,1.08,2.18,97.82
1998-11-10,1.1,1.08,1.6,98.4
1998-11-11,1.06,1.1,4.21,95.79
1998-11-12,1.09,1.12,2.86,97.14
1998-11-13,1.06,1.04,2.53,97.47
1998-11-16,1.05,1.04,1.41,98.59
1998-11-17,1.24,1.1,10.82,89.18
1998-11-18,1.37,1.26,7.48,92.52
1998-11-19,1.28,1.26,1.31,98.69
1998-11-20,1.51,1.37,8.65,91.35
1998-11-23,1.82,1.42,21.61,78.39
1998-11-24,1.79,1.68,5.87,94.13
1998-11-25,1.75,1.68,3.99,96.01
1998-11-27,1.81,1.76,2.76,97.24
1998-11-30,1.6,1.72,7.76,92.24
1998-12-01,1.75,1.72,1.24,98.76
1998-12-02,1.66,1.87,12.29,87.71
1998-12-03,1.58,1.84,16.74,83.26
1998-12-04,1.57,1.84,17.36,82.64
1998-12-07,1.59,1.87,17.28,82.72
1998-12-08,1.7,1.87,9.77,90.23
1998-12-09,1.8,1.87,3.59,96.41
1998-12-10,1.78,1.87,5.11,94.89
1998-12-11,1.86,1.86,0.23,99.77
1998-12-14,1.85,1.79,3.24,96.76
1998-12-15,2.02,2.01,0.57,99.43
1998-12-16,2.41,2.07,13.84,86.16
1998-12-17,2.31,2.11,8.66,91.34
1998-12-18,2.39,2.57,7.62,92.38
1998-12-21,2.66,2.61,1.87,98.13
1998-12-22,2.69,2.61,2.97,97.03
1998-12-23,2.71,2.74,1.13,98.87
1998-12-24,2.71,2.79,3.05,96.95
1998-12-28,2.93,2.92,0.38,99.62
1998-12-29,2.77,2.79,0.73,99.27
1998-12-30,2.68,2.97,10.85,89.15
1998-12-31,2.68,3.12,16.67,83.33
1999-01-04,2.96,2.99,1.18,98.82
1999-01-05,3.11,3.22,3.55,96.45
1999-01-06,3.45,3.29,4.77,95.23
1999-01-07,3.97,3.49,12.14,87.86
1999-01-08,4.01,3.62,9.71,90.29
1999-01-11,4.62,3.86,16.28,83.72
1999-01-12,4.08,3.57,12.67,87.33
1999-01-13,3.7,3.86,4.34,95.66
1999-01-14,3.45,3.81,10.54,89.46
1999-01-15,3.51,3.81,8.67,91.33
1999-01-19,3.5,3.77,7.85,92.15
1999-01-20,2.83,3.69,30.72,69.28
1999-01-21,2.65,3.66,38.01,61.99
1999-01-22,3.08,3.7,20.28,79.72
1999-01-25,2.81,3.66,30.13,69.87
1999-01-26,2.88,3.3,14.69,85.31
1999-01-27,3.14,3.2,2.01,97.99
1999-01-28,3.07,3.08,0.4,99.6
1999-01-29,2.92,3.08,5.5,94.5
1999-02-01,2.9,2.98,2.93,97.07
1999-02-02,2.76,2.98,8.18,91.82
1999-02-03,3.14,2.88,8.26,91.74
1999-02-04,2.95,2.9,1.66,98.34
1999-02-05,2.9,2.87,0.8,99.2
1999-02-08,2.73,2.85,4.61,95.39
1999-02-09,2.5,2.92,16.61,83.39
1999-02-10,2.44,2.7,10.93,89.07
1999-02-11,2.75,2.66,3.2,96.8
1999-02-12,2.61,2.7,3.44,96.56
1999-02-16,2.47,2.6,5.61,94.39
1999-02-17,2.34,2.43,3.94,96.06
1999-02-18,2.24,2.49,11.43,88.57
1999-02-19,2.55,2.6,2.24,97.76
1999-02-22,2.66,2.65,0.57,99.43
1999-02-23,2.88,2.76,4.26,95.74
1999-02-24,2.77,2.6,6.11,93.89
1999-02-25,3.13,2.76,11.78,88.22
1999-02-26,3.2,2.84,11.22,88.78
1999-03-01,3.33,2.93,11.81,88.19
1999-03-02,3.03,3.17,4.67,95.33
1999-03-03,3.09,3.17,2.82,97.18
1999-03-04,3.0,3.09,2.76,97.24
1999-03-05,3.04,3.15,3.61,96.39
1999-03-08,3.05,3.19,4.44,95.56
1999-03-09,3.25,3.21,1.07,98.93
1999-03-10,3.43,3.22,6.13,93.87
1999-03-11,3.37,3.21,4.7,95.3
1999-03-12,3.33,3.19,4.15,95.85
1999-03-15,3.47,3.5,0.84,99.16
1999-03-16,3.35,3.5,4.71,95.29
1999-03-17,3.28,3.4,3.77,96.23
1999-03-18,3.46,3.43,0.87,99.13
1999-03-19,3.38,3.45,2.16,97.84
1999-03-22,3.3,3.54,7.36,92.64
1999-03-23,2.98,3.37,12.89,87.11
1999-03-24,3.09,3.45,11.55,88.45
1999-03-25,3.5,3.57,2.09,97.91
1999-03-26,3.48,3.57,2.69,97.31
1999-03-29,3.74,3.57,4.56,95.44
1999-03-30,4.12,3.62,12.14,87.86
1999-03-31,4.3,3.83,10.98,89.02
1999-04-01,4.28,3.89,9.08,90.92
1999-04-05,4.66,4.01,14.1,85.9
1999-04-06,4.57,4.1,10.29,89.71
1999-04-07,4.4,4.1,6.74,93.26
1999-04-08,4.47,4.17,6.74,93.26
1999-04-09,4.57,4.18,8.66,91.34
1999-04-12,4.61,4.4,4.5,95.5
1999-04-13,4.46,4.42,0.97,99.03
1999-04-14,4.2,4.36,3.88,96.12
1999-04-15,4.18,4.34,3.79,96.21
1999-04-16,4.75,4.37,8.09,91.91
1999-04-19,3.97,4.17,5.0,95.0
1999-04-20,4.3,4.17,2.97,97.03
1999-04-21,4.48,4.17,6.9,93.1
1999-04-22,4.75,4.23,11.01,88.99
1999-04-23,5.25,4.44,15.55,84.45
1999-04-26,5.18,4.44,14.35,85.65
1999-04-27,5.15,4.79,7.02,92.98
1999-04-28,4.84,4.7,2.9,97.1
1999-04-29,4.21,4.93,17.24,82.76
1999-04-30,4.3,4.65,8.21,91.79
1999-05-03,3.77,4.58,21.43,78.57
1999-05-04,3.58,4.58,28.17,71.83
1999-05-05,3.66,4.03,10.13,89.87
1999-05-06,3.43,3.96,15.19,84.81
1999-05-07,3.41,4.02,17.89,82.11
1999-05-10,3.67,3.99,8.56,91.44
1999-05-11,3.71,3.96,6.65,93.35
1999-05-12,3.57,3.89,8.92,91.08
1999-05-13,3.4,3.54,4.13,95.87
1999-05-14,3.31,3.53,6.65,93.35
1999-05-17,3.44,3.52,2.38,97.62
1999-05-18,3.32,3.52,6.24,93.76
1999-05-19,3.49,3.47,0.44,99.56
1999-05-20,3.27,3.41,4.27,95.73
1999-05-21,3.21,3.28,2.12,97.88
1999-05-24,2.94,3.17,7.79,92.21
1999-05-25,2.79,3.19,14.22,85.78
1999-05-26,3.02,3.28,8.48,91.52
1999-05-27,2.86,3.25,13.46,86.54
1999-05-28,2.97,3.25,9.46,90.54
1999-06-01,2.65,2.94,11.28,88.72
1999-06-02,2.8,2.92,4.33,95.67
1999-06-03,2.63,2.92,11.34,88.66
1999-06-04,2.71,2.92,7.87,92.13
1999-06-07,2.93,2.94,0.33,99.67
1999-06-08,2.79,2.63,5.65,94.35
1999-06-09,2.85,2.61,8.35,91.65
1999-06-10,2.9,2.66,8.26,91.74
1999-06-11,2.65,2.61,1.26,98.74
1999-06-14,2.3,2.61,13.56,86.44
1999-06-15,2.41,2.66,10.21,89.79
1999-06-16,2.79,2.65,5.19,94.81
1999-06-17,2.82,2.72,3.67,96.33
1999-06-18,2.78,2.68,3.81,96.19
1999-06-21,3.09,2.83,8.21,91.79
1999-06-22,2.94,2.76,6.15,93.85
1999-06-23,2.94,2.85,3.29,96.71
1999-06-24,2.84,2.81,1.01,98.99
1999-06-25,2.75,2.7,1.9,98.1
1999-06-28,2.77,2.78,0.33,99.67
1999-06-29,2.9,2.81,3.09,96.91
1999-06-30,3.13,2.84,9.09,90.91
1999-07-01,3.06,2.93,4.15,95.85
1999-07-02,3.1,2.97,4.11,95.89
1999-07-06,3.17,2.97,6.24,93.76
1999-07-07,3.05,2.89,5.19,94.81
1999-07-08,3.13,2.93,6.44,93.56
1999-07-09,3.14,2.93,6.54,93.46
1999-07-12,2.93,2.67,8.9,91.1
1999-07-13,3.15,2.88,8.77,91.23
1999-07-14,3.37,3.03,10.3,89.7
1999-07-15,3.49,3.3,5.51,94.49
1999-07-16,3.44,3.61,4.9,95.1
1999-07-19,3.29,3.59,8.92,91.08
1999-07-20,3.0,3.45,14.86,85.14
1999-07-21,3.14,3.41,8.86,91.14
1999-07-22,2.67,2.97,11.12,88.88
1999-07-23,2.86,3.03,5.7,94.3
1999-07-26,2.65,2.87,8.5,91.5
1999-07-27,2.53,2.87,13.8,86.2
1999-07-28,2.64,2.88,9.09,90.91
1999-07-29,2.54,2.87,13.17,86.83
1999-07-30,2.5,2.9,15.97,84.03
1999-08-02,2.35,2.61,11.15,88.85
1999-08-03,2.37,2.55,7.43,92.57
1999-08-04,2.21,2.54,14.83,85.17
1999-08-05,2.43,2.55,4.81,95.19
1999-08-06,2.24,2.55,13.8,86.2
1999-08-09,2.14,2.34,9.67,90.33
1999-08-10,2.28,2.29,0.63,99.37
1999-08-11,2.27,2.37,4.36,95.64
1999-08-12,2.29,2.34,1.86,98.14
1999-08-13,2.44,2.4,1.48,98.52
1999-08-16,2.46,2.51,2.06,97.94
1999-08-17,2.73,2.55,6.53,93.47
1999-08-18,2.83,2.63,7.01,92.99
1999-08-19,2.65,2.56,3.56,96.44
1999-08-20,2.84,2.69,5.17,94.83
1999-08-23,2.96,2.89,2.23,97.77
1999-08-24,3.0,2.92,2.75,97.25
1999-08-25,3.32,3.01,9.33,90.67
1999-08-26,3.21,3.02,5.9,94.1
1999-08-27,3.21,3.27,1.68,98.32
1999-08-30,2.98,3.21,7.79,92.21
1999-08-31,3.11,3.21,3.35,96.65
1999-09-01,2.98,3.19,7.18,92.82
1999-09-02,3.0,3.19,6.23,93.77
1999-09-03,3.12,3.19,2.19,97.81
1999-09-07,3.15,3.17,0.88,99.12
1999-09-08,3.07,3.09,0.56,99.44
1999-09-09,3.18,3.19,0.28,99.72
1999-09-10,3.33,3.19,4.05,95.95
1999-09-13,3.17,3.09,2.52,97.48
1999-09-14,3.3,3.21,2.61,97.39
1999-09-15,3.28,3.1,5.44,94.56
1999-09-16,3.26,3.14,3.85,96.15
1999-09-17,3.19,3.1,2.84,97.16
1999-09-20,3.14,3.17,1.01,98.99
1999-09-21,3.11,3.41,9.68,90.32
1999-09-22,3.3,3.59,8.66,91.34
1999-09-23,3.11,3.45,10.83,89.17
1999-09-24,3.25,3.46,6.31,93.69
1999-09-27,3.13,3.41,9.14,90.86
1999-09-28,3.29,3.48,5.8,94.2
1999-09-29,4.04,3.61,10.61,89.39
1999-09-30,4.0,3.81,4.71,95.29
1999-10-01,3.86,3.85,0.39,99.61
1999-10-04,3.85,3.85,0.15,99.85
1999-10-05,3.92,3.85,1.9,98.1
1999-10-06,4.12,3.89,5.7,94.3
1999-10-07,4.37,4.02,7.84,92.16
1999-10-08,4.46,4.15,6.96,93.04
1999-10-11,4.42,4.1,7.14,92.86
1999-10-12,4.25,4.1,3.48,96.52
1999-10-13,4.0,4.08,2.08,97.92
1999-10-14,3.98,4.08,2.41,97.59
1999-10-15,3.75,4.03,7.34,92.66
1999-10-18,3.7,3.98,7.61,92.39
1999-10-19,3.83,3.77,1.61,98.39
1999-10-20,4.03,3.98,1.05,98.95
1999-10-21,4.04,4.01,0.57,99.43
1999-10-22,3.93,3.98,1.3,98.7
1999-10-25,4.14,4.01,2.97,97.03
1999-10-26,4.06,3.87,4.73,95.27
1999-10-27,3.8,3.69,2.78,97.22
1999-10-28,3.55,3.61,1.59,98.41
1999-10-29,3.53,3.63,2.74,97.26
1999-11-01,3.46,3.53,2.19,97.81
1999-11-02,3.32,3.53,6.32,93.68
1999-11-03,3.29,3.53,7.33,92.67
1999-11-04,3.15,3.54,12.28,87.72
1999-11-05,3.25,3.44,5.98,94.02
1999-11-08,3.9,3.58,8.17,91.83
1999-11-09,3.54,3.59,1.31,98.69
1999-11-10,3.6,3.62,0.56,99.44
1999-11-11,3.65,3.63,0.43,99.57
1999-11-12,3.75,3.62,3.38,96.62
1999-11-15,3.67,3.62,1.49,98.51
1999-11-16,3.95,3.77,4.4,95.6
1999-11-17,3.83,3.84,0.49,99.51
1999-11-18,3.9,3.89,0.21,99.79
1999-11-19,3.9,3.93,0.91,99.09
1999-11-22,4.03,3.98,1.13,98.87
1999-11-23,4.09,3.98,2.54,97.46
1999-11-24,4.36,4.12,5.61,94.39
1999-11-26,4.66,4.23,9.23,90.77
1999-11-29,4.52,4.34,4.02,95.98
1999-11-30,4.25,4.36,2.59,97.41
1999-12-01,4.25,4.34,2.12,97.88
1999-12-02,4.45,4.36,2.02,97.98
1999-12-03,4.33,4.34,0.27,99.73
1999-12-06,4.39,4.34,1.08,98.92
1999-12-07,4.3,4.25,1.26,98.74
1999-12-08,4.43,4.34,1.99,98.01
1999-12-09,5.18,4.57,11.81,88.19
1999-12-10,5.33,4.57,14.34,85.66
1999-12-13,5.12,4.53,11.63,88.37
1999-12-14,4.78,4.79,0.1,99.9
1999-12-15,4.82,4.74,1.72,98.28
1999-12-16,4.74,4.67,1.66,98.34
1999-12-17,4.7,4.67,0.81,99.19
1999-12-20,4.85,4.79,1.32,98.68
1999-12-21,4.99,4.83,3.22,96.78
1999-12-22,4.88,5.47,12.04,87.96
1999-12-23,4.5,5.4,19.9,80.1
1999-12-27,4.06,4.53,11.6,88.4
1999-12-28,4.12,4.58,11.4,88.6
1999-12-29,4.18,4.56,9.12,90.88
1999-12-30,3.95,4.08,3.19,96.81
1999-12-31,3.81,4.07,6.93,93.07
2000-01-03,4.47,4.16,6.85,93.15
2000-01-04,4.1,4.16,1.61,98.39
2000-01-05,3.49,4.06,16.36,83.64
2000-01-06,3.28,3.89,18.73,81.27
2000-01-07,3.48,3.96,13.74,86.26
2000-01-10,3.46,3.89,12.51,87.49
2000-01-11,3.34,3.8,13.74,86.26
2000-01-12,3.18,3.61,13.48,86.52
2000-01-13,3.3,3.61,9.64,90.36
2000-01-14,3.21,3.56,10.72,89.28
2000-01-18,3.21,3.37,4.96,95.04
2000-01-19,3.34,3.37,0.74,99.26
2000-01-20,3.24,3.37,3.95,96.05
2000-01-21,3.1,3.25,4.72,95.28
2000-01-24,3.51,3.23,7.8,92.2
2000-01-25,3.46,3.25,6.15,93.85
2000-01-26,3.24,3.33,2.67,97.33
2000-01-27,3.35,3.47,3.55,96.45
2000-01-28,3.08,3.27,5.99,94.01
2000-01-31,3.23,3.31,2.56,97.44
2000-02-01,3.37,3.45,2.3,97.7
2000-02-02,3.47,3.48,0.37,99.63
2000-02-03,4.21,3.63,13.68,86.32
2000-02-04,3.93,3.78,3.83,96.17
2000-02-07,3.75,3.73,0.42,99.58
2000-02-08,4.16,3.89,6.32,93.68
2000-02-09,4.01,3.93,2.0,98.0
2000-02-10,3.81,3.93,3.23,96.77
2000-02-11,3.81,3.84,0.9,99.1
2000-02-14,3.72,3.82,2.57,97.43
2000-02-15,3.69,3.88,5.03,94.97
2000-02-16,3.53,3.81,7.85,92.15
2000-02-17,3.45,3.85,11.51,88.49
2000-02-18,3.24,3.66,13.06,86.94
2000-02-22,3.18,3.58,12.55,87.45
2000-02-23,3.52,3.66,3.84,96.16
2000-02-24,3.42,3.23,5.52,94.48
2000-02-25,3.46,3.27,5.41,94.59
2000-02-28,3.29,3.27,0.56,99.44
2000-02-29,3.44,3.19,7.49,92.51
2000-03-01,3.29,3.19,3.28,96.72
2000-03-02,3.13,3.19,1.84,98.16
2000-03-03,3.13,3.19,1.94,98.06
2000-03-06,3.2,3.01,5.92,94.08
2000-03-07,3.17,3.01,5.27,94.73
2000-03-08,3.18,3.03,4.85,95.15
2000-03-09,3.44,3.17,7.81,92.19
2000-03-10,3.34,3.21,4.08,95.92
2000-03-13,3.27,3.21,1.78,98.22
2000-03-14,3.28,3.04,7.42,92.58
2000-03-15,3.19,3.05,4.17,95.83
2000-03-16,3.31,3.1,6.48,93.52
2000-03-17,3.24,3.17,2.17,97.83
2000-03-20,3.21,3.04,5.35,94.65
2000-03-21,3.62,3.33,8.03,91.97
2000-03-22,3.53,3.34,5.39,94.61
2000-03-23,3.38,3.53,4.2,95.8
2000-03-24,3.63,3.57,1.77,98.23
2000-03-27,3.66,3.59,1.92,98.08
2000-03-28,3.51,3.53,0.57,99.43
2000-03-29,3.31,3.37,1.71,98.29
2000-03-30,3.33,3.41,2.67,97.33
2000-03-31,3.35,3.45,2.97,97.03
2000-04-03,3.18,3.37,6.01,93.99
2000-04-04,3.2,3.41,6.79,93.21
2000-04-05,3.11,3.31,6.48,93.52
2000-04-06,3.21,3.41,6.22,93.78
2000-04-07,3.38,3.21,4.88,95.12
2000-04-10,3.17,3.01,5.09,94.91
2000-04-11,3.17,3.03,4.47,95.53
2000-04-12,2.82,3.01,6.7,93.3
2000-04-13,2.4,2.87,19.48,80.52
2000-04-14,2.34,2.47,5.43,94.57
2000-04-17,2.35,2.54,7.89,92.11
2000-04-18,2.75,2.56,6.91,93.09
2000-04-19,2.67,2.56,4.3,95.7
2000-04-20,2.62,2.54,2.99,97.01
2000-04-24,2.49,2.56,2.67,97.33
2000-04-25,2.62,2.56,2.47,97.53
2000-04-26,2.67,2.59,3.28,96.72
2000-04-27,2.64,2.56,3.28,96.72
2000-04-28,2.76,2.56,7.33,92.67
2000-05-01,3.0,2.65,11.66,88.34
2000-05-02,2.81,2.6,7.21,92.79
2000-05-03,2.71,2.68,1.09,98.91
2000-05-04,2.75,2.88,4.52,95.48
2000-05-05,2.92,2.89,1.08,98.92
2000-05-08,2.8,2.88,2.74,97.26
2000-05-09,2.81,2.76,1.97,98.03
2000-05-10,2.67,2.72,2.09,97.91
2000-05-11,2.74,2.76,0.48,99.52
2000-05-12,2.69,2.79,3.78,96.22
2000-05-15,2.8,2.79,0.5,99.5
2000-05-16,2.95,2.83,4.04,95.96
2000-05-17,3.05,2.88,5.65,94.35
2000-05-18,2.77,2.72,1.71,98.29
2000-05-19,2.63,2.58,2.08,97.92
2000-05-22,2.59,2.6,0.4,99.6
2000-05-23,2.33,2.58,10.38,89.62
2000-05-24,2.43,2.59,6.55,93.45
2000-05-25,2.28,2.49,9.59,90.41
2000-05-26,2.33,2.56,9.98,90.02
2000-05-30,2.59,2.51,3.01,96.99
2000-05-31,2.42,2.29,5.15,94.85
2000-06-01,2.51,2.3,8.49,91.51
2000-06-02,2.89,2.61,9.83,90.17
2000-06-05,2.72,2.61,4.18,95.82
2000-06-06,2.53,2.5,1.3,98.7
2000-06-07,2.59,2.48,4.33,95.67
2000-06-08,2.59,2.33,9.99,90.01
2000-06-09,2.61,2.41,7.69,92.31
2000-06-12,2.42,2.33,3.6,96.4
2000-06-13,2.45,2.44,0.23,99.77
2000-06-14,2.32,2.36,1.81,98.19
2000-06-15,2.32,2.44,5.55,94.45
2000-06-16,2.3,2.4,4.25,95.75
2000-06-19,2.27,2.25,0.49,99.51
2000-06-20,2.31,2.35,2.1,97.9
2000-06-21,2.3,2.28,0.92,99.08
2000-06-22,2.1,2.09,0.28,99.72
2000-06-23,1.69,2.08,23.09,76.91
2000-06-26,1.7,2.08,22.86,77.14
2000-06-27,1.83,1.9,3.84,96.16
2000-06-28,1.89,1.96,3.59,96.41
2000-06-29,1.86,1.96,5.48,94.52
2000-06-30,1.82,1.97,8.36,91.64
2000-07-03,1.85,1.93,4.12,95.88
2000-07-05,1.83,1.88,2.79,97.21
2000-07-06,1.8,1.88,4.04,95.96
2000-07-07,1.81,1.88,3.86,96.14
2000-07-10,1.75,1.88,7.0,93.0
2000-07-11,1.66,1.73,4.7,95.3
2000-07-12,1.75,1.74,0.55,99.45
2000-07-13,1.75,1.81,3.27,96.73
2000-07-14,2.13,2.07,2.64,97.36
2000-07-17,2.06,2.05,0.22,99.78
2000-07-18,2.09,2.02,3.1,96.9
2000-07-19,2.04,1.98,3.18,96.82
2000-07-20,2.02,2.11,4.64,95.36
2000-07-21,2.06,2.14,4.24,95.76
2000-07-24,1.94,2.08,7.61,92.39
2000-07-25,1.88,1.95,3.69,96.31
2000-07-26,1.8,1.95,8.18,91.82
2000-07-27,1.57,1.85,18.2,81.8
2000-07-28,1.5,1.8,20.13,79.87
2000-07-31,1.51,1.83,21.7,78.3
2000-08-01,1.51,1.79,18.43,81.57
2000-08-02,1.54,1.69,9.59,90.41
2000-08-03,1.58,1.51,4.42,95.58
2000-08-04,1.62,1.58,2.91,97.09
2000-08-07,1.69,1.58,6.68,93.32
2000-08-08,1.65,1.58,4.2,95.8
2000-08-09,1.54,1.58,2.2,97.8
2000-08-10,1.52,1.56,2.57,97.43
2000-08-11,1.68,1.63,2.98,97.02
2000-08-14,1.74,1.69,3.17,96.83
2000-08-15,1.88,1.75,6.74,93.26
2000-08-16,1.93,1.85,3.95,96.05
2000-08-17,1.91,1.87,2.21,97.79
2000-08-18,1.95,1.85,5.16,94.84
2000-08-21,1.88,1.83,2.38,97.62
2000-08-22,1.83,1.81,0.98,99.02
2000-08-23,1.94,1.82,6.09,93.91
2000-08-24,1.97,1.95,0.79,99.21
2000-08-25,2.0,1.95,2.19,97.81
2000-08-28,1.96,1.95,0.15,99.85
2000-08-29,1.98,2.05,3.72,96.28
2000-08-30,2.15,2.07,3.7,96.3
2000-08-31,2.08,2.05,1.2,98.8
2000-09-01,2.08,2.05,1.2,98.8
2000-09-05,2.28,2.05,10.26,89.74
2000-09-06,2.29,2.21,3.77,96.23
2000-09-07,2.17,2.18,0.23,99.77
2000-09-08,2.15,2.22,3.24,96.76
2000-09-11,2.12,2.19,3.43,96.57
2000-09-12,2.13,2.21,3.42,96.58
2000-09-13,2.12,2.19,3.28,96.72
2000-09-14,2.24,2.23,0.52,99.48
2000-09-15,2.18,2.22,1.61,98.39
2000-09-18,2.14,2.22,3.54,96.46
2000-09-19,2.04,2.15,5.47,94.53
2000-09-20,1.88,1.98,5.85,94.15
2000-09-21,2.0,2.1,5.05,94.95
2000-09-22,2.07,2.11,1.74,98.26
2000-09-25,2.02,1.94,3.72,96.28
2000-09-26,1.99,1.94,2.21,97.79
2000-09-27,1.89,1.94,2.63,97.37
2000-09-28,2.0,1.99,0.47,99.53
2000-09-29,1.92,1.97,2.7,97.3
2000-10-02,1.79,1.94,8.35,91.65
2000-10-03,1.75,1.81,3.31,96.69
2000-10-04,1.8,1.75,2.92,97.08
2000-10-05,1.68,1.75,4.13,95.87
2000-10-06,1.58,1.7,7.92,92.08
2000-10-09,1.5,1.7,13.05,86.95
2000-10-10,1.52,1.76,15.84,84.16
2000-10-11,1.39,1.57,12.77,87.23
2000-10-12,1.26,1.53,21.72,78.28
2000-10-13,1.42,1.57,10.44,89.56
2000-10-16,1.22,1.51,24.38,75.62
2000-10-17,1.1,1.35,23.22,76.78
2000-10-18,1.26,1.35,7.59,92.41
2000-10-19,1.39,1.39,0.24,99.76
2000-10-20,1.54,1.44,6.67,93.33
2000-10-23,1.5,1.44,4.15,95.85
2000-10-24,1.48,1.42,3.86,96.14
2000-10-25,1.59,1.46,8.62,91.38
2000-10-26,1.84,1.59,13.69,86.31
2000-10-27,1.78,1.59,10.77,89.23
2000-10-30,1.64,1.56,5.13,94.87
2000-10-31,1.83,1.78,2.87,97.13
2000-11-01,1.87,1.79,3.97,96.03
2000-11-02,1.99,1.83,7.79,92.21
2000-11-03,1.88,1.86,1.18,98.82
2000-11-06,1.83,1.86,1.66,98.34
2000-11-07,1.85,1.86,0.49,99.51
2000-11-08,1.69,1.82,7.27,92.73
2000-11-09,1.56,1.76,12.51,87.49
2000-11-10,1.5,1.76,16.95,83.05
2000-11-13,1.39,1.68,20.46,79.54
2000-11-14,1.45,1.68,15.78,84.22
2000-11-15,1.48,1.61,9.13,90.87
2000-11-16,1.39,1.45,4.21,95.79
2000-11-17,1.37,1.41,2.81,97.19
2000-11-20,1.29,1.35,4.72,95.28
2000-11-21,1.21,1.34,10.69,89.31
2000-11-22,1.26,1.31,4.04,95.96
2000-11-24,1.45,1.35,6.59,93.41
2000-11-27,1.4,1.35,3.46,96.54
2000-11-28,1.25,1.35,7.99,92.01
2000-11-29,1.35,1.39,3.27,96.73
2000-11-30,1.23,1.39,12.68,87.32
2000-12-01,1.23,1.25,1.38,98.62
2000-12-04,1.33,1.31,1.08,98.92
2000-12-05,1.27,1.3,2.09,97.91
2000-12-06,1.18,1.25,5.67,94.33
2000-12-07,1.07,1.25,16.8,83.2
2000-12-08,1.17,1.3,10.53,89.47
2000-12-11,1.27,1.36,7.21,92.79
2000-12-12,1.29,1.36,5.0,95.0
2000-12-13,1.19,1.31,10.63,89.37
2000-12-14,1.13,1.18,3.62,96.38
2000-12-15,1.14,1.2,4.48,95.52
2000-12-18,0.99,1.2,20.25,79.75
2000-12-19,0.91,1.03,13.0,87.0
2000-12-20,0.83,1.03,23.58,76.42
2000-12-21,0.76,1.03,35.3,64.7
2000-12-22,0.78,0.94,20.3,79.7
2000-12-26,0.85,0.94,10.54,89.46
2000-12-27,0.84,0.97,15.21,84.79
2000-12-28,0.87,0.89,2.65,97.35
2000-12-29,0.78,0.81,3.94,96.06
2001-01-02,0.69,0.77,10.77,89.23
2001-01-03,0.88,0.81,7.9,92.1
2001-01-04,0.77,0.81,4.36,95.64
2001-01-05,0.73,0.81,11.08,88.92
2001-01-08,0.75,0.81,8.29,91.71
2001-01-09,0.82,0.79,3.51,96.49
2001-01-10,0.82,0.83,0.04,99.96
2001-01-11,0.85,0.87,2.36,97.64
2001-01-12,0.88,0.88,0.96,99.04
2001-01-16,0.9,0.88,3.02,96.98
2001-01-17,0.92,0.92,0.08,99.92
2001-01-18,0.98,0.94,3.2,96.8
2001-01-19,1.0,1.01,1.56,98.44
2001-01-22,0.93,1.01,9.45,90.55
2001-01-23,0.95,1.06,11.99,88.01
2001-01-24,1.09,1.01,7.86,92.14
2001-01-25,0.95,0.99,4.42,95.58
2001-01-26,0.98,1.01,3.8,96.2
2001-01-29,1.01,1.03,2.47,97.53
2001-01-30,0.95,1.01,6.92,93.08
2001-01-31,0.87,0.98,13.49,86.51
2001-02-01,0.81,0.94,15.4,84.6
2001-02-02,0.72,0.83,16.0,84.0
2001-02-05,0.72,0.82,14.03,85.97
2001-02-06,0.79,0.85,7.58,92.42
2001-02-07,0.75,0.82,9.75,90.25
2001-02-08,0.72,0.74,3.19,96.81
2001-02-09,0.67,0.72,7.81,92.19
2001-02-12,0.73,0.72,0.55,99.45
2001-02-13,0.69,0.68,0.85,99.15
2001-02-14,0.72,0.72,0.12,99.88
2001-02-15,0.73,0.68,5.97,94.03
2001-02-16,0.68,0.68,0.39,99.61
2001-02-20,0.62,0.68,9.07,90.93
2001-02-21,0.6,0.67,12.9,87.1
2001-02-22,0.6,0.62,3.7,96.3
2001-02-23,0.59,0.66,11.45,88.55
2001-02-26,0.6,0.66,10.29,89.71
2001-02-27,0.59,0.62,5.36,94.64
2001-02-28,0.51,0.62,21.52,78.48
2001-03-01,0.52,0.62,18.61,81.39
2001-03-02,0.5,0.57,14.5,85.5
2001-03-05,0.63,0.62,1.4,98.6
2001-03-06,0.59,0.62,4.83,95.17
2001-03-07,0.61,0.61,0.11,99.89
2001-03-08,0.58,0.61,4.7,95.3
2001-03-09,0.61,0.64,4.36,95.64
2001-03-12,0.53,0.62,17.16,82.84
2001-03-13,0.55,0.66,19.58,80.42
2001-03-14,0.53,0.64,20.32,79.68
2001-03-15,0.54,0.66,20.96,79.04
2001-03-16,0.55,0.6,9.53,90.47
2001-03-19,0.52,0.6,13.97,86.03
2001-03-20,0.51,0.65,26.28,73.72
2001-03-21,0.5,0.57,13.98,86.02
2001-03-22,0.51,0.61,20.67,79.33
2001-03-23,0.51,0.48,4.84,95.16
2001-03-26,0.55,0.52,4.52,95.48
2001-03-27,0.58,0.54,7.08,92.92
2001-03-28,0.54,0.52,3.28,96.72
2001-03-29,0.5,0.49,1.02,98.98
2001-03-30,0.51,0.54,5.73,94.27
2001-04-02,0.46,0.49,8.77,91.23
2001-04-03,0.43,0.49,14.7,85.3
2001-04-04,0.42,0.46,8.48,91.52
2001-04-05,0.46,0.46,0.34,99.66
2001-04-06,0.42,0.44,5.63,94.37
2001-04-09,0.56,0.53,5.25,94.75
2001-04-10,0.6,0.53,12.12,87.88
2001-04-11,0.67,0.66,1.49,98.51
2001-04-12,0.73,0.75,1.98,98.02
2001-04-16,0.7,0.73,4.38,95.62
2001-04-17,0.74,0.73,0.65,99.35
2001-04-18,0.83,0.77,6.74,93.26
2001-04-19,0.8,0.77,3.53,96.47
2001-04-20,0.79,0.77,2.25,97.75
2001-04-23,0.81,0.75,6.89,93.11
2001-04-24,0.78,0.8,2.12,97.88
2001-04-25,0.8,0.85,5.53,94.47
2001-04-26,0.77,0.84,8.43,91.57
2001-04-27,0.76,0.8,4.87,95.13
2001-04-30,0.79,0.82,3.96,96.04
2001-05-01,0.84,0.82,2.88,97.12
2001-05-02,0.86,0.82,4.42,95.58
2001-05-03,0.84,0.83,0.47,99.53
2001-05-04,0.88,0.87,0.61,99.39
2001-05-07,0.85,0.83,1.47,98.53
2001-05-08,0.81,0.76,6.18,93.82
2001-05-09,0.75,0.8,6.41,93.59
2001-05-10,0.73,0.78,7.28,92.72
2001-05-11,0.73,0.77,4.55,95.45
2001-05-14,0.67,0.76,13.55,86.45
2001-05-15,0.68,0.73,8.39,91.61
2001-05-16,0.71,0.76,7.74,92.26
2001-05-17,0.74,0.78,5.51,94.49
2001-05-18,0.74,0.78,5.38,94.62
2001-05-21,0.82,0.78,4.8,95.2
2001-05-22,0.81,0.78,4.04,95.96
2001-05-23,0.78,0.78,0.56,99.44
2001-05-24,0.84,0.78,6.9,93.1
2001-05-25,0.85,0.82,3.52,96.48
2001-05-29,0.86,0.83,3.91,96.09
2001-05-30,0.78,0.82,5.29,94.71
2001-05-31,0.83,0.85,2.36,97.64
2001-06-01,0.85,0.85,0.79,99.21
2001-06-04,0.85,0.89,5.65,94.35
2001-06-05,0.82,0.87,5.84,94.16
2001-06-06,0.8,0.85,6.84,93.16
2001-06-07,0.81,0.83,2.33,97.67
2001-06-08,0.79,0.83,5.39,94.61
2001-06-11,0.74,0.74,0.19,99.81
2001-06-12,0.73,0.76,3.39,96.61
2001-06-13,0.71,0.77,8.7,91.3
2001-06-14,0.66,0.72,7.98,92.02
2001-06-15,0.62,0.69,9.7,90.3
2001-06-18,0.59,0.59,0.85,99.15
2001-06-19,0.57,0.61,7.31,92.69
2001-06-20,0.63,0.61,2.71,97.29
2001-06-21,0.65,0.62,5.36,94.64
2001-06-22,0.62,0.62,0.17,99.83
2001-06-25,0.64,0.62,3.36,96.64
2001-06-26,0.66,0.66,0.64,99.36
2001-06-27,0.7,0.66,6.23,93.77
2001-06-28,0.72,0.69,4.5,95.5
2001-06-29,0.71,0.7,0.47,99.53
2001-07-02,0.73,0.75,2.87,97.13
2001-07-03,0.71,0.75,6.0,94.0
2001-07-05,0.76,0.78,1.99,98.01
2001-07-06,0.76,0.8,4.61,95.39
2001-07-09,0.79,0.84,5.83,94.17
2001-07-10,0.78,0.85,8.78,91.22
2001-07-11,0.77,0.82,6.61,93.39
2001-07-12,0.82,0.84,1.46,98.54
2001-07-13,0.85,0.9,6.47,93.53
2001-07-16,0.8,0.87,9.01,90.99
2001-07-17,0.82,0.87,6.74,93.26
2001-07-18,0.8,0.85,6.44,93.56
2001-07-19,0.82,0.85,3.02,96.98
2001-07-20,0.85,0.87,2.78,97.22
2001-07-23,0.8,0.8,0.4,99.6
2001-07-24,0.6,0.72,20.02,79.98
2001-07-25,0.58,0.71,23.35,76.65
2001-07-26,0.62,0.66,6.78,93.22
2001-07-27,0.61,0.66,7.47,92.53
2001-07-30,0.63,0.66,4.91,95.09
2001-07-31,0.62,0.66,5.41,94.59
2001-08-01,0.62,0.62,0.96,99.04
2001-08-02,0.61,0.62,1.55,98.45
2001-08-03,0.61,0.62,1.89,98.11
2001-08-06,0.6,0.62,4.03,95.97
2001-08-07,0.58,0.62,6.72,93.28
2001-08-08,0.56,0.56,1.37,98.63
2001-08-09,0.52,0.51,3.15,96.85
2001-08-10,0.5,0.51,1.81,98.19
2001-08-13,0.51,0.54,6.72,93.28
2001-08-14,0.53,0.58,10.03,89.97
2001-08-15,0.5,0.53,5.27,94.73
2001-08-16,0.49,0.53,8.17,91.83
2001-08-17,0.5,0.53,6.22,93.78
2001-08-20,0.52,0.48,6.78,93.22
2001-08-21,0.49,0.48,1.98,98.02
2001-08-22,0.51,0.48,4.95,95.05
2001-08-23,0.48,0.48,0.67,99.33
2001-08-24,0.51,0.52,2.45,97.55
2001-08-27,0.51,0.52,3.46,96.54
2001-08-28,0.5,0.49,0.72,99.28
2001-08-29,0.46,0.46,0.42,99.58
2001-08-30,0.43,0.46,5.31,94.69
2001-08-31,0.45,0.46,2.36,97.64
2001-09-04,0.43,0.45,5.77,94.23
2001-09-05,0.38,0.4,5.29,94.71
2001-09-06,0.41,0.44,8.48,91.52
2001-09-07,0.43,0.44,3.89,96.11
2001-09-10,0.43,0.44,2.45,97.55
2001-09-17,0.37,0.44,17.16,82.84
2001-09-18,0.36,0.4,10.49,89.51
2001-09-19,0.37,0.4,10.19,89.81
2001-09-20,0.37,0.4,7.69,92.31
2001-09-21,0.37,0.4,7.69,92.31
2001-09-24,0.37,0.4,7.98,92.02
2001-09-25,0.35,0.4,13.61,86.39
2001-09-26,0.32,0.4,26.85,73.15
2001-09-27,0.31,0.36,15.4,84.6
2001-09-28,0.3,0.36,19.84,80.16
2001-10-01,0.3,0.35,15.0,85.0
2001-10-02,0.3,0.34,10.58,89.42
2001-10-03,0.34,0.35,2.24,97.76
2001-10-04,0.35,0.35,1.82,98.18
2001-10-05,0.36,0.41,14.89,85.11
2001-10-08,0.36,0.41,16.18,83.82
2001-10-09,0.35,0.41,18.52,81.48
2001-10-10,0.36,0.41,13.94,86.06
2001-10-11,0.39,0.43,10.19,89.81
2001-10-12,0.4,0.43,7.19,92.81
2001-10-15,0.44,0.5,12.26,87.74
2001-10-16,0.48,0.53,10.82,89.18
2001-10-17,0.45,0.52,15.98,84.02
2001-10-18,0.42,0.5,18.29,81.71
2001-10-19,0.4,0.48,18.65,81.35
2001-10-22,0.44,0.5,13.67,86.33
2001-10-23,0.48,0.55,15.36,84.64
2001-10-24,0.38,0.43,12.46,87.54
2001-10-25,0.39,0.43,10.58,89.42
2001-10-26,0.38,0.43,13.65,86.35
2001-10-29,0.35,0.43,21.88,78.12
2001-10-30,0.32,0.41,28.85,71.15
2001-10-31,0.35,0.41,18.51,81.49
2001-11-01,0.35,0.4,13.7,86.3
2001-11-02,0.34,0.38,14.72,85.28
2001-11-05,0.35,0.38,10.13,89.87
2001-11-06,0.35,0.38,9.19,90.81
2001-11-07,0.37,0.4,6.35,93.65
2001-11-08,0.35,0.4,13.37,86.63
2001-11-09,0.36,0.38,8.12,91.88
2001-11-12,0.35,0.35,1.96,98.04
2001-11-13,0.36,0.41,13.47,86.53
2001-11-14,0.47,0.48,0.15,99.85
2001-11-15,0.45,0.46,1.52,98.48
2001-11-16,0.45,0.48,6.19,93.81
2001-11-19,0.46,0.52,12.58,87.42
2001-11-20,0.43,0.48,10.51,89.49
2001-11-21,0.44,0.48,8.0,92.0
2001-11-23,0.45,0.55,21.33,78.67
2001-11-26,0.61,0.6,1.57,98.43
2001-11-27,0.57,0.61,5.54,94.46
2001-11-28,0.58,0.59,1.72,98.28
2001-11-29,0.56,0.6,8.46,91.54
2001-11-30,0.57,0.64,13.43,86.57
2001-12-03,0.52,0.62,17.5,82.5
2001-12-04,0.6,0.69,15.68,84.32
2001-12-05,0.59,0.65,10.71,89.29
2001-12-06,0.61,0.69,14.51,85.49
2001-12-07,0.59,0.69,18.32,81.68
2001-12-10,0.58,0.75,28.42,71.58
2001-12-11,0.61,0.77,26.03,73.97
2001-12-12,0.6,0.69,16.33,83.67
2001-12-13,0.54,0.65,19.02,80.98
2001-12-14,0.55,0.57,3.12,96.88
2001-12-17,0.54,0.6,10.7,89.3
2001-12-18,0.54,0.6,10.19,89.81
2001-12-19,0.54,0.6,12.5,87.5
2001-12-20,0.51,0.57,11.75,88.25
2001-12-21,0.5,0.57,14.66,85.34
2001-12-24,0.49,0.49,0.69,99.31
2001-12-26,0.56,0.57,2.56,97.44
2001-12-27,0.53,0.53,0.48,99.52
2001-12-28,0.55,0.55,1.8,98.2
2001-12-31,0.54,0.55,2.55,97.45
2002-01-02,0.55,0.53,3.75,96.25
2002-01-03,0.6,0.56,5.18,94.82
2002-01-04,0.61,0.64,4.18,95.82
2002-01-07,0.62,0.64,3.42,96.58
2002-01-08,0.59,0.65,9.64,90.36
2002-01-09,0.58,0.6,4.0,96.0
2002-01-10,0.55,0.6,8.09,91.91
2002-01-11,0.55,0.6,8.35,91.65
2002-01-14,0.51,0.6,18.04,81.96
2002-01-15,0.51,0.6,15.97,84.03
2002-01-16,0.46,0.53,15.54,84.46
2002-01-17,0.49,0.55,13.93,86.07
2002-01-18,0.51,0.57,12.05,87.95
2002-01-22,0.63,0.68,7.45,92.55
2002-01-23,0.62,0.65,3.94,96.06
2002-01-24,0.7,0.73,4.53,95.47
2002-01-25,0.72,0.73,1.41,98.59
2002-01-28,0.77,0.75,3.48,96.52
2002-01-29,0.71,0.73,2.98,97.02
2002-01-30,0.69,0.73,5.35,94.65
2002-01-31,0.71,0.75,5.43,94.57
2002-02-01,0.69,0.73,6.66,93.34
2002-02-04,0.63,0.73,16.87,83.13
2002-02-05,0.57,0.71,22.66,77.34
2002-02-06,0.56,0.7,24.93,75.07
2002-02-07,0.56,0.71,25.5,74.5
2002-02-08,0.63,0.73,16.97,83.03
2002-02-11,0.67,0.7,5.63,94.37
2002-02-12,0.64,0.7,8.91,91.09
2002-02-13,0.66,0.66,1.02,98.98
2002-02-14,0.69,0.66,5.23,94.77
2002-02-15,0.67,0.61,8.75,91.25
2002-02-19,0.65,0.64,1.74,98.26
2002-02-20,0.65,0.65,0.87,99.13
2002-02-21,0.66,0.65,1.42,98.58
2002-02-22,0.65,0.66,0.64,99.36
2002-02-25,0.69,0.7,2.45,97.55
2002-02-26,0.72,0.77,7.47,92.53
2002-02-27,0.71,0.77,8.45,91.55
2002-02-28,0.7,0.82,15.99,84.01
2002-03-01,0.77,0.82,6.27,93.73
2002-03-04,0.82,0.82,0.46,99.54
2002-03-05,0.8,0.82,2.41,97.59
2002-03-06,0.82,0.82,0.15,99.85
2002-03-07,0.78,0.78,0.3,99.7
2002-03-08,0.82,0.82,0.03,99.97
2002-03-11,0.84,0.84,0.13,99.87
2002-03-12,0.82,0.87,7.0,93.0
2002-03-13,0.79,0.85,7.92,92.08
2002-03-14,0.72,0.81,11.42,88.58
2002-03-15,0.7,0.8,14.58,85.42
2002-03-18,0.75,0.8,7.1,92.9
2002-03-19,0.73,0.8,9.66,90.34
2002-03-20,0.73,0.8,10.87,89.13
2002-03-21,0.76,0.82,8.49,91.51
2002-03-22,0.78,0.78,0.12,99.88
2002-03-25,0.74,0.78,6.41,93.59
2002-03-26,0.74,0.77,3.49,96.51
2002-03-27,0.71,0.78,10.07,89.93
2002-03-28,0.71,0.7,1.82,98.18
2002-04-01,0.74,0.7,5.14,94.86
2002-04-02,0.71,0.68,4.71,95.29
2002-04-03,0.68,0.68,0.67,99.33
2002-04-04,0.68,0.71,4.33,95.67
2002-04-05,0.68,0.72,7.38,92.62
2002-04-08,0.7,0.69,1.15,98.85
2002-04-09,0.68,0.69,1.4,98.6
2002-04-10,0.67,0.69,2.3,97.7
2002-04-11,0.64,0.62,2.83,97.17
2002-04-12,0.67,0.62,6.99,93.01
2002-04-15,0.69,0.69,1.27,98.73
2002-04-16,0.7,0.69,2.12,97.88
2002-04-17,0.74,0.75,1.45,98.55
2002-04-18,0.71,0.75,5.03,94.97
2002-04-19,0.73,0.74,1.86,98.14
2002-04-22,0.72,0.75,4.67,95.33
2002-04-23,0.7,0.75,6.53,93.47
2002-04-24,0.84,0.82,2.59,97.41
2002-04-25,0.84,0.82,2.77,97.23
2002-04-26,0.85,0.87,3.21,96.79
2002-04-29,0.81,0.85,4.99,95.01
2002-04-30,0.83,0.87,4.57,95.43
2002-05-01,0.82,0.89,8.12,91.88
2002-05-02,0.82,0.87,6.94,93.06
2002-05-03,0.8,0.85,5.84,94.16
2002-05-06,0.81,0.85,5.38,94.62
2002-05-07,0.81,0.83,3.48,96.52
2002-05-08,0.87,0.88,1.05,98.95
2002-05-09,0.89,0.9,1.05,98.95
2002-05-10,0.85,0.87,2.72,97.28
2002-05-13,0.87,0.95,10.08,89.92
2002-05-14,0.94,0.93,1.12,98.88
2002-05-15,1.0,0.95,4.39,95.61
2002-05-16,0.98,0.93,5.15,94.85
2002-05-17,0.96,1.01,5.61,94.39
2002-05-20,0.97,1.01,4.36,95.64
2002-05-21,0.94,0.99,5.38,94.62
2002-05-22,0.94,0.99,5.44,94.56
2002-05-23,0.97,1.01,4.04,95.96
2002-05-24,0.97,1.01,3.93,96.07
2002-05-28,0.95,0.99,4.16,95.84
2002-05-29,0.95,0.97,2.87,97.13
2002-05-30,0.92,0.92,0.11,99.89
2002-05-31,0.91,0.94,3.54,96.46
2002-06-03,0.9,0.92,2.4,97.6
2002-06-04,0.9,0.85,5.34,94.66
2002-06-05,0.9,0.79,12.45,87.55
2002-06-06,0.91,0.79,13.32,86.68
2002-06-07,0.93,0.87,5.95,94.05
2002-06-10,0.87,0.79,8.96,91.04
2002-06-11,0.86,0.79,8.11,91.89
2002-06-12,0.85,0.79,7.79,92.21
2002-06-13,0.87,0.79,9.64,90.36
2002-06-14,0.84,0.77,7.92,92.08
2002-06-17,0.92,0.86,6.04,93.96
2002-06-18,0.94,0.91,2.85,97.15
2002-06-19,0.92,0.91,0.14,99.86
2002-06-20,0.88,0.87,0.97,99.03
2002-06-21,0.88,0.87,0.85,99.15
2002-06-24,0.88,0.87,0.74,99.26
2002-06-25,0.77,0.82,7.32,92.68
2002-06-26,0.79,0.82,3.87,96.13
2002-06-27,0.79,0.82,3.8,96.2
2002-06-28,0.81,0.85,4.68,95.32
2002-07-01,0.68,0.76,12.38,87.62
2002-07-02,0.67,0.66,0.64,99.36
2002-07-03,0.71,0.76,7.32,92.68
2002-07-05,0.76,0.77,1.12,98.88
2002-07-08,0.75,0.74,1.16,98.84
2002-07-09,0.78,0.74,4.92,95.08
2002-07-10,0.75,0.74,0.85,99.15
2002-07-11,0.78,0.75,3.25,96.75
2002-07-12,0.77,0.72,6.55,93.45
2002-07-15,0.8,0.75,6.1,93.9
2002-07-16,0.81,0.83,1.57,98.43
2002-07-17,0.81,0.82,2.03,97.97
2002-07-18,0.78,0.82,5.84,94.16
2002-07-19,0.76,0.78,1.45,98.55
2002-07-22,0.77,0.92,18.62,81.38
2002-07-23,0.73,0.87,20.22,79.78
2002-07-24,0.7,0.82,16.72,83.28
2002-07-25,0.62,0.63,1.03,98.97
2002-07-26,0.65,0.71,10.31,89.69
2002-07-29,0.72,0.74,3.36,96.64
2002-07-30,0.74,0.8,8.63,91.37
2002-07-31,0.72,0.74,2.5,97.5
2002-08-01,0.71,0.74,4.6,95.4
2002-08-02,0.69,0.66,4.87,95.13
2002-08-05,0.64,0.62,3.81,96.19
2002-08-06,0.69,0.66,4.18,95.82
2002-08-07,0.68,0.66,3.19,96.81
2002-08-08,0.69,0.69,1.34,98.66
2002-08-09,0.71,0.69,3.83,96.17
2002-08-12,0.72,0.75,3.58,96.42
2002-08-13,0.7,0.75,7.3,92.7
2002-08-14,0.7,0.78,11.96,88.04
2002-08-15,0.73,0.78,6.52,93.48
2002-08-16,0.75,0.75,0.91,99.09
2002-08-19,0.77,0.75,3.0,97.0
2002-08-20,0.8,0.78,2.55,97.45
2002-08-21,0.77,0.75,2.5,97.5
2002-08-22,0.79,0.79,1.01,98.99
2002-08-23,0.76,0.87,15.04,84.96
2002-08-26,0.75,0.83,11.66,88.34
2002-08-27,0.73,0.8,10.84,89.16
2002-08-28,0.73,0.75,3.19,96.81
2002-08-29,0.76,0.81,6.56,93.44
2002-08-30,0.75,0.83,10.75,89.25
2002-09-03,0.73,0.83,13.33,86.67
2002-09-04,0.74,0.83,11.31,88.69
2002-09-05,0.71,0.75,4.96,95.04
2002-09-06,0.77,0.85,10.7,89.3
2002-09-09,0.83,0.88,6.19,93.81
2002-09-10,0.86,0.83,3.64,96.36
2002-09-11,0.86,0.87,1.21,98.79
2002-09-12,0.84,0.88,4.67,95.33
2002-09-13,0.83,0.9,8.79,91.21
2002-09-16,0.84,0.92,10.03,89.97
2002-09-17,0.87,0.95,8.94,91.06
2002-09-18,0.89,0.96,8.45,91.55
2002-09-19,0.86,0.92,6.83,93.17
2002-09-20,0.79,0.88,10.54,89.46
2002-09-23,0.8,0.87,8.99,91.01
2002-09-24,0.8,0.88,10.06,89.94
2002-09-25,0.79,0.91,16.24,83.76
2002-09-26,0.86,0.91,6.61,93.39
2002-09-27,0.85,0.86,0.56,99.44
2002-09-30,0.8,0.78,2.67,97.33
2002-10-01,0.85,0.85,0.73,99.27
2002-10-02,0.85,0.86,0.56,99.44
2002-10-03,0.84,0.86,2.12,97.88
2002-10-04,0.83,0.85,3.17,96.83
2002-10-07,0.83,0.81,2.58,97.42
2002-10-08,0.85,0.81,4.79,95.21
2002-10-09,0.84,0.81,3.85,96.15
2002-10-10,0.9,0.93,3.56,96.44
2002-10-11,0.92,0.93,1.21,98.79
2002-10-14,0.96,0.96,0.44,99.56
2002-10-15,0.95,1.01,6.84,93.16
2002-10-16,0.97,0.99,1.87,98.13
2002-10-17,0.94,0.97,3.81,96.19
2002-10-18,0.95,1.03,8.25,91.75
2002-10-21,0.96,1.01,5.06,94.94
2002-10-22,0.97,1.01,4.41,95.59
2002-10-23,0.99,1.03,4.36,95.64
2002-10-24,0.99,1.11,11.95,88.05
2002-10-25,0.96,1.08,11.96,88.04
2002-10-28,0.93,1.04,12.03,87.97
2002-10-29,0.93,1.05,13.41,86.59
2002-10-30,0.95,1.01,6.12,93.88
2002-10-31,0.97,1.01,4.59,95.41
2002-11-01,0.99,1.04,4.81,95.19
2002-11-04,0.94,1.0,6.93,93.07
2002-11-05,0.94,0.94,0.68,99.32
2002-11-06,0.97,1.04,7.31,92.69
2002-11-07,0.96,1.01,5.19,94.81
2002-11-08,0.98,1.01,3.09,96.91
2002-11-11,0.95,0.96,1.15,98.85
2002-11-12,0.99,1.01,1.47,98.53
2002-11-13,1.02,1.01,1.46,98.54
2002-11-14,1.06,1.08,1.48,98.52
2002-11-15,1.11,1.12,1.07,98.93
2002-11-18,1.12,1.12,0.13,99.87
2002-11-19,1.06,1.08,1.1,98.9
2002-11-20,1.14,1.1,3.62,96.38
2002-11-21,1.17,1.1,5.68,94.32
2002-11-22,1.2,1.13,5.39,94.61
2002-11-25,1.21,1.22,0.5,99.5
2002-11-26,1.17,1.19,1.47,98.53
2002-11-27,1.2,1.21,0.17,99.83
2002-11-29,1.17,1.19,1.69,98.31
2002-12-02,1.21,1.21,0.05,99.95
2002-12-03,1.19,1.28,7.71,92.29
2002-12-04,1.17,1.26,7.34,92.66
2002-12-05,1.13,1.21,7.41,92.59
2002-12-06,1.13,1.18,4.43,95.57
2002-12-09,1.08,1.14,4.78,95.22
2002-12-10,1.09,1.18,8.01,91.99
2002-12-11,1.11,1.14,2.65,97.35
2002-12-12,1.12,1.12,0.21,99.79
2002-12-13,1.11,1.07,3.48,96.52
2002-12-16,1.13,1.07,4.89,95.11
2002-12-17,1.12,1.12,0.5,99.5
2002-12-18,1.11,1.07,3.43,96.57
2002-12-19,1.08,1.07,1.3,98.7
2002-12-20,1.1,1.03,5.96,94.04
2002-12-23,1.11,1.07,3.74,96.26
2002-12-24,1.09,1.07,2.16,97.84
2002-12-26,1.01,0.94,7.41,92.59
2002-12-27,0.94,0.93,1.34,98.66
2002-12-30,0.96,0.94,2.36,97.64
2002-12-31,0.94,0.94,0.5,99.5
2003-01-02,0.98,0.94,3.96,96.04
2003-01-03,1.03,0.9,12.73,87.27
2003-01-06,1.03,0.93,10.57,89.43
2003-01-07,1.08,1.04,3.44,96.56
2003-01-08,1.05,0.94,10.33,89.67
2003-01-09,1.07,1.04,2.61,97.39
2003-01-10,1.07,1.08,1.35,98.65
2003-01-13,1.1,1.09,1.16,98.84
2003-01-14,1.14,1.09,4.2,95.8
2003-01-15,1.11,1.09,2.18,97.82
2003-01-16,1.09,1.12,2.69,97.31
2003-01-17,1.07,1.16,8.78,91.22
2003-01-21,1.05,1.15,8.93,91.07
2003-01-22,1.06,1.16,9.97,90.03
2003-01-23,1.09,1.16,6.84,93.16
2003-01-24,1.11,1.15,3.86,96.14
2003-01-27,1.09,1.12,2.78,97.22
2003-01-28,1.08,1.09,0.76,99.24
2003-01-29,1.1,1.12,1.39,98.61
2003-01-30,1.09,1.09,0.16,99.84
2003-01-31,1.09,1.1,0.23,99.77
2003-02-03,1.11,1.09,1.69,98.31
2003-02-04,1.1,1.03,6.94,93.06
2003-02-05,1.11,1.09,1.88,98.12
2003-02-06,1.1,1.09,1.38,98.62
2003-02-07,1.07,1.09,1.61,98.39
2003-02-10,1.07,1.1,2.34,97.66
2003-02-11,1.04,1.04,0.53,99.47
2003-02-12,1.06,1.03,2.88,97.12
2003-02-13,1.0,0.94,6.3,93.7
2003-02-14,1.0,0.94,6.3,93.7
2003-02-18,1.07,1.08,1.01,98.99
2003-02-19,1.06,1.03,3.16,96.84
2003-02-20,1.07,1.04,2.2,97.8
2003-02-21,1.09,1.09,0.02,99.98
2003-02-24,1.09,1.04,4.08,95.92
2003-02-25,1.09,1.09,0.58,99.42
2003-02-26,1.08,1.04,3.46,96.54
2003-02-27,1.08,1.04,3.38,96.62
2003-02-28,1.1,1.12,1.89,98.11
2003-03-03,1.09,1.09,0.11,99.89
2003-03-04,1.11,1.16,4.53,95.47
2003-03-05,1.12,1.16,3.47,96.53
2003-03-06,1.13,1.22,7.41,92.59
2003-03-07,1.15,1.22,6.1,93.9
2003-03-10,1.14,1.21,5.43,94.57
2003-03-11,1.14,1.17,2.74,97.26
2003-03-12,1.17,1.31,12.15,87.85
2003-03-13,1.22,1.31,7.28,92.72
2003-03-14,1.24,1.31,6.02,93.98
2003-03-17,1.33,1.31,1.33,98.67
2003-03-18,1.34,1.44,7.69,92.31
2003-03-19,1.33,1.31,1.29,98.71
2003-03-20,1.37,1.44,5.06,94.94
2003-03-21,1.4,1.44,3.26,96.74
2003-03-24,1.31,1.4,6.94,93.06
2003-03-25,1.35,1.4,4.27,95.73
2003-03-26,1.39,1.4,1.04,98.96
2003-03-27,1.39,1.4,1.01,98.99
2003-03-28,1.36,1.39,2.0,98.0
2003-03-31,1.3,1.36,4.52,95.48
2003-04-01,1.28,1.34,5.29,94.71
2003-04-02,1.32,1.32,0.25,99.75
2003-04-03,1.33,1.32,1.26,98.74
2003-04-04,1.31,1.28,2.61,97.39
2003-04-07,1.34,1.29,4.13,95.87
2003-04-08,1.33,1.29,3.04,96.96
2003-04-09,1.25,1.18,6.19,93.81
2003-04-10,1.28,1.2,6.89,93.11
2003-04-11,1.29,1.24,3.62,96.38
2003-04-14,1.25,1.2,4.59,95.41
2003-04-15,1.26,1.17,6.71,93.29
2003-04-16,1.22,1.14,6.8,93.2
2003-04-17,1.25,1.18,5.93,94.07
2003-04-21,1.26,1.24,1.71,98.29
2003-04-22,1.28,1.29,0.52,99.48
2003-04-23,1.27,1.22,3.86,96.14
2003-04-24,1.26,1.2,4.85,95.15
2003-04-25,1.45,1.36,6.37,93.63
2003-04-28,1.46,1.42,2.62,97.38
2003-04-29,1.44,1.42,1.88,98.12
2003-04-30,1.43,1.46,1.53,98.47
2003-05-01,1.43,1.46,1.64,98.36
2003-05-02,1.47,1.46,1.02,98.98
2003-05-05,1.5,1.49,0.69,99.31
2003-05-06,1.54,1.55,0.13,99.87
2003-05-07,1.53,1.55,0.72,99.28
2003-05-08,1.52,1.55,1.55,98.45
2003-05-09,1.55,1.55,0.12,99.88
2003-05-12,1.59,1.69,6.54,93.46
2003-05-13,1.65,1.69,2.5,97.5
2003-05-14,1.63,1.69,3.6,96.4
2003-05-15,1.63,1.69,3.5,96.5
2003-05-16,1.65,1.69,2.19,97.81
2003-05-19,1.58,1.63,3.56,96.44
2003-05-20,1.57,1.64,4.09,95.91
2003-05-21,1.59,1.67,5.2,94.8
2003-05-22,1.65,1.67,1.21,98.79
2003-05-23,1.64,1.65,0.66,99.34
2003-05-27,1.74,1.67,4.16,95.84
2003-05-28,1.74,1.67,4.05,95.95
2003-05-29,1.78,1.69,4.99,95.01
2003-05-30,1.79,1.85,3.05,96.95
2003-06-02,1.77,1.83,3.42,96.58
2003-06-03,1.76,1.81,2.59,97.41
2003-06-04,1.77,1.81,2.37,97.63
2003-06-05,1.78,1.81,1.99,98.01
2003-06-06,1.67,1.73,3.58,96.42
2003-06-09,1.68,1.79,6.38,93.62
2003-06-10,1.7,1.81,6.09,93.91
2003-06-11,1.73,1.81,4.31,95.69
2003-06-12,1.76,1.8,2.41,97.59
2003-06-13,1.71,1.77,3.74,96.26
2003-06-16,1.79,1.78,0.47,99.53
2003-06-17,1.79,1.78,0.47,99.53
2003-06-18,1.79,1.76,2.06,97.94
2003-06-19,1.77,1.71,3.62,96.38
2003-06-20,1.75,1.75,0.31,99.69
2003-06-23,1.78,1.76,1.32,98.68
2003-06-24,1.77,1.76,0.82,99.18
2003-06-25,1.77,1.75,0.88,99.12
2003-06-26,1.84,1.86,1.42,98.58
2003-06-27,1.82,1.84,1.31,98.69
2003-06-30,1.82,1.84,1.25,98.75
2003-07-01,1.86,1.84,1.28,98.72
2003-07-02,1.89,1.84,2.84,97.16
2003-07-03,1.9,1.91,0.99,99.01
2003-07-07,1.95,1.9,2.57,97.43
2003-07-08,2.03,2.04,0.54,99.46
2003-07-09,2.03,2.07,2.44,97.56
2003-07-10,1.91,2.0,4.49,95.51
2003-07-11,1.88,1.99,5.93,94.07
2003-07-14,1.96,2.0,1.77,98.23
2003-07-15,1.92,1.98,3.18,96.82
2003-07-16,1.88,1.95,3.41,96.59
2003-07-17,1.82,1.91,5.37,94.63
2003-07-18,1.75,1.84,5.26,94.74
2003-07-21,1.77,1.87,5.88,94.12
2003-07-22,1.74,1.81,3.57,96.43
2003-07-23,2.01,1.95,2.91,97.09
2003-07-24,2.07,1.95,5.67,94.33
2003-07-25,2.08,1.99,4.26,95.74
2003-07-28,2.1,2.0,5.06,94.94
2003-07-29,2.07,1.99,3.76,96.24
2003-07-30,2.03,2.03,0.3,99.7
2003-07-31,2.08,2.06,1.1,98.9
2003-08-01,2.0,1.99,0.49,99.51
2003-08-04,1.98,1.99,0.46,99.54
2003-08-05,1.93,1.99,3.01,96.99
2003-08-06,1.95,2.02,4.0,96.0
2003-08-07,1.95,2.07,6.38,93.62
2003-08-08,1.96,2.07,6.0,94.0
2003-08-11,1.95,2.03,4.49,95.51
2003-08-12,1.99,1.95,2.18,97.82
2003-08-13,2.01,1.86,7.58,92.42
2003-08-14,2.02,1.86,7.79,92.21
2003-08-15,2.01,1.81,9.67,90.33
2003-08-18,2.15,2.12,1.61,98.39
2003-08-19,2.18,2.17,0.56,99.44
2003-08-20,2.19,2.15,1.72,98.28
2003-08-21,2.29,2.24,1.87,98.13
2003-08-22,2.26,2.24,0.83,99.17
2003-08-25,2.29,2.28,0.4,99.6
2003-08-26,2.3,2.36,2.71,97.29
2003-08-27,2.29,2.36,2.82,97.18
2003-08-28,2.3,2.36,2.68,97.32
2003-08-29,2.32,2.49,7.55,92.45
2003-09-02,2.37,2.49,5.25,94.75
2003-09-03,2.31,2.36,2.13,97.87
2003-09-04,2.36,2.36,0.25,99.75
2003-09-05,2.33,2.36,1.4,98.6
2003-09-08,2.36,2.31,2.35,97.65
2003-09-09,2.33,2.28,2.2,97.8
2003-09-10,2.31,2.27,1.91,98.09
2003-09-11,2.26,2.15,4.64,95.36
2003-09-12,2.28,2.2,3.71,96.29
2003-09-15,2.28,2.19,3.74,96.26
2003-09-16,2.31,2.2,4.87,95.13
2003-09-17,2.31,2.2,4.71,95.29
2003-09-18,2.39,2.42,1.2,98.8
2003-09-19,2.38,2.42,1.81,98.19
2003-09-22,2.37,2.39,0.7,99.3
2003-09-23,2.52,2.5,1.01,98.99
2003-09-24,2.48,2.5,0.88,99.12
2003-09-25,2.5,2.52,0.62,99.38
2003-09-26,2.43,2.47,1.6,98.4
2003-09-29,2.49,2.5,0.37,99.63
2003-09-30,2.42,2.58,6.41,93.59
2003-10-01,2.46,2.63,6.95,93.05
2003-10-02,2.5,2.63,4.88,95.12
2003-10-03,2.64,2.69,1.77,98.23
2003-10-06,2.71,2.73,0.8,99.2
2003-10-07,2.75,2.73,0.59,99.41
2003-10-08,2.79,2.75,1.15,98.85
2003-10-09,2.89,2.77,4.41,95.59
2003-10-10,2.9,2.77,4.74,95.26
2003-10-13,2.91,2.75,5.56,94.44
2003-10-14,3.0,2.97,0.87,99.13
2003-10-15,2.93,2.96,1.01,98.99
2003-10-16,3.0,2.97,0.87,99.13
2003-10-17,2.98,2.97,0.5,99.5
2003-10-20,2.98,3.02,1.5,98.5
2003-10-21,2.97,3.02,1.91,98.09
2003-10-22,2.7,2.93,8.55,91.45
2003-10-23,2.72,2.82,3.74,96.26
2003-10-24,2.73,2.81,3.17,96.83
2003-10-27,2.74,2.78,1.29,98.71
2003-10-28,2.84,2.76,2.8,97.2
2003-10-29,2.83,2.65,6.6,93.4
2003-10-30,2.79,2.6,6.72,93.28
2003-10-31,2.72,2.64,2.99,97.01
2003-11-03,2.84,2.67,5.88,94.12
2003-11-04,2.84,2.7,4.98,95.02
2003-11-05,2.84,2.64,6.94,93.06
2003-11-06,2.75,2.64,3.98,96.02
2003-11-07,2.72,2.64,2.77,97.23
2003-11-10,2.6,2.49,4.07,95.93
2003-11-11,2.61,2.6,0.29,99.71
2003-11-12,2.71,2.72,0.49,99.51
2003-11-13,2.74,2.76,0.62,99.38
2003-11-14,2.62,2.6,0.7,99.3
2003-11-17,2.52,2.49,0.98,99.02
2003-11-18,2.42,2.49,2.82,97.18
2003-11-19,2.48,2.56,3.25,96.75
2003-11-20,2.44,2.56,4.69,95.31
2003-11-21,2.43,2.29,5.75,94.25
2003-11-24,2.57,2.35,8.32,91.68
2003-11-25,2.62,2.37,9.56,90.44
2003-11-26,2.65,2.41,8.82,91.18
2003-11-28,2.7,2.72,0.79,99.21
2003-12-01,2.73,2.82,3.26,96.74
2003-12-02,2.7,2.76,2.46,97.54
2003-12-03,2.58,2.6,1.11,98.89
2003-12-04,2.59,2.6,0.54,99.46
2003-12-05,2.58,2.68,3.83,96.17
2003-12-08,2.55,2.55,0.04,99.96
2003-12-09,2.47,2.55,3.48,96.52
2003-12-10,2.46,2.52,2.27,97.73
2003-12-11,2.54,2.59,1.89,98.11
2003-12-12,2.55,2.63,3.15,96.85
2003-12-15,2.52,2.47,1.9,98.1
2003-12-16,2.47,2.35,4.93,95.07
2003-12-17,2.38,2.29,3.77,96.23
2003-12-18,2.44,2.29,6.08,93.92
2003-12-19,2.46,2.29,7.02,92.98
2003-12-22,2.49,2.35,5.67,94.33
2003-12-23,2.62,2.55,2.71,97.29
2003-12-24,2.67,2.58,3.04,96.96
2003-12-26,2.67,2.59,3.19,96.81
2003-12-29,2.67,2.63,1.63,98.37
2003-12-30,2.64,2.69,1.81,98.19
2003-12-31,2.63,2.69,2.22,97.78
2004-01-02,2.6,2.56,1.4,98.6
2004-01-05,2.66,2.63,1.26,98.74
2004-01-06,2.65,2.67,0.83,99.17
2004-01-07,2.6,2.65,1.97,98.03
2004-01-08,2.51,2.67,6.43,93.57
2004-01-09,2.58,2.67,3.65,96.35
2004-01-12,2.65,2.69,1.58,98.42
2004-01-13,2.75,2.69,2.05,97.95
2004-01-14,2.79,2.88,3.14,96.86
2004-01-15,2.81,2.88,2.44,97.56
2004-01-16,2.79,2.83,1.72,98.28
2004-01-20,2.83,2.88,1.66,98.34
2004-01-21,2.81,2.88,2.4,97.6
2004-01-22,2.86,2.89,1.2,98.8
2004-01-23,2.86,2.92,2.14,97.86
2004-01-26,2.85,2.89,1.47,98.53
2004-01-27,2.79,2.88,3.25,96.75
2004-01-28,2.6,2.72,4.75,95.25
2004-01-29,2.46,2.68,8.76,91.24
2004-01-30,2.52,2.68,6.22,93.78
2004-02-02,2.41,2.56,5.95,94.05
2004-02-03,2.25,2.29,1.88,98.12
2004-02-04,2.27,2.28,0.45,99.55
2004-02-05,2.3,2.28,0.96,99.04
2004-02-06,2.32,2.29,1.22,98.78
2004-02-09,2.29,2.28,0.58,99.42
2004-02-10,2.28,2.28,0.01,99.99
2004-02-11,2.36,2.18,7.49,92.51
2004-02-12,2.35,2.17,7.73,92.27
2004-02-13,2.32,2.17,6.38,93.62
2004-02-17,2.28,2.17,4.63,95.37
2004-02-18,2.24,2.18,2.81,97.19
2004-02-19,2.23,2.22,0.63,99.37
2004-02-20,2.26,2.16,4.28,95.72
2004-02-23,2.2,2.16,1.66,98.34
2004-02-24,2.12,2.23,5.18,94.82
2004-02-25,2.15,2.23,3.66,96.34
2004-02-26,2.18,2.23,1.98,98.02
2004-02-27,2.15,2.23,3.5,96.5
2004-03-01,2.15,2.23,3.59,96.41
2004-03-02,2.1,2.02,3.91,96.09
2004-03-03,2.16,1.97,8.68,91.32
2004-03-04,2.22,2.04,8.31,91.69
2004-03-05,2.2,2.05,6.8,93.2
2004-03-08,2.17,2.07,5.05,94.95
2004-03-09,2.14,2.07,3.29,96.71
2004-03-10,2.08,2.04,2.05,97.95
2004-03-11,2.06,2.04,1.4,98.6
2004-03-12,2.12,2.08,1.89,98.11
2004-03-15,2.05,2.1,2.06,97.94
2004-03-16,2.11,2.13,1.11,98.89
2004-03-17,2.14,2.09,2.4,97.6
2004-03-18,2.15,2.13,0.79,99.21
2004-03-19,2.14,2.13,0.38,99.62
2004-03-22,2.04,2.06,0.83,99.17
2004-03-23,2.01,1.99,0.87,99.13
2004-03-24,1.98,1.97,0.52,99.48
2004-03-25,2.1,2.04,2.79,97.21
2004-03-26,2.09,2.04,2.11,97.89
2004-03-29,2.14,2.13,0.21,99.79
2004-03-30,2.19,2.17,1.06,98.94
2004-03-31,2.16,2.17,0.22,99.78
2004-04-01,2.24,2.17,3.14,96.86
2004-04-02,2.3,2.24,2.8,97.2
2004-04-05,2.35,2.29,2.61,97.39
2004-04-06,2.32,2.28,1.7,98.3
2004-04-07,2.29,2.27,1.12,98.88
2004-04-08,2.4,2.28,5.09,94.91
2004-04-12,2.4,2.35,2.16,97.84
2004-04-13,2.33,2.31,0.99,99.01
2004-04-14,2.34,2.35,0.29,99.71
2004-04-15,2.35,2.31,1.86,98.14
2004-04-16,2.28,2.28,0.33,99.67
2004-04-19,2.36,2.47,5.0,95.0
2004-04-20,2.26,2.4,6.01,93.99
2004-04-21,2.29,2.42,6.0,94.0
2004-04-22,2.44,2.46,0.59,99.41
2004-04-23,2.31,2.39,3.26,96.74
2004-04-26,2.36,2.39,1.17,98.83
2004-04-27,2.4,2.4,0.17,99.83
2004-04-28,2.35,2.39,1.77,98.23
2004-04-29,2.31,2.29,0.97,99.03
2004-04-30,2.18,2.25,2.99,97.01
2004-05-03,2.22,2.29,3.0,97.0
2004-05-04,2.2,2.27,3.42,96.58
2004-05-05,2.21,2.27,2.69,97.31
2004-05-06,2.16,2.1,2.81,97.19
2004-05-07,2.1,2.04,2.86,97.14
2004-05-10,2.06,2.05,0.41,99.59
2004-05-11,2.13,2.08,2.48,97.52
2004-05-12,2.15,1.97,8.36,91.64
2004-05-13,2.18,2.05,5.77,94.23
2004-05-14,2.15,2.04,5.46,94.54
2004-05-17,2.1,1.97,6.31,93.69
2004-05-18,2.1,1.97,6.11,93.89
2004-05-19,2.08,1.97,5.43,94.57
2004-05-20,2.05,2.04,0.68,99.32
2004-05-21,2.06,2.02,1.95,98.05
2004-05-24,2.08,1.99,4.2,95.8
2004-05-25,2.18,2.11,3.09,96.91
2004-05-26,2.23,2.17,2.95,97.05
2004-05-27,2.38,2.24,5.82,94.18
2004-05-28,2.42,2.36,2.74,97.26
2004-06-01,2.51,2.36,6.09,93.91
2004-06-02,2.52,2.36,6.31,93.69
2004-06-03,2.47,2.5,1.07,98.93
2004-06-04,2.55,2.55,0.07,99.93
2004-06-07,2.59,2.59,0.24,99.76
2004-06-08,2.6,2.59,0.11,99.89
2004-06-09,2.51,2.59,3.27,96.73
2004-06-10,2.5,2.7,8.24,91.76
2004-06-14,2.46,2.69,9.25,90.75
2004-06-15,2.51,2.69,7.38,92.62
2004-06-16,2.53,2.73,7.94,92.06
2004-06-17,2.49,2.67,7.29,92.71
2004-06-18,2.48,2.62,5.47,94.53
2004-06-21,2.49,2.48,0.49,99.51
2004-06-22,2.45,2.29,6.48,93.52
2004-06-23,2.54,2.44,3.79,96.21
2004-06-24,2.55,2.51,1.65,98.35
2004-06-25,2.59,2.45,5.4,94.6
2004-06-28,2.67,2.51,6.02,93.98
2004-06-29,2.69,2.52,6.12,93.88
2004-06-30,2.72,2.71,0.27,99.73
2004-07-01,2.63,2.67,1.73,98.27
2004-07-02,2.63,2.69,2.28,97.72
2004-07-06,2.56,2.58,0.9,99.1
2004-07-07,2.55,2.55,0.11,99.89
2004-07-08,2.47,2.52,1.65,98.35
2004-07-09,2.42,2.44,1.13,98.87
2004-07-12,2.45,2.47,0.82,99.18
2004-07-13,2.48,2.55,2.94,97.06
2004-07-14,2.47,2.31,6.84,93.16
2004-07-15,2.43,2.27,6.53,93.47
2004-07-16,2.36,2.18,7.41,92.59
2004-07-19,2.3,2.17,5.64,94.36
2004-07-20,2.35,2.18,7.19,92.81
2004-07-21,2.24,2.1,6.01,93.99
2004-07-22,2.29,2.17,5.23,94.77
2004-07-23,2.0,2.1,4.81,95.19
2004-07-26,1.94,2.1,8.05,91.95
2004-07-27,1.96,2.16,10.55,89.45
2004-07-28,1.9,1.96,3.33,96.67
2004-07-29,1.93,1.97,2.19,97.81
2004-07-30,1.95,1.96,0.81,99.19
2004-08-02,1.91,1.96,2.44,97.56
2004-08-03,1.88,1.9,0.78,99.22
2004-08-04,1.86,1.85,0.1,99.9
2004-08-05,1.78,1.8,1.3,98.7
2004-08-06,1.77,1.87,5.18,94.82
2004-08-09,1.77,1.8,2.08,97.92
2004-08-10,1.86,1.88,1.13,98.87
2004-08-11,1.83,1.87,2.1,97.9
2004-08-12,1.81,1.74,3.91,96.09
2004-08-13,1.81,1.81,0.04,99.96
2004-08-16,1.9,1.87,1.52,98.48
2004-08-17,1.91,1.95,2.05,97.95
2004-08-18,1.97,1.95,0.88,99.12
2004-08-19,1.93,1.95,0.91,99.09
2004-08-20,1.98,1.98,0.36,99.64
2004-08-23,1.97,1.98,0.58,99.42
2004-08-24,1.95,1.98,1.61,98.39
2004-08-25,2.02,2.1,4.09,95.91
2004-08-26,2.01,2.1,4.38,95.62
2004-08-27,2.0,2.06,3.24,96.76
2004-08-30,1.92,1.98,3.51,96.49
2004-08-31,1.91,1.98,4.03,95.97
2004-09-01,1.91,2.02,5.55,94.45
2004-09-02,1.96,2.03,3.82,96.18
2004-09-03,1.94,1.96,1.0,99.0
2004-09-07,1.93,1.95,1.31,98.69
2004-09-08,1.9,1.86,2.23,97.77
2004-09-09,1.9,1.91,0.13,99.87
2004-09-10,1.93,1.86,3.65,96.35
2004-09-13,2.0,1.95,2.49,97.51
2004-09-14,2.13,2.03,4.67,95.33
2004-09-15,2.11,2.02,4.38,95.62
2004-09-16,2.13,2.15,1.03,98.97
2004-09-17,2.15,2.17,0.85,99.15
2004-09-20,2.16,2.24,3.64,96.36
2004-09-21,2.16,2.24,3.6,96.4
2004-09-22,2.07,2.21,6.69,93.31
2004-09-23,2.09,2.2,5.34,94.66
2004-09-24,2.05,2.19,7.06,92.94
2004-09-27,2.0,2.16,8.0,92.0
2004-09-28,1.97,2.16,9.36,90.64
2004-09-29,2.04,2.19,7.32,92.68
2004-09-30,2.04,2.16,5.6,94.4
2004-10-01,2.02,2.12,4.97,95.03
2004-10-04,2.05,2.01,1.74,98.26
2004-10-05,2.05,2.03,0.8,99.2
2004-10-06,2.07,1.99,3.75,96.25
2004-10-07,2.06,1.96,4.59,95.41
2004-10-08,2.0,1.82,9.19,90.81
2004-10-11,2.01,1.93,4.02,95.98
2004-10-12,2.01,1.99,1.02,98.98
2004-10-13,2.0,1.94,2.77,97.23
2004-10-14,1.96,1.94,0.59,99.41
2004-10-15,1.93,1.96,1.85,98.15
2004-10-18,1.96,2.08,6.01,93.99
2004-10-19,1.92,1.88,1.92,98.08
2004-10-20,1.92,1.88,1.97,98.03
2004-10-21,1.97,1.99,0.86,99.14
2004-10-22,1.73,1.74,0.46,99.54
2004-10-25,1.7,1.78,4.74,95.26
2004-10-26,1.69,1.67,1.2,98.8
2004-10-27,1.71,1.7,0.53,99.47
2004-10-28,1.72,1.71,0.62,99.38
2004-10-29,1.71,1.71,0.31,99.69
2004-11-01,1.75,1.71,2.46,97.54
2004-11-02,1.81,1.78,2.01,97.99
2004-11-03,1.8,1.78,1.13,98.87
2004-11-04,1.85,1.82,1.24,98.76
2004-11-05,1.83,1.8,1.79,98.21
2004-11-08,1.87,1.84,1.34,98.66
2004-11-09,1.87,1.87,0.02,99.98
2004-11-10,1.9,1.84,3.55,96.45
2004-11-11,1.94,2.06,6.2,93.8
2004-11-12,2.02,2.07,2.54,97.46
2004-11-15,2.04,2.07,1.46,98.54
2004-11-16,2.0,2.11,5.31,94.69
2004-11-17,2.0,2.11,5.76,94.24
2004-11-18,2.02,2.11,4.53,95.47
2004-11-19,1.93,2.03,5.52,94.48
2004-11-22,1.9,1.98,4.28,95.72
2004-11-23,1.92,2.02,5.35,94.65
2004-11-24,1.94,2.02,4.16,95.84
2004-11-26,1.95,2.03,4.06,95.94
2004-11-29,1.95,1.98,1.89,98.11
2004-11-30,1.98,2.02,1.72,98.28
2004-12-01,2.0,2.02,0.95,99.05
2004-12-02,2.01,1.99,1.13,98.87
2004-12-03,2.0,1.91,4.92,95.08
2004-12-06,1.97,1.84,6.75,93.25
2004-12-07,1.91,1.81,5.18,94.82
2004-12-08,1.94,1.86,4.02,95.98
2004-12-09,1.99,1.91,4.27,95.73
2004-12-10,1.95,1.95,0.09,99.91
2004-12-13,1.99,2.02,1.33,98.67
2004-12-14,2.02,2.03,0.38,99.62
2004-12-15,2.05,2.03,0.79,99.21
2004-12-16,2.0,1.98,0.99,99.01
2004-12-17,2.0,1.98,0.89,99.11
2004-12-20,1.95,1.88,3.64,96.36
2004-12-21,1.97,1.91,3.23,96.77
2004-12-22,1.98,1.91,3.55,96.45
2004-12-23,1.95,1.87,3.8,96.2
2004-12-27,2.11,2.02,4.47,95.53
2004-12-28,2.23,2.23,0.07,99.93
2004-12-29,2.24,2.23,0.35,99.65
2004-12-30,2.25,2.23,0.8,99.2
2004-12-31,2.21,2.23,0.73,99.27
2005-01-03,2.23,2.23,0.21,99.79
2005-01-04,2.11,2.16,2.33,97.67
2005-01-05,2.09,2.12,1.7,98.3
2005-01-06,2.05,2.12,3.49,96.51
2005-01-07,2.12,2.16,1.95,98.05
2005-01-10,2.09,2.19,4.76,95.24
2005-01-11,2.08,2.16,3.62,96.38
2005-01-12,2.12,2.19,3.62,96.38
2005-01-13,2.13,2.26,6.0,94.0
2005-01-14,2.23,2.23,0.23,99.77
2005-01-18,2.23,2.2,1.33,98.67
2005-01-19,2.2,2.13,3.31,96.69
2005-01-20,2.12,2.05,2.99,97.01
2005-01-21,2.06,2.04,1.12,98.88
2005-01-24,2.02,2.04,0.79,99.21
2005-01-25,2.05,2.1,2.41,97.59
2005-01-26,2.07,2.17,4.77,95.23
2005-01-27,2.12,2.21,4.3,95.7
2005-01-28,2.11,2.17,3.01,96.99
2005-01-31,2.16,2.21,2.11,97.89
2005-02-01,2.12,2.17,2.38,97.62
2005-02-02,2.09,2.17,3.42,96.58
2005-02-03,1.79,1.92,7.46,92.54
2005-02-04,1.79,1.92,7.54,92.46
2005-02-07,1.78,1.91,7.11,92.89
2005-02-08,1.82,1.92,5.83,94.17
2005-02-09,1.79,1.79,0.34,99.66
2005-02-10,1.79,1.79,0.03,99.97
2005-02-11,1.79,1.75,2.33,97.67
2005-02-14,1.8,1.75,3.0,97.0
2005-02-15,1.81,1.75,3.3,96.7
2005-02-16,1.78,1.74,2.53,97.47
2005-02-17,1.78,1.7,4.6,95.4
2005-02-18,1.77,1.63,7.41,92.59
2005-02-22,1.74,1.63,5.83,94.17
2005-02-23,1.71,1.63,4.23,95.77
2005-02-24,1.73,1.76,1.64,98.36
2005-02-25,1.75,1.81,3.46,96.54
2005-02-28,1.76,1.82,3.72,96.28
2005-03-01,1.77,1.78,0.74,99.26
2005-03-02,1.77,1.83,3.23,96.77
2005-03-03,1.78,1.88,5.22,94.78
2005-03-04,1.79,1.88,4.72,95.28
2005-03-07,1.82,1.88,3.36,96.64
2005-03-08,1.79,1.83,2.28,97.72
2005-03-09,1.77,1.71,3.35,96.65
2005-03-10,1.75,1.69,3.05,96.95
2005-03-11,1.74,1.71,1.77,98.23
2005-03-14,1.73,1.75,1.38,98.62
2005-03-15,1.71,1.76,2.72,97.28
2005-03-16,1.69,1.68,1.06,98.94
2005-03-17,1.7,1.65,3.13,96.87
2005-03-18,1.71,1.65,3.67,96.33
2005-03-21,1.68,1.58,6.06,93.94
2005-03-22,1.66,1.58,4.58,95.42
2005-03-23,1.66,1.57,5.24,94.76
2005-03-24,1.64,1.51,8.43,91.57
2005-03-28,1.67,1.51,9.83,90.17
2005-03-29,1.67,1.57,5.95,94.05
2005-03-30,1.72,1.66,2.98,97.02
2005-03-31,1.71,1.69,1.24,98.76
2005-04-01,1.7,1.69,0.48,99.52
2005-04-04,1.75,1.76,0.31,99.69
2005-04-05,1.76,1.82,3.34,96.66
2005-04-06,1.74,1.79,2.74,97.26
2005-04-07,1.75,1.79,2.51,97.49
2005-04-08,1.73,1.75,1.03,98.97
2005-04-11,1.73,1.78,3.02,96.98
2005-04-12,1.73,1.83,5.42,94.58
2005-04-13,1.72,1.81,5.51,94.49
2005-04-14,1.7,1.82,7.33,92.67
2005-04-15,1.65,1.7,2.81,97.19
2005-04-18,1.65,1.7,2.87,97.13
2005-04-19,1.64,1.63,0.63,99.37
2005-04-20,1.66,1.65,0.66,99.34
2005-04-21,1.69,1.7,0.65,99.35
2005-04-22,1.65,1.58,4.27,95.73
2005-04-25,1.68,1.63,2.85,97.15
2005-04-26,1.64,1.58,3.3,96.7
2005-04-27,1.59,1.58,0.53,99.47
2005-04-28,1.63,1.62,0.56,99.44
2005-04-29,1.62,1.62,0.06,99.94
2005-05-02,1.65,1.65,0.48,99.52
2005-05-03,1.66,1.66,0.21,99.79
2005-05-04,1.7,1.73,1.72,98.28
2005-05-05,1.7,1.76,3.6,96.4
2005-05-06,1.73,1.79,3.79,96.21
2005-05-09,1.73,1.79,3.43,96.57
2005-05-10,1.71,1.76,2.79,97.21
2005-05-11,1.69,1.73,2.14,97.86
2005-05-12,1.69,1.76,3.94,96.06
2005-05-13,1.7,1.73,1.9,98.1
2005-05-16,1.73,1.81,4.64,95.36
2005-05-17,1.74,1.86,7.21,92.79
2005-05-18,1.77,1.86,5.39,94.61
2005-05-19,1.78,1.86,4.62,95.38
2005-05-20,1.77,1.86,4.89,95.11
2005-05-23,1.78,1.88,5.53,94.47
2005-05-24,1.78,1.85,4.39,95.61
2005-05-25,1.76,1.84,4.33,95.67
2005-05-26,1.77,1.82,2.84,97.16
2005-05-27,1.77,1.82,2.7,97.3
2005-05-31,1.78,1.86,4.87,95.13
2005-06-01,1.83,1.91,4.92,95.08
2005-06-02,1.82,1.91,5.18,94.82
2005-06-03,1.78,1.86,4.64,95.36
2005-06-06,1.79,1.84,2.81,97.19
2005-06-07,1.77,1.79,1.31,98.69
2005-06-08,1.74,1.71,2.0,98.0
2005-06-09,1.76,1.71,2.8,97.2
2005-06-10,1.75,1.71,2.34,97.66
2005-06-13,1.74,1.68,3.9,96.1
2005-06-14,1.75,1.71,2.59,97.41
2005-06-15,1.76,1.76,0.37,99.63
2005-06-16,1.78,1.76,1.32,98.68
2005-06-17,1.77,1.75,1.07,98.93
2005-06-20,1.78,1.76,1.62,98.38
2005-06-21,1.77,1.65,6.99,93.01
2005-06-22,1.76,1.65,6.57,93.43
2005-06-23,1.77,1.75,1.41,98.59
2005-06-24,1.75,1.68,4.31,95.69
2005-06-27,1.73,1.68,2.87,97.13
2005-06-28,1.69,1.65,2.38,97.62
2005-06-29,1.67,1.58,5.16,94.84
2005-06-30,1.65,1.58,4.41,95.59
2005-07-01,1.65,1.58,3.89,96.11
2005-07-05,1.7,1.69,0.69,99.31
2005-07-06,1.7,1.66,2.24,97.76
2005-07-07,1.7,1.65,3.1,96.9
2005-07-08,1.74,1.71,1.51,98.49
2005-07-11,1.78,1.75,1.44,98.56
2005-07-12,1.82,1.79,1.37,98.63
2005-07-13,1.83,1.79,2.02,97.98
2005-07-14,1.86,1.82,1.97,98.03
2005-07-15,1.86,1.84,1.01,98.99
2005-07-18,1.86,1.86,0.13,99.87
2005-07-19,1.91,1.91,0.33,99.67
2005-07-20,1.91,1.91,0.04,99.96
2005-07-21,1.9,2.04,7.5,92.5
2005-07-22,1.9,2.16,13.91,86.09
2005-07-25,1.9,2.16,13.91,86.09
2005-07-26,1.89,2.03,7.54,92.46
2005-07-27,2.18,2.2,0.78,99.22
2005-07-28,2.28,2.28,0.35,99.65
2005-07-29,2.26,2.28,0.82,99.18
2005-08-01,2.25,2.14,4.57,95.43
2005-08-02,2.33,2.3,1.05,98.95
2005-08-03,2.31,2.3,0.19,99.81
2005-08-04,2.27,2.3,1.24,98.76
2005-08-05,2.26,2.31,1.98,98.02
2005-08-08,2.28,2.36,3.31,96.69
2005-08-09,2.3,2.36,2.71,97.29
2005-08-10,2.24,2.35,4.83,95.17
2005-08-11,2.26,2.35,3.79,96.21
2005-08-12,2.21,2.31,4.34,95.66
2005-08-15,2.25,2.31,2.5,97.5
2005-08-16,2.21,2.2,0.64,99.36
2005-08-17,2.21,2.07,6.38,93.62
2005-08-18,2.19,2.08,4.78,95.22
2005-08-19,2.19,2.08,4.76,95.24
2005-08-22,2.19,1.97,9.93,90.07
2005-08-23,2.17,1.97,9.2,90.8
2005-08-24,2.12,1.97,6.95,93.05
2005-08-25,2.12,1.93,8.76,91.24
2005-08-26,2.12,1.93,8.89,91.11
2005-08-29,2.14,1.93,9.78,90.22
2005-08-30,2.12,1.93,9.15,90.85
2005-08-31,2.13,1.93,9.59,90.41
2005-09-01,2.09,1.93,7.73,92.27
2005-09-02,2.08,1.85,10.72,89.28
2005-09-06,2.18,2.06,5.57,94.43
2005-09-07,2.19,2.09,4.47,95.53
2005-09-08,2.15,2.06,4.31,95.69
2005-09-09,2.15,2.06,4.29,95.71
2005-09-12,2.22,2.14,3.85,96.15
2005-09-13,2.2,2.13,2.87,97.13
2005-09-14,2.15,2.14,0.73,99.27
2005-09-15,2.14,2.13,0.1,99.9
2005-09-16,2.14,2.13,0.31,99.69
2005-09-19,2.14,2.13,0.19,99.81
2005-09-20,2.09,2.09,0.23,99.77
2005-09-21,2.06,2.04,1.05,98.95
2005-09-22,2.1,2.13,1.4,98.6
2005-09-23,2.11,2.13,1.14,98.86
2005-09-26,2.17,2.13,1.62,98.38
2005-09-27,2.16,2.09,3.21,96.79
2005-09-28,2.17,2.13,1.62,98.38
2005-09-29,2.24,2.2,1.72,98.28
2005-09-30,2.27,2.17,4.39,95.61
2005-10-03,2.3,2.2,4.33,95.67
2005-10-04,2.25,2.2,2.03,97.97
2005-10-05,2.22,2.24,0.78,99.22
2005-10-06,2.2,2.21,0.42,99.58
2005-10-07,2.19,2.21,0.94,99.06
2005-10-10,2.19,2.24,2.46,97.54
2005-10-11,2.17,2.26,4.04,95.96
2005-10-12,2.13,2.17,2.21,97.79
2005-10-13,2.13,2.17,2.04,97.96
2005-10-14,2.19,2.17,0.68,99.32
2005-10-17,2.25,2.2,2.23,97.77
2005-10-18,2.23,2.17,2.86,97.14
2005-10-19,2.29,2.23,2.69,97.31
2005-10-20,2.25,2.2,2.34,97.66
2005-10-21,2.3,2.2,4.27,95.73
2005-10-24,2.35,2.27,3.4,96.6
2005-10-25,2.31,2.23,3.29,96.71
2005-10-26,1.99,2.04,2.39,97.61
2005-10-27,1.95,2.04,4.2,95.8
2005-10-28,1.95,2.04,4.49,95.51
2005-10-31,1.99,2.05,3.09,96.91
2005-11-01,2.02,2.08,3.14,96.86
2005-11-02,2.04,2.06,0.87,99.13
2005-11-03,2.08,2.04,1.78,98.22
2005-11-04,2.05,1.99,2.95,97.05
2005-11-07,2.07,2.01,2.7,97.3
2005-11-08,2.1,1.99,4.94,95.06
2005-11-09,2.07,1.99,3.67,96.33
2005-11-10,2.11,1.99,5.45,94.55
2005-11-11,2.13,1.99,6.56,93.44
2005-11-14,2.13,1.99,6.23,93.77
2005-11-15,2.22,2.31,3.72,96.28
2005-11-16,2.27,2.36,4.13,95.87
2005-11-17,2.34,2.36,0.93,99.07
2005-11-18,2.4,2.36,1.68,98.32
2005-11-21,2.4,2.4,0.17,99.83
2005-11-22,2.44,2.4,1.6,98.4
2005-11-23,2.41,2.4,0.35,99.65
2005-11-25,2.4,2.4,0.02,99.98
2005-11-28,2.42,2.4,0.58,99.42
2005-11-29,2.43,2.7,11.34,88.66
2005-11-30,2.42,2.7,11.55,88.45
2005-12-01,2.45,2.7,10.32,89.68
2005-12-02,2.45,2.7,10.19,89.81
2005-12-05,2.44,2.7,10.7,89.3
2005-12-06,2.46,2.7,9.74,90.26
2005-12-07,2.44,2.69,10.19,89.81
2005-12-08,2.42,2.63,8.66,91.34
2005-12-09,2.44,2.58,5.82,94.18
2005-12-12,2.45,2.5,1.99,98.01
2005-12-13,2.47,2.47,0.2,99.8
2005-12-14,2.47,2.52,1.93,98.07
2005-12-15,2.47,2.52,1.78,98.22
2005-12-16,2.46,2.5,1.7,98.3
2005-12-19,2.42,2.39,1.16,98.84
2005-12-20,2.41,2.35,2.17,97.83
2005-12-21,2.45,2.4,2.01,97.99
2005-12-22,2.46,2.4,2.5,97.5
2005-12-23,2.46,2.4,2.5,97.5
2005-12-27,2.43,2.28,6.01,93.99
2005-12-28,2.4,2.28,5.04,94.96
2005-12-29,2.4,2.35,1.87,98.13
2005-12-30,2.36,2.24,5.19,94.81
2006-01-03,2.38,2.24,6.05,93.95
2006-01-04,2.36,2.16,8.49,91.51
2006-01-05,2.38,2.23,6.58,93.42
2006-01-06,2.39,2.23,7.01,92.99
2006-01-09,2.35,2.23,5.45,94.55
2006-01-10,2.28,2.16,5.28,94.72
2006-01-11,2.25,2.16,3.77,96.23
2006-01-12,2.22,2.09,5.96,94.04
2006-01-13,2.22,2.08,6.09,93.91
2006-01-17,2.2,2.08,5.24,94.76
2006-01-18,2.22,2.15,2.87,97.13
2006-01-19,2.22,2.16,2.73,97.27
2006-01-20,2.2,2.15,1.98,98.02
2006-01-23,2.19,2.16,1.13,98.87
2006-01-24,2.2,2.15,2.2,97.8
2006-01-25,2.18,1.96,10.01,89.99
2006-01-26,2.23,1.97,11.76,88.24
2006-01-27,2.26,2.02,10.73,89.27
2006-01-30,2.25,2.04,9.47,90.53
2006-01-31,2.24,2.08,7.1,92.9
2006-02-01,2.2,2.08,5.32,94.68
2006-02-02,2.14,2.04,4.77,95.23
2006-02-03,1.92,1.96,2.36,97.64
2006-02-06,1.9,1.96,3.39,96.61
2006-02-07,1.88,1.96,4.57,95.43
2006-02-08,1.91,1.96,2.79,97.21
2006-02-09,1.9,1.93,1.62,98.38
2006-02-10,1.93,1.88,2.4,97.6
2006-02-13,1.89,1.88,0.7,99.3
2006-02-14,1.91,1.88,1.71,98.29
2006-02-15,1.96,1.88,4.24,95.76
2006-02-16,1.96,1.88,3.97,96.03
2006-02-17,1.96,1.88,4.07,95.93
2006-02-21,1.91,1.87,2.31,97.69
2006-02-22,1.94,1.88,2.9,97.1
2006-02-23,1.89,1.88,0.8,99.2
2006-02-24,1.92,2.08,8.63,91.37
2006-02-27,1.9,2.08,9.61,90.39
2006-02-28,1.87,1.95,4.2,95.8
2006-03-01,1.86,1.86,0.11,99.89
2006-03-02,1.84,1.86,0.76,99.24
2006-03-03,1.86,1.84,1.03,98.97
2006-03-06,1.84,1.86,0.82,99.18
2006-03-07,1.85,1.82,1.33,98.67
2006-03-08,1.84,1.74,5.53,94.47
2006-03-09,1.81,1.74,3.73,96.27
2006-03-10,1.81,1.7,5.96,94.04
2006-03-13,1.81,1.7,5.88,94.12
2006-03-14,1.85,1.75,5.16,94.84
2006-03-15,1.84,1.79,3.15,96.85
2006-03-16,1.84,1.7,7.36,92.64
2006-03-17,1.8,1.7,5.36,94.64
2006-03-20,1.81,1.77,2.46,97.54
2006-03-21,1.8,1.77,1.62,98.38
2006-03-22,1.8,1.79,0.75,99.25
2006-03-23,1.78,1.7,4.53,95.47
2006-03-24,1.77,1.64,7.56,92.44
2006-03-27,1.76,1.7,3.37,96.63
2006-03-28,1.78,1.77,0.99,99.01
2006-03-29,1.82,1.88,3.36,96.64
2006-03-30,1.83,1.91,4.12,95.88
2006-03-31,1.83,1.88,2.77,97.23
2006-04-03,1.81,1.8,0.55,99.45
2006-04-04,1.84,1.88,2.01,97.99
2006-04-05,1.87,1.91,2.25,97.75
2006-04-06,1.93,1.98,3.01,96.99
2006-04-07,1.85,1.91,2.94,97.06
2006-04-10,1.83,1.88,2.86,97.14
2006-04-11,1.8,1.88,4.11,95.89
2006-04-12,1.81,1.88,3.91,96.09
2006-04-13,1.83,1.91,4.44,95.56
2006-04-17,1.76,1.88,6.44,93.56
2006-04-18,1.81,1.88,3.48,96.52
2006-04-19,1.84,1.88,1.77,98.23
2006-04-20,1.82,1.88,3.22,96.78
2006-04-21,1.8,1.83,1.71,98.29
2006-04-24,1.79,1.87,4.4,95.6
2006-04-25,1.78,1.81,2.04,97.96
2006-04-26,1.79,1.81,1.36,98.64
2006-04-27,1.79,1.64,8.25,91.75
2006-04-28,1.76,1.65,6.54,93.46
2006-05-01,1.73,1.65,4.87,95.13
2006-05-02,1.72,1.65,4.29,95.71
2006-05-03,1.7,1.65,3.1,96.9
2006-05-04,1.72,1.65,4.54,95.46
2006-05-05,1.75,1.75,0.31,99.69
2006-05-08,1.73,1.65,5.14,94.86
2006-05-09,1.74,1.58,9.21,90.79
2006-05-10,1.71,1.58,7.4,92.6
2006-05-11,1.68,1.58,5.66,94.34
2006-05-12,1.64,1.58,3.36,96.64
2006-05-15,1.64,1.58,3.51,96.49
2006-05-16,1.64,1.58,3.45,96.55
2006-05-17,1.58,1.57,0.78,99.22
2006-05-18,1.63,1.62,0.35,99.65
2006-05-19,1.7,1.71,0.58,99.42
2006-05-22,1.74,1.75,0.58,99.42
2006-05-23,1.69,1.74,2.88,97.12
2006-05-24,1.76,1.74,1.21,98.79
2006-05-25,1.78,1.74,2.43,97.57
2006-05-26,1.8,1.77,1.84,98.16
2006-05-30,1.73,1.74,0.27,99.73
2006-05-31,1.73,1.74,0.45,99.55
2006-06-01,1.75,1.78,1.72,98.28
2006-06-02,1.74,1.82,4.48,95.52
2006-06-05,1.67,1.74,3.81,96.19
2006-06-06,1.67,1.74,4.06,95.94
2006-06-07,1.69,1.8,6.75,93.25
2006-06-08,1.68,1.73,3.3,96.7
2006-06-09,1.69,1.73,2.17,97.83
2006-06-12,1.68,1.68,0.3,99.7
2006-06-13,1.67,1.73,3.34,96.66
2006-06-14,1.68,1.63,3.32,96.68
2006-06-15,1.75,1.71,2.13,97.87
2006-06-16,1.75,1.69,3.55,96.45
2006-06-19,1.75,1.76,0.44,99.56
2006-06-20,1.77,1.79,0.83,99.17
2006-06-21,1.83,1.82,0.52,99.48
2006-06-22,1.82,1.83,0.89,99.11
2006-06-23,1.83,1.91,4.78,95.22
2006-06-26,1.84,1.91,4.15,95.85
2006-06-27,1.82,1.9,4.29,95.71
2006-06-28,1.84,1.91,4.35,95.65
2006-06-29,1.93,1.91,0.58,99.42
2006-06-30,1.93,1.91,1.36,98.64
2006-07-03,1.93,2.03,5.12,94.88
2006-07-05,1.86,1.98,6.9,93.1
2006-07-06,1.84,1.96,6.31,93.69
2006-07-07,1.81,1.91,5.91,94.09
2006-07-10,1.79,1.88,5.21,94.79
2006-07-11,1.78,1.88,5.28,94.72
2006-07-12,1.73,1.65,4.98,95.02
2006-07-13,1.69,1.65,2.44,97.56
2006-07-14,1.65,1.58,3.92,96.08
2006-07-17,1.68,1.63,3.26,96.74
2006-07-18,1.67,1.65,1.74,98.26
2006-07-19,1.72,1.66,3.43,96.57
2006-07-20,1.71,1.58,7.46,92.54
2006-07-21,1.66,1.57,5.27,94.73
2006-07-24,1.72,1.58,8.04,91.96
2006-07-25,1.68,1.58,6.06,93.94
2006-07-26,1.31,1.51,14.65,85.35
2006-07-27,1.33,1.58,18.75,81.25
2006-07-28,1.36,1.59,16.78,83.22
2006-07-31,1.34,1.42,5.51,94.49
2006-08-01,1.32,1.41,7.13,92.87
2006-08-02,1.3,1.41,8.08,91.92
2006-08-03,1.33,1.41,5.65,94.35
2006-08-04,1.36,1.41,3.33,96.67
2006-08-07,1.34,1.41,5.29,94.71
2006-08-08,1.32,1.4,6.26,93.74
2006-08-09,1.31,1.4,6.86,93.14
2006-08-10,1.32,1.41,6.45,93.55
2006-08-11,1.3,1.34,2.96,97.04
2006-08-14,1.33,1.34,1.18,98.82
2006-08-15,1.39,1.42,2.08,97.92
2006-08-16,1.4,1.42,1.42,98.58
2006-08-17,1.45,1.43,1.75,98.25
2006-08-18,1.46,1.58,8.23,91.77
2006-08-21,1.41,1.56,10.91,89.09
2006-08-22,1.42,1.58,11.09,88.91
2006-08-23,1.41,1.42,0.74,99.26
2006-08-24,1.4,1.39,0.57,99.43
2006-08-25,1.4,1.42,1.13,98.87
2006-08-28,1.45,1.46,0.76,99.24
2006-08-29,1.48,1.62,9.61,90.39
2006-08-30,1.53,1.62,5.5,94.5
2006-08-31,1.54,1.63,5.76,94.24
2006-09-01,1.59,1.63,2.67,97.33
2006-09-05,1.61,1.63,1.17,98.83
2006-09-06,1.54,1.58,2.32,97.68
2006-09-07,1.49,1.5,0.98,99.02
2006-09-08,1.53,1.53,0.5,99.5
2006-09-11,1.54,1.59,3.18,96.82
2006-09-12,1.59,1.59,0.42,99.58
2006-09-13,1.58,1.61,1.78,98.22
2006-09-14,1.58,1.61,1.84,98.16
2006-09-15,1.63,1.61,0.73,99.27
2006-09-18,1.6,1.59,0.97,99.03
2006-09-19,1.58,1.57,0.41,99.59
2006-09-20,1.61,1.54,4.21,95.79
2006-09-21,1.51,1.52,0.72,99.28
2006-09-22,1.54,1.52,1.3,98.7
2006-09-25,1.59,1.56,2.0,98.0
2006-09-26,1.62,1.6,1.74,98.26
2006-09-27,1.62,1.65,1.87,98.13
2006-09-28,1.59,1.6,0.42,99.58
2006-09-29,1.61,1.6,0.46,99.54
2006-10-02,1.54,1.52,1.4,98.6
2006-10-03,1.59,1.57,1.16,98.84
2006-10-04,1.64,1.6,2.4,97.6
2006-10-05,1.67,1.57,5.96,94.04
2006-10-06,1.63,1.57,3.86,96.14
2006-10-09,1.67,1.6,4.33,95.67
2006-10-10,1.63,1.57,3.94,96.06
2006-10-11,1.65,1.65,0.07,99.93
2006-10-12,1.68,1.81,7.73,92.27
2006-10-13,1.67,1.76,5.47,94.53
2006-10-16,1.63,1.73,5.96,94.04
2006-10-17,1.62,1.73,6.38,93.62
2006-10-18,1.62,1.73,6.91,93.09
2006-10-19,1.63,1.73,6.15,93.85
2006-10-20,1.63,1.79,10.0,90.0
2006-10-23,1.64,1.7,3.34,96.66
2006-10-24,1.68,1.76,4.62,95.38
2006-10-25,1.88,1.83,2.84,97.16
2006-10-26,1.91,1.9,0.79,99.21
2006-10-27,1.91,1.89,1.29,98.71
2006-10-30,1.91,1.9,0.4,99.6
2006-10-31,1.9,1.95,2.17,97.83
2006-11-01,1.88,1.93,2.95,97.05
2006-11-02,1.87,1.93,3.25,96.75
2006-11-03,1.87,1.95,3.89,96.11
2006-11-06,1.91,1.95,1.85,98.15
2006-11-07,1.94,1.95,0.38,99.62
2006-11-08,1.97,2.07,4.76,95.24
2006-11-09,1.94,2.07,6.45,93.55
2006-11-10,1.96,2.07,5.32,94.68
2006-11-13,2.0,2.07,3.39,96.61
2006-11-14,2.08,2.07,0.39,99.61
2006-11-15,2.13,2.07,2.61,97.39
2006-11-16,2.14,2.11,1.5,98.5
2006-11-17,2.13,2.11,0.83,99.17
2006-11-20,2.12,2.11,0.57,99.43
2006-11-21,2.13,2.11,0.8,99.2
2006-11-22,2.15,2.24,4.39,95.61
2006-11-24,2.12,2.24,5.75,94.25
2006-11-27,2.04,2.17,6.06,93.94
2006-11-28,2.05,2.15,5.11,94.89
2006-11-29,2.03,2.12,4.27,95.73
2006-11-30,2.02,2.12,4.92,95.08
2006-12-01,1.97,2.08,5.71,94.29
2006-12-04,1.96,2.0,2.55,97.45
2006-12-05,1.95,1.88,3.55,96.45
2006-12-06,1.95,1.8,7.32,92.68
2006-12-07,1.91,1.8,5.42,94.58
2006-12-08,1.92,1.67,13.14,86.86
2006-12-11,1.93,1.74,10.16,89.84
2006-12-12,1.92,1.67,13.14,86.86
2006-12-13,1.92,1.67,13.23,86.77
2006-12-14,1.95,1.74,10.92,89.08
2006-12-15,2.0,1.86,7.12,92.88
2006-12-18,1.96,1.81,7.74,92.26
2006-12-19,1.97,1.83,7.12,92.88
2006-12-20,2.0,1.91,4.73,95.27
2006-12-21,1.99,1.96,1.91,98.09
2006-12-22,2.01,2.02,0.3,99.7
2006-12-26,1.99,1.99,0.21,99.79
2006-12-27,2.01,2.02,0.18,99.82
2006-12-28,2.01,2.19,8.91,91.09
2006-12-29,1.97,1.98,0.55,99.45
2007-01-03,1.93,1.95,0.81,99.19
2007-01-04,1.95,1.95,0.29,99.71
2007-01-05,1.92,1.95,1.6,98.4
2007-01-08,1.88,1.83,2.36,97.64
2007-01-09,1.89,1.79,5.0,95.0
2007-01-10,1.86,1.81,2.49,97.51
2007-01-11,1.87,1.81,3.15,96.85
2007-01-12,1.91,1.81,5.18,94.82
2007-01-16,1.93,1.84,4.74,95.26
2007-01-17,1.89,1.81,4.37,95.63
2007-01-18,1.85,1.79,2.95,97.05
2007-01-19,1.85,1.75,5.6,94.4
2007-01-22,1.85,1.75,5.42,94.58
2007-01-23,1.82,1.71,6.02,93.98
2007-01-24,1.86,1.8,3.54,96.46
2007-01-25,1.85,1.77,4.7,95.3
2007-01-26,1.84,1.79,3.04,96.96
2007-01-29,1.87,1.88,0.3,99.7
2007-01-30,1.85,1.83,1.31,98.69
2007-01-31,1.88,1.88,0.34,99.66
2007-02-01,1.93,1.91,1.28,98.72
2007-02-02,1.87,1.84,1.52,98.48
2007-02-05,1.86,1.81,2.81,97.19
2007-02-06,1.91,1.92,0.08,99.92
2007-02-07,1.95,1.98,1.72,98.28
2007-02-08,1.96,1.98,1.41,98.59
2007-02-09,1.94,2.02,4.24,95.76
2007-02-12,1.94,2.03,4.7,95.3
2007-02-13,1.97,2.03,3.27,96.73
2007-02-14,2.01,2.06,2.5,97.5
2007-02-15,2.0,2.06,2.7,97.3
2007-02-16,2.02,2.06,2.02,97.98
2007-02-20,2.08,2.1,1.06,98.94
2007-02-21,2.06,2.06,0.28,99.72
2007-02-22,2.05,2.03,0.79,99.21
2007-02-23,2.04,2.1,2.87,97.13
2007-02-26,2.04,2.11,3.23,96.77
2007-02-27,1.94,1.95,0.47,99.53
2007-02-28,1.96,1.95,0.32,99.68
2007-03-01,1.94,1.95,0.34,99.66
2007-03-02,1.88,1.86,1.4,98.6
2007-03-05,1.85,1.83,1.18,98.82
2007-03-06,1.93,1.91,1.2,98.8
2007-03-07,1.92,1.83,4.55,95.45
2007-03-08,1.9,1.83,3.9,96.1
2007-03-09,1.94,1.86,4.32,95.68
2007-03-12,1.94,1.81,6.67,93.33
2007-03-13,1.89,1.75,7.6,92.4
2007-03-14,1.9,1.81,4.88,95.12
2007-03-15,1.89,1.81,4.12,95.88
2007-03-16,1.89,1.81,4.3,95.7
2007-03-19,1.92,1.91,0.86,99.14
2007-03-20,1.93,1.91,1.2,98.8
2007-03-21,1.99,1.98,0.37,99.63
2007-03-22,1.97,2.02,2.21,97.79
2007-03-23,1.95,2.03,4.14,95.86
2007-03-26,1.95,1.95,0.01,99.99
2007-03-27,1.97,1.98,0.78,99.22
2007-03-28,1.97,2.02,2.6,97.4
2007-03-29,1.99,1.98,0.33,99.67
2007-03-30,1.99,1.98,0.28,99.72
2007-04-02,2.02,2.1,3.78,96.22
2007-04-03,2.06,2.11,2.45,97.55
2007-04-04,2.08,2.11,1.61,98.39
2007-04-05,2.08,2.24,7.6,92.4
2007-04-09,2.08,2.24,7.65,92.35
2007-04-10,2.09,2.24,7.14,92.86
2007-04-11,2.08,2.19,5.18,94.82
2007-04-12,2.11,2.24,6.1,93.9
2007-04-13,2.12,2.37,11.98,88.02
2007-04-16,2.26,2.37,5.06,94.94
2007-04-17,2.25,2.37,5.37,94.63
2007-04-18,2.25,2.37,5.55,94.45
2007-04-19,2.23,2.29,2.72,97.28
2007-04-20,2.25,2.33,3.84,96.16
2007-04-23,2.24,2.36,5.37,94.63
2007-04-24,2.24,2.36,5.41,94.59
2007-04-25,2.84,2.49,12.31,87.69
2007-04-26,3.14,2.83,9.69,90.31
2007-04-27,3.13,2.88,7.9,92.1
2007-04-30,3.07,3.03,1.14,98.86
2007-05-01,3.1,3.16,1.99,98.01
2007-05-02,3.06,3.03,0.9,99.1
2007-05-03,3.11,3.06,1.52,98.48
2007-05-04,3.16,3.27,3.32,96.68
2007-05-07,3.04,3.46,13.71,86.29
2007-05-08,3.09,3.46,11.85,88.15
2007-05-09,3.14,3.46,10.04,89.96
2007-05-10,3.05,3.45,13.11,86.89
2007-05-11,3.08,3.41,10.77,89.23
2007-05-14,3.09,3.27,5.88,94.12
2007-05-15,3.03,3.13,3.36,96.64
2007-05-16,3.16,3.05,3.39,96.61
2007-05-17,3.11,3.02,2.95,97.05
2007-05-18,3.16,3.09,2.5,97.5
2007-05-21,3.41,3.19,6.58,93.42
2007-05-22,3.44,3.3,4.28,95.72
2007-05-23,3.45,3.27,5.12,94.88
2007-05-24,3.47,3.59,3.41,96.59
2007-05-25,3.43,3.8,10.89,89.11
2007-05-29,3.48,3.61,3.67,96.33
2007-05-30,3.49,3.61,3.32,96.68
2007-05-31,3.46,3.84,11.11,88.89
2007-06-01,3.43,3.8,10.91,89.09
2007-06-04,3.52,3.84,9.09,90.91
2007-06-05,3.68,3.85,4.64,95.36
2007-06-06,3.61,3.88,7.34,92.66
2007-06-07,3.6,3.89,8.06,91.94
2007-06-08,3.66,3.89,6.29,93.71
2007-06-11,3.56,3.77,6.03,93.97
2007-06-12,3.5,3.68,5.03,94.97
2007-06-13,3.54,3.67,3.63,96.37
2007-06-14,3.6,3.71,3.02,96.98
2007-06-15,3.62,3.76,3.91,96.09
2007-06-18,3.59,3.68,2.36,97.64
2007-06-19,3.49,3.61,3.29,96.71
2007-06-20,3.45,3.61,4.36,95.64
2007-06-21,3.48,3.64,4.52,95.48
2007-06-22,3.44,3.53,2.57,97.43
2007-06-25,3.43,3.19,7.2,92.8
2007-06-26,3.37,3.12,7.46,92.54
2007-06-27,3.41,3.25,4.62,95.38
2007-06-28,3.44,3.25,5.66,94.34
2007-06-29,3.42,3.25,5.0,95.0
2007-07-02,3.48,3.41,2.17,97.83
2007-07-03,3.47,3.3,5.07,94.93
2007-07-05,3.44,3.25,5.44,94.56
2007-07-06,3.45,3.25,5.77,94.23
2007-07-09,3.6,3.45,4.27,95.73
2007-07-10,3.51,3.45,1.84,98.16
2007-07-11,3.54,3.5,1.1,98.9
2007-07-12,3.64,3.59,1.46,98.54
2007-07-13,3.76,3.63,3.45,96.55
2007-07-16,3.68,3.6,2.24,97.76
2007-07-17,3.69,3.63,1.74,98.26
2007-07-18,3.67,3.6,1.74,98.26
2007-07-19,3.67,3.6,1.78,98.22
2007-07-20,3.58,3.59,0.13,99.87
2007-07-23,3.59,3.69,2.94,97.06
2007-07-24,3.46,3.62,4.6,95.4
2007-07-25,4.31,4.0,7.07,92.93
2007-07-26,4.2,4.0,4.71,95.29
2007-07-27,4.2,4.1,2.45,97.55
2007-07-30,4.14,4.1,0.87,99.13
2007-07-31,3.93,4.03,2.59,97.41
2007-08-01,3.87,3.94,1.93,98.07
2007-08-02,3.99,3.94,1.14,98.86
2007-08-03,3.84,3.91,1.92,98.08
2007-08-06,3.95,3.94,0.17,99.83
2007-08-07,3.96,4.05,2.28,97.72
2007-08-08,3.89,4.01,3.23,96.77
2007-08-09,3.71,3.91,5.46,94.54
2007-08-10,3.74,3.91,4.52,95.48
2007-08-13,3.74,3.94,5.33,94.67
2007-08-14,3.67,3.53,3.83,96.17
2007-08-15,3.62,3.53,2.41,97.59
2007-08-16,3.64,3.53,2.96,97.04
2007-08-17,3.75,3.56,5.17,94.83
2007-08-20,3.73,3.59,3.96,96.04
2007-08-21,3.87,3.77,2.62,97.38
2007-08-22,3.92,3.69,5.92,94.08
2007-08-23,3.87,3.79,1.83,98.17
2007-08-24,3.96,3.79,4.25,95.75
2007-08-27,3.93,3.76,4.46,95.54
2007-08-28,3.81,3.71,2.55,97.45
2007-08-29,3.95,3.99,0.93,99.07
2007-08-30,3.93,3.99,1.41,98.59
2007-08-31,4.0,3.99,0.15,99.85
2007-09-04,4.14,4.1,0.88,99.12
2007-09-05,4.19,4.14,1.16,98.84
2007-09-06,4.31,4.13,4.18,95.82
2007-09-07,4.23,4.27,0.97,99.03
2007-09-10,4.17,4.25,1.94,98.06
2007-09-11,4.31,4.34,0.7,99.3
2007-09-12,4.36,4.37,0.01,99.99
2007-09-13,4.36,4.38,0.49,99.51
2007-09-14,4.39,4.38,0.09,99.91
2007-09-17,4.35,4.38,0.89,99.11
2007-09-18,4.44,4.44,0.01,99.99
2007-09-19,4.45,4.42,0.57,99.43
2007-09-20,4.48,4.44,1.01,98.99
2007-09-21,4.57,4.44,2.8,97.2
2007-09-24,4.63,4.6,0.57,99.43
2007-09-25,4.67,4.6,1.52,98.48
2007-09-26,4.67,4.59,1.73,98.27
2007-09-27,4.67,4.6,1.41,98.59
2007-09-28,4.66,4.6,1.17,98.83
2007-10-01,4.67,4.6,1.44,98.56
2007-10-02,4.62,4.59,0.59,99.41
2007-10-03,4.62,4.9,5.92,94.08
2007-10-04,4.61,4.9,6.15,93.85
2007-10-05,4.67,4.91,5.09,94.91
2007-10-08,4.79,4.91,2.43,97.57
2007-10-09,4.77,4.91,3.0,97.0
2007-10-10,4.73,4.86,2.66,97.34
2007-10-11,4.47,4.51,1.01,98.99
2007-10-12,4.62,4.63,0.21,99.79
2007-10-15,4.53,4.51,0.31,99.69
2007-10-16,4.48,4.47,0.17,99.83
2007-10-17,4.53,4.51,0.34,99.66
2007-10-18,4.49,4.51,0.44,99.56
2007-10-19,4.49,4.48,0.19,99.81
2007-10-22,4.56,4.58,0.45,99.55
2007-10-23,5.04,4.83,4.13,95.87
2007-10-24,4.44,4.56,2.68,97.32
2007-10-25,4.41,4.51,2.31,97.69
2007-10-26,4.5,4.51,0.27,99.73
2007-10-29,4.51,4.51,0.16,99.84
2007-10-30,4.41,4.51,2.27,97.73
2007-10-31,4.46,4.63,3.86,96.14
2007-11-01,4.38,4.51,2.96,97.04
2007-11-02,4.3,4.51,4.96,95.04
2007-11-05,4.22,4.51,6.96,93.04
2007-11-06,4.36,4.25,2.61,97.39
2007-11-07,4.35,4.28,1.68,98.32
2007-11-08,4.18,4.21,0.65,99.35
2007-11-09,3.94,4.14,5.04,94.96
2007-11-12,3.85,4.0,3.95,96.05
2007-11-13,3.99,4.14,3.76,96.24
2007-11-14,3.93,4.13,5.12,94.88
2007-11-15,3.89,3.91,0.54,99.46
2007-11-16,3.93,3.91,0.42,99.58
2007-11-19,3.96,3.86,2.39,97.61
2007-11-20,4.02,3.86,3.86,96.14
2007-11-21,3.99,3.88,2.68,97.32
2007-11-23,4.07,3.91,3.94,96.06
2007-11-26,4.07,3.94,2.97,97.03
2007-11-27,4.28,4.02,6.14,93.86
2007-11-28,4.51,4.13,8.55,91.45
2007-11-29,4.46,4.31,3.22,96.78
2007-11-30,4.53,4.42,2.28,97.72
2007-12-03,4.55,4.6,1.27,98.73
2007-12-04,4.72,4.6,2.49,97.51
2007-12-05,4.66,4.6,1.21,98.79
2007-12-06,4.71,4.6,2.28,97.72
2007-12-07,4.72,4.6,2.38,97.62
2007-12-10,4.65,4.6,1.03,98.97
2007-12-11,4.54,4.55,0.28,99.72
2007-12-12,4.56,4.59,0.58,99.42
2007-12-13,4.62,4.86,5.17,94.83
2007-12-14,4.45,4.83,8.51,91.49
2007-12-17,4.25,4.32,1.59,98.41
2007-12-18,4.34,4.21,3.18,96.82
2007-12-19,4.47,4.36,2.46,97.54
2007-12-20,4.53,4.32,4.53,95.47
2007-12-21,4.56,4.36,4.47,95.53
2007-12-24,4.55,4.51,0.84,99.16
2007-12-26,4.64,4.63,0.31,99.69
2007-12-27,4.71,4.63,1.76,98.24
2007-12-28,4.72,4.67,1.21,98.79
2007-12-31,4.63,4.63,0.08,99.92
2008-01-02,4.81,4.79,0.55,99.45
2008-01-03,4.76,4.73,0.64,99.36
2008-01-04,4.44,4.53,1.96,98.04
2008-01-07,4.44,4.63,4.25,95.75
2008-01-08,4.39,4.7,6.9,93.1
2008-01-09,4.26,4.58,7.6,92.4
2008-01-10,4.21,4.47,6.07,93.93
2008-01-11,4.05,4.08,0.63,99.37
2008-01-14,4.14,4.14,0.01,99.99
2008-01-15,4.01,4.08,1.68,98.32
2008-01-16,4.02,4.08,1.54,98.46
2008-01-17,4.01,4.07,1.6,98.4
2008-01-18,3.99,4.07,2.06,97.94
2008-01-22,3.92,3.9,0.51,99.49
2008-01-23,3.7,3.84,3.73,96.27
2008-01-24,3.88,3.9,0.53,99.47
2008-01-25,3.88,3.91,0.86,99.14
2008-01-28,3.79,3.8,0.13,99.87
2008-01-29,3.7,3.79,2.41,97.59
2008-01-30,3.71,3.8,2.3,97.7
2008-01-31,3.88,3.86,0.65,99.35
2008-02-01,3.73,3.96,6.02,93.98
2008-02-04,3.7,3.83,3.55,96.45
2008-02-05,3.6,3.65,1.36,98.64
2008-02-06,3.42,3.61,5.31,94.69
2008-02-07,3.55,3.67,3.52,96.48
2008-02-08,3.67,3.63,1.34,98.66
2008-02-11,3.76,3.7,1.53,98.47
2008-02-12,3.72,3.81,2.4,97.6
2008-02-13,3.89,3.78,2.84,97.16
2008-02-14,3.79,3.73,1.54,98.46
2008-02-15,3.65,3.7,1.48,98.52
2008-02-19,3.6,3.73,3.54,96.46
2008-02-20,3.68,3.77,2.52,97.48
2008-02-21,3.49,3.56,1.77,98.23
2008-02-22,3.6,3.66,1.65,98.35
2008-02-25,3.66,3.74,1.98,98.02
2008-02-26,3.58,3.74,4.22,95.78
2008-02-27,3.54,3.78,6.64,93.36
2008-02-28,3.39,3.63,7.13,92.87
2008-02-29,3.22,3.56,10.34,89.66
2008-03-03,3.12,3.19,2.06,97.94
2008-03-04,3.27,3.25,0.53,99.47
2008-03-05,3.25,3.19,1.96,98.04
2008-03-06,3.14,3.19,1.55,98.45
2008-03-07,3.2,3.25,1.41,98.59
2008-03-10,3.17,3.25,2.4,97.6
2008-03-11,3.36,3.27,2.63,97.37
2008-03-12,3.33,3.3,0.87,99.13
2008-03-13,3.42,3.3,3.5,96.5
2008-03-14,3.41,3.27,4.16,95.84
2008-03-17,3.33,3.27,1.72,98.28
2008-03-18,3.59,3.45,3.78,96.22
2008-03-19,3.51,3.46,1.52,98.48
2008-03-20,3.66,3.59,2.01,97.99
2008-03-24,3.8,3.67,3.47,96.53
2008-03-25,3.76,3.66,2.71,97.29
2008-03-26,3.69,3.63,1.53,98.47
2008-03-27,3.54,3.63,2.64,97.36
2008-03-28,3.49,3.59,2.82,97.18
2008-03-31,3.57,3.63,1.92,98.08
2008-04-01,3.84,3.63,5.26,94.74
2008-04-02,3.87,3.64,5.97,94.03
2008-04-03,3.75,3.78,0.82,99.18
2008-04-04,3.84,3.89,1.3,98.7
2008-04-07,3.85,3.94,2.49,97.51
2008-04-08,3.87,3.89,0.74,99.26
2008-04-09,3.72,3.84,3.18,96.82
2008-04-10,3.74,3.77,0.84,99.16
2008-04-11,3.6,3.62,0.57,99.43
2008-04-14,3.63,3.66,0.91,99.09
2008-04-15,3.63,3.69,1.87,98.13
2008-04-16,3.73,3.85,3.23,96.77
2008-04-17,3.7,3.85,4.0,96.0
2008-04-18,4.01,3.94,1.6,98.4
2008-04-21,4.01,3.85,3.97,96.03
2008-04-22,3.98,3.81,4.4,95.6
2008-04-23,4.05,3.94,2.7,97.3
2008-04-24,3.88,3.81,1.87,98.13
2008-04-25,4.04,3.88,4.12,95.88
2008-04-28,4.1,3.98,2.78,97.22
2008-04-29,4.04,4.04,0.07,99.93
2008-04-30,3.93,3.94,0.28,99.72
2008-05-01,3.97,4.17,5.13,94.87
2008-05-02,3.87,4.08,5.57,94.43
2008-05-05,3.8,4.04,6.32,93.68
2008-05-06,3.79,3.91,3.22,96.78
2008-05-07,3.66,3.87,5.78,94.22
2008-05-08,3.64,3.58,1.66,98.34
2008-05-09,3.62,3.53,2.45,97.55
2008-05-12,3.73,3.64,2.42,97.58
2008-05-13,3.73,3.58,4.02,95.98
2008-05-14,3.71,3.61,2.74,97.26
2008-05-15,3.81,3.58,5.99,94.01
2008-05-16,3.82,3.56,6.84,93.16
2008-05-19,4.11,3.79,7.78,92.22
2008-05-20,4.04,3.9,3.35,96.65
2008-05-21,3.91,3.79,3.23,96.77
2008-05-22,3.96,3.91,1.26,98.74
2008-05-23,3.92,3.94,0.56,99.44
2008-05-27,4.03,4.03,0.07,99.93
2008-05-28,4.0,4.08,1.78,98.22
2008-05-29,4.02,4.1,2.02,97.98
2008-05-30,4.08,4.1,0.43,99.57
2008-06-02,4.01,4.08,1.59,98.41
2008-06-03,4.01,4.08,1.74,98.26
2008-06-04,4.07,4.08,0.01,99.99
2008-06-05,4.23,4.29,1.48,98.52
2008-06-06,4.03,4.16,3.23,96.77
2008-06-09,3.97,3.94,0.69,99.31
2008-06-10,3.98,4.02,0.9,99.1
2008-06-11,3.86,4.02,3.95,96.05
2008-06-12,3.81,3.75,1.39,98.61
2008-06-13,3.96,3.91,1.29,98.71
2008-06-16,4.09,4.1,0.3,99.7
2008-06-17,4.15,4.13,0.47,99.53
2008-06-18,4.13,4.1,0.56,99.44
2008-06-19,4.21,4.13,1.99,98.01
2008-06-20,4.05,4.1,1.04,98.96
2008-06-23,4.03,4.1,1.56,98.44
2008-06-24,3.98,4.02,0.87,99.13
2008-06-25,4.03,3.94,2.02,97.98
2008-06-26,3.82,3.91,2.52,97.48
2008-06-27,3.73,3.91,4.77,95.23
2008-06-30,3.67,3.69,0.68,99.32
2008-07-01,3.68,3.75,2.0,98.0
2008-07-02,3.57,3.72,4.19,95.81
2008-07-03,3.6,3.69,2.54,97.46
2008-07-07,3.62,3.57,1.57,98.43
2008-07-08,3.75,3.49,6.9,93.1
2008-07-09,3.53,3.49,1.06,98.94
2008-07-10,3.53,3.48,1.35,98.65
2008-07-11,3.43,3.48,1.66,98.34
2008-07-14,3.31,3.29,0.66,99.34
2008-07-15,3.35,3.3,1.49,98.51
2008-07-16,3.59,3.37,6.31,93.69
2008-07-17,3.61,3.43,4.91,95.09
2008-07-18,3.46,3.38,2.06,97.94
2008-07-21,3.42,3.28,4.21,95.79
2008-07-22,3.4,3.27,3.81,96.19
2008-07-23,3.53,3.43,2.79,97.21
2008-07-24,3.94,3.7,5.94,94.06
2008-07-25,3.92,3.85,1.67,98.33
2008-07-28,3.8,3.77,0.68,99.32
2008-07-29,3.91,3.89,0.43,99.57
2008-07-30,3.91,3.89,0.43,99.57
2008-07-31,3.82,3.93,3.02,96.98
2008-08-01,3.79,3.98,5.07,94.93
2008-08-04,3.79,3.98,5.13,94.87
2008-08-05,3.96,3.98,0.61,99.39
2008-08-06,3.9,3.93,0.71,99.29
2008-08-07,3.85,3.98,3.43,96.57
2008-08-08,4.03,4.0,0.56,99.44
2008-08-11,4.4,4.13,6.23,93.77
2008-08-12,4.36,4.12,5.61,94.39
2008-08-13,4.33,4.15,4.25,95.75
2008-08-14,4.4,4.34,1.3,98.7
2008-08-15,4.32,4.36,1.0,99.0
2008-08-18,4.16,4.25,2.25,97.75
2008-08-19,4.06,4.2,3.44,96.56
2008-08-20,4.11,4.31,5.05,94.95
2008-08-21,4.16,4.31,3.63,96.37
2008-08-22,4.26,4.36,2.3,97.7
2008-08-25,4.14,4.23,2.0,98.0
2008-08-26,4.09,4.23,3.36,96.64
2008-08-27,4.09,4.27,4.5,95.5
2008-08-28,4.17,4.23,1.3,98.7
2008-08-29,4.04,3.98,1.57,98.43
2008-09-02,4.07,3.98,2.29,97.71
2008-09-03,4.04,3.98,1.52,98.48
2008-09-04,3.9,3.91,0.31,99.69
2008-09-05,3.96,3.88,1.98,98.02
2008-09-08,4.06,3.99,1.74,98.26
2008-09-09,3.95,3.96,0.16,99.84
2008-09-10,3.84,3.88,1.15,98.85
2008-09-11,3.98,3.94,0.79,99.21
2008-09-12,3.91,3.88,0.87,99.13
2008-09-15,3.87,3.88,0.36,99.64
2008-09-16,3.94,3.94,0.19,99.81
2008-09-17,3.58,3.67,2.73,97.27
2008-09-18,3.83,3.71,2.98,97.02
2008-09-19,4.05,3.87,4.4,95.6
2008-09-22,3.75,3.75,0.21,99.79
2008-09-23,3.59,3.71,3.43,96.57
2008-09-24,3.5,3.72,6.39,93.61
2008-09-25,3.6,3.73,3.59,96.41
2008-09-26,3.54,3.56,0.62,99.38
2008-09-29,3.17,3.56,12.29,87.71
2008-09-30,3.64,3.69,1.51,98.49
2008-10-01,3.48,3.59,3.11,96.89
2008-10-02,3.37,3.4,0.82,99.18
2008-10-03,3.35,3.4,1.36,98.64
2008-10-06,3.26,3.25,0.37,99.63
2008-10-07,2.93,3.25,11.06,88.94
2008-10-08,3.05,3.25,6.51,93.49
2008-10-09,2.8,3.19,13.78,86.22
2008-10-10,2.81,3.19,13.27,86.73
2008-10-13,3.1,3.28,5.76,94.24
2008-10-14,2.79,3.01,7.68,92.32
2008-10-15,2.44,2.86,17.43,82.57
2008-10-16,2.51,2.92,16.3,83.7
2008-10-17,2.53,2.61,3.14,96.86
2008-10-20,2.65,2.49,5.86,94.14
2008-10-21,2.51,2.49,0.73,99.27
2008-10-22,2.5,2.49,0.25,99.75
2008-10-23,2.52,2.49,0.9,99.1
2008-10-24,2.45,2.49,1.85,98.15
2008-10-27,2.48,2.56,3.15,96.85
2008-10-28,2.8,2.62,6.55,93.45
2008-10-29,2.84,2.76,3.08,96.92
2008-10-30,2.84,2.76,2.77,97.23
2008-10-31,2.86,2.6,9.01,90.99
2008-11-03,2.79,2.72,2.41,97.59
2008-11-04,2.92,2.92,0.2,99.8
2008-11-05,2.6,2.76,6.08,93.92
2008-11-06,2.36,2.62,10.9,89.1
2008-11-07,2.46,2.62,6.42,93.58
2008-11-10,2.42,2.68,10.47,89.53
2008-11-11,2.32,2.62,13.11,86.89
2008-11-12,2.08,2.35,13.24,86.76
2008-11-13,2.25,2.41,7.47,92.53
2008-11-14,2.09,2.38,14.16,85.84
2008-11-17,1.98,2.18,9.88,90.12
2008-11-18,1.92,2.17,12.97,87.03
2008-11-19,1.79,2.15,20.12,79.88
2008-11-20,1.75,2.15,22.89,77.11
2008-11-21,1.89,1.97,3.9,96.1
2008-11-24,2.12,1.97,7.42,92.58
2008-11-25,2.11,2.03,3.72,96.28
2008-11-26,2.2,2.12,3.48,96.52
2008-11-28,2.13,2.05,3.95,96.05
2008-12-01,2.02,2.03,0.38,99.62
2008-12-02,2.06,2.08,1.09,98.91
2008-12-03,2.26,2.23,1.29,98.71
2008-12-04,2.37,2.2,7.04,92.96
2008-12-05,2.41,2.27,6.06,93.94
2008-12-08,2.57,2.31,10.3,89.7
2008-12-09,2.56,2.5,2.48,97.52
2008-12-10,2.48,2.58,3.89,96.11
2008-12-11,2.41,2.58,7.01,92.99
2008-12-12,2.56,2.58,0.75,99.25
2008-12-15,2.44,2.61,6.9,93.1
2008-12-16,2.63,2.63,0.02,99.98
2008-12-17,2.66,2.63,1.21,98.79
2008-12-18,2.6,2.67,2.37,97.63
2008-12-19,2.58,2.69,4.3,95.7
2008-12-22,2.49,2.67,6.97,93.03
2008-12-23,2.55,2.65,3.75,96.25
2008-12-24,2.57,2.62,1.69,98.31
2008-12-26,2.59,2.62,1.03,98.97
2008-12-29,2.47,2.44,1.08,98.92
2008-12-30,2.54,2.52,0.87,99.13
2008-12-31,2.56,2.55,0.43,99.57
2009-01-02,2.72,2.69,1.21,98.79
2009-01-05,2.7,2.59,4.25,95.75
2009-01-06,2.87,2.71,5.42,94.58
2009-01-07,2.81,2.65,5.83,94.17
2009-01-08,2.86,2.67,6.45,93.55
2009-01-09,2.78,2.83,2.1,97.9
2009-01-12,2.6,2.76,6.2,93.8
2009-01-13,2.57,2.55,0.76,99.24
2009-01-14,2.42,2.41,0.42,99.58
2009-01-15,2.57,2.52,2.12,97.88
2009-01-16,2.58,2.52,2.41,97.59
2009-01-20,2.42,2.51,3.57,96.43
2009-01-21,2.53,2.52,0.38,99.62
2009-01-22,2.5,2.47,0.98,99.02
2009-01-23,2.53,2.4,5.2,94.8
2009-01-26,2.48,2.38,3.96,96.04
2009-01-27,2.42,2.18,9.97,90.03
2009-01-28,2.52,2.24,10.87,89.13
2009-01-29,2.5,2.24,10.23,89.77
2009-01-30,2.94,2.58,12.11,87.89
2009-02-02,3.06,2.69,12.04,87.96
2009-02-03,3.18,2.92,8.27,91.73
2009-02-04,3.05,2.92,4.47,95.53
2009-02-05,3.16,2.92,7.67,92.33
2009-02-06,3.33,2.97,10.62,89.38
2009-02-09,3.34,3.02,9.33,90.67
2009-02-10,3.17,2.97,6.13,93.87
2009-02-11,3.22,3.22,0.04,99.96
2009-02-12,3.2,3.21,0.49,99.51
2009-02-13,3.16,3.21,1.6,98.4
2009-02-17,3.08,3.21,4.22,95.78
2009-02-18,3.12,3.21,3.08,96.92
2009-02-19,3.1,3.21,3.75,96.25
2009-02-20,3.19,2.93,8.16,91.84
2009-02-23,3.09,2.81,8.87,91.13
2009-02-24,3.28,2.81,14.27,85.73
2009-02-25,3.19,2.93,8.12,91.88
2009-02-26,3.12,2.86,8.31,91.69
2009-02-27,3.24,2.81,13.11,86.89
2009-03-02,3.1,2.73,12.08,87.92
2009-03-03,3.09,2.81,8.76,91.24
2009-03-04,3.24,3.21,1.02,98.98
2009-03-05,3.24,3.21,0.96,99.04
2009-03-06,3.08,3.13,1.38,98.62
2009-03-09,3.02,3.16,4.58,95.42
2009-03-10,3.29,3.24,1.4,98.6
2009-03-11,3.43,3.57,4.17,95.83
2009-03-12,3.48,3.53,1.36,98.64
2009-03-13,3.43,3.57,4.04,95.96
2009-03-16,3.35,3.45,3.0,97.0
2009-03-17,3.57,3.57,0.07,99.93
2009-03-18,3.56,3.59,0.66,99.34
2009-03-19,3.51,3.53,0.61,99.39
2009-03-20,3.5,3.59,2.51,97.49
2009-03-23,3.78,3.61,4.43,95.57
2009-03-24,3.64,3.57,1.93,98.07
2009-03-25,3.62,3.57,1.38,98.62
2009-03-26,3.68,3.64,1.19,98.81
2009-03-27,3.53,3.62,2.59,97.41
2009-03-30,3.57,3.76,5.31,94.69
2009-03-31,3.67,3.54,3.52,96.48
2009-04-01,3.67,3.72,1.27,98.73
2009-04-02,3.82,3.63,4.81,95.19
2009-04-03,3.91,3.85,1.54,98.46
2009-04-06,3.9,3.83,1.91,98.09
2009-04-07,3.78,3.73,1.09,98.91
2009-04-08,3.85,3.91,1.46,98.54
2009-04-09,3.99,3.94,1.2,98.8
2009-04-13,3.95,3.81,3.52,96.48
2009-04-14,3.86,3.89,0.85,99.15
2009-04-15,3.74,3.78,1.16,98.84
2009-04-16,3.86,3.85,0.4,99.6
2009-04-17,3.9,3.98,1.97,98.03
2009-04-20,3.88,3.91,0.69,99.31
2009-04-21,3.94,3.93,0.12,99.88
2009-04-22,3.96,3.95,0.16,99.84
2009-04-23,4.03,3.95,1.91,98.09
2009-04-24,4.22,4.08,3.5,96.5
2009-04-27,4.16,4.12,0.76,99.24
2009-04-28,4.12,4.17,1.25,98.75
2009-04-29,3.99,4.04,1.16,98.84
2009-04-30,4.03,4.0,0.55,99.45
2009-05-01,3.95,3.97,0.51,99.49
2009-05-04,3.99,4.04,1.18,98.82
2009-05-05,4.09,4.17,1.87,98.13
2009-05-06,4.1,4.31,5.23,94.77
2009-05-07,3.96,4.19,5.78,94.22
2009-05-08,3.9,4.0,2.73,97.27
2009-05-11,3.93,3.97,0.96,99.04
2009-05-12,3.9,3.92,0.69,99.31
2009-05-13,3.71,3.69,0.49,99.51
2009-05-14,3.76,3.63,3.41,96.59
2009-05-15,3.68,3.63,1.42,98.58
2009-05-18,3.8,3.69,2.79,97.21
2009-05-19,3.89,3.8,2.46,97.54
2009-05-20,3.9,3.73,4.32,95.68
2009-05-21,3.8,3.72,2.16,97.84
2009-05-22,3.78,3.68,2.62,97.38
2009-05-26,3.92,3.72,5.2,94.8
2009-05-27,3.86,3.67,4.74,95.26
2009-05-28,3.88,3.79,2.42,97.58
2009-05-29,3.9,3.83,1.7,98.3
2009-06-01,4.15,3.95,4.98,95.02
2009-06-02,4.25,4.08,4.03,95.97
2009-06-03,4.28,4.33,1.04,98.96
2009-06-04,4.28,4.33,1.23,98.77
2009-06-05,4.38,4.34,0.85,99.15
2009-06-08,4.32,4.4,1.98,98.02
2009-06-09,4.35,4.4,1.14,98.86
2009-06-10,4.33,4.36,0.78,99.22
2009-06-11,4.28,4.42,3.27,96.73
2009-06-12,4.2,4.38,4.29,95.71
2009-06-15,4.16,4.31,3.72,96.28
2009-06-16,4.11,4.36,6.17,93.83
2009-06-17,4.13,4.36,5.53,94.47
2009-06-18,4.08,4.29,5.06,94.94
2009-06-19,4.15,4.16,0.24,99.76
2009-06-22,3.96,3.96,0.08,99.92
2009-06-23,3.88,3.91,0.76,99.24
2009-06-24,3.96,3.98,0.35,99.65
2009-06-25,4.11,3.88,5.57,94.43
2009-06-26,4.19,3.96,5.61,94.39
2009-06-29,4.15,3.91,5.79,94.21
2009-06-30,4.18,3.94,5.71,94.29
2009-07-01,4.08,4.01,1.78,98.22
2009-07-02,3.97,4.0,0.78,99.22
2009-07-06,3.9,4.0,2.35,97.65
2009-07-07,3.78,3.88,2.63,97.37
2009-07-08,3.87,3.9,0.84,99.16
2009-07-09,3.9,3.94,1.0,99.0
2009-07-10,3.88,3.9,0.49,99.51
2009-07-13,4.07,4.1,0.72,99.28
2009-07-14,4.1,4.17,1.87,98.13
2009-07-15,4.23,4.22,0.23,99.77
2009-07-16,4.31,4.17,3.05,96.95
2009-07-17,4.29,4.1,4.42,95.58
2009-07-20,4.41,4.22,4.39,95.61
2009-07-21,4.45,4.31,3.07,96.93
2009-07-22,4.44,4.36,1.77,98.23
2009-07-23,4.69,4.44,5.46,94.54
2009-07-24,4.32,4.36,0.85,99.15
2009-07-27,4.21,4.36,3.54,96.46
2009-07-28,4.25,4.31,1.53,98.47
2009-07-29,4.22,4.31,2.3,97.7
2009-07-30,4.3,4.36,1.31,98.69
2009-07-31,4.29,4.26,0.7,99.3
2009-08-03,4.37,4.29,1.95,98.05
2009-08-04,4.29,4.36,1.61,98.39
2009-08-05,4.21,4.11,2.41,97.59
2009-08-06,4.22,4.11,2.62,97.38
2009-08-07,4.27,4.05,4.95,95.05
2009-08-10,4.22,4.01,5.08,94.92
2009-08-11,4.18,4.01,4.08,95.92
2009-08-12,4.3,3.98,7.46,92.54
2009-08-13,4.23,4.05,4.14,95.86
2009-08-14,4.18,4.15,0.72,99.28
2009-08-17,4.05,4.0,1.39,98.61
2009-08-18,4.11,4.05,1.25,98.75
2009-08-19,4.15,4.01,3.44,96.56
2009-08-20,4.2,4.08,2.87,97.13
2009-08-21,4.25,4.04,4.93,95.07
2009-08-24,4.22,4.11,2.65,97.35
2009-08-25,4.21,4.16,1.23,98.77
2009-08-26,4.2,4.16,1.04,98.96
2009-08-27,4.22,4.11,2.43,97.57
2009-08-28,4.14,4.05,2.01,97.99
2009-08-31,4.06,4.04,0.47,99.53
2009-09-01,3.96,3.91,1.13,98.87
2009-09-02,3.91,3.91,0.16,99.84
2009-09-03,3.92,3.86,1.5,98.5
2009-09-04,3.94,3.91,0.82,99.18
2009-09-08,4.05,3.99,1.42,98.58
2009-09-09,4.11,4.02,2.32,97.68
2009-09-10,4.19,4.06,3.16,96.84
2009-09-11,4.23,4.06,3.95,96.05
2009-09-14,4.19,4.05,3.35,96.65
2009-09-15,4.18,4.05,2.99,97.01
2009-09-16,4.53,4.26,5.96,94.04
2009-09-17,4.52,4.36,3.56,96.44
2009-09-18,4.51,4.38,2.87,97.13
2009-09-21,4.53,4.59,1.38,98.62
2009-09-22,4.69,4.6,1.8,98.2
2009-09-23,4.62,4.6,0.34,99.66
2009-09-24,4.61,4.6,0.05,99.95
2009-09-25,4.53,4.55,0.63,99.37
2009-09-28,4.61,4.55,1.21,98.79
2009-09-29,4.59,4.59,0.1,99.9
2009-09-30,4.67,4.59,1.66,98.34
2009-10-01,4.55,4.53,0.55,99.45
2009-10-02,4.49,4.49,0.02,99.98
2009-10-05,4.43,4.48,1.05,98.95
2009-10-06,4.55,4.67,2.63,97.37
2009-10-07,4.7,4.74,0.93,99.07
2009-10-08,4.76,4.79,0.52,99.48
2009-10-09,4.79,4.79,0.01,99.99
2009-10-12,4.68,4.63,1.08,98.92
2009-10-13,4.74,4.7,0.93,99.07
2009-10-14,4.87,4.79,1.79,98.21
2009-10-15,4.8,4.79,0.31,99.69
2009-10-16,4.77,4.7,1.38,98.62
2009-10-19,4.73,5.43,14.65,85.35
2009-10-20,4.75,5.4,13.62,86.38
2009-10-21,4.67,5.43,16.2,83.8
2009-10-22,4.67,5.47,17.12,82.88
2009-10-23,5.92,5.64,4.81,95.19
2009-10-26,6.23,5.64,9.51,90.49
2009-10-27,6.1,6.02,1.45,98.55
2009-10-28,6.08,6.02,1.1,98.9
2009-10-29,6.13,6.02,1.86,98.14
2009-10-30,5.94,6.12,2.96,97.04
2009-11-02,5.94,6.25,5.25,94.75
2009-11-03,5.92,6.31,6.59,93.41
2009-11-04,5.86,6.35,8.39,91.61
2009-11-05,6.03,6.35,5.24,94.76
2009-11-06,6.31,6.4,1.44,98.56
2009-11-09,6.33,6.54,3.27,96.73
2009-11-10,6.51,6.54,0.51,99.49
2009-11-11,6.5,6.54,0.7,99.3
2009-11-12,6.53,6.49,0.59,99.41
2009-11-13,6.65,6.55,1.45,98.55
2009-11-16,6.58,6.58,0.06,99.94
2009-11-17,6.56,6.58,0.2,99.8
2009-11-18,6.56,6.65,1.29,98.71
2009-11-19,6.45,6.53,1.25,98.75
2009-11-20,6.48,6.67,2.89,97.11
2009-11-23,6.65,6.66,0.12,99.88
2009-11-24,6.65,6.66,0.16,99.84
2009-11-25,6.7,6.75,0.73,99.27
2009-11-27,6.59,6.67,1.32,98.68
2009-11-30,6.8,6.7,1.44,98.56
2009-12-01,6.93,6.72,2.98,97.02
2009-12-02,7.11,6.76,4.97,95.03
2009-12-03,7.06,6.96,1.4,98.6
2009-12-04,6.88,6.85,0.49,99.51
2009-12-07,6.71,6.76,0.67,99.33
2009-12-08,6.71,6.78,1.13,98.87
2009-12-09,6.57,6.71,2.26,97.74
2009-12-10,6.77,6.85,1.13,98.87
2009-12-11,6.71,6.8,1.44,98.56
2009-12-14,6.57,6.67,1.53,98.47
2009-12-15,6.51,6.67,2.42,97.58
2009-12-16,6.42,6.6,2.78,97.22
2009-12-17,6.35,6.6,3.96,96.04
2009-12-18,6.42,6.53,1.7,98.3
2009-12-21,6.64,6.36,4.28,95.72
2009-12-22,6.69,6.29,5.91,94.09
2009-12-23,6.95,6.43,7.47,92.53
2009-12-24,6.92,6.51,6.0,94.0
2009-12-28,6.97,6.85,1.72,98.28
2009-12-29,6.97,6.85,1.79,98.21
2009-12-30,6.82,6.85,0.31,99.69
2009-12-31,6.73,6.99,3.97,96.03
2010-01-04,6.7,6.71,0.28,99.72
2010-01-05,6.73,7.08,5.19,94.81
2010-01-06,6.61,6.75,2.07,97.93
2010-01-07,6.5,6.75,3.84,96.16
2010-01-08,6.68,6.89,3.19,96.81
2010-01-11,6.52,6.75,3.59,96.41
2010-01-12,6.37,6.56,3.08,96.92
2010-01-13,6.46,6.36,1.55,98.45
2010-01-14,6.37,6.23,2.18,97.82
2010-01-15,6.36,6.23,2.02,97.98
2010-01-19,6.38,6.23,2.38,97.62
2010-01-20,6.29,6.14,2.43,97.57
2010-01-21,6.33,6.14,3.08,96.92
2010-01-22,6.07,6.14,1.06,98.94
2010-01-25,6.02,6.14,2.0,98.0
2010-01-26,5.97,6.14,2.71,97.29
2010-01-27,6.14,6.2,1.01,98.99
2010-01-28,6.3,6.26,0.61,99.39
2010-01-29,6.27,6.2,1.13,98.87
2010-02-01,5.94,6.13,3.21,96.79
2010-02-02,5.91,6.15,4.14,95.86
2010-02-03,5.95,6.04,1.45,98.55
2010-02-04,5.8,5.99,3.4,96.6
2010-02-05,5.87,6.03,2.71,97.29
2010-02-08,5.84,6.01,2.91,97.09
2010-02-09,5.9,6.03,2.15,97.85
2010-02-10,5.87,5.99,2.02,97.98
2010-02-11,6.0,6.12,1.96,98.04
2010-02-12,5.98,6.17,3.05,96.95
2010-02-16,5.88,6.12,4.18,95.82
2010-02-17,5.82,5.89,1.35,98.65
2010-02-18,5.9,5.78,2.09,97.91
2010-02-19,5.88,5.78,1.62,98.38
2010-02-22,5.9,5.92,0.27,99.73
2010-02-23,5.86,5.92,0.93,99.07
2010-02-24,5.99,5.86,2.12,97.88
2010-02-25,5.91,5.89,0.32,99.68
2010-02-26,5.92,5.86,1.03,98.97
2010-03-01,6.23,6.03,3.22,96.78
2010-03-02,6.28,6.16,1.78,98.22
2010-03-03,6.29,6.19,1.7,98.3
2010-03-04,6.43,6.3,1.95,98.05
2010-03-05,6.45,6.3,2.24,97.76
2010-03-08,6.51,6.45,0.91,99.09
2010-03-09,6.44,6.45,0.08,99.92
2010-03-10,6.53,6.52,0.12,99.88
2010-03-11,6.68,6.52,2.41,97.59
2010-03-12,6.59,6.52,1.11,98.89
2010-03-15,6.56,6.66,1.55,98.45
2010-03-16,6.59,6.65,0.85,99.15
2010-03-17,6.57,6.66,1.38,98.62
2010-03-18,6.64,6.66,0.3,99.7
2010-03-19,6.52,6.58,0.99,99.01
2010-03-22,6.52,6.64,1.77,98.23
2010-03-23,6.46,6.6,2.19,97.81
2010-03-24,6.4,6.38,0.36,99.64
2010-03-25,6.74,6.56,2.69,97.31
2010-03-26,6.75,6.51,3.63,96.37
2010-03-29,6.76,6.7,0.9,99.1
2010-03-30,6.83,6.7,1.96,98.04
2010-03-31,6.79,6.54,3.66,96.34
2010-04-01,6.59,6.47,1.79,98.21
2010-04-05,6.57,6.75,2.66,97.34
2010-04-06,6.78,6.83,0.81,99.19
2010-04-07,6.74,6.8,0.89,99.11
2010-04-08,7.05,6.94,1.58,98.42
2010-04-09,7.0,6.94,0.95,99.05
2010-04-12,7.06,7.22,2.28,97.72
2010-04-13,7.01,7.24,3.31,96.69
2010-04-14,7.21,7.28,0.92,99.08
2010-04-15,7.29,7.24,0.7,99.3
2010-04-16,7.11,7.17,0.86,99.14
2010-04-19,7.12,7.17,0.68,99.32
2010-04-20,7.21,7.17,0.56,99.44
2010-04-21,7.32,7.22,1.43,98.57
2010-04-22,7.5,7.29,2.82,97.18
2010-04-23,7.18,7.22,0.49,99.51
2010-04-26,7.36,7.22,1.89,98.11
2010-04-27,7.1,7.13,0.35,99.65
2010-04-28,6.97,6.99,0.26,99.74
2010-04-29,7.09,7.03,0.8,99.2
2010-04-30,6.86,6.92,0.95,99.05
2010-05-03,6.87,6.95,1.09,98.91
2010-05-04,6.49,6.81,4.96,95.04
2010-05-05,6.55,6.81,4.08,95.92
2010-05-06,6.44,6.81,5.88,94.12
2010-05-07,6.25,6.69,7.0,93.0
2010-05-10,6.56,6.81,3.8,96.2
2010-05-11,6.52,6.81,4.46,95.54
2010-05-12,6.69,6.57,1.81,98.19
2010-05-13,6.57,6.57,0.01,99.99
2010-05-14,6.43,6.51,1.28,98.72
2010-05-17,6.45,6.29,2.38,97.62
2010-05-18,6.31,6.2,1.81,98.19
2010-05-19,6.23,6.14,1.5,98.5
2010-05-20,5.99,6.14,2.51,97.49
2010-05-21,6.14,6.2,1.04,98.96
2010-05-24,6.11,6.22,1.86,98.14
2010-05-25,6.24,6.26,0.32,99.68
2010-05-26,6.16,6.22,0.98,99.02
2010-05-27,6.34,6.37,0.61,99.39
2010-05-28,6.27,6.19,1.36,98.64
2010-06-01,6.16,6.04,2.03,97.97
2010-06-02,6.32,6.04,4.41,95.59
2010-06-03,6.44,6.12,4.88,95.12
2010-06-04,6.14,6.08,0.94,99.06
2010-06-07,6.1,6.05,0.87,99.13
2010-06-08,5.94,6.05,1.78,98.22
2010-06-09,5.9,6.05,2.55,97.45
2010-06-10,6.16,6.24,1.25,98.75
2010-06-11,6.15,6.14,0.17,99.83
2010-06-14,6.19,6.14,0.81,99.19
2010-06-15,6.34,6.14,3.17,96.83
2010-06-16,6.34,6.17,2.71,97.29
2010-06-17,6.29,6.1,3.02,96.98
2010-06-18,6.29,6.14,2.39,97.61
2010-06-21,6.13,6.2,1.13,98.87
2010-06-22,6.12,6.08,0.57,99.43
2010-06-23,6.07,6.02,0.9,99.1
2010-06-24,5.92,6.02,1.69,98.31
2010-06-25,6.05,6.07,0.26,99.74
2010-06-28,5.89,6.07,2.98,97.02
2010-06-29,5.43,5.89,8.53,91.47
2010-06-30,5.46,5.83,6.72,93.28
2010-07-01,5.55,5.69,2.6,97.4
2010-07-02,5.46,5.69,4.31,95.69
2010-07-06,5.5,5.64,2.42,97.58
2010-07-07,5.67,5.65,0.46,99.54
2010-07-08,5.81,5.71,1.75,98.25
2010-07-09,5.86,5.71,2.62,97.38
2010-07-12,5.98,5.82,2.67,97.33
2010-07-13,6.18,5.93,4.16,95.84
2010-07-14,6.16,5.97,3.13,96.87
2010-07-15,6.1,6.0,1.62,98.38
2010-07-16,5.92,5.89,0.55,99.45
2010-07-19,6.0,5.93,1.1,98.9
2010-07-20,6.01,6.12,2.0,98.0
2010-07-21,5.87,6.1,3.88,96.12
2010-07-22,6.0,6.1,1.59,98.41
2010-07-23,5.94,6.24,4.94,95.06
2010-07-26,5.92,6.24,5.35,94.65
2010-07-27,5.86,5.99,2.3,97.7
2010-07-28,5.86,5.96,1.7,98.3
2010-07-29,5.84,5.96,2.0,98.0
2010-07-30,5.89,5.73,2.76,97.24
2010-08-02,6.0,5.67,5.5,94.5
2010-08-03,6.12,5.95,2.76,97.24
2010-08-04,6.38,6.12,4.1,95.9
2010-08-05,6.39,6.3,1.42,98.58
2010-08-06,6.42,6.3,1.79,98.21
2010-08-09,6.44,6.39,0.75,99.25
2010-08-10,6.5,6.45,0.83,99.17
2010-08-11,6.29,6.41,1.87,98.13
2010-08-12,6.33,6.44,1.7,98.3
2010-08-13,6.23,6.41,2.85,97.15
2010-08-16,6.3,6.44,2.09,97.91
2010-08-17,6.44,6.51,0.97,99.03
2010-08-18,6.48,6.51,0.35,99.65
2010-08-19,6.38,6.46,1.36,98.64
2010-08-20,6.39,6.44,0.84,99.16
2010-08-23,6.33,6.35,0.33,99.67
2010-08-24,6.23,6.12,1.69,98.31
2010-08-25,6.34,6.23,1.75,98.25
2010-08-26,6.24,6.12,1.93,98.07
2010-08-27,6.33,6.17,2.62,97.38
2010-08-30,6.19,6.06,2.1,97.9
2010-08-31,6.24,6.19,0.84,99.16
2010-09-01,6.62,6.35,4.2,95.8
2010-09-02,6.76,6.42,5.03,94.97
2010-09-03,6.94,6.49,6.54,93.46
2010-09-07,6.86,6.56,4.45,95.55
2010-09-08,6.96,6.6,5.09,94.91
2010-09-09,7.02,6.63,5.6,94.4
2010-09-10,7.12,6.72,5.67,94.33
2010-09-13,7.25,7.0,3.5,96.5
2010-09-14,7.29,7.29,0.07,99.93
2010-09-15,7.27,7.27,0.01,99.99
2010-09-16,7.41,7.27,1.82,98.18
2010-09-17,7.42,7.27,1.94,98.06
2010-09-20,7.57,7.52,0.55,99.45
2010-09-21,7.54,7.52,0.17,99.83
2010-09-22,7.59,7.29,3.93,96.07
2010-09-23,7.64,8.16,6.73,93.27
2010-09-24,8.04,8.39,4.37,95.63
2010-09-27,7.97,8.39,5.26,94.74
2010-09-28,7.99,8.39,5.04,94.96
2010-09-29,7.95,8.16,2.61,97.39
2010-09-30,7.85,8.16,3.87,96.13
2010-10-01,7.69,8.08,5.14,94.86
2010-10-04,7.77,8.08,4.06,95.94
2010-10-05,8.04,8.14,1.25,98.75
2010-10-06,7.77,8.03,3.39,96.61
2010-10-07,7.81,8.03,2.81,97.19
2010-10-08,7.78,7.94,2.15,97.85
2010-10-11,7.65,7.89,3.16,96.84
2010-10-12,7.82,7.94,1.54,98.46
2010-10-13,7.76,7.89,1.74,98.26
2010-10-14,7.78,7.74,0.46,99.54
2010-10-15,8.23,7.95,3.45,96.55
2010-10-18,8.18,7.93,3.09,96.91
2010-10-19,7.93,7.86,0.95,99.05
2010-10-20,7.93,7.89,0.5,99.5
2010-10-21,8.25,8.03,2.61,97.39
2010-10-22,8.46,8.08,4.45,95.55
2010-10-25,8.45,8.03,4.93,95.07
2010-10-26,8.5,8.1,4.63,95.37
2010-10-27,8.38,8.52,1.7,98.3
2010-10-28,8.34,8.52,2.11,97.89
2010-10-29,8.26,8.52,3.1,96.9
2010-11-01,8.13,8.43,3.67,96.33
2010-11-02,8.23,8.47,2.92,97.08
2010-11-03,8.42,8.52,1.12,98.88
2010-11-04,8.45,8.39,0.72,99.28
2010-11-05,8.54,8.47,0.79,99.21
2010-11-08,8.6,8.54,0.65,99.35
2010-11-09,8.51,8.54,0.33,99.67
2010-11-10,8.67,8.52,1.71,98.29
2010-11-11,8.52,8.33,2.2,97.8
2010-11-12,8.28,8.74,5.47,94.53
2010-11-15,7.95,8.66,8.99,91.01
2010-11-16,7.89,8.66,9.76,90.24
2010-11-17,7.92,8.11,2.49,97.51
2010-11-18,8.21,8.29,1.04,98.96
2010-11-19,8.24,8.33,1.09,98.91
2010-11-22,8.52,8.39,1.57,98.43
2010-11-23,8.41,8.3,1.36,98.64
2010-11-24,8.86,8.43,4.91,95.09
2010-11-26,8.86,8.39,5.36,94.64
2010-11-29,8.97,8.41,6.24,93.76
2010-11-30,8.77,8.91,1.57,98.43
2010-12-01,8.83,8.88,0.54,99.46
2010-12-02,8.83,8.93,1.17,98.83
2010-12-03,8.78,9.02,2.63,97.37
2010-12-06,8.9,9.13,2.51,97.49
2010-12-07,8.84,9.13,3.25,96.75
2010-12-08,8.81,9.13,3.53,96.47
2010-12-09,8.74,9.06,3.66,96.34
2010-12-10,8.78,9.06,3.2,96.8
2010-12-13,8.71,8.93,2.49,97.51
2010-12-14,8.7,9.02,3.66,96.34
2010-12-15,8.78,8.77,0.07,99.93
2010-12-16,8.9,8.88,0.23,99.77
2010-12-17,8.88,8.77,1.21,98.79
2010-12-20,9.16,9.09,0.79,99.21
2010-12-21,9.24,9.09,1.58,98.42
2010-12-22,9.24,9.09,1.58,98.42
2010-12-23,9.13,9.07,0.67,99.33
2010-12-27,9.11,9.23,1.35,98.65
2010-12-28,9.05,9.23,1.94,98.06
2010-12-29,9.17,9.28,1.19,98.81
2010-12-30,9.14,9.3,1.78,98.22
2010-12-31,9.0,9.2,2.25,97.75
2011-01-03,9.21,9.36,1.58,98.42
2011-01-04,9.25,9.36,1.15,98.85
2011-01-05,9.37,9.36,0.15,99.85
2011-01-06,9.29,9.33,0.43,99.57
2011-01-07,9.27,9.33,0.63,99.37
2011-01-10,9.23,9.11,1.38,98.62
2011-01-11,9.22,9.07,1.6,98.4
2011-01-12,9.2,9.07,1.46,98.54
2011-01-13,9.28,9.19,0.93,99.07
2011-01-14,9.44,9.46,0.29,99.71
2011-01-18,9.56,9.53,0.36,99.64
2011-01-19,9.34,9.33,0.12,99.88
2011-01-20,9.1,9.24,1.57,98.43
2011-01-21,8.87,9.2,3.68,96.32
2011-01-24,8.84,8.89,0.54,99.46
2011-01-25,8.84,8.89,0.63,99.37
2011-01-26,8.77,8.82,0.58,99.42
2011-01-27,9.22,9.06,1.74,98.26
2011-01-28,8.56,8.89,3.9,96.1
2011-01-31,8.48,8.89,4.82,95.18
2011-02-01,8.61,8.67,0.7,99.3
2011-02-02,8.68,8.68,0.1,99.9
2011-02-03,8.69,8.67,0.23,99.77
2011-02-04,8.8,8.67,1.49,98.51
2011-02-07,8.82,8.67,1.77,98.23
2011-02-08,9.15,8.8,3.84,96.16
2011-02-09,9.27,8.88,4.14,95.86
2011-02-10,9.31,9.04,2.93,97.07
2011-02-11,9.46,9.08,3.99,96.01
2011-02-14,9.52,9.29,2.39,97.61
2011-02-15,9.45,9.29,1.67,98.33
2011-02-16,9.33,9.11,2.41,97.59
2011-02-17,9.39,9.41,0.23,99.77
2011-02-18,9.32,9.58,2.74,97.26
2011-02-22,9.02,9.26,2.63,97.37
2011-02-23,8.83,9.11,3.15,96.85
2011-02-24,8.89,9.14,2.83,97.17
2011-02-25,8.86,9.11,2.76,97.24
2011-02-28,8.66,9.0,3.84,96.16
2011-03-01,8.47,8.82,4.11,95.89
2011-03-02,8.6,8.6,0.06,99.94
2011-03-03,8.64,8.6,0.51,99.49
2011-03-04,8.58,8.59,0.03,99.97
2011-03-07,8.45,8.52,0.77,99.23
2011-03-08,8.34,8.43,1.06,98.94
2011-03-09,8.45,8.6,1.69,98.31
2011-03-10,8.31,8.59,3.36,96.64
2011-03-11,8.4,8.6,2.29,97.71
2011-03-14,8.34,8.05,3.42,96.58
2011-03-15,8.25,8.05,2.46,97.54
2011-03-16,8.23,8.05,2.23,97.77
2011-03-17,8.05,8.05,0.03,99.97
2011-03-18,8.09,8.05,0.49,99.51
2011-03-21,8.23,8.15,0.98,99.02
2011-03-22,8.13,8.1,0.39,99.61
2011-03-23,8.27,8.11,1.83,98.17
2011-03-24,8.56,8.29,3.05,96.95
2011-03-25,8.55,8.33,2.55,97.45
2011-03-28,8.47,8.34,1.54,98.46
2011-03-29,8.73,8.43,3.48,96.52
2011-03-30,8.97,8.54,4.79,95.21
2011-03-31,9.01,8.52,5.38,94.62
2011-04-01,9.01,9.09,0.88,99.12
2011-04-04,9.15,9.13,0.23,99.77
2011-04-05,9.26,9.14,1.36,98.64
2011-04-06,9.14,9.14,0.0,100.0
2011-04-07,9.25,9.14,1.16,98.84
2011-04-08,9.24,9.35,1.21,98.79
2011-04-11,9.2,9.35,1.58,98.42
2011-04-12,9.02,9.3,3.02,96.98
2011-04-13,9.11,9.29,1.97,98.03
2011-04-14,9.09,9.29,2.24,97.76
2011-04-15,9.0,9.28,3.12,96.88
2011-04-18,8.92,9.14,2.55,97.45
2011-04-19,8.94,9.05,1.26,98.74
2011-04-20,9.19,9.16,0.35,99.65
2011-04-21,9.29,9.25,0.52,99.48
2011-04-25,9.27,9.11,1.71,98.29
2011-04-26,9.11,8.97,1.61,98.39
2011-04-27,9.83,9.34,5.02,94.98
2011-04-28,9.75,9.43,3.32,96.68
2011-04-29,9.79,9.46,3.33,96.67
2011-05-02,10.06,9.64,4.14,95.86
2011-05-03,9.92,9.99,0.72,99.28
2011-05-04,10.0,9.99,0.05,99.95
2011-05-05,9.86,9.97,1.17,98.83
2011-05-06,9.88,9.99,1.15,98.85
2011-05-09,10.04,10.03,0.06,99.94
2011-05-10,10.2,10.14,0.54,99.46
2011-05-11,10.22,10.14,0.75,99.25
2011-05-12,10.3,10.26,0.45,99.55
2011-05-13,10.13,10.19,0.63,99.37
2011-05-16,9.63,10.05,4.45,95.55
2011-05-17,9.74,9.72,0.22,99.78
2011-05-18,9.85,9.83,0.28,99.72
2011-05-19,9.94,9.83,1.14,98.86
2011-05-20,9.93,9.68,2.51,97.49
2011-05-23,9.81,9.68,1.3,98.7
2011-05-24,9.66,9.54,1.26,98.74
2011-05-25,9.61,9.57,0.4,99.6
2011-05-26,9.75,9.61,1.41,98.59
2011-05-27,9.71,9.47,2.43,97.57
2011-05-31,9.83,9.46,3.81,96.19
2011-06-01,9.62,9.44,1.87,98.13
2011-06-02,9.68,9.44,2.5,97.5
2011-06-03,9.42,9.42,0.08,99.92
2011-06-06,9.28,9.46,1.89,98.11
2011-06-07,9.38,9.46,0.88,99.12
2011-06-08,9.4,9.44,0.4,99.6
2011-06-09,9.48,9.44,0.46,99.54
2011-06-10,9.33,9.31,0.21,99.79
2011-06-13,9.31,9.09,2.41,97.59
2011-06-14,9.5,9.23,2.79,97.21
2011-06-15,9.3,9.12,1.92,98.08
2011-06-16,9.18,9.09,1.01,98.99
2011-06-17,9.32,9.11,2.24,97.76
2011-06-20,9.39,9.09,3.15,96.85
2011-06-21,9.71,9.41,3.15,96.85
2011-06-22,9.58,9.26,3.33,96.67
2011-06-23,9.71,9.5,2.13,97.87
2011-06-24,9.63,9.52,1.14,98.86
2011-06-27,10.06,9.63,4.28,95.72
2011-06-28,10.12,9.98,1.34,98.66
2011-06-29,10.21,9.98,2.22,97.78
2011-06-30,10.22,10.01,2.12,97.88
2011-07-01,10.47,10.07,3.85,96.15
2011-07-05,10.66,10.26,3.78,96.22
2011-07-06,10.71,10.29,3.9,96.1
2011-07-07,10.84,10.92,0.77,99.23
2011-07-08,10.91,10.92,0.05,99.95
2011-07-11,10.63,10.85,2.09,97.91
2011-07-12,10.56,10.82,2.45,97.55
2011-07-13,10.68,10.85,1.63,98.37
2011-07-14,10.52,10.82,2.86,97.14
2011-07-15,10.64,10.89,2.27,97.73
2011-07-18,10.58,10.8,2.08,97.92
2011-07-19,10.9,10.82,0.76,99.24
2011-07-20,10.78,10.76,0.19,99.81
2011-07-21,10.66,10.94,2.65,97.35
2011-07-22,10.83,10.9,0.68,99.32
2011-07-25,10.67,10.74,0.62,99.38
2011-07-26,10.71,10.7,0.04,99.96
2011-07-27,11.13,10.85,2.44,97.56
2011-07-28,11.19,10.85,3.04,96.96
2011-07-29,11.13,10.94,1.65,98.35
2011-08-01,11.07,10.94,1.11,98.89
2011-08-02,10.59,10.7,1.05,98.95
2011-08-03,10.5,10.7,1.97,98.03
2011-08-04,10.07,10.51,4.3,95.7
2011-08-05,10.14,10.55,4.11,95.89
2011-08-08,9.69,10.42,7.57,92.43
2011-08-09,10.25,10.32,0.62,99.38
2011-08-10,9.71,10.25,5.65,94.35
2011-08-11,9.92,10.25,3.39,96.61
2011-08-12,10.11,10.32,2.01,97.99
2011-08-15,10.15,10.32,1.68,98.32
2011-08-16,9.88,9.61,2.78,97.22
2011-08-17,9.8,9.56,2.45,97.55
2011-08-18,9.13,9.53,4.37,95.63
2011-08-19,8.95,9.53,6.47,93.53
2011-08-22,8.88,9.49,6.85,93.15
2011-08-23,9.68,9.59,0.96,99.04
2011-08-24,9.69,9.7,0.12,99.88
2011-08-25,9.6,9.63,0.32,99.68
2011-08-26,9.96,9.87,0.94,99.06
2011-08-29,10.33,9.81,5.03,94.97
2011-08-30,10.55,10.01,5.08,94.92
2011-08-31,10.76,10.01,6.98,93.02
2011-09-01,10.63,10.0,5.94,94.06
2011-09-02,10.5,9.95,5.26,94.74
2011-09-06,10.81,10.71,0.92,99.08
2011-09-07,10.99,10.8,1.8,98.2
2011-09-08,10.86,10.89,0.21,99.79
2011-09-09,10.57,10.89,2.99,97.01
2011-09-12,10.83,10.92,0.85,99.15
2011-09-13,10.98,11.06,0.72,99.28
2011-09-14,11.13,11.12,0.09,99.91
2011-09-15,11.34,11.24,0.91,99.09
2011-09-16,11.97,11.24,6.09,93.91
2011-09-19,12.08,11.58,4.19,95.81
2011-09-20,11.66,11.45,1.78,98.22
2011-09-21,11.59,11.37,1.95,98.05
2011-09-22,11.16,11.31,1.34,98.66
2011-09-23,11.18,11.37,1.67,98.33
2011-09-26,11.49,11.37,1.09,98.91
2011-09-27,11.21,11.23,0.15,99.85
2011-09-28,11.49,11.32,1.41,98.59
2011-09-29,11.12,11.28,1.44,98.56
2011-09-30,10.81,11.07,2.42,97.58
2011-10-03,10.6,11.0,3.77,96.23
2011-10-04,10.62,10.92,2.77,97.23
2011-10-05,10.98,11.0,0.22,99.78
2011-10-06,11.08,10.86,1.98,98.02
2011-10-07,11.24,10.86,3.39,96.61
2011-10-10,11.57,11.25,2.69,97.31
2011-10-11,11.77,11.41,3.08,96.92
2011-10-12,11.84,11.55,2.44,97.56
2011-10-13,11.81,11.55,2.17,97.83
2011-10-14,12.34,11.79,4.39,95.61
2011-10-17,12.12,11.84,2.28,97.72
2011-10-18,12.19,11.61,4.79,95.21
2011-10-19,11.58,11.52,0.45,99.55
2011-10-20,11.68,11.66,0.2,99.8
2011-10-21,11.74,11.9,1.4,98.6
2011-10-24,11.88,11.9,0.2,99.8
2011-10-25,11.36,11.69,2.89,97.11
2011-10-26,9.92,11.1,11.88,88.12
2011-10-27,10.34,11.13,7.64,92.36
2011-10-28,10.87,10.92,0.49,99.51
2011-10-31,10.68,10.88,1.87,98.13
2011-11-01,10.6,10.86,2.37,97.63
2011-11-02,10.78,10.54,2.2,97.8
2011-11-03,10.91,10.51,3.67,96.33
2011-11-04,10.82,10.51,2.86,97.14
2011-11-07,10.85,10.51,3.1,96.9
2011-11-08,10.9,10.58,2.96,97.04
2011-11-09,10.56,10.51,0.44,99.56
2011-11-10,10.54,10.51,0.24,99.76
2011-11-11,10.87,10.53,3.09,96.91
2011-11-14,10.95,10.66,2.65,97.35
2011-11-15,10.89,11.14,2.24,97.76
2011-11-16,10.6,10.92,3.0,97.0
2011-11-17,10.23,10.51,2.82,97.18
2011-11-18,9.86,10.49,6.4,93.6
2011-11-21,9.46,10.42,10.1,89.9
2011-11-22,9.62,10.18,5.9,94.1
2011-11-23,9.45,10.15,7.45,92.55
2011-11-25,9.12,10.14,11.23,88.77
2011-11-28,9.71,9.63,0.84,99.16
2011-11-29,9.42,9.49,0.7,99.3
2011-11-30,9.61,9.55,0.62,99.38
2011-12-01,9.86,9.62,2.42,97.58
2011-12-02,9.8,9.55,2.52,97.48
2011-12-05,9.81,9.55,2.62,97.38
2011-12-06,9.6,9.54,0.64,99.36
2011-12-07,9.77,9.55,2.16,97.84
2011-12-08,9.52,9.57,0.53,99.47
2011-12-09,9.65,9.73,0.78,99.22
2011-12-12,9.48,9.77,3.12,96.88
2011-12-13,9.03,9.59,6.2,93.8
2011-12-14,9.01,9.5,5.47,94.53
2011-12-15,9.06,9.66,6.54,93.46
2011-12-16,9.06,9.09,0.3,99.7
2011-12-19,8.97,9.1,1.46,98.54
2011-12-20,9.13,9.06,0.7,99.3
2011-12-21,8.72,8.99,3.15,96.85
2011-12-22,8.95,9.05,1.05,98.95
2011-12-23,8.86,8.99,1.44,98.56
2011-12-27,8.81,9.05,2.63,97.37
2011-12-28,8.69,8.78,1.02,98.98
2011-12-29,8.69,8.78,1.04,98.96
2011-12-30,8.65,8.61,0.5,99.5
2012-01-03,8.95,8.68,3.01,96.99
2012-01-04,8.88,8.79,0.98,99.02
2012-01-05,8.88,8.82,0.71,99.29
2012-01-06,9.13,8.9,2.55,97.45
2012-01-09,8.93,8.82,1.24,98.76
2012-01-10,8.97,8.86,1.17,98.83
2012-01-11,8.94,8.79,1.75,98.25
2012-01-12,8.8,8.9,1.15,98.85
2012-01-13,8.92,8.86,0.68,99.32
2012-01-17,9.08,8.95,1.44,98.56
2012-01-18,9.47,9.12,3.67,96.33
2012-01-19,9.72,9.19,5.5,94.5
2012-01-20,9.55,9.53,0.19,99.81
2012-01-23,9.3,9.43,1.34,98.66
2012-01-24,9.35,9.37,0.26,99.74
2012-01-25,9.39,9.42,0.29,99.71
2012-01-26,9.67,9.5,1.67,98.33
2012-01-27,9.77,9.58,1.93,98.07
2012-01-30,9.61,9.62,0.13,99.87
2012-01-31,9.72,9.97,2.55,97.45
2012-02-01,8.97,9.68,7.89,92.11
2012-02-02,9.09,9.75,7.3,92.7
2012-02-03,9.38,9.8,4.41,95.59
2012-02-06,9.16,9.39,2.58,97.42
2012-02-07,9.21,9.22,0.12,99.88
2012-02-08,9.27,9.14,1.43,98.57
2012-02-09,9.25,9.14,1.19,98.81
2012-02-10,9.28,9.24,0.37,99.63
2012-02-13,9.58,9.28,3.09,96.91
2012-02-14,9.56,9.39,1.79,98.21
2012-02-15,9.22,9.14,0.89,99.11
2012-02-16,9.0,9.08,0.91,99.09
2012-02-17,9.12,9.11,0.18,99.82
2012-02-21,9.11,9.08,0.38,99.62
2012-02-22,9.03,9.28,2.76,97.24
2012-02-23,8.94,9.2,2.83,97.17
2012-02-24,8.96,9.06,1.18,98.82
2012-02-27,8.93,9.12,2.22,97.78
2012-02-28,9.19,9.24,0.57,99.43
2012-02-29,8.98,8.95,0.34,99.66
2012-03-01,9.0,8.95,0.54,99.46
2012-03-02,8.97,8.95,0.13,99.87
2012-03-05,9.01,8.82,2.13,97.87
2012-03-06,9.05,8.89,1.81,98.19
2012-03-07,9.19,9.07,1.3,98.7
2012-03-08,9.38,9.29,0.94,99.06
2012-03-09,9.22,9.11,1.19,98.81
2012-03-12,9.17,9.11,0.69,99.31
2012-03-13,9.23,9.16,0.74,99.26
2012-03-14,9.11,9.14,0.28,99.72
2012-03-15,9.22,9.2,0.2,99.8
2012-03-16,9.25,9.42,1.79,98.21
2012-03-19,9.28,9.28,0.02,99.98
2012-03-20,9.62,9.53,0.9,99.1
2012-03-21,9.59,9.53,0.61,99.39
2012-03-22,9.62,9.53,0.93,99.07
2012-03-23,9.75,9.57,1.88,98.12
2012-03-26,10.14,9.72,4.19,95.81
2012-03-27,10.27,10.07,1.98,98.02
2012-03-28,10.06,9.99,0.64,99.36
2012-03-29,10.23,10.0,2.27,97.73
2012-03-30,10.13,10.14,0.16,99.84
2012-04-02,9.9,10.05,1.52,98.48
2012-04-03,9.98,10.08,0.94,99.06
2012-04-04,9.7,9.97,2.75,97.25
2012-04-05,9.72,9.97,2.54,97.46
2012-04-09,9.59,9.88,3.0,97.0
2012-04-10,9.35,9.59,2.57,97.43
2012-04-11,9.4,9.58,1.96,98.04
2012-04-12,9.53,9.65,1.19,98.81
2012-04-13,9.42,9.5,0.85,99.15
2012-04-16,9.27,9.37,1.03,98.97
2012-04-17,9.42,9.37,0.52,99.48
2012-04-18,9.55,9.44,1.19,98.81
2012-04-19,9.56,9.37,1.93,98.07
2012-04-20,9.5,9.42,0.79,99.21
2012-04-23,9.41,9.09,3.42,96.58
2012-04-24,9.52,9.09,4.48,95.52
2012-04-25,9.72,9.34,3.89,96.11
2012-04-26,9.8,9.41,4.02,95.98
2012-04-27,11.34,10.22,9.89,90.11
2012-04-30,11.6,10.22,11.86,88.14
2012-05-01,11.5,10.29,10.52,89.48
2012-05-02,11.51,10.92,5.15,94.85
2012-05-03,11.47,11.0,4.1,95.9
2012-05-04,11.2,11.24,0.32,99.68
2012-05-07,11.26,11.58,2.84,97.16
2012-05-08,11.19,11.58,3.42,96.58
2012-05-09,11.15,11.54,3.53,96.47
2012-05-10,11.33,11.58,2.15,97.85
2012-05-11,11.38,11.58,1.7,98.3
2012-05-14,11.15,11.54,3.56,96.44
2012-05-15,11.22,11.54,2.88,97.12
2012-05-16,11.2,11.54,3.04,96.96
2012-05-17,10.92,10.86,0.57,99.43
2012-05-18,10.69,10.75,0.58,99.42
2012-05-21,10.91,10.86,0.45,99.55
2012-05-22,10.77,10.79,0.18,99.82
2012-05-23,10.86,10.86,0.07,99.93
2012-05-24,10.76,10.7,0.6,99.4
2012-05-25,10.64,10.7,0.5,99.5
2012-05-29,10.74,10.7,0.37,99.63
2012-05-30,10.46,10.49,0.25,99.75
2012-05-31,10.65,10.49,1.48,98.52
2012-06-01,10.41,10.42,0.07,99.93
2012-06-04,10.73,10.55,1.65,98.35
2012-06-05,10.66,10.25,3.81,96.19
2012-06-06,10.88,10.33,5.05,94.95
2012-06-07,10.94,10.51,3.96,96.04
2012-06-08,10.92,10.6,2.95,97.05
2012-06-11,10.82,10.7,1.19,98.81
2012-06-12,10.82,10.8,0.17,99.83
2012-06-13,10.74,10.66,0.71,99.29
2012-06-14,10.72,10.89,1.53,98.47
2012-06-15,10.92,11.04,1.13,98.87
2012-06-18,11.13,10.92,1.95,98.05
2012-06-19,11.2,11.05,1.32,98.68
2012-06-20,11.15,11.03,1.09,98.91
2012-06-21,11.03,11.05,0.22,99.78
2012-06-22,11.11,10.99,1.06,98.94
2012-06-25,11.0,10.94,0.55,99.45
2012-06-26,11.28,10.99,2.57,97.43
2012-06-27,11.28,11.13,1.37,98.63
2012-06-28,11.07,11.33,2.43,97.57
2012-06-29,11.42,11.56,1.21,98.79
2012-07-02,11.47,11.56,0.78,99.22
2012-07-03,11.48,11.58,0.89,99.11
2012-07-05,11.35,11.56,1.78,98.22
2012-07-06,11.25,11.42,1.53,98.47
2012-07-09,11.25,11.33,0.68,99.32
2012-07-10,10.98,11.08,0.93,99.07
2012-07-11,10.92,11.08,1.45,98.55
2012-07-12,10.77,11.08,2.87,97.13
2012-07-13,10.92,11.16,2.17,97.83
2012-07-16,10.8,11.13,3.03,96.97
2012-07-17,10.85,10.67,1.61,98.39
2012-07-18,10.87,10.67,1.86,98.14
2012-07-19,11.31,11.04,2.39,97.61
2012-07-20,11.41,10.89,4.61,95.39
2012-07-23,11.3,10.81,4.3,95.7
2012-07-24,11.15,10.73,3.74,96.26
2012-07-25,10.85,11.01,1.48,98.52
2012-07-26,11.0,11.09,0.82,99.18
2012-07-27,11.87,11.55,2.65,97.35
2012-07-30,11.8,11.64,1.41,98.59
2012-07-31,11.66,11.55,0.98,99.02
2012-08-01,11.6,11.64,0.29,99.71
2012-08-02,11.54,11.79,2.19,97.81
2012-08-03,11.75,11.88,1.12,98.88
2012-08-06,11.7,11.88,1.55,98.45
2012-08-07,11.83,11.88,0.44,99.56
2012-08-08,11.72,11.75,0.26,99.74
2012-08-09,11.7,11.69,0.15,99.85
2012-08-10,11.64,11.71,0.61,99.39
2012-08-13,11.62,11.79,1.48,98.52
2012-08-14,11.66,11.9,2.1,97.9
2012-08-15,11.87,11.9,0.28,99.72
2012-08-16,12.08,11.74,2.81,97.19
2012-08-17,12.06,11.75,2.56,97.44
2012-08-20,12.02,12.16,1.16,98.84
2012-08-21,11.97,12.2,1.88,98.12
2012-08-22,12.15,12.22,0.56,99.44
2012-08-23,12.06,12.28,1.82,98.18
2012-08-24,12.29,12.39,0.83,99.17
2012-08-27,12.2,12.29,0.78,99.22
2012-08-28,12.31,12.39,0.68,99.32
2012-08-29,12.36,12.39,0.29,99.71
2012-08-30,12.31,12.45,1.17,98.83
2012-08-31,12.41,12.45,0.33,99.67
2012-09-04,12.39,12.45,0.49,99.51
2012-09-05,12.31,12.37,0.45,99.55
2012-09-06,12.57,12.93,2.85,97.15
2012-09-07,12.96,13.01,0.42,99.58
2012-09-10,12.85,12.95,0.73,99.27
2012-09-11,12.78,12.95,1.27,98.73
2012-09-12,12.78,12.95,1.29,98.71
2012-09-13,13.01,13.01,0.0,100.0
2012-09-14,13.06,13.07,0.04,99.96
2012-09-17,12.9,13.0,0.8,99.2
2012-09-18,12.94,13.02,0.63,99.37
2012-09-19,13.08,13.02,0.5,99.5
2012-09-20,13.04,13.3,1.96,98.04
2012-09-21,12.87,12.91,0.27,99.73
2012-09-24,12.74,12.86,0.98,99.02
2012-09-25,12.62,12.86,1.92,98.08
2012-09-26,12.48,12.55,0.5,99.5
2012-09-27,12.83,12.55,2.21,97.79
2012-09-28,12.72,12.55,1.34,98.66
2012-10-01,12.6,12.52,0.67,99.33
2012-10-02,12.53,12.44,0.74,99.26
2012-10-03,12.8,12.49,2.41,97.59
2012-10-04,13.02,12.59,3.34,96.66
2012-10-05,12.93,12.68,1.88,98.12
2012-10-08,12.95,12.83,0.96,99.04
2012-10-09,12.55,12.37,1.39,98.61
2012-10-10,12.25,12.37,1.01,98.99
2012-10-11,12.21,12.37,1.33,98.67
2012-10-12,12.12,12.34,1.83,98.17
2012-10-15,12.21,12.4,1.59,98.41
2012-10-16,12.2,12.39,1.56,98.44
2012-10-17,12.37,12.34,0.25,99.75
2012-10-18,12.24,12.34,0.83,99.17
2012-10-19,12.0,12.32,2.7,97.3
2012-10-22,11.69,11.75,0.53,99.47
2012-10-23,11.72,11.67,0.42,99.58
2012-10-24,11.42,11.5,0.7,99.3
2012-10-25,11.15,11.34,1.7,98.3
2012-10-26,11.91,11.6,2.63,97.37
2012-10-31,11.64,11.6,0.39,99.61
2012-11-01,11.61,11.62,0.1,99.9
2012-11-02,11.62,11.62,0.02,99.98
2012-11-05,11.72,11.66,0.47,99.53
2012-11-06,11.88,11.68,1.7,98.3
2012-11-07,11.6,11.63,0.22,99.78
2012-11-08,11.37,11.6,2.03,97.97
2012-11-09,11.32,11.6,2.5,97.5
2012-11-12,11.32,11.6,2.43,97.57
2012-11-13,11.33,11.66,2.93,97.07
2012-11-14,11.15,11.3,1.38,98.62
2012-11-15,11.03,11.35,2.86,97.14
2012-11-16,11.26,11.65,3.48,96.52
2012-11-19,11.49,11.3,1.6,98.4
2012-11-20,11.69,11.65,0.3,99.7
2012-11-21,11.9,11.71,1.62,98.38
2012-11-23,11.99,11.75,2.03,97.97
2012-11-26,12.18,12.11,0.58,99.42
2012-11-27,12.17,12.02,1.19,98.81
2012-11-28,12.36,12.22,1.09,98.91
2012-11-29,12.56,12.32,1.93,98.07
2012-11-30,12.6,12.32,2.24,97.76
2012-12-03,12.52,12.32,1.57,98.43
2012-12-04,12.62,12.32,2.41,97.59
2012-12-05,12.7,12.88,1.41,98.59
2012-12-06,12.67,13.16,3.9,96.1
2012-12-07,12.66,13.16,3.95,96.05
2012-12-10,12.39,12.84,3.66,96.34
2012-12-11,12.53,12.84,2.46,97.54
2012-12-12,12.59,12.78,1.52,98.48
2012-12-13,12.56,12.78,1.71,98.29
2012-12-14,12.46,12.84,3.02,96.98
2012-12-17,12.69,12.92,1.81,98.19
2012-12-18,13.02,12.95,0.57,99.43
2012-12-19,12.9,12.84,0.49,99.51
2012-12-20,13.07,12.84,1.83,98.17
2012-12-21,12.85,12.86,0.15,99.85
2012-12-24,12.93,12.86,0.51,99.49
2012-12-26,12.43,12.45,0.16,99.84
2012-12-27,12.42,12.49,0.58,99.42
2012-12-28,12.26,12.44,1.45,98.55
2012-12-31,12.54,12.71,1.34,98.66
2013-01-02,12.87,12.76,0.8,99.2
2013-01-03,12.92,12.76,1.25,98.75
2013-01-04,12.96,12.77,1.48,98.52
2013-01-07,13.42,12.94,3.61,96.39
2013-01-08,13.32,13.33,0.1,99.9
2013-01-09,13.32,13.22,0.7,99.3
2013-01-10,13.27,13.25,0.16,99.84
2013-01-11,13.4,13.24,1.15,98.85
2013-01-14,13.64,13.42,1.6,98.4
2013-01-15,13.6,13.38,1.59,98.41
2013-01-16,13.45,13.51,0.45,99.55
2013-01-17,13.52,13.51,0.12,99.88
2013-01-18,13.61,13.54,0.47,99.53
2013-01-22,13.51,13.51,0.02,99.98
2013-01-23,13.41,13.42,0.1,99.9
2013-01-24,13.67,13.55,0.93,99.07
2013-01-25,14.2,14.32,0.84,99.16
2013-01-28,13.8,14.1,2.15,97.85
2013-01-29,13.02,13.35,2.55,97.45
2013-01-30,13.64,13.63,0.03,99.97
2013-01-31,13.27,13.48,1.54,98.46
2013-02-01,13.25,13.41,1.24,98.76
2013-02-04,13.0,13.27,2.08,97.92
2013-02-05,13.34,13.38,0.26,99.74
2013-02-06,13.11,13.07,0.29,99.71
2013-02-07,13.01,12.98,0.26,99.74
2013-02-08,13.1,12.98,0.91,99.09
2013-02-11,12.86,12.96,0.8,99.2
2013-02-12,12.94,12.91,0.19,99.81
2013-02-13,13.47,13.11,2.71,97.29
2013-02-14,13.46,12.93,3.95,96.05
2013-02-15,13.25,12.96,2.2,97.8
2013-02-19,13.49,13.35,1.02,98.98
2013-02-20,13.32,13.01,2.3,97.7
2013-02-21,13.3,13.21,0.66,99.34
2013-02-22,13.27,13.21,0.47,99.53
2013-02-25,12.99,13.12,0.95,99.05
2013-02-26,12.97,12.86,0.83,99.17
2013-02-27,13.16,13.17,0.05,99.95
2013-02-28,13.21,13.22,0.08,99.92
2013-03-01,13.29,13.33,0.31,99.69
2013-03-04,13.66,13.52,0.98,99.02
2013-03-05,13.78,13.53,1.84,98.16
2013-03-06,13.69,13.63,0.41,99.59
2013-03-07,13.69,13.63,0.44,99.56
2013-03-08,13.71,13.75,0.32,99.68
2013-03-11,13.56,13.58,0.12,99.88
2013-03-12,13.71,13.74,0.26,99.74
2013-03-13,13.76,13.79,0.25,99.75
2013-03-14,13.29,13.52,1.72,98.28
2013-03-15,13.09,13.58,3.72,96.28
2013-03-18,12.89,13.42,4.09,95.91
2013-03-19,12.82,13.27,3.5,96.5
2013-03-20,12.86,12.96,0.77,99.23
2013-03-21,12.67,12.8,1.0,99.0
2013-03-22,12.89,12.73,1.25,98.75
2013-03-25,12.8,12.7,0.82,99.18
2013-03-26,13.02,12.8,1.68,98.32
2013-03-27,13.27,12.83,3.3,96.7
2013-03-28,13.32,12.86,3.49,96.51
2013-04-01,13.08,12.83,1.94,98.06
2013-04-02,13.17,12.82,2.66,97.34
2013-04-03,12.95,12.8,1.19,98.81
2013-04-04,12.95,12.86,0.73,99.27
2013-04-05,12.77,12.86,0.67,99.33
2013-04-08,12.95,13.17,1.71,98.29
2013-04-09,13.06,13.22,1.28,98.72
2013-04-10,13.24,13.29,0.37,99.63
2013-04-11,13.49,13.42,0.52,99.48
2013-04-12,13.64,13.42,1.65,98.35
2013-04-15,13.39,13.33,0.41,99.59
2013-04-16,13.62,13.44,1.33,98.67
2013-04-17,13.37,13.27,0.73,99.27
2013-04-18,12.97,12.96,0.06,99.94
2013-04-19,13.02,13.01,0.03,99.97
2013-04-22,13.18,13.07,0.82,99.18
2013-04-23,13.44,13.39,0.4,99.6
2013-04-24,13.44,13.39,0.35,99.65
2013-04-25,13.73,13.52,1.55,98.45
2013-04-26,12.74,13.07,2.61,97.39
2013-04-29,12.49,12.86,2.99,97.01
2013-04-30,12.69,12.86,1.34,98.66
2013-05-01,12.41,12.8,3.1,96.9
2013-05-02,12.63,12.8,1.34,98.66
2013-05-03,12.9,12.87,0.22,99.78
2013-05-06,12.79,12.82,0.24,99.76
2013-05-07,12.89,12.86,0.21,99.79
2013-05-08,12.93,13.01,0.62,99.38
2013-05-09,13.01,13.01,0.04,99.96
2013-05-10,13.18,13.07,0.85,99.15
2013-05-13,13.23,12.97,1.94,98.06
2013-05-14,13.42,13.01,3.0,97.0
2013-05-15,13.33,12.86,3.51,96.49
2013-05-16,13.21,13.33,0.95,99.05
2013-05-17,13.49,13.44,0.37,99.63
2013-05-20,13.38,13.42,0.28,99.72
2013-05-21,13.44,13.51,0.48,99.52
2013-05-22,13.15,13.33,1.4,98.6
2013-05-23,13.09,13.22,1.02,98.98
2013-05-24,13.09,13.29,1.54,98.46
2013-05-28,13.36,13.33,0.25,99.75
2013-05-29,13.28,13.29,0.09,99.91
2013-05-30,13.34,13.29,0.4,99.6
2013-05-31,13.46,13.38,0.6,99.4
2013-06-03,13.34,13.27,0.54,99.46
2013-06-04,13.28,13.07,1.6,98.4
2013-06-05,13.36,13.21,1.12,98.88
2013-06-06,13.39,13.33,0.48,99.52
2013-06-07,13.84,13.7,1.05,98.95
2013-06-10,14.05,13.83,1.6,98.4
2013-06-11,13.74,13.66,0.6,99.4
2013-06-12,13.58,13.74,1.16,98.84
2013-06-13,13.79,13.83,0.28,99.72
2013-06-14,13.7,13.75,0.39,99.61
2013-06-17,13.9,13.74,1.16,98.84
2013-06-18,14.09,13.83,1.84,98.16
2013-06-19,13.91,14.14,1.69,98.31
2013-06-20,13.67,14.03,2.66,97.34
2013-06-21,13.67,14.0,2.42,97.58
2013-06-24,13.53,13.98,3.3,96.7
2013-06-25,13.6,13.88,2.05,97.95
2013-06-26,13.88,13.95,0.5,99.5
2013-06-27,13.88,13.77,0.81,99.19
2013-06-28,13.88,13.93,0.33,99.67
2013-07-01,14.1,14.35,1.73,98.27
2013-07-02,14.19,14.48,2.06,97.94
2013-07-03,14.2,14.73,3.76,96.24
2013-07-05,14.29,14.86,3.98,96.02
2013-07-08,14.53,14.87,2.33,97.67
2013-07-09,14.58,14.82,1.68,98.32
2013-07-10,14.62,14.95,2.3,97.7
2013-07-11,14.98,15.42,2.9,97.1
2013-07-12,15.38,15.42,0.26,99.74
2013-07-15,15.33,15.42,0.58,99.42
2013-07-16,15.34,15.42,0.48,99.52
2013-07-17,15.43,15.86,2.78,97.22
2013-07-18,15.21,15.43,1.49,98.51
2013-07-19,15.26,15.43,1.12,98.88
2013-07-22,15.17,15.44,1.76,98.24
2013-07-23,15.05,15.48,2.84,97.16
2013-07-24,14.95,15.48,3.56,96.44
2013-07-25,15.17,15.48,2.04,97.96
2013-07-26,15.6,15.93,2.13,97.87
2013-07-29,15.31,15.37,0.45,99.55
2013-07-30,15.12,15.28,1.08,98.92
2013-07-31,15.06,15.16,0.68,99.32
2013-08-01,15.28,14.88,2.6,97.4
2013-08-02,15.21,14.87,2.26,97.74
2013-08-05,15.05,14.77,1.85,98.15
2013-08-06,15.04,14.76,1.86,98.14
2013-08-07,14.85,14.76,0.59,99.41
2013-08-08,14.79,14.58,1.43,98.57
2013-08-09,14.86,14.62,1.64,98.36
2013-08-12,14.83,14.7,0.92,99.08
2013-08-13,14.7,14.63,0.44,99.56
2013-08-14,14.57,14.56,0.08,99.92
2013-08-15,14.32,14.28,0.27,99.73
2013-08-16,14.24,14.37,0.91,99.09
2013-08-19,14.28,13.99,2.01,97.99
2013-08-20,14.35,14.0,2.46,97.54
2013-08-21,14.23,13.84,2.74,97.26
2013-08-22,14.49,14.03,3.13,96.87
2013-08-23,14.5,14.03,3.23,96.77
2013-08-26,14.31,14.03,1.94,98.06
2013-08-27,14.05,14.0,0.32,99.68
2013-08-28,14.08,14.03,0.33,99.67
2013-08-29,14.2,14.03,1.17,98.83
2013-08-30,14.05,14.03,0.12,99.88
2013-09-03,14.44,14.18,1.8,98.2
2013-09-04,14.68,14.57,0.75,99.25
2013-09-05,14.7,14.69,0.09,99.91
2013-09-06,14.79,14.75,0.31,99.69
2013-09-09,14.99,14.86,0.81,99.19
2013-09-10,15.02,14.82,1.31,98.69
2013-09-11,14.98,14.87,0.76,99.24
2013-09-12,14.94,14.73,1.39,98.61
2013-09-13,14.9,15.18,1.91,98.09
2013-09-16,14.8,15.23,2.87,97.13
2013-09-17,15.21,15.44,1.53,98.47
2013-09-18,15.6,15.44,1.03,98.97
2013-09-19,15.6,15.44,1.04,98.96
2013-09-20,15.82,15.58,1.47,98.53
2013-09-23,15.57,15.96,2.47,97.53
2013-09-24,15.71,16.0,1.84,98.16
2013-09-25,15.63,15.93,1.92,98.08
2013-09-26,15.91,16.0,0.56,99.44
2013-09-27,15.8,15.93,0.82,99.18
2013-09-30,15.63,16.13,3.21,96.79
2013-10-01,16.05,16.24,1.19,98.81
2013-10-02,16.03,16.24,1.33,98.67
2013-10-03,15.74,16.13,2.51,97.49
2013-10-04,15.95,16.24,1.79,98.21
2013-10-07,15.5,15.98,3.08,96.92
2013-10-08,15.16,15.52,2.34,97.66
2013-10-09,14.91,15.39,3.2,96.8
2013-10-10,15.26,15.52,1.69,98.31
2013-10-11,15.54,15.41,0.86,99.14
2013-10-14,15.53,15.32,1.4,98.6
2013-10-15,15.32,15.29,0.21,99.79
2013-10-16,15.52,15.22,1.94,98.06
2013-10-17,15.54,15.32,1.42,98.58
2013-10-18,16.45,15.86,3.56,96.44
2013-10-21,16.32,15.7,3.82,96.18
2013-10-22,16.63,16.11,3.09,96.91
2013-10-23,16.34,16.11,1.37,98.63
2013-10-24,16.61,16.35,1.57,98.43
2013-10-25,18.17,16.61,8.58,91.42
2013-10-28,17.91,16.94,5.43,94.57
2013-10-29,18.14,17.67,2.57,97.43
2013-10-30,18.05,17.67,2.13,97.87
2013-10-31,18.2,18.0,1.11,98.89
2013-11-01,17.95,17.97,0.09,99.91
2013-11-04,17.94,18.0,0.35,99.65
2013-11-05,17.94,18.52,3.19,96.81
2013-11-06,17.81,18.52,3.98,96.02
2013-11-07,17.18,18.26,6.28,93.72
2013-11-08,17.52,18.3,4.48,95.52
2013-11-11,17.72,18.3,3.28,96.72
2013-11-12,17.48,17.75,1.55,98.45
2013-11-13,17.81,17.89,0.42,99.58
2013-11-14,18.37,17.64,3.95,96.05
2013-11-15,18.46,17.83,3.4,96.6
2013-11-18,18.31,18.2,0.61,99.39
2013-11-19,18.25,18.2,0.28,99.72
2013-11-20,18.13,18.03,0.57,99.43
2013-11-21,18.45,18.37,0.41,99.59
2013-11-22,18.62,18.43,1.01,98.99
2013-11-25,18.83,18.43,2.15,97.85
2013-11-26,19.07,18.56,2.69,97.31
2013-11-27,19.34,19.12,1.09,98.91
2013-11-29,19.68,19.12,2.83,97.17
2013-12-02,19.61,19.29,1.67,98.33
2013-12-03,19.23,19.25,0.1,99.9
2013-12-04,19.3,19.81,2.64,97.36
2013-12-05,19.22,19.64,2.15,97.85
2013-12-06,19.35,19.64,1.5,98.5
2013-12-09,19.24,19.64,2.07,97.93
2013-12-10,19.39,19.71,1.64,98.36
2013-12-11,19.11,19.64,2.77,97.23
2013-12-12,19.06,19.51,2.35,97.65
2013-12-13,19.21,19.51,1.55,98.45
2013-12-16,19.45,19.51,0.32,99.68
2013-12-17,19.38,19.48,0.52,99.48
2013-12-18,19.8,19.5,1.51,98.49
2013-12-19,19.76,19.34,2.11,97.89
2013-12-20,20.11,19.54,2.82,97.18
2013-12-23,20.15,19.8,1.72,98.28
2013-12-24,19.96,20.16,0.99,99.01
2013-12-26,20.22,20.26,0.21,99.79
2013-12-27,19.9,20.11,1.04,98.96
2013-12-30,19.67,20.05,1.96,98.04
2013-12-31,19.94,20.07,0.64,99.36
2014-01-02,19.9,20.16,1.3,98.7
2014-01-03,19.82,20.16,1.69,98.31
2014-01-06,19.68,20.07,1.96,98.04
2014-01-07,19.9,20.07,0.83,99.17
2014-01-08,20.1,20.11,0.07,99.93
2014-01-09,20.05,20.03,0.09,99.91
2014-01-10,19.88,19.91,0.13,99.87
2014-01-13,19.55,19.44,0.56,99.44
2014-01-14,19.88,19.65,1.16,98.84
2014-01-15,19.79,19.65,0.74,99.26
2014-01-16,19.79,19.57,1.12,98.88
2014-01-17,19.98,19.91,0.36,99.64
2014-01-21,20.35,20.16,0.96,99.04
2014-01-22,20.23,20.03,0.96,99.04
2014-01-23,19.99,19.91,0.42,99.58
2014-01-24,19.38,19.57,0.97,99.03
2014-01-27,19.31,19.58,1.39,98.61
2014-01-28,19.72,19.65,0.38,99.62
2014-01-29,19.21,19.14,0.37,99.63
2014-01-30,20.15,19.91,1.2,98.8
2014-01-31,17.93,19.14,6.72,93.28
2014-02-03,17.31,19.01,9.82,90.18
2014-02-04,17.4,18.36,5.55,94.45
2014-02-05,17.32,17.81,2.8,97.2
2014-02-06,17.73,17.79,0.36,99.64
2014-02-07,18.05,17.79,1.45,98.55
2014-02-10,18.04,17.34,3.89,96.11
2014-02-11,18.09,17.43,3.66,96.34
2014-02-12,17.46,17.34,0.7,99.3
2014-02-13,17.86,17.73,0.74,99.26
2014-02-14,17.87,17.73,0.78,99.22
2014-02-18,17.68,17.43,1.44,98.56
2014-02-19,17.37,17.43,0.33,99.67
2014-02-20,17.49,16.7,4.54,95.46
2014-02-21,17.34,17.3,0.2,99.8
2014-02-24,17.59,17.77,1.01,98.99
2014-02-25,17.92,17.82,0.54,99.46
2014-02-26,17.99,17.87,0.64,99.36
2014-02-27,18.01,17.77,1.33,98.67
2014-02-28,18.1,17.53,3.17,96.83
2014-03-03,17.99,17.47,2.86,97.14
2014-03-04,18.19,17.64,3.03,96.97
2014-03-05,18.62,18.62,0.03,99.97
2014-03-06,18.61,18.56,0.28,99.72
2014-03-07,18.6,18.51,0.48,99.52
2014-03-10,18.53,18.58,0.28,99.72
2014-03-11,18.44,18.72,1.54,98.46
2014-03-12,18.53,19.09,3.01,96.99
2014-03-13,18.58,19.12,2.96,97.04
2014-03-14,18.69,19.12,2.34,97.66
2014-03-17,18.75,19.12,1.99,98.01
2014-03-18,18.94,19.12,0.98,99.02
2014-03-19,18.66,18.93,1.41,98.59
2014-03-20,18.45,18.75,1.63,98.37
2014-03-21,18.03,18.61,3.22,96.78
2014-03-24,17.59,17.79,1.14,98.86
2014-03-25,17.74,17.65,0.51,99.49
2014-03-26,17.17,17.61,2.58,97.42
2014-03-27,16.92,17.24,1.87,98.13
2014-03-28,16.91,17.24,1.92,98.08
2014-03-31,16.82,16.69,0.78,99.22
2014-04-01,17.15,16.73,2.46,97.54
2014-04-02,17.1,16.7,2.35,97.65
2014-04-03,16.68,16.69,0.04,99.96
2014-04-04,16.15,16.3,0.91,99.09
2014-04-07,15.89,15.97,0.5,99.5
2014-04-08,16.35,16.35,0.01,99.99
2014-04-09,16.59,16.4,1.18,98.82
2014-04-10,15.86,15.91,0.32,99.68
2014-04-11,15.59,15.94,2.25,97.75
2014-04-14,15.8,15.7,0.63,99.37
2014-04-15,15.8,15.76,0.3,99.7
2014-04-16,16.18,16.0,1.14,98.86
2014-04-17,16.25,16.12,0.79,99.21
2014-04-21,16.54,16.23,1.92,98.08
2014-04-22,16.47,15.87,3.63,96.37
2014-04-23,16.23,15.74,3.0,97.0
2014-04-24,16.86,16.24,3.67,96.33
2014-04-25,15.19,15.87,4.46,95.54
2014-04-28,14.83,15.75,6.22,93.78
2014-04-29,15.02,15.53,3.37,96.63
2014-04-30,15.21,15.48,1.81,98.19
2014-05-01,15.39,15.68,1.85,98.15
2014-05-02,15.4,15.72,2.1,97.9
2014-05-05,15.5,15.4,0.65,99.35
2014-05-06,14.87,15.18,2.06,97.94
2014-05-07,14.64,14.95,2.14,97.86
2014-05-08,14.42,14.93,3.58,96.42
2014-05-09,14.61,14.9,1.96,98.04
2014-05-12,15.14,15.01,0.9,99.1
2014-05-13,15.23,15.04,1.28,98.72
2014-05-14,14.88,14.93,0.33,99.67
2014-05-15,14.76,15.08,2.2,97.8
2014-05-16,14.89,15.36,3.22,96.78
2014-05-19,14.84,15.18,2.3,97.7
2014-05-20,15.06,15.18,0.8,99.2
2014-05-21,15.25,15.19,0.37,99.63
2014-05-22,15.25,14.73,3.39,96.61
2014-05-23,15.61,15.03,3.76,96.24
2014-05-27,15.54,15.19,2.27,97.73
2014-05-28,15.51,15.32,1.23,98.77
2014-05-29,15.69,15.54,0.92,99.08
2014-05-30,15.63,15.93,1.94,98.06
2014-06-02,15.44,15.69,1.63,98.37
2014-06-03,15.36,15.16,1.27,98.73
2014-06-04,15.34,15.78,2.86,97.14
2014-06-05,16.18,16.03,0.92,99.08
2014-06-06,16.48,16.11,2.24,97.76
2014-06-09,16.38,16.42,0.28,99.72
2014-06-10,16.62,16.42,1.2,98.8
2014-06-11,16.76,16.65,0.68,99.32
2014-06-12,16.3,16.52,1.39,98.61
2014-06-13,16.31,16.39,0.49,99.51
2014-06-16,16.38,16.48,0.61,99.39
2014-06-17,16.28,16.41,0.77,99.23
2014-06-18,16.72,16.52,1.18,98.82
2014-06-19,16.35,16.63,1.74,98.26
2014-06-20,16.21,16.63,2.62,97.38
2014-06-23,16.36,16.68,1.95,98.05
2014-06-24,16.21,16.63,2.63,97.37
2014-06-25,16.37,16.48,0.66,99.34
2014-06-26,16.28,15.98,1.89,98.11
2014-06-27,16.23,15.98,1.55,98.45
2014-06-30,16.24,15.87,2.28,97.72
2014-07-01,16.62,16.1,3.1,96.9
2014-07-02,16.64,16.54,0.61,99.39
2014-07-03,16.87,16.6,1.65,98.35
2014-07-07,16.68,16.73,0.31,99.69
2014-07-08,16.19,16.44,1.52,98.48
2014-07-09,16.5,16.35,0.93,99.07
2014-07-10,16.4,16.49,0.6,99.4
2014-07-11,17.31,16.97,1.99,98.01
2014-07-14,17.77,16.99,4.37,95.63
2014-07-15,17.72,17.32,2.26,97.74
2014-07-16,17.8,17.57,1.27,98.73
2014-07-17,17.62,17.57,0.3,99.7
2014-07-18,17.93,17.57,2.02,97.98
2014-07-21,17.99,17.9,0.48,99.52
2014-07-22,18.04,17.9,0.79,99.21
2014-07-23,17.91,17.88,0.15,99.85
2014-07-24,17.93,17.84,0.53,99.47
2014-07-25,16.2,17.78,9.74,90.26
2014-07-28,16.02,17.27,7.8,92.2
2014-07-29,16.0,17.16,7.26,92.74
2014-07-30,16.13,17.26,7.01,92.99
2014-07-31,15.65,16.4,4.77,95.23
2014-08-01,15.35,16.05,4.55,95.45
2014-08-04,15.68,15.91,1.42,98.58
2014-08-05,15.62,15.66,0.25,99.75
2014-08-06,15.69,15.66,0.19,99.81
2014-08-07,15.57,15.59,0.11,99.89
2014-08-08,15.84,15.43,2.58,97.42
2014-08-11,15.92,15.44,2.99,97.01
2014-08-12,15.97,15.44,3.29,96.71
2014-08-13,16.31,15.47,5.16,94.84
2014-08-14,16.66,16.45,1.26,98.74
2014-08-15,16.68,16.72,0.22,99.78
2014-08-18,16.73,16.73,0.02,99.98
2014-08-19,16.76,16.72,0.23,99.77
2014-08-20,16.79,16.69,0.61,99.39
2014-08-21,16.65,16.96,1.9,98.1
2014-08-22,16.58,16.93,2.1,97.9
2014-08-25,16.7,16.96,1.57,98.43
2014-08-26,17.09,16.96,0.75,99.25
2014-08-27,17.16,17.57,2.37,97.63
2014-08-28,17.0,17.42,2.47,97.53
2014-08-29,16.95,17.35,2.35,97.65
2014-09-02,17.12,17.42,1.76,98.24
2014-09-03,16.95,17.3,2.05,97.95
2014-09-04,17.3,17.3,0.0,100.0
2014-09-05,17.32,17.42,0.61,99.39
2014-09-08,17.12,17.27,0.88,99.12
2014-09-09,16.49,16.8,1.92,98.08
2014-09-10,16.57,16.8,1.43,98.57
2014-09-11,16.53,16.8,1.68,98.32
2014-09-12,16.56,16.9,2.03,97.97
2014-09-15,16.19,16.61,2.55,97.45
2014-09-16,16.39,16.3,0.56,99.44
2014-09-17,16.2,16.21,0.06,99.94
2014-09-18,16.25,15.84,2.54,97.46
2014-09-19,16.57,16.27,1.81,98.19
2014-09-22,16.23,15.84,2.39,97.61
2014-09-23,16.18,15.84,2.13,97.87
2014-09-24,16.41,15.6,4.96,95.04
2014-09-25,16.1,15.45,4.02,95.98
2014-09-26,16.16,15.53,3.92,96.08
2014-09-29,16.09,16.02,0.41,99.59
2014-09-30,16.12,15.91,1.33,98.67
2014-10-01,15.87,15.53,2.19,97.81
2014-10-02,15.92,15.53,2.48,97.52
2014-10-03,16.14,16.2,0.36,99.64
2014-10-06,16.11,16.04,0.44,99.56
2014-10-07,15.85,16.02,1.11,98.89
2014-10-08,16.14,16.12,0.1,99.9
2014-10-09,15.77,15.6,1.09,98.91
2014-10-10,15.57,15.48,0.57,99.43
2014-10-13,15.32,15.48,1.04,98.96
2014-10-14,15.42,15.4,0.08,99.92
2014-10-15,15.3,15.24,0.38,99.62
2014-10-16,15.14,15.18,0.24,99.76
2014-10-17,15.18,15.18,0.02,99.98
2014-10-20,15.31,14.95,2.36,97.64
2014-10-21,15.77,15.42,2.23,97.77
2014-10-22,15.65,15.37,1.77,98.23
2014-10-23,15.66,15.18,3.09,96.91
2014-10-24,14.35,14.84,3.39,96.61
2014-10-27,14.5,14.83,2.31,97.69
2014-10-28,14.78,14.83,0.37,99.63
2014-10-29,14.71,15.01,2.05,97.95
2014-10-30,14.95,15.04,0.56,99.44
2014-10-31,15.27,15.27,0.02,99.98
2014-11-03,15.29,15.19,0.6,99.4
2014-11-04,15.14,15.19,0.35,99.65
2014-11-05,14.83,15.15,2.19,97.81
2014-11-06,14.83,15.15,2.14,97.86
2014-11-07,14.99,14.7,1.96,98.04
2014-11-10,15.26,14.62,4.17,95.83
2014-11-11,15.6,15.27,2.12,97.88
2014-11-12,15.58,15.27,1.96,98.04
2014-11-13,15.82,15.89,0.43,99.57
2014-11-14,16.39,16.03,2.2,97.8
2014-11-17,16.15,15.93,1.36,98.64
2014-11-18,16.25,16.39,0.86,99.14
2014-11-19,16.33,16.39,0.37,99.63
2014-11-20,16.53,16.55,0.13,99.87
2014-11-21,16.63,16.61,0.12,99.88
2014-11-24,16.78,16.65,0.81,99.19
2014-11-25,16.75,16.65,0.63,99.37
2014-11-26,16.68,16.89,1.25,98.75
2014-11-28,16.93,16.96,0.18,99.82
2014-12-01,16.3,16.84,3.31,96.69
2014-12-02,16.32,17.17,5.23,94.77
2014-12-03,15.82,16.47,4.09,95.91
2014-12-04,15.85,16.36,3.23,96.77
2014-12-05,15.63,15.72,0.58,99.42
2014-12-08,15.33,15.48,0.97,99.03
2014-12-09,15.62,15.7,0.46,99.54
2014-12-10,15.29,15.48,1.24,98.76
2014-12-11,15.37,15.4,0.23,99.77
2014-12-12,15.37,15.18,1.21,98.79
2014-12-15,15.3,15.15,1.01,98.99
2014-12-16,14.75,15.14,2.61,97.39
2014-12-17,14.94,14.84,0.69,99.31
2014-12-18,14.89,14.83,0.37,99.63
2014-12-19,14.99,14.87,0.86,99.14
2014-12-22,15.33,14.98,2.3,97.7
2014-12-23,15.31,15.04,1.81,98.19
2014-12-24,15.15,15.01,0.95,99.05
2014-12-26,15.45,15.18,1.78,98.22
2014-12-29,15.6,15.53,0.45,99.55
2014-12-30,15.52,15.33,1.18,98.82
2014-12-31,15.52,15.67,0.99,99.01
2015-01-02,15.43,15.16,1.7,98.3
2015-01-05,15.11,14.84,1.8,98.2
2015-01-06,14.76,14.64,0.84,99.16
2015-01-07,14.92,15.16,1.63,98.37
2015-01-08,15.02,15.16,0.94,99.06
2015-01-09,14.85,14.96,0.75,99.25
2015-01-12,14.57,14.62,0.33,99.67
2015-01-13,14.74,14.56,1.23,98.77
2015-01-14,14.66,14.56,0.73,99.27
2015-01-15,14.35,14.56,1.45,98.55
2015-01-16,14.54,14.48,0.4,99.6
2015-01-20,14.47,14.45,0.17,99.83
2015-01-21,14.86,14.56,2.06,97.94
2015-01-22,15.52,14.88,4.12,95.88
2015-01-23,15.62,15.03,3.8,96.2
2015-01-26,15.48,15.53,0.32,99.68
2015-01-27,15.34,15.6,1.69,98.31
2015-01-28,15.2,15.08,0.75,99.25
2015-01-29,15.59,15.15,2.85,97.15
2015-01-30,17.73,15.96,9.97,90.03
2015-02-02,18.22,16.42,9.89,90.11
2015-02-03,18.18,16.89,7.06,92.94
2015-02-04,18.24,17.21,5.63,94.37
2015-02-05,18.69,17.81,4.71,95.29
2015-02-06,18.71,17.81,4.81,95.19
2015-02-09,18.53,18.0,2.85,97.15
2015-02-10,18.65,18.55,0.52,99.48
2015-02-11,18.76,18.55,1.09,98.91
2015-02-12,18.86,18.92,0.31,99.69
2015-02-13,19.09,18.92,0.91,99.09
2015-02-17,18.77,18.92,0.78,99.22
2015-02-18,18.67,19.08,2.21,97.79
2015-02-19,18.95,19.08,0.69,99.31
2015-02-20,19.18,19.05,0.72,99.28
2015-02-23,19.01,18.92,0.48,99.52
2015-02-24,18.93,18.92,0.08,99.92
2015-02-25,19.27,19.11,0.84,99.16
2015-02-26,19.24,18.96,1.48,98.52
2015-02-27,19.01,18.85,0.84,99.16
2015-03-02,19.28,19.0,1.46,98.54
2015-03-03,19.23,18.99,1.26,98.74
2015-03-04,19.14,19.49,1.84,98.16
2015-03-05,19.39,19.52,0.64,99.36
2015-03-06,19.0,19.17,0.88,99.12
2015-03-09,18.93,19.34,2.19,97.81
2015-03-10,18.48,19.08,3.27,96.73
2015-03-11,18.32,18.87,3.03,96.97
2015-03-12,18.71,18.45,1.42,98.58
2015-03-13,18.53,18.45,0.45,99.55
2015-03-16,18.67,18.53,0.76,99.24
2015-03-17,18.6,18.02,3.11,96.89
2015-03-18,18.76,18.45,1.66,98.34
2015-03-19,18.66,18.3,1.95,98.05
2015-03-20,18.92,18.28,3.39,96.61
2015-03-23,18.76,18.28,2.52,97.48
2015-03-24,18.7,18.45,1.38,98.62
2015-03-25,18.55,18.02,2.86,97.14
2015-03-26,18.37,18.02,1.9,98.1
2015-03-27,18.53,18.22,1.66,98.34
2015-03-30,18.73,18.68,0.24,99.76
2015-03-31,18.6,18.75,0.77,99.23
2015-04-01,18.51,18.36,0.81,99.19
2015-04-02,18.61,18.63,0.07,99.93
2015-04-06,18.85,18.75,0.55,99.45
2015-04-07,18.72,18.63,0.51,99.49
2015-04-08,19.06,18.77,1.54,98.46
2015-04-09,19.18,18.83,1.83,98.17
2015-04-10,19.13,18.91,1.16,98.84
2015-04-13,19.12,18.94,0.91,99.09
2015-04-14,19.26,19.0,1.33,98.67
2015-04-15,19.17,19.08,0.51,99.49
2015-04-16,19.3,19.35,0.23,99.77
2015-04-17,18.78,18.91,0.7,99.3
2015-04-20,19.48,18.99,2.5,97.5
2015-04-21,19.56,19.67,0.58,99.42
2015-04-22,19.49,19.68,0.95,99.05
2015-04-23,19.5,19.67,0.88,99.12
2015-04-24,22.25,20.41,8.3,91.7
2015-04-27,21.93,20.41,6.93,93.07
2015-04-28,21.47,21.46,0.03,99.97
2015-04-29,21.47,21.46,0.04,99.96
2015-04-30,21.09,21.39,1.43,98.57
2015-05-01,21.14,21.39,1.17,98.83
2015-05-04,21.15,21.66,2.4,97.6
2015-05-05,21.06,21.66,2.85,97.15
2015-05-06,20.95,21.58,2.97,97.03
2015-05-07,21.34,21.73,1.81,98.19
2015-05-08,21.68,21.82,0.63,99.37
2015-05-11,21.64,21.72,0.34,99.66
2015-05-12,21.55,21.72,0.77,99.23
2015-05-13,21.34,21.69,1.64,98.36
2015-05-14,21.61,20.89,3.33,96.67
2015-05-15,21.3,20.89,1.9,98.1
2015-05-18,21.26,21.69,2.03,97.97
2015-05-19,21.09,21.02,0.3,99.7
2015-05-20,21.19,21.36,0.8,99.2
2015-05-21,21.58,21.25,1.53,98.47
2015-05-22,21.38,21.21,0.79,99.21
2015-05-26,21.27,21.1,0.84,99.16
2015-05-27,21.57,21.3,1.28,98.72
2015-05-28,21.33,20.93,1.89,98.11
2015-05-29,21.46,20.83,2.93,97.07
2015-06-01,21.55,20.92,2.89,97.11
2015-06-02,21.55,20.98,2.63,97.37
2015-06-03,21.83,21.25,2.64,97.36
2015-06-04,21.54,20.92,2.85,97.15
2015-06-05,21.35,21.96,2.88,97.12
2015-06-08,21.17,21.52,1.61,98.39
2015-06-09,21.27,21.69,1.94,98.06
2015-06-10,21.54,21.63,0.41,99.59
2015-06-11,21.65,21.48,0.76,99.24
2015-06-12,21.5,21.48,0.05,99.95
2015-06-15,21.18,21.31,0.61,99.39
2015-06-16,21.36,21.22,0.66,99.34
2015-06-17,21.39,21.48,0.44,99.56
2015-06-18,21.97,21.64,1.49,98.51
2015-06-19,21.75,21.48,1.2,98.8
2015-06-22,21.81,22.2,1.76,98.24
2015-06-23,22.3,22.22,0.35,99.65
2015-06-24,22.04,22.22,0.81,99.19
2015-06-25,22.0,22.28,1.23,98.77
2015-06-26,21.91,22.55,2.92,97.08
2015-06-29,21.49,22.34,3.96,96.04
2015-06-30,21.7,22.34,2.95,97.05
2015-07-01,21.87,22.34,2.17,97.83
2015-07-02,21.89,22.49,2.74,97.26
2015-07-06,21.8,22.55,3.41,96.59
2015-07-07,21.84,22.5,3.05,96.95
2015-07-08,21.49,22.34,4.0,96.0
2015-07-09,21.72,22.08,1.67,98.33
2015-07-10,22.18,22.49,1.41,98.59
2015-07-13,22.78,22.59,0.82,99.18
2015-07-14,23.28,22.59,2.95,97.05
2015-07-15,23.06,22.59,2.03,97.97
2015-07-16,23.77,22.8,4.09,95.91
2015-07-17,24.15,22.9,5.17,94.83
2015-07-20,24.41,22.94,6.01,93.99
2015-07-21,24.4,24.84,1.79,98.21
2015-07-22,24.41,25.85,5.89,94.11
2015-07-23,24.11,25.82,7.09,92.91
2015-07-24,26.47,25.85,2.34,97.66
2015-07-27,26.57,25.85,2.7,97.3
2015-07-28,26.3,26.56,0.97,99.03
2015-07-29,26.45,26.56,0.4,99.6
2015-07-30,26.84,26.56,1.05,98.95
2015-07-31,26.81,26.56,0.93,99.07
2015-08-03,26.75,26.86,0.39,99.61
2015-08-04,26.59,26.86,0.98,99.02
2015-08-05,26.85,26.86,0.02,99.98
2015-08-06,26.47,27.13,2.49,97.51
2015-08-07,26.13,26.83,2.69,97.31
2015-08-10,26.2,26.83,2.42,97.58
2015-08-11,26.37,26.85,1.82,98.18
2015-08-12,26.3,26.81,1.97,98.03
2015-08-13,26.48,26.17,1.19,98.81
2015-08-14,26.58,26.17,1.53,98.47
2015-08-17,26.76,26.44,1.2,98.8
2015-08-18,26.75,26.42,1.23,98.77
2015-08-19,26.65,25.83,3.06,96.94
2015-08-20,25.79,24.63,4.5,95.5
2015-08-21,24.72,24.36,1.47,98.53
2015-08-24,23.17,24.05,3.79,96.21
2015-08-25,23.32,23.81,2.12,97.88
2015-08-26,25.04,24.93,0.42,99.58
2015-08-27,25.92,25.64,1.08,98.92
2015-08-28,25.9,25.46,1.72,98.28
2015-08-31,25.64,25.44,0.79,99.21
2015-09-01,24.83,24.94,0.47,99.53
2015-09-02,25.53,25.41,0.45,99.55
2015-09-03,25.24,25.33,0.38,99.62
2015-09-04,24.95,24.93,0.07,99.93
2015-09-08,25.88,25.44,1.68,98.32
2015-09-09,25.84,25.44,1.56,98.44
2015-09-10,26.11,25.89,0.85,99.15
2015-09-11,26.47,26.09,1.44,98.56
2015-09-14,26.07,26.34,1.02,98.98
2015-09-15,26.12,26.34,0.83,99.17
2015-09-16,26.37,26.18,0.7,99.3
2015-09-17,26.94,26.14,2.98,97.02
2015-09-18,27.01,26.48,1.96,98.04
2015-09-21,27.42,26.61,2.95,97.05
2015-09-22,26.92,26.63,1.06,98.94
2015-09-23,26.8,26.53,1.02,98.98
2015-09-24,26.69,26.92,0.88,99.12
2015-09-25,26.21,26.84,2.4,97.6
2015-09-28,25.2,26.03,3.3,96.7
2015-09-29,24.8,25.32,2.09,97.91
2015-09-30,25.59,25.83,0.93,99.07
2015-10-01,26.04,25.83,0.78,99.22
2015-10-02,26.63,26.11,1.96,98.04
2015-10-05,27.18,26.14,3.84,96.16
2015-10-06,26.87,26.4,1.77,98.23
2015-10-07,27.1,26.28,3.01,96.99
2015-10-08,26.66,25.83,3.1,96.9
2015-10-09,26.99,25.83,4.29,95.71
2015-10-12,27.51,27.72,0.75,99.25
2015-10-13,27.44,27.72,0.99,99.01
2015-10-14,27.24,28.03,2.88,97.12
2015-10-15,28.12,28.15,0.11,99.89
2015-10-16,28.54,28.54,0.01,99.99
2015-10-19,28.66,28.57,0.3,99.7
2015-10-20,28.04,28.43,1.39,98.61
2015-10-21,27.79,28.19,1.45,98.55
2015-10-22,28.2,28.15,0.15,99.85
2015-10-23,29.95,28.43,5.06,94.94
2015-10-26,30.43,29.83,1.97,98.03
2015-10-27,30.55,29.83,2.36,97.64
2015-10-28,30.85,29.86,3.21,96.79
2015-10-29,31.33,29.86,4.67,95.33
2015-10-30,31.3,30.95,1.1,98.9
2015-11-02,31.42,31.07,1.1,98.9
2015-11-03,31.27,31.07,0.62,99.38
2015-11-04,32.05,31.07,3.05,96.95
2015-11-05,32.78,31.07,5.22,94.78
2015-11-06,32.97,33.09,0.37,99.63
2015-11-09,32.77,33.09,0.96,99.04
2015-11-10,32.98,33.61,1.9,98.1
2015-11-11,33.66,33.61,0.16,99.84
2015-11-12,33.28,33.28,0.01,99.99
2015-11-13,32.12,32.92,2.49,97.51
2015-11-16,32.39,33.18,2.42,97.58
2015-11-17,32.17,33.06,2.77,97.23
2015-11-18,33.18,33.14,0.13,99.87
2015-11-19,33.06,33.14,0.22,99.78
2015-11-20,33.42,33.18,0.74,99.26
2015-11-23,33.95,33.22,2.15,97.85
2015-11-24,33.56,33.06,1.5,98.5
2015-11-25,33.77,33.0,2.28,97.72
2015-11-27,33.66,33.51,0.44,99.56
2015-11-30,33.24,33.39,0.45,99.55
2015-12-01,33.95,33.54,1.23,98.77
2015-12-02,33.8,33.39,1.21,98.79
2015-12-03,33.31,33.28,0.1,99.9
2015-12-04,33.63,33.69,0.16,99.84
2015-12-07,33.49,33.61,0.34,99.66
2015-12-08,33.87,33.73,0.42,99.58
2015-12-09,33.24,33.28,0.12,99.88
2015-12-10,33.12,33.28,0.49,99.51
2015-12-11,32.01,32.1,0.27,99.73
2015-12-14,32.9,32.86,0.1,99.9
2015-12-15,32.93,33.2,0.81,99.19
2015-12-16,33.79,32.99,2.38,97.62
2015-12-17,33.53,33.1,1.28,98.72
2015-12-18,33.21,33.65,1.35,98.65
2015-12-21,33.23,33.42,0.58,99.42
2015-12-22,33.16,33.2,0.13,99.87
2015-12-23,33.19,33.4,0.64,99.36
2015-12-24,33.14,33.2,0.18,99.82
2015-12-28,33.76,33.65,0.33,99.67
2015-12-29,34.7,34.61,0.27,99.73
2015-12-30,34.45,34.68,0.64,99.36
2015-12-31,33.79,34.58,2.33,97.67
2016-01-04,31.85,33.69,5.79,94.21
2016-01-05,31.69,32.47,2.47,97.53
2016-01-06,31.63,32.46,2.62,97.38
2016-01-07,30.4,30.31,0.29,99.71
2016-01-08,30.35,30.31,0.15,99.85
2016-01-11,30.89,31.12,0.75,99.25
2016-01-12,30.89,31.12,0.73,99.27
2016-01-13,29.09,30.31,4.19,95.81
2016-01-14,29.65,30.75,3.69,96.31
2016-01-15,28.51,28.9,1.37,98.63
2016-01-19,28.72,28.9,0.62,99.38
2016-01-20,28.59,27.79,2.79,97.21
2016-01-21,28.75,27.79,3.34,96.66
2016-01-22,29.82,27.62,7.38,92.62
2016-01-25,29.83,28.18,5.52,94.48
2016-01-26,30.06,28.55,5.04,94.96
2016-01-27,29.17,27.99,4.03,95.97
2016-01-28,31.77,29.46,7.25,92.75
2016-01-29,29.35,29.95,2.06,97.94
2016-02-01,28.74,29.46,2.49,97.51
2016-02-02,27.6,29.08,5.34,94.66
2016-02-03,26.55,28.36,6.8,93.2
2016-02-04,26.81,27.99,4.4,95.6
2016-02-05,25.11,27.87,11.02,88.98
2016-02-08,24.41,26.27,7.64,92.36
2016-02-09,24.1,26.27,8.98,91.02
2016-02-10,24.52,26.34,7.4,92.6
2016-02-11,25.19,25.94,2.97,97.03
2016-02-12,25.35,25.66,1.2,98.8
2016-02-16,26.06,25.97,0.33,99.67
2016-02-17,26.7,26.35,1.34,98.66
2016-02-18,26.25,25.37,3.34,96.66
2016-02-19,26.75,25.97,2.9,97.1
2016-02-22,27.98,26.84,4.04,95.96
2016-02-23,27.65,27.48,0.6,99.4
2016-02-24,27.7,27.74,0.13,99.87
2016-02-25,27.76,27.72,0.15,99.85
2016-02-26,27.76,28.43,2.43,97.57
2016-02-29,27.63,28.57,3.42,96.58
2016-03-01,28.95,28.57,1.32,98.68
2016-03-02,29.01,28.57,1.52,98.48
2016-03-03,28.87,28.57,1.05,98.95
2016-03-04,28.76,28.57,0.65,99.35
2016-03-07,28.14,28.24,0.35,99.65
2016-03-08,28.01,29.4,4.95,95.05
2016-03-09,27.97,29.53,5.57,94.43
2016-03-10,27.95,29.45,5.37,94.63
2016-03-11,28.48,29.34,3.03,96.97
2016-03-14,28.67,29.45,2.71,97.29
2016-03-15,28.85,29.49,2.2,97.8
2016-03-16,28.71,29.4,2.39,97.61
2016-03-17,27.97,29.2,4.39,95.61
2016-03-18,27.6,28.95,4.87,95.13
2016-03-21,27.7,27.48,0.77,99.23
2016-03-22,28.02,26.58,5.15,94.85
2016-03-23,28.48,27.45,3.6,96.4
2016-03-24,29.15,28.03,3.84,96.16
2016-03-28,28.99,28.11,3.06,96.94
2016-03-29,29.69,29.53,0.54,99.46
2016-03-30,29.93,29.55,1.28,98.72
2016-03-31,29.68,29.53,0.52,99.48
2016-04-01,29.92,29.49,1.47,98.53
2016-04-04,29.66,29.4,0.88,99.12
2016-04-05,29.31,29.32,0.05,99.95
2016-04-06,30.1,29.4,2.34,97.66
2016-04-07,29.57,30.53,3.25,96.75
2016-04-08,29.73,30.76,3.46,96.54
2016-04-11,29.8,30.76,3.23,96.77
2016-04-12,30.16,30.76,1.99,98.01
2016-04-13,30.74,30.93,0.63,99.37
2016-04-14,31.04,30.76,0.9,99.1
2016-04-15,31.29,30.94,1.14,98.86
2016-04-18,31.77,30.93,2.62,97.38
2016-04-19,31.4,30.91,1.54,98.46
2016-04-20,31.65,31.02,2.0,98.0
2016-04-21,31.55,30.99,1.77,98.23
2016-04-22,31.02,30.86,0.52,99.48
2016-04-25,31.31,31.02,0.94,99.06
2016-04-26,30.84,32.83,6.43,93.57
2016-04-27,30.33,30.81,1.58,98.42
2016-04-28,30.1,30.66,1.87,98.13
2016-04-29,32.98,31.38,4.85,95.15
2016-05-02,34.19,31.48,7.93,92.07
2016-05-03,33.57,33.22,1.04,98.96
2016-05-04,33.54,33.18,1.1,98.9
2016-05-05,32.95,33.0,0.13,99.87
2016-05-06,33.7,33.06,1.91,98.09
2016-05-09,33.99,33.14,2.51,97.49
2016-05-10,35.15,33.22,5.5,94.5
2016-05-11,35.66,33.77,5.3,94.7
2016-05-12,35.9,34.42,4.1,95.9
2016-05-13,35.5,34.32,3.31,96.69
2016-05-16,35.53,35.28,0.7,99.3
2016-05-17,34.76,35.91,3.3,96.7
2016-05-18,34.87,36.01,3.26,96.74
2016-05-19,34.93,35.9,2.79,97.21
2016-05-20,35.14,35.76,1.77,98.23
2016-05-23,34.84,35.82,2.82,97.18
2016-05-24,35.21,35.9,1.96,98.04
2016-05-25,35.42,36.17,2.11,97.89
2016-05-26,35.75,35.94,0.54,99.46
2016-05-27,35.61,35.93,0.91,99.09
2016-05-31,36.14,35.77,1.01,98.99
2016-06-01,35.97,35.68,0.82,99.18
2016-06-02,36.41,36.01,1.12,98.88
2016-06-03,36.28,35.77,1.39,98.61
2016-06-06,36.34,35.77,1.55,98.45
2016-06-07,36.19,36.12,0.2,99.8
2016-06-08,36.33,36.63,0.83,99.17
2016-06-09,36.38,36.63,0.69,99.31
2016-06-10,35.9,36.29,1.09,98.91
2016-06-13,35.76,36.37,1.69,98.31
2016-06-14,35.97,36.62,1.83,98.17
2016-06-15,35.71,36.45,2.08,97.92
2016-06-16,35.88,36.33,1.27,98.73
2016-06-17,35.32,36.22,2.54,97.46
2016-06-20,35.7,35.63,0.21,99.79
2016-06-21,35.79,35.71,0.24,99.76
2016-06-22,35.53,34.86,1.89,98.11
2016-06-23,36.1,35.71,1.1,98.9
2016-06-24,34.95,34.86,0.25,99.75
2016-06-27,34.57,34.15,1.21,98.79
2016-06-28,35.4,35.23,0.48,99.52
2016-06-29,35.78,35.31,1.32,98.68
2016-06-30,35.78,35.31,1.33,98.67
2016-07-01,36.28,35.94,0.94,99.06
2016-07-05,36.4,35.82,1.61,98.39
2016-07-06,36.88,36.45,1.17,98.83
2016-07-07,36.83,36.42,1.12,98.88
2016-07-08,37.29,36.6,1.86,98.14
2016-07-11,37.69,37.11,1.54,98.46
2016-07-12,37.41,37.07,0.92,99.08
2016-07-13,37.13,37.03,0.27,99.73
2016-07-14,37.06,36.93,0.35,99.65
2016-07-15,36.77,37.11,0.93,99.07
2016-07-18,36.8,37.61,2.18,97.82
2016-07-19,37.0,37.29,0.8,99.2
2016-07-20,37.29,37.29,0.01,99.99
2016-07-21,37.22,37.46,0.64,99.36
2016-07-22,37.24,37.42,0.46,99.54
2016-07-25,36.98,36.93,0.14,99.86
2016-07-26,36.78,36.72,0.16,99.84
2016-07-27,36.83,37.19,0.96,99.04
2016-07-28,37.63,37.36,0.72,99.28
2016-07-29,37.94,37.35,1.55,98.45
2016-08-01,38.39,37.53,2.23,97.77
2016-08-02,38.03,38.07,0.1,99.9
2016-08-03,37.73,37.97,0.64,99.36
2016-08-04,38.04,38.5,1.22,98.78
2016-08-05,38.3,38.51,0.54,99.46
2016-08-08,38.33,38.51,0.46,99.54
2016-08-09,38.42,38.46,0.12,99.88
2016-08-10,38.43,38.5,0.19,99.81
2016-08-11,38.56,38.51,0.15,99.85
2016-08-12,38.63,38.78,0.41,99.59
2016-08-15,38.42,39.01,1.53,98.47
2016-08-16,38.2,38.58,1.0,99.0
2016-08-17,38.23,38.46,0.59,99.41
2016-08-18,38.22,38.36,0.37,99.63
2016-08-19,37.87,37.69,0.47,99.53
2016-08-22,37.97,38.19,0.57,99.43
2016-08-23,38.12,38.43,0.81,99.19
2016-08-24,37.86,38.17,0.81,99.19
2016-08-25,37.96,37.7,0.69,99.31
2016-08-26,38.45,38.24,0.54,99.46
2016-08-29,38.56,38.24,0.84,99.16
2016-08-30,38.38,38.19,0.49,99.51
2016-08-31,38.46,38.18,0.71,99.29
2016-09-01,38.53,38.18,0.9,99.1
2016-09-02,38.62,38.36,0.67,99.33
2016-09-06,39.44,38.76,1.73,98.27
2016-09-07,39.22,38.54,1.75,98.25
2016-09-08,39.2,39.54,0.85,99.15
2016-09-09,38.01,38.97,2.54,97.46
2016-09-12,38.57,39.12,1.41,98.59
2016-09-13,38.05,38.92,2.29,97.71
2016-09-14,38.05,38.97,2.41,97.59
2016-09-15,38.48,39.1,1.59,98.41
2016-09-16,38.93,39.1,0.43,99.57
2016-09-19,38.76,38.97,0.56,99.44
2016-09-20,39.01,39.38,0.95,99.05
2016-09-21,39.49,39.4,0.23,99.77
2016-09-22,40.24,39.54,1.74,98.26
2016-09-23,40.29,39.54,1.87,98.13
2016-09-26,39.96,39.36,1.49,98.51
2016-09-27,40.81,39.49,3.23,96.77
2016-09-28,41.44,39.58,4.49,95.51
2016-09-29,41.45,40.39,2.56,97.44
2016-09-30,41.87,41.78,0.21,99.79
2016-10-03,41.84,41.72,0.29,99.71
2016-10-04,41.7,41.72,0.03,99.97
2016-10-05,42.22,41.72,1.19,98.81
2016-10-06,42.08,42.34,0.6,99.4
2016-10-07,41.97,42.34,0.87,99.13
2016-10-10,42.09,42.89,1.9,98.1
2016-10-11,41.55,42.25,1.69,98.31
2016-10-12,41.7,41.94,0.57,99.43
2016-10-13,41.46,41.9,1.04,98.96
2016-10-14,41.15,41.9,1.82,98.18
2016-10-17,40.65,41.27,1.53,98.47
2016-10-18,40.88,41.07,0.46,99.54
2016-10-19,40.88,41.07,0.45,99.55
2016-10-20,40.52,39.86,1.62,98.38
2016-10-21,40.95,40.79,0.39,99.61
2016-10-24,41.9,41.2,1.67,98.33
2016-10-25,41.76,41.13,1.51,98.49
2016-10-26,41.13,40.91,0.53,99.47
2016-10-27,40.92,40.79,0.31,99.69
2016-10-28,38.82,39.11,0.75,99.25
2016-10-31,39.49,39.84,0.89,99.11
2016-11-01,39.27,39.42,0.37,99.63
2016-11-02,38.28,38.96,1.79,98.21
2016-11-03,38.35,39.28,2.43,97.57
2016-11-04,37.75,37.9,0.39,99.61
2016-11-07,39.25,38.83,1.06,98.94
2016-11-08,39.39,39.03,0.9,99.1
2016-11-09,38.59,38.83,0.62,99.38
2016-11-10,37.12,37.65,1.44,98.56
2016-11-11,36.95,37.22,0.73,99.27
2016-11-14,35.95,36.15,0.54,99.46
2016-11-15,37.16,37.05,0.31,99.69
2016-11-16,37.32,36.77,1.49,98.51
2016-11-17,37.82,37.77,0.13,99.87
2016-11-18,38.01,37.59,1.11,98.89
2016-11-21,39.0,37.97,2.65,97.35
2016-11-22,39.27,38.56,1.81,98.19
2016-11-23,39.01,38.48,1.34,98.66
2016-11-25,39.02,38.58,1.13,98.87
2016-11-28,38.34,38.2,0.37,99.63
2016-11-29,38.13,38.05,0.2,99.8
2016-11-30,37.53,38.78,3.33,96.67
2016-12-01,37.18,38.12,2.51,97.49
2016-12-02,37.02,38.12,2.97,97.03
2016-12-05,37.97,38.46,1.3,98.7
2016-12-06,38.24,38.32,0.23,99.77
2016-12-07,38.52,38.38,0.36,99.64
2016-12-08,38.37,38.29,0.2,99.8
2016-12-09,38.43,38.28,0.39,99.61
2016-12-12,38.01,37.44,1.5,98.5
2016-12-13,38.72,38.17,1.42,98.58
2016-12-14,38.44,38.17,0.71,99.29
2016-12-15,38.05,38.09,0.1,99.9
2016-12-16,37.89,38.17,0.74,99.26
2016-12-19,38.3,38.24,0.15,99.85
2016-12-20,38.56,38.46,0.27,99.73
2016-12-21,38.53,38.54,0.02,99.98
2016-12-22,38.32,38.54,0.57,99.43
2016-12-23,38.03,38.19,0.43,99.57
2016-12-27,38.57,38.36,0.55,99.45
2016-12-28,38.61,38.19,1.07,98.93
2016-12-29,38.26,38.19,0.17,99.83
2016-12-30,37.49,37.7,0.55,99.45
2017-01-03,37.68,38.17,1.29,98.71
2017-01-04,37.86,37.69,0.45,99.55
2017-01-05,39.02,38.36,1.69,98.31
2017-01-06,39.8,38.58,3.07,96.93
2017-01-09,39.85,38.85,2.5,97.5
2017-01-10,39.79,39.54,0.65,99.35
2017-01-11,39.95,39.54,1.04,98.96
2017-01-12,40.68,39.58,2.71,97.29
2017-01-13,40.86,40.04,1.99,98.01
2017-01-17,40.49,39.89,1.47,98.53
2017-01-18,40.37,39.58,1.97,98.03
2017-01-19,40.45,40.97,1.28,98.72
2017-01-20,40.42,41.28,2.14,97.86
2017-01-23,40.89,41.72,2.01,97.99
2017-01-24,41.12,41.72,1.44,98.56
2017-01-25,41.83,41.72,0.26,99.74
2017-01-26,41.96,41.72,0.58,99.42
2017-01-27,41.79,41.78,0.02,99.98
2017-01-30,41.52,41.43,0.21,99.79
2017-01-31,41.17,41.2,0.07,99.93
2017-02-01,41.62,41.21,0.99,99.01
2017-02-02,42.0,41.62,0.91,99.09
2017-02-03,40.51,40.84,0.82,99.18
2017-02-06,40.38,40.86,1.19,98.81
2017-02-07,40.62,40.68,0.13,99.87
2017-02-08,40.99,40.75,0.57,99.43
2017-02-09,41.07,41.17,0.24,99.76
2017-02-10,41.37,41.17,0.5,99.5
2017-02-13,41.83,41.18,1.53,98.47
2017-02-14,41.82,41.04,1.86,98.14
2017-02-15,42.13,41.09,2.47,97.53
2017-02-16,42.21,41.4,1.91,98.09
2017-02-17,42.25,41.42,1.96,98.04
2017-02-21,42.82,41.62,2.82,97.18
2017-02-22,42.78,41.53,2.93,97.07
2017-02-23,42.61,41.75,2.03,97.97
2017-02-24,42.26,42.81,1.31,98.69
2017-02-27,42.43,42.89,1.07,98.93
2017-02-28,42.25,42.85,1.42,98.58
2017-03-01,42.65,42.85,0.46,99.54
2017-03-02,42.45,43.18,1.74,98.26
2017-03-03,42.49,43.33,1.96,98.04
2017-03-06,42.33,43.35,2.4,97.6
2017-03-07,42.3,43.35,2.47,97.53
2017-03-08,42.53,43.34,1.91,98.09
2017-03-09,42.65,42.88,0.54,99.46
2017-03-10,42.62,43.01,0.92,99.08
2017-03-13,42.73,42.76,0.08,99.92
2017-03-14,42.63,42.75,0.29,99.71
2017-03-15,42.65,42.77,0.29,99.71
2017-03-16,42.67,43.08,0.97,99.03
2017-03-17,42.62,42.9,0.66,99.34
2017-03-20,42.85,43.31,1.07,98.93
2017-03-21,42.16,42.42,0.61,99.39
2017-03-22,42.4,42.77,0.87,99.13
2017-03-23,42.37,42.75,0.9,99.1
2017-03-24,42.28,42.77,1.16,98.84
2017-03-27,42.34,42.77,1.02,98.98
2017-03-28,42.8,42.44,0.83,99.17
2017-03-29,43.72,43.18,1.23,98.77
2017-03-30,43.82,43.63,0.42,99.58
2017-03-31,44.33,44.1,0.52,99.48
2017-04-03,44.58,44.54,0.07,99.93
2017-04-04,45.34,44.58,1.69,98.31
2017-04-05,45.46,44.58,1.95,98.05
2017-04-06,44.91,44.1,1.82,98.18
2017-04-07,44.74,43.63,2.48,97.52
2017-04-10,45.35,44.58,1.71,98.29
2017-04-11,45.12,45.74,1.37,98.63
2017-04-12,44.81,45.33,1.15,98.85
2017-04-13,44.23,44.86,1.42,98.58
2017-04-17,45.1,45.17,0.17,99.83
2017-04-18,45.19,44.86,0.72,99.28
2017-04-19,44.96,46.71,3.9,96.1
2017-04-20,45.1,46.82,3.8,96.2
2017-04-21,44.93,46.53,3.56,96.44
2017-04-24,45.37,46.64,2.81,97.19
2017-04-25,45.38,46.4,2.25,97.75
2017-04-26,45.46,46.4,2.06,97.94
2017-04-27,45.92,46.71,1.73,98.27
2017-04-28,46.25,46.94,1.49,98.51
2017-05-01,47.41,46.94,0.99,99.01
2017-05-02,47.35,47.4,0.12,99.88
2017-05-03,47.05,47.4,0.75,99.25
2017-05-04,46.88,47.7,1.76,98.24
2017-05-05,46.71,47.25,1.17,98.83
2017-05-08,47.45,47.64,0.39,99.61
2017-05-09,47.64,47.7,0.13,99.87
2017-05-10,47.45,47.85,0.85,99.15
2017-05-11,47.38,47.7,0.68,99.32
2017-05-12,48.07,47.7,0.76,99.24
2017-05-15,47.9,47.85,0.1,99.9
2017-05-16,48.3,47.81,1.01,98.99
2017-05-17,47.24,46.71,1.11,98.89
2017-05-18,47.92,46.9,2.15,97.85
2017-05-19,47.99,46.53,3.05,96.95
2017-05-22,48.53,46.71,3.75,96.25
2017-05-23,48.58,48.65,0.15,99.85
2017-05-24,49.02,48.98,0.08,99.92
2017-05-25,49.67,49.81,0.29,99.71
2017-05-26,49.79,49.29,1.0,99.0
2017-05-30,49.83,49.29,1.09,98.91
2017-05-31,49.73,49.93,0.39,99.61
2017-06-01,49.8,50.08,0.56,99.44
2017-06-02,50.34,50.08,0.51,99.49
2017-06-05,50.57,50.79,0.43,99.57
2017-06-06,50.15,49.48,1.34,98.66
2017-06-07,50.5,50.57,0.14,99.86
2017-06-08,50.51,50.69,0.35,99.65
2017-06-09,48.92,49.35,0.9,99.1
2017-06-12,48.25,48.94,1.43,98.57
2017-06-13,49.04,49.03,0.03,99.97
2017-06-14,48.82,48.84,0.04,99.96
2017-06-15,48.21,48.5,0.6,99.4
2017-06-16,49.39,48.82,1.15,98.85
2017-06-19,49.76,49.03,1.47,98.53
2017-06-20,49.63,49.02,1.22,98.78
2017-06-21,50.11,49.03,2.17,97.83
2017-06-22,50.06,49.08,1.97,98.03
2017-06-23,50.19,49.07,2.23,97.77
2017-06-26,49.7,49.07,1.27,98.73
2017-06-27,48.84,48.5,0.69,99.31
2017-06-28,49.52,48.69,1.66,98.34
2017-06-29,48.8,49.02,0.47,99.53
2017-06-30,48.4,49.03,1.29,98.71
2017-07-03,47.68,48.51,1.74,98.26
2017-07-05,48.57,48.84,0.56,99.44
2017-07-06,48.26,49.03,1.59,98.41
2017-07-07,48.94,48.74,0.4,99.6
2017-07-10,49.82,48.68,2.29,97.71
2017-07-11,49.71,49.03,1.37,98.63
2017-07-12,50.33,49.03,2.58,97.42
2017-07-13,50.03,49.03,2.01,97.99
2017-07-14,50.09,49.03,2.13,97.87
2017-07-17,50.5,50.72,0.43,99.57
2017-07-18,51.22,51.11,0.21,99.79
2017-07-19,51.34,51.1,0.47,99.53
2017-07-20,51.44,51.93,0.96,99.04
2017-07-21,51.28,52.08,1.55,98.45
2017-07-24,51.95,52.5,1.06,98.94
2017-07-25,51.99,52.56,1.1,98.9
2017-07-26,52.64,52.8,0.31,99.69
2017-07-27,52.3,52.56,0.5,99.5
2017-07-28,51.0,51.08,0.16,99.84
2017-07-31,49.39,50.64,2.53,97.47
2017-08-01,49.81,50.62,1.63,98.37
2017-08-02,49.79,50.89,2.2,97.8
2017-08-03,49.35,50.74,2.83,97.17
2017-08-04,49.38,50.59,2.46,97.54
2017-08-07,49.61,50.55,1.89,98.11
2017-08-08,49.49,50.03,1.08,98.92
2017-08-09,49.1,49.33,0.46,99.54
2017-08-10,47.85,48.42,1.19,98.81
2017-08-11,48.4,48.07,0.67,99.33
2017-08-14,49.17,48.96,0.41,99.59
2017-08-15,49.14,48.07,2.16,97.84
2017-08-16,48.91,48.42,1.01,98.99
2017-08-17,48.03,47.35,1.42,98.58
2017-08-18,47.92,48.5,1.2,98.8
2017-08-21,47.66,47.35,0.67,99.33
2017-08-22,48.35,48.23,0.23,99.77
2017-08-23,47.9,48.16,0.54,99.46
2017-08-24,47.62,48.16,1.12,98.88
2017-08-25,47.26,47.04,0.47,99.53
2017-08-28,47.3,47.5,0.42,99.58
2017-08-29,47.7,48.16,0.95,99.05
2017-08-30,48.38,48.14,0.49,99.51
2017-08-31,49.03,48.14,1.81,98.19
2017-09-01,48.91,48.37,1.11,98.89
2017-09-05,48.26,48.09,0.35,99.65
2017-09-06,48.39,48.24,0.31,99.69
2017-09-07,48.97,48.79,0.38,99.62
2017-09-08,48.29,48.58,0.58,99.42
2017-09-11,48.9,48.79,0.23,99.77
2017-09-12,49.13,48.77,0.72,99.28
2017-09-13,49.98,48.98,2.01,97.99
2017-09-14,49.61,49.24,0.74,99.26
2017-09-15,49.34,49.24,0.19,99.81
2017-09-18,48.71,49.1,0.8,99.2
2017-09-19,48.49,48.85,0.73,99.27
2017-09-20,48.66,48.84,0.38,99.62
2017-09-21,48.23,48.36,0.27,99.73
2017-09-22,47.76,48.33,1.2,98.8
2017-09-25,46.99,48.33,2.85,97.15
2017-09-26,46.93,48.05,2.39,97.61
2017-09-27,47.54,48.16,1.29,98.71
2017-09-28,47.82,48.35,1.11,98.89
2017-09-29,48.07,48.09,0.05,99.95
2017-10-02,47.96,47.61,0.73,99.27
2017-10-03,47.85,46.5,2.83,97.17
2017-10-04,48.27,47.61,1.37,98.63
2017-10-05,49.04,48.37,1.37,98.63
2017-10-06,49.48,48.88,1.21,98.79
2017-10-09,49.55,48.94,1.24,98.76
2017-10-10,49.36,48.88,0.97,99.03
2017-10-11,49.75,49.08,1.34,98.66
2017-10-12,50.05,50.44,0.78,99.22
2017-10-13,50.15,50.57,0.85,99.15
2017-10-16,50.32,51.26,1.88,98.12
2017-10-17,50.46,50.57,0.23,99.77
2017-10-18,49.85,50.57,1.45,98.55
2017-10-19,49.33,49.47,0.28,99.72
2017-10-20,49.15,49.47,0.66,99.34
2017-10-23,48.31,48.96,1.33,98.67
2017-10-24,48.79,48.96,0.33,99.67
2017-10-25,48.65,48.62,0.06,99.94
2017-10-26,48.62,48.5,0.25,99.75
2017-10-27,55.05,52.6,4.45,95.55
2017-10-30,55.54,52.45,5.57,94.43
2017-10-31,55.26,52.71,4.62,95.38
2017-11-01,55.18,52.54,4.79,95.21
2017-11-02,54.71,51.93,5.09,94.91
2017-11-03,55.58,52.08,6.3,93.7
2017-11-06,56.03,56.19,0.28,99.72
2017-11-07,56.16,57.06,1.6,98.4
2017-11-08,56.64,56.94,0.53,99.47
2017-11-09,56.46,56.94,0.86,99.14
2017-11-10,56.27,56.88,1.09,98.91
2017-11-13,56.46,58.01,2.75,97.25
2017-11-14,56.84,59.59,4.84,95.16
2017-11-15,56.33,59.49,5.61,94.39
2017-11-16,56.86,58.27,2.46,97.54
2017-11-17,56.49,58.32,3.24,96.76
2017-11-20,56.32,58.37,3.64,96.36
2017-11-21,56.97,57.09,0.21,99.79
2017-11-22,57.81,58.27,0.79,99.21
2017-11-24,59.3,58.91,0.65,99.35
2017-11-27,59.79,58.91,1.47,98.53
2017-11-28,59.68,58.27,2.37,97.63
2017-11-29,58.06,56.9,2.0,98.0
2017-11-30,58.84,57.09,2.96,97.04
2017-12-01,58.12,56.95,2.01,97.99
2017-12-04,56.7,56.74,0.08,99.92
2017-12-05,57.08,56.74,0.59,99.41
2017-12-06,57.62,56.86,1.31,98.69
2017-12-07,57.99,56.75,2.14,97.86
2017-12-08,58.1,56.9,2.06,97.94
2017-12-11,58.45,56.95,2.57,97.43
2017-12-12,58.25,56.94,2.25,97.75
2017-12-13,58.21,56.74,2.51,97.49
2017-12-14,58.71,56.54,3.71,96.29
2017-12-15,58.96,56.41,4.32,95.68
2017-12-18,59.53,59.36,0.29,99.71
2017-12-19,59.37,59.43,0.1,99.9
2017-12-20,58.88,59.36,0.81,99.19
2017-12-21,58.74,59.37,1.07,98.93
2017-12-22,58.42,63.51,8.71,91.29
2017-12-26,58.84,62.09,5.52,94.48
2017-12-27,59.11,57.98,1.92,98.08
2017-12-28,59.31,62.27,5.0,95.0
2017-12-29,58.47,61.92,5.89,94.11
2018-01-02,59.45,62.08,4.42,95.58
2018-01-03,60.21,63.69,5.78,94.22
2018-01-04,60.48,63.51,5.0,95.0
2018-01-05,61.46,63.51,3.33,96.67
2018-01-08,62.34,64.23,3.02,96.98
2018-01-09,62.63,64.08,2.3,97.7
2018-01-10,62.72,64.56,2.94,97.06
2018-01-11,63.83,65.51,2.62,97.38
2018-01-12,65.26,65.51,0.38,99.62
2018-01-16,65.24,65.81,0.87,99.13
2018-01-17,64.75,65.51,1.17,98.83
2018-01-18,64.67,65.51,1.3,98.7
2018-01-19,64.73,65.51,1.2,98.8
2018-01-22,66.37,66.67,0.46,99.54
2018-01-23,68.13,66.67,2.13,97.87
2018-01-24,67.88,66.67,1.77,98.23
2018-01-25,68.9,66.67,3.23,96.77
2018-01-26,70.1,66.67,4.89,95.11
2018-01-29,70.88,66.67,5.94,94.06
2018-01-30,71.89,66.67,7.26,92.74
2018-01-31,72.54,73.79,1.71,98.29
2018-02-01,69.5,71.47,2.84,97.16
2018-02-02,71.5,72.12,0.87,99.13
2018-02-05,69.5,72.11,3.76,96.24
2018-02-06,72.14,71.94,0.28,99.72
2018-02-07,70.84,72.12,1.81,98.19
2018-02-08,67.53,71.56,5.97,94.03
2018-02-09,66.98,71.55,6.82,93.18
2018-02-12,69.31,71.55,3.23,96.77
2018-02-13,70.73,70.91,0.26,99.74
2018-02-14,72.55,71.24,1.81,98.19
2018-02-15,73.09,71.02,2.82,97.18
2018-02-16,72.43,71.55,1.22,98.78
2018-02-20,73.42,71.55,2.54,97.46
2018-02-21,74.15,71.55,3.5,96.5
2018-02-22,74.27,72.08,2.94,97.06
2018-02-23,75.0,72.11,3.85,96.15
2018-02-26,76.1,71.94,5.46,94.54
2018-02-27,75.6,74.67,1.23,98.77
2018-02-28,75.62,74.82,1.06,98.94
2018-03-01,74.67,76.01,1.79,98.21
2018-03-02,75.01,76.22,1.61,98.39
2018-03-05,76.18,76.22,0.05,99.95
2018-03-06,76.88,78.71,2.38,97.62
2018-03-07,77.25,78.07,1.06,98.94
2018-03-08,77.59,78.07,0.61,99.39
2018-03-09,78.94,78.79,0.19,99.81
2018-03-12,79.92,78.79,1.41,98.59
2018-03-13,79.41,78.79,0.77,99.23
2018-03-14,79.55,78.79,0.95,99.05
2018-03-15,79.12,78.09,1.3,98.7
2018-03-16,78.58,79.24,0.84,99.16
2018-03-19,77.25,78.9,2.14,97.86
2018-03-20,79.33,79.16,0.21,99.79
2018-03-21,79.09,79.44,0.44,99.56
2018-03-22,77.25,78.9,2.14,97.86
2018-03-23,74.78,76.9,2.84,97.16
2018-03-26,77.79,78.26,0.6,99.4
2018-03-27,74.85,76.86,2.68,97.32
2018-03-28,71.57,72.83,1.75,98.25
2018-03-29,72.37,72.39,0.03,99.97
2018-04-02,68.6,70.6,2.92,97.08
2018-04-03,69.6,71.04,2.06,97.94
2018-04-04,70.53,68.5,2.88,97.12
2018-04-05,72.59,71.95,0.88,99.12
2018-04-06,70.26,69.94,0.46,99.54
2018-04-09,70.3,71.08,1.1,98.9
2018-04-10,71.81,70.44,1.91,98.09
2018-04-11,71.35,70.09,1.77,98.23
2018-04-12,72.43,72.47,0.06,99.94
2018-04-13,71.54,72.09,0.77,99.23
2018-04-16,72.07,71.08,1.38,98.62
2018-04-17,75.19,73.49,2.26,97.74
2018-04-18,76.39,75.1,1.69,98.31
2018-04-19,77.85,73.13,6.06,93.94
2018-04-20,76.37,75.82,0.72,99.28
2018-04-23,75.89,75.64,0.33,99.67
2018-04-24,73.0,75.0,2.74,97.26
2018-04-25,73.01,74.88,2.57,97.43
2018-04-26,75.9,75.83,0.1,99.9
2018-04-27,78.63,77.62,1.28,98.72
2018-04-30,78.31,77.8,0.64,99.36
2018-05-01,79.11,77.91,1.52,98.48
2018-05-02,78.48,77.8,0.87,99.13
2018-05-03,78.6,77.91,0.88,99.12
2018-05-04,79.05,78.3,0.94,99.06
2018-05-07,80.01,79.64,0.46,99.54
2018-05-08,79.62,79.49,0.16,99.84
2018-05-09,80.4,79.39,1.25,98.75
2018-05-10,80.45,79.64,1.01,98.99
2018-05-11,80.15,79.64,0.63,99.37
2018-05-14,80.08,80.46,0.47,99.53
2018-05-15,78.81,80.06,1.59,98.41
2018-05-16,79.36,79.57,0.26,99.74
2018-05-17,79.09,78.58,0.64,99.36
2018-05-18,78.72,78.58,0.17,99.83
2018-05-21,79.27,79.7,0.54,99.46
2018-05-22,79.07,79.71,0.81,99.19
2018-05-23,80.09,80.35,0.33,99.67
2018-05-24,80.15,80.86,0.88,99.12
2018-05-25,80.51,80.53,0.02,99.98
2018-05-29,80.64,81.16,0.64,99.36
2018-05-30,81.24,81.18,0.08,99.92
2018-05-31,81.48,81.48,0.0,100.0
2018-06-01,82.08,81.95,0.15,99.85
2018-06-04,83.26,82.23,1.24,98.76
2018-06-05,84.82,83.93,1.05,98.95
2018-06-06,84.79,83.26,1.8,98.2
2018-06-07,84.46,83.53,1.11,98.89
2018-06-08,84.2,83.42,0.93,99.07
2018-06-11,84.46,83.42,1.23,98.77
2018-06-12,84.94,86.47,1.81,98.19
2018-06-13,85.24,87.18,2.27,97.73
2018-06-14,86.19,87.62,1.65,98.35
2018-06-15,85.8,86.96,1.35,98.65
2018-06-18,86.19,87.89,1.98,98.02
2018-06-19,86.74,87.89,1.33,98.67
2018-06-20,87.5,88.05,0.63,99.37
2018-06-21,86.51,87.46,1.1,98.9
2018-06-22,85.78,87.09,1.52,98.48
2018-06-25,83.16,83.53,0.45,99.55
2018-06-26,84.55,85.13,0.68,99.32
2018-06-27,83.03,84.07,1.25,98.75
2018-06-28,85.07,85.67,0.7,99.3
2018-06-29,84.99,86.31,1.55,98.45
2018-07-02,85.69,86.31,0.73,99.27
2018-07-03,84.7,84.89,0.23,99.77
2018-07-05,84.99,84.9,0.1,99.9
2018-07-06,85.53,86.31,0.91,99.09
2018-07-09,86.95,86.31,0.74,99.26
2018-07-10,87.15,86.31,0.97,99.03
2018-07-11,87.75,86.31,1.64,98.36
2018-07-12,89.83,88.22,1.8,98.2
2018-07-13,90.65,88.55,2.31,97.69
2018-07-16,91.12,89.56,1.72,98.28
2018-07-17,92.2,91.28,0.99,99.01
2018-07-18,92.15,91.74,0.45,99.55
2018-07-19,90.65,91.98,1.47,98.53
2018-07-20,90.68,92.42,1.91,98.09
2018-07-23,90.1,91.67,1.74,98.26
2018-07-24,91.46,93.1,1.79,98.21
2018-07-25,93.18,93.1,0.09,99.91
2018-07-26,90.4,92.41,2.22,97.78
2018-07-27,90.86,92.27,1.55,98.45
2018-07-30,88.96,91.03,2.33,97.67
2018-07-31,88.87,91.02,2.42,97.58
2018-08-01,89.86,90.42,0.63,99.37
2018-08-02,91.72,90.64,1.17,98.83
2018-08-03,91.16,90.7,0.51,99.49
2018-08-06,92.39,90.7,1.83,98.17
2018-08-07,93.12,91.02,2.26,97.74
2018-08-08,94.33,92.4,2.05,97.95
2018-08-09,94.93,92.78,2.26,97.74
2018-08-10,94.32,92.78,1.63,98.37
2018-08-13,94.81,94.98,0.18,99.82
2018-08-14,95.98,95.09,0.93,99.07
2018-08-15,94.13,94.83,0.74,99.26
2018-08-16,94.33,95.04,0.76,99.24
2018-08-17,94.11,95.17,1.13,98.87
2018-08-20,93.84,95.17,1.42,98.58
2018-08-21,94.17,95.17,1.06,98.94
2018-08-22,95.25,95.17,0.08,99.92
2018-08-23,95.14,95.87,0.76,99.24
2018-08-24,95.27,96.38,1.17,98.83
2018-08-27,96.38,96.63,0.25,99.75
2018-08-28,96.64,96.75,0.12,99.88
2018-08-29,99.9,97.62,2.29,97.71
2018-08-30,100.12,99.16,0.96,99.04
2018-08-31,100.64,101.53,0.89,99.11
2018-09-04,101.98,101.5,0.47,99.53
2018-09-05,99.74,101.63,1.89,98.11
2018-09-06,97.92,99.01,1.12,98.88
2018-09-07,97.6,99.39,1.83,98.17
2018-09-10,96.95,99.32,2.45,97.55
2018-09-11,99.36,99.18,0.18,99.82
2018-09-12,99.5,98.94,0.57,99.43
2018-09-13,99.49,98.94,0.56,99.44
2018-09-14,98.51,99.04,0.54,99.46
2018-09-17,95.4,96.48,1.13,98.87
2018-09-18,97.05,97.55,0.51,99.49
2018-09-19,96.32,95.13,1.24,98.76
2018-09-20,97.21,95.18,2.1,97.9
2018-09-21,95.75,94.91,0.88,99.12
2018-09-24,96.72,95.6,1.16,98.84
2018-09-25,98.73,97.23,1.52,98.48
2018-09-26,98.74,98.36,0.39,99.61
2018-09-27,100.65,99.13,1.51,98.49
2018-09-28,100.15,99.13,1.01,98.99
2018-10-01,100.22,99.03,1.18,98.82
2018-10-02,98.57,97.98,0.59,99.41
2018-10-03,97.64,97.57,0.07,99.93
2018-10-04,95.47,96.5,1.08,98.92
2018-10-05,94.48,96.48,2.11,97.89
2018-10-08,93.22,94.19,1.04,98.96
2018-10-09,93.52,94.32,0.86,99.14
2018-10-10,87.76,90.46,3.07,96.93
2018-10-11,85.97,89.31,3.89,96.11
2018-10-12,89.43,91.24,2.03,97.97
2018-10-15,88.05,89.88,2.08,97.92
2018-10-16,91.0,90.27,0.79,99.21
2018-10-17,91.59,89.77,1.98,98.02
2018-10-18,88.54,88.87,0.37,99.63
2018-10-19,88.2,88.87,0.75,99.25
2018-10-22,89.46,89.21,0.29,99.71
2018-10-23,88.43,87.48,1.08,98.92
2018-10-24,83.21,84.33,1.35,98.65
2018-10-25,89.11,87.75,1.53,98.47
2018-10-26,82.14,84.14,2.44,97.56
2018-10-29,76.94,81.4,5.79,94.21
2018-10-30,76.52,82.27,7.52,92.48
2018-10-31,79.9,83.82,4.91,95.09
2018-11-01,83.28,82.7,0.69,99.31
2018-11-02,83.28,83.29,0.02,99.98
2018-11-05,81.39,81.41,0.02,99.98
2018-11-06,82.14,80.71,1.75,98.25
2018-11-07,87.77,84.59,3.62,96.38
2018-11-08,87.75,85.56,2.49,97.51
2018-11-09,85.62,83.07,2.98,97.02
2018-11-12,81.84,81.62,0.27,99.73
2018-11-13,81.56,83.67,2.59,97.41
2018-11-14,79.95,80.96,1.26,98.74
2018-11-15,80.97,83.0,2.51,97.49
2018-11-16,79.67,82.92,4.07,95.93
2018-11-19,75.61,80.93,7.03,92.97
2018-11-20,74.77,79.59,6.44,93.56
2018-11-21,75.84,75.98,0.19,99.81
2018-11-23,75.1,75.4,0.4,99.6
2018-11-26,79.07,79.19,0.16,99.84
2018-11-27,79.07,79.19,0.15,99.85
2018-11-28,83.89,79.51,5.22,94.78
2018-11-29,83.68,79.51,4.99,95.01
2018-11-30,84.51,79.77,5.61,94.39
2018-12-03,88.62,83.38,5.91,94.09
2018-12-04,83.42,82.05,1.64,98.36
2018-12-06,84.96,83.12,2.17,97.83
2018-12-07,81.46,82.13,0.83,99.17
2018-12-10,82.05,82.05,0.01,99.99
2018-12-11,82.16,83.19,1.25,98.75
2018-12-12,83.18,83.32,0.18,99.82
2018-12-13,82.92,83.19,0.33,99.67
2018-12-14,79.6,82.41,3.53,96.47
2018-12-17,76.05,79.67,4.77,95.23
2018-12-18,77.57,79.58,2.59,97.41
2018-12-19,74.75,75.32,0.75,99.25
2018-12-20,73.04,74.51,2.01,97.99
2018-12-21,68.87,73.38,6.55,93.45
2018-12-24,67.2,71.74,6.76,93.24
2018-12-26,73.54,74.57,1.39,98.61
2018-12-27,73.08,73.16,0.1,99.9
2018-12-28,73.9,73.18,0.98,99.02
2018-12-31,75.1,74.57,0.71,99.29
2019-01-02,76.96,75.82,1.47,98.53
2019-01-03,75.01,73.34,2.23,97.77
2019-01-04,78.77,78.36,0.52,99.48
2019-01-07,81.48,79.85,1.99,98.01
2019-01-08,82.83,80.64,2.64,97.36
2019-01-09,82.97,80.54,2.93,97.07
2019-01-10,82.81,82.06,0.91,99.09
2019-01-11,82.03,82.06,0.04,99.96
2019-01-14,80.86,82.34,1.83,98.17
2019-01-15,83.73,82.94,0.94,99.06
2019-01-16,84.19,82.82,1.63,98.37
2019-01-17,84.66,83.52,1.35,98.65
2019-01-18,84.81,83.93,1.04,98.96
2019-01-22,81.61,82.64,1.27,98.73
2019-01-23,82.0,82.63,0.77,99.23
2019-01-24,82.75,82.47,0.33,99.67
2019-01-25,83.53,82.29,1.49,98.51
2019-01-28,81.89,81.28,0.76,99.24
2019-01-29,79.69,78.67,1.28,98.72
2019-01-30,83.52,81.28,2.69,97.31
2019-01-31,85.94,83.89,2.38,97.62
2019-02-01,81.31,81.59,0.34,99.66
2019-02-04,81.67,82.42,0.92,99.08
2019-02-05,82.94,81.85,1.32,98.68
2019-02-06,82.01,81.81,0.25,99.75
2019-02-07,80.72,81.04,0.4,99.6
2019-02-08,79.41,80.58,1.47,98.53
2019-02-11,79.55,81.04,1.87,98.13
2019-02-12,81.9,82.82,1.12,98.88
2019-02-13,82.0,81.22,0.95,99.05
2019-02-14,81.13,81.04,0.12,99.88
2019-02-15,80.4,80.56,0.2,99.8
2019-02-19,81.38,82.2,1.01,98.99
2019-02-20,81.11,80.56,0.67,99.33
2019-02-21,80.97,77.74,3.99,96.01
2019-02-22,81.58,82.2,0.76,99.24
2019-02-25,81.65,82.2,0.67,99.33
2019-02-26,81.82,81.04,0.95,99.05
2019-02-27,82.05,82.68,0.76,99.24
2019-02-28,81.99,82.98,1.21,98.79
2019-03-01,83.59,83.29,0.36,99.64
2019-03-04,84.81,85.46,0.77,99.23
2019-03-05,84.62,84.51,0.13,99.87
2019-03-06,83.45,83.85,0.48,99.52
2019-03-07,81.3,83.19,2.33,97.67
2019-03-08,81.04,83.19,2.65,97.35
2019-03-11,83.53,84.17,0.77,99.23
2019-03-12,83.65,84.24,0.7,99.3
2019-03-13,84.54,84.37,0.2,99.8
2019-03-14,84.31,84.24,0.09,99.91
2019-03-15,85.62,84.37,1.46,98.54
2019-03-18,87.11,86.86,0.29,99.71
2019-03-19,88.09,87.1,1.13,98.87
2019-03-20,89.86,87.75,2.36,97.64
2019-03-21,90.96,88.24,2.99,97.01
2019-03-22,88.24,87.25,1.12,98.88
2019-03-25,88.71,88.28,0.49,99.51
2019-03-26,89.19,90.28,1.22,98.78
2019-03-27,88.29,90.14,2.1,97.9
2019-03-28,88.67,90.86,2.47,97.53
2019-03-29,89.04,91.09,2.3,97.7
2019-04-01,90.71,91.78,1.18,98.82
2019-04-02,90.7,91.34,0.7,99.3
2019-04-03,91.04,91.89,0.94,99.06
2019-04-04,90.94,91.65,0.77,99.23
2019-04-05,91.86,91.85,0.01,99.99
2019-04-08,92.49,91.85,0.69,99.31
2019-04-09,91.79,91.43,0.39,99.61
2019-04-10,92.37,91.24,1.22,98.78
2019-04-11,92.2,92.63,0.46,99.54
2019-04-12,92.15,92.51,0.39,99.61
2019-04-15,92.24,92.48,0.26,99.74
2019-04-16,93.15,93.21,0.06,99.94
2019-04-17,93.24,93.21,0.04,99.96
2019-04-18,93.08,95.06,2.13,97.87
2019-04-22,94.37,95.06,0.74,99.26
2019-04-23,96.19,95.37,0.86,99.14
2019-04-24,95.09,95.31,0.23,99.77
2019-04-25,95.11,95.82,0.75,99.25
2019-04-26,97.53,95.61,1.97,98.03
2019-04-29,96.92,95.87,1.08,98.92
2019-04-30,96.33,96.92,0.62,99.38
2019-05-01,95.58,96.38,0.85,99.15
2019-05-02,95.04,96.92,1.97,98.03
2019-05-03,98.12,98.39,0.27,99.73
2019-05-06,97.53,98.39,0.88,99.12
2019-05-07,96.05,97.34,1.34,98.66
2019-05-08,95.89,97.16,1.32,98.68
2019-05-09,94.99,96.41,1.5,98.5
2019-05-10,94.5,95.13,0.67,99.33
2019-05-13,91.13,92.55,1.56,98.44
2019-05-14,92.01,92.04,0.04,99.96
2019-05-15,93.56,93.45,0.12,99.88
2019-05-16,95.38,93.7,1.76,98.24
2019-05-17,93.45,92.54,0.97,99.03
2019-05-20,92.95,92.54,0.44,99.56
2019-05-21,92.88,92.62,0.27,99.73
2019-05-22,92.98,93.7,0.76,99.24
2019-05-23,90.77,91.21,0.48,99.52
2019-05-24,91.16,91.25,0.1,99.9
2019-05-28,91.82,91.44,0.42,99.58
2019-05-29,90.96,91.48,0.57,99.43
2019-05-30,90.82,89.87,1.04,98.96
2019-05-31,88.75,89.59,0.94,99.06
2019-06-03,84.63,88.56,4.63,95.37
2019-06-04,86.48,87.6,1.3,98.7
2019-06-05,86.93,87.11,0.22,99.78
2019-06-06,87.72,85.99,1.97,98.03
2019-06-07,90.2,88.43,1.96,98.04
2019-06-10,93.03,90.79,2.41,97.59
2019-06-11,93.18,91.16,2.17,97.83
2019-06-12,92.77,91.09,1.81,98.19
2019-06-13,93.51,92.23,1.38,98.62
2019-06-14,93.48,92.03,1.56,98.44
2019-06-17,94.3,92.42,2.0,98.0
2019-06-18,95.07,92.69,2.5,97.5
2019-06-19,95.44,94.86,0.61,99.39
2019-06-20,95.91,95.43,0.5,99.5
2019-06-21,95.57,95.77,0.22,99.78
2019-06-24,95.69,96.47,0.81,99.19
2019-06-25,93.91,96.4,2.65,97.35
2019-06-26,94.89,96.4,1.59,98.41
2019-06-27,95.21,96.75,1.61,98.39
2019-06-28,94.68,95.61,0.98,99.02
2019-07-01,96.11,95.97,0.15,99.85
2019-07-02,96.72,96.98,0.27,99.73
2019-07-03,96.95,98.37,1.47,98.53
2019-07-05,97.15,98.39,1.28,98.72
2019-07-08,97.62,98.39,0.79,99.21
2019-07-09,99.42,98.39,1.03,98.97
2019-07-10,100.87,101.34,0.47,99.53
2019-07-11,100.05,99.59,0.46,99.54
2019-07-12,100.55,100.76,0.21,99.79
2019-07-15,101.05,100.83,0.22,99.78
2019-07-16,100.5,102.82,2.31,97.69
2019-07-17,99.6,102.09,2.5,97.5
2019-07-18,98.89,99.89,1.01,98.99
2019-07-19,98.23,99.76,1.56,98.44
2019-07-22,99.28,100.14,0.86,99.14
2019-07-23,99.72,100.83,1.1,98.9
2019-07-24,100.04,100.14,0.1,99.9
2019-07-25,98.69,100.22,1.55,98.45
2019-07-26,97.15,98.79,1.69,98.31
2019-07-29,95.62,96.69,1.12,98.88
2019-07-30,94.93,93.44,1.57,98.43
2019-07-31,93.34,93.21,0.14,99.86
2019-08-01,92.77,91.83,1.01,98.99
2019-08-02,91.16,89.86,1.43,98.57
2019-08-05,88.26,88.11,0.17,99.83
2019-08-06,89.39,88.54,0.95,99.05
2019-08-07,89.67,89.41,0.29,99.71
2019-08-08,91.64,90.09,1.7,98.3
2019-08-09,90.38,88.61,1.96,98.04
2019-08-12,89.25,87.61,1.83,98.17
2019-08-13,91.22,88.87,2.58,97.42
2019-08-14,88.15,87.93,0.25,99.75
2019-08-15,88.81,88.83,0.03,99.97
2019-08-16,89.63,88.62,1.13,98.87
2019-08-19,90.81,89.2,1.77,98.23
2019-08-20,90.07,89.7,0.41,99.59
2019-08-21,91.18,90.29,0.97,99.03
2019-08-22,90.23,90.6,0.4,99.6
2019-08-23,87.48,90.61,3.58,96.42
2019-08-26,88.44,90.26,2.06,97.94
2019-08-27,88.09,89.93,2.09,97.91
2019-08-28,88.21,88.25,0.04,99.96
2019-08-29,89.32,89.44,0.13,99.87
2019-08-30,88.81,89.04,0.25,99.75
2019-09-03,89.49,88.96,0.59,99.41
2019-09-04,90.03,90.39,0.4,99.6
2019-09-05,92.04,91.42,0.67,99.33
2019-09-06,91.68,91.14,0.58,99.42
2019-09-09,91.57,90.99,0.63,99.37
2019-09-10,91.03,90.99,0.04,99.96
2019-09-11,91.15,90.7,0.5,99.5
2019-09-12,92.18,91.46,0.78,99.22
2019-09-13,91.97,92.4,0.47,99.53
2019-09-16,90.39,92.29,2.1,97.9
2019-09-17,91.13,92.62,1.64,98.36
2019-09-18,90.87,92.48,1.77,98.23
2019-09-19,91.07,92.29,1.34,98.66
2019-09-20,89.71,91.45,1.94,98.06
2019-09-23,89.26,90.04,0.87,99.13
2019-09-24,87.08,87.98,1.04,98.96
2019-09-25,88.42,87.81,0.69,99.31
2019-09-26,86.99,87.61,0.71,99.29
2019-09-27,86.27,86.6,0.38,99.62
2019-09-30,86.8,86.74,0.07,99.93
2019-10-01,86.78,86.61,0.2,99.8
2019-10-02,85.66,85.15,0.6,99.4
2019-10-03,86.22,85.73,0.57,99.43
2019-10-04,86.98,84.69,2.63,97.37
2019-10-07,86.63,84.37,2.61,97.39
2019-10-08,85.28,84.37,1.06,98.94
2019-10-09,86.1,84.37,2.01,97.99
2019-10-10,86.01,84.54,1.71,98.29
2019-10-11,86.6,85.84,0.87,99.13
2019-10-14,86.82,86.8,0.02,99.98
2019-10-15,88.37,87.37,1.14,98.86
2019-10-16,88.87,88.22,0.74,99.26
2019-10-17,89.37,88.55,0.92,99.08
2019-10-18,87.88,88.48,0.69,99.31
2019-10-21,89.28,89.94,0.73,99.27
2019-10-22,88.29,89.97,1.91,98.09
2019-10-23,88.11,89.44,1.51,98.49
2019-10-24,89.04,89.86,0.92,99.08
2019-10-25,88.07,88.88,0.92,99.08
2019-10-28,88.85,90.35,1.68,98.32
2019-10-29,88.14,89.57,1.63,98.37
2019-10-30,89.0,90.01,1.14,98.86
2019-10-31,88.83,89.72,1.0,99.0
2019-11-01,89.57,90.02,0.5,99.5
2019-11-04,90.23,89.64,0.65,99.35
2019-11-05,90.09,89.14,1.05,98.95
2019-11-06,89.79,89.06,0.81,99.19
2019-11-07,89.41,89.89,0.54,99.46
2019-11-08,89.29,89.06,0.26,99.74
2019-11-11,88.58,89.55,1.1,98.9
2019-11-12,88.9,89.28,0.43,99.57
2019-11-13,87.66,87.89,0.27,99.73
2019-11-14,87.73,88.33,0.68,99.32
2019-11-15,86.97,86.91,0.07,99.93
2019-11-18,87.63,88.03,0.46,99.54
2019-11-19,87.64,87.55,0.11,99.89
2019-11-20,87.28,87.21,0.08,99.92
2019-11-21,86.74,85.04,1.95,98.05
2019-11-22,87.29,84.83,2.82,97.18
2019-11-25,88.69,86.98,1.93,98.07
2019-11-26,89.85,88.77,1.2,98.8
2019-11-27,90.93,89.36,1.72,98.28
2019-11-29,90.04,88.77,1.41,98.59
2019-12-02,89.08,89.14,0.06,99.94
2019-12-03,88.5,88.11,0.43,99.57
2019-12-04,88.03,89.06,1.17,98.83
2019-12-05,87.02,88.33,1.5,98.5
2019-12-06,87.58,89.05,1.67,98.33
2019-12-09,87.48,88.67,1.36,98.64
2019-12-10,86.96,87.74,0.9,99.1
2019-12-11,87.44,88.47,1.19,98.81
2019-12-12,88.02,88.51,0.56,99.44
2019-12-13,88.05,88.47,0.48,99.52
2019-12-16,88.46,87.82,0.73,99.27
2019-12-17,89.53,87.34,2.45,97.55
2019-12-18,89.2,87.21,2.24,97.76
2019-12-19,89.61,88.12,1.67,98.33
2019-12-20,89.32,89.14,0.21,99.79
2019-12-23,89.65,89.64,0.01,99.99
2019-12-24,89.46,90.38,1.02,98.98
2019-12-26,93.44,91.79,1.77,98.23
2019-12-27,93.49,91.79,1.82,98.18
2019-12-30,92.34,92.67,0.36,99.64
2019-12-31,92.39,92.49,0.11,99.89
2020-01-02,94.9,93.82,1.14,98.86
2020-01-03,93.75,93.64,0.12,99.88
2020-01-06,95.14,95.39,0.26,99.74
2020-01-07,95.34,95.57,0.24,99.76
2020-01-08,94.6,95.12,0.55,99.45
2020-01-09,95.05,95.12,0.07,99.93
2020-01-10,94.16,95.09,0.99,99.01
2020-01-13,94.57,95.09,0.56,99.44
2020-01-14,93.47,94.8,1.42,98.58
2020-01-15,93.1,94.91,1.94,98.06
2020-01-16,93.9,92.82,1.15,98.85
2020-01-17,93.24,92.34,0.97,99.03
2020-01-21,94.6,95.33,0.77,99.23
2020-01-22,94.37,94.98,0.65,99.35
2020-01-23,94.23,93.59,0.67,99.33
2020-01-24,93.08,93.67,0.63,99.37
2020-01-27,91.42,90.8,0.67,99.33
2020-01-28,92.66,91.64,1.1,98.9
2020-01-29,92.9,92.38,0.56,99.44
2020-01-30,93.53,93.15,0.41,99.59
2020-01-31,100.44,97.81,2.62,97.38
2020-02-03,100.21,97.39,2.82,97.18
2020-02-04,102.48,98.2,4.18,95.82
2020-02-05,101.99,99.86,2.09,97.91
2020-02-06,102.51,102.42,0.09,99.91
2020-02-07,103.96,103.9,0.06,99.94
2020-02-10,106.7,106.05,0.6,99.4
2020-02-11,107.54,107.32,0.2,99.8
2020-02-12,108.0,110.02,1.87,98.13
2020-02-13,107.49,109.74,2.09,97.91
2020-02-14,106.74,110.5,3.52,96.48
2020-02-18,107.78,109.44,1.54,98.46
2020-02-19,108.51,109.44,0.85,99.15
2020-02-20,107.65,111.29,3.37,96.63
2020-02-21,104.8,105.97,1.12,98.88
2020-02-24,100.46,101.93,1.46,98.54
2020-02-25,98.64,98.22,0.43,99.57
2020-02-26,98.98,98.9,0.08,99.92
2020-02-27,94.21,96.4,2.31,97.69
2020-02-28,94.19,95.17,1.04,98.96
2020-03-02,97.7,95.22,2.53,97.47
2020-03-03,95.45,93.21,2.35,97.65
2020-03-04,98.79,95.91,2.92,97.08
2020-03-05,96.2,93.98,2.31,97.69
2020-03-06,95.05,93.98,1.13,98.87
2020-03-09,90.03,91.49,1.62,98.38
2020-03-10,94.59,92.46,2.26,97.74
2020-03-11,91.04,90.87,0.19,99.81
2020-03-12,83.83,88.62,5.72,94.28
2020-03-13,89.25,91.19,2.18,97.82
2020-03-16,84.46,89.15,5.56,94.44
2020-03-17,90.39,90.17,0.24,99.76
2020-03-18,91.5,92.03,0.58,99.42
2020-03-19,94.05,93.1,1.01,98.99
2020-03-20,92.3,91.55,0.82,99.18
2020-03-23,95.14,93.22,2.02,97.98
2020-03-24,97.0,92.78,4.35,95.65
2020-03-25,94.29,91.89,2.54,97.46
2020-03-26,97.77,94.97,2.87,97.13
2020-03-27,95.0,94.97,0.04,99.96
2020-03-30,98.2,95.46,2.79,97.21
2020-03-31,97.49,96.35,1.16,98.84
2020-04-01,95.39,95.85,0.49,99.51
2020-04-02,95.94,96.64,0.73,99.27
2020-04-03,95.33,96.87,1.62,98.38
2020-04-06,99.88,98.29,1.59,98.41
2020-04-07,100.58,99.75,0.83,99.17
2020-04-08,102.15,100.66,1.46,98.54
2020-04-09,102.14,102.38,0.23,99.77
2020-04-13,108.44,104.99,3.18,96.82
2020-04-14,114.17,109.13,4.41,95.59
2020-04-15,115.38,111.77,3.13,96.87
2020-04-16,120.41,114.12,5.23,94.77
2020-04-17,118.75,114.88,3.26,96.74
2020-04-20,119.68,117.6,1.74,98.26
2020-04-21,116.41,117.68,1.09,98.91
2020-04-22,118.17,117.78,0.33,99.67
2020-04-23,119.97,120.83,0.72,99.28
2020-04-24,120.51,119.76,0.62,99.38
2020-04-27,118.8,119.05,0.21,99.79
2020-04-28,115.7,117.81,1.82,98.18
2020-04-29,118.64,117.82,0.69,99.31
2020-04-30,123.7,122.64,0.85,99.15
2020-05-01,114.3,114.63,0.29,99.71
2020-05-04,115.8,113.49,2.0,98.0
2020-05-05,115.89,114.73,1.0,99.0
2020-05-06,117.56,113.14,3.76,96.24
2020-05-07,118.38,114.44,3.33,96.67
2020-05-08,118.98,116.33,2.23,97.77
2020-05-11,120.45,119.04,1.17,98.83
2020-05-12,117.85,119.03,1.0,99.0
2020-05-13,118.4,116.92,1.25,98.75
2020-05-14,119.44,118.23,1.02,98.98
2020-05-15,120.49,121.03,0.45,99.55
2020-05-18,121.31,122.76,1.19,98.81
2020-05-19,122.47,121.74,0.6,99.4
2020-05-20,124.9,119.73,4.14,95.86
2020-05-21,122.34,125.08,2.24,97.76
2020-05-22,121.84,124.37,2.07,97.93
2020-05-26,121.09,124.2,2.57,97.43
2020-05-27,120.52,122.29,1.47,98.53
2020-05-28,120.06,121.11,0.88,99.12
2020-05-29,122.12,122.29,0.14,99.86
2020-06-01,123.55,122.29,1.03,98.97
2020-06-02,123.62,126.33,2.19,97.81
2020-06-03,123.92,126.02,1.69,98.31
2020-06-04,123.03,123.66,0.51,99.49
2020-06-05,124.15,124.19,0.04,99.96
2020-06-08,126.2,125.32,0.7,99.3
2020-06-09,130.04,127.31,2.1,97.9
2020-06-10,132.37,127.41,3.75,96.25
2020-06-11,127.9,128.53,0.49,99.51
2020-06-12,127.25,127.97,0.56,99.44
2020-06-15,128.63,130.0,1.06,98.94
2020-06-16,130.76,130.76,0.0,100.0
2020-06-17,132.05,132.34,0.22,99.78
2020-06-18,132.7,133.01,0.23,99.77
2020-06-19,133.75,133.01,0.56,99.44
2020-06-22,135.69,137.04,0.99,99.01
2020-06-23,138.22,138.72,0.36,99.64
2020-06-24,136.72,140.12,2.48,97.52
2020-06-25,137.73,140.72,2.18,97.82
2020-06-26,134.64,137.3,1.97,98.03
2020-06-29,134.02,137.0,2.22,97.78
2020-06-30,137.94,137.86,0.06,99.94
2020-07-01,143.93,145.59,1.15,98.85
2020-07-02,144.51,145.4,0.61,99.39
2020-07-06,152.85,147.18,3.71,96.29
2020-07-07,150.01,145.89,2.74,97.26
2020-07-08,154.06,149.04,3.26,96.74
2020-07-09,159.13,153.52,3.53,96.47
2020-07-10,160.0,157.03,1.85,98.15
2020-07-13,155.2,154.79,0.26,99.74
2020-07-14,154.2,154.98,0.5,99.5
2020-07-15,150.44,150.63,0.12,99.88
2020-07-16,149.99,150.63,0.42,99.58
2020-07-17,148.1,150.63,1.71,98.29
2020-07-20,159.84,156.2,2.28,97.72
2020-07-21,156.91,156.13,0.5,99.5
2020-07-22,155.0,153.8,0.77,99.23
2020-07-23,149.33,150.59,0.85,99.15
2020-07-24,150.45,150.08,0.24,99.76
2020-07-27,152.76,151.87,0.59,99.41
2020-07-28,150.02,148.85,0.77,99.23
2020-07-29,151.68,149.6,1.37,98.63
2020-07-30,152.59,152.8,0.13,99.87
2020-07-31,158.23,156.1,1.35,98.65
2020-08-03,155.59,154.9,0.45,99.55
2020-08-04,156.94,156.43,0.33,99.67
2020-08-05,160.25,157.08,1.98,98.02
2020-08-06,161.25,159.15,1.3,98.7
2020-08-07,158.37,155.32,1.93,98.07
2020-08-10,157.41,156.57,0.53,99.47
2020-08-11,154.03,155.96,1.25,98.75
2020-08-12,158.11,160.37,1.43,98.57
2020-08-13,158.05,159.71,1.05,98.95
2020-08-14,157.4,158.2,0.51,99.49
2020-08-17,159.12,161.51,1.5,98.5
2020-08-18,165.62,164.53,0.66,99.34
2020-08-19,163.02,162.75,0.17,99.83
2020-08-20,164.87,162.37,1.51,98.49
2020-08-21,164.24,165.34,0.67,99.33
2020-08-24,165.37,165.01,0.22,99.78
2020-08-25,167.32,166.31,0.61,99.39
2020-08-26,172.09,168.29,2.21,97.79
2020-08-27,170.0,167.83,1.28,98.72
2020-08-28,170.09,168.71,0.81,99.19
2020-08-31,172.55,172.63,0.05,99.95
2020-09-01,174.96,172.63,1.33,98.67
2020-09-02,176.57,173.56,1.7,98.3
2020-09-03,168.4,170.07,0.99,99.01
2020-09-04,164.73,168.6,2.35,97.65
2020-09-08,157.49,159.84,1.49,98.51
2020-09-09,163.43,165.43,1.22,98.78
2020-09-10,158.76,163.03,2.69,97.31
2020-09-11,155.81,158.11,1.47,98.53
2020-09-14,155.15,157.46,1.49,98.51
2020-09-15,157.81,158.24,0.27,99.73
2020-09-16,153.9,153.02,0.58,99.42
2020-09-17,150.44,151.5,0.71,99.29
2020-09-18,147.75,150.58,1.92,98.08
2020-09-21,148.02,147.91,0.08,99.92
2020-09-22,156.45,154.57,1.2,98.8
2020-09-23,149.99,146.8,2.13,97.87
2020-09-24,150.99,152.23,0.82,99.18
2020-09-25,154.76,155.07,0.2,99.8
2020-09-28,158.7,159.01,0.19,99.81
2020-09-29,157.24,155.6,1.04,98.96
2020-09-30,157.44,157.74,0.19,99.81
2020-10-01,161.06,159.09,1.23,98.77
2020-10-02,156.25,157.21,0.61,99.39
2020-10-05,159.96,157.08,1.8,98.2
2020-10-06,155.0,156.71,1.11,98.89
2020-10-07,159.78,160.92,0.71,99.29
2020-10-08,159.53,161.91,1.5,98.5
2020-10-09,164.33,163.9,0.26,99.74
2020-10-12,172.15,166.36,3.36,96.64
2020-10-13,172.18,169.09,1.8,98.2
2020-10-14,168.19,167.71,0.29,99.71
2020-10-15,166.93,166.7,0.14,99.86
2020-10-16,163.64,162.46,0.72,99.28
2020-10-19,160.36,160.33,0.02,99.98
2020-10-20,160.85,161.33,0.3,99.7
2020-10-21,159.25,158.81,0.27,99.73
2020-10-22,158.82,161.03,1.39,98.61
2020-10-23,160.22,160.78,0.35,99.65
2020-10-26,160.35,162.49,1.34,98.66
2020-10-27,164.32,162.49,1.11,98.89
2020-10-28,158.14,159.11,0.62,99.38
2020-10-29,160.55,158.5,1.28,98.72
2020-10-30,151.81,149.47,1.54,98.46
2020-11-02,150.22,147.54,1.78,98.22
2020-11-03,152.42,150.86,1.02,98.98
2020-11-04,162.06,158.68,2.09,97.91
2020-11-05,166.1,160.47,3.39,96.61
2020-11-06,165.57,162.77,1.69,98.31
2020-11-09,157.19,157.72,0.34,99.66
2020-11-10,151.75,155.84,2.69,97.31
2020-11-11,156.87,157.72,0.54,99.46
2020-11-12,155.51,156.47,0.61,99.39
2020-11-13,156.44,157.51,0.68,99.32
2020-11-16,156.55,156.46,0.06,99.94
2020-11-17,156.78,157.49,0.45,99.55
2020-11-18,155.27,156.6,0.85,99.15
2020-11-19,155.85,158.79,1.88,98.12
2020-11-20,154.97,158.96,2.58,97.42
2020-11-23,154.92,157.53,1.69,98.31
2020-11-24,155.9,154.99,0.58,99.42
2020-11-25,159.25,155.0,2.67,97.33
2020-11-27,159.77,155.85,2.45,97.55
2020-11-30,158.4,157.72,0.43,99.57
2020-12-01,161.0,164.84,2.38,97.62
2020-12-02,160.18,160.92,0.46,99.54
2020-12-03,159.34,162.05,1.7,98.3
2020-12-04,158.13,159.38,0.79,99.21
2020-12-07,157.9,159.43,0.97,99.03
2020-12-08,158.86,159.63,0.48,99.52
2020-12-09,155.21,156.68,0.95,99.05
2020-12-10,155.07,156.71,1.05,98.95
2020-12-11,155.82,157.56,1.12,98.88
2020-12-14,157.85,159.41,0.99,99.01
2020-12-15,158.26,159.41,0.73,99.27
2020-12-16,162.05,159.41,1.63,98.37
2020-12-17,161.8,159.73,1.28,98.72
2020-12-18,160.08,159.21,0.55,99.45
2020-12-21,160.31,158.58,1.08,98.92
2020-12-22,160.33,159.22,0.69,99.31
2020-12-23,159.26,158.85,0.26,99.74
2020-12-24,158.63,159.22,0.37,99.63
2020-12-28,164.2,164.6,0.25,99.75
2020-12-29,166.1,165.16,0.57,99.43
2020-12-30,164.29,166.51,1.35,98.65
2020-12-31,162.85,165.73,1.77,98.23
2021-01-04,159.33,162.17,1.78,98.22
2021-01-05,160.93,162.88,1.21,98.79
2021-01-06,156.92,157.74,0.52,99.48
2021-01-07,158.11,156.55,0.99,99.01
2021-01-08,159.13,158.72,0.26,99.74
2021-01-11,155.71,157.74,1.3,98.7
2021-01-12,156.04,157.74,1.09,98.91
2021-01-13,158.29,158.68,0.24,99.76
2021-01-14,156.37,158.19,1.16,98.84
2021-01-15,155.21,156.63,0.91,99.09
2021-01-19,156.04,155.85,0.12,99.88
2021-01-20,163.17,158.01,3.16,96.84
2021-01-21,165.35,159.96,3.26,96.74
2021-01-22,164.61,160.05,2.77,97.23
2021-01-25,164.7,163.73,0.59,99.41
2021-01-26,166.31,165.19,0.67,99.33
2021-01-27,161.63,162.49,0.54,99.46
2021-01-28,161.88,162.4,0.32,99.68
2021-01-29,160.31,160.09,0.14,99.86
2021-02-01,167.14,167.2,0.03,99.97
2021-02-02,169.0,169.14,0.08,99.92
2021-02-03,165.63,165.26,0.22,99.78
2021-02-04,166.55,167.86,0.79,99.21
2021-02-05,167.61,168.14,0.32,99.68
2021-02-08,166.15,167.36,0.73,99.27
2021-02-09,165.25,164.7,0.33,99.67
2021-02-10,164.33,162.49,1.12,98.88
2021-02-11,163.11,162.53,0.35,99.65
2021-02-12,163.89,163.12,0.47,99.53
2021-02-16,163.45,162.52,0.57,99.43
2021-02-17,165.43,165.34,0.05,99.95
2021-02-18,166.41,166.74,0.19,99.81
2021-02-19,162.49,164.8,1.42,98.58
2021-02-22,159.04,160.72,1.06,98.94
2021-02-23,159.73,159.21,0.32,99.68
2021-02-24,157.98,159.16,0.75,99.25
2021-02-25,152.86,153.25,0.25,99.75
2021-02-26,154.65,151.96,1.74,98.26
2021-03-01,157.31,157.64,0.21,99.79
2021-03-02,154.73,153.9,0.53,99.47
2021-03-03,150.25,151.15,0.6,99.4
2021-03-04,148.88,148.19,0.46,99.54
2021-03-05,150.02,148.21,1.21,98.79
2021-03-08,147.6,146.06,1.04,98.96
2021-03-09,153.14,153.34,0.13,99.87
2021-03-10,152.88,152.21,0.44,99.56
2021-03-11,155.68,155.37,0.2,99.8
2021-03-12,154.47,155.19,0.46,99.54
2021-03-15,154.08,154.26,0.12,99.88
2021-03-16,154.59,154.13,0.3,99.7
2021-03-17,156.79,157.94,0.73,99.27
2021-03-18,151.4,153.89,1.65,98.35
2021-03-19,153.75,153.65,0.06,99.94
2021-03-22,155.54,155.0,0.35,99.65
2021-03-23,156.88,155.29,1.01,98.99
2021-03-24,154.35,154.69,0.22,99.78
2021-03-25,152.31,154.23,1.26,98.74
2021-03-26,152.6,154.69,1.37,98.63
2021-03-29,153.79,153.86,0.05,99.95
2021-03-30,152.76,153.05,0.19,99.81
2021-03-31,154.7,153.59,0.72,99.28
2021-04-01,158.05,156.43,1.03,98.97
2021-04-05,161.34,157.69,2.26,97.74
2021-04-06,161.19,158.65,1.58,98.42
2021-04-07,163.97,160.45,2.15,97.85
2021-04-08,164.96,165.03,0.04,99.96
2021-04-09,168.61,166.84,1.05,98.95
2021-04-12,168.97,168.99,0.01,99.99
2021-04-13,170.0,169.31,0.4,99.6
2021-04-14,166.65,169.18,1.52,98.48
2021-04-15,168.95,169.9,0.56,99.44
2021-04-16,169.97,170.76,0.46,99.54
2021-04-19,168.6,170.24,0.97,99.03
2021-04-20,166.73,170.22,2.09,97.91
2021-04-21,168.1,169.76,0.99,99.01
2021-04-22,165.45,167.98,1.53,98.47
2021-04-23,167.04,167.77,0.44,99.56
2021-04-26,170.45,169.5,0.56,99.44
2021-04-27,170.87,169.35,0.89,99.11
2021-04-28,172.93,171.53,0.8,99.2
2021-04-29,173.57,170.91,1.53,98.47
2021-04-30,173.37,171.74,0.94,99.06
2021-05-03,169.32,168.74,0.35,99.65
2021-05-04,165.59,167.86,1.37,98.63
2021-05-05,163.53,163.91,0.24,99.76
2021-05-06,165.32,164.81,0.3,99.7
2021-05-07,164.58,165.22,0.39,99.61
2021-05-10,159.52,163.68,2.6,97.4
2021-05-11,161.2,162.7,0.93,99.07
2021-05-12,157.6,161.17,2.27,97.73
2021-05-13,158.07,160.7,1.66,98.34
2021-05-14,161.15,161.47,0.2,99.8
2021-05-17,163.52,160.9,1.6,98.4
2021-05-18,161.61,160.32,0.8,99.2
2021-05-19,161.59,159.15,1.51,98.49
2021-05-20,162.38,159.62,1.7,98.3
2021-05-21,160.15,159.62,0.34,99.66
2021-05-24,162.25,161.37,0.54,99.46
2021-05-25,162.95,162.07,0.54,99.46
2021-05-26,163.26,161.67,0.97,99.03
2021-05-27,161.51,161.98,0.3,99.7
2021-05-28,161.15,161.96,0.5,99.5
2021-06-01,160.93,160.37,0.35,99.65
2021-06-02,161.7,165.13,2.12,97.88
2021-06-03,159.35,160.73,0.87,99.13
2021-06-04,160.31,160.53,0.14,99.86
2021-06-07,159.9,159.82,0.05,99.95
2021-06-08,163.21,162.14,0.65,99.35
2021-06-09,164.06,162.14,1.17,98.83
2021-06-10,167.48,165.13,1.4,98.6
2021-06-11,167.34,169.51,1.29,98.71
2021-06-14,169.19,169.46,0.16,99.84
2021-06-15,169.16,169.94,0.46,99.54
2021-06-16,170.76,170.83,0.04,99.96
2021-06-17,174.46,173.46,0.57,99.43
2021-06-18,174.35,174.05,0.17,99.83
2021-06-21,172.7,172.67,0.01,99.99
2021-06-22,175.27,174.6,0.38,99.62
2021-06-23,175.19,173.88,0.75,99.25
2021-06-24,172.45,172.9,0.26,99.74
2021-06-25,170.07,173.5,2.02,97.98
2021-06-28,172.19,173.09,0.52,99.48
2021-06-29,172.41,173.06,0.38,99.62
2021-06-30,172.01,171.77,0.14,99.86
2021-07-01,171.65,172.64,0.58,99.42
2021-07-02,175.55,176.05,0.28,99.72
2021-07-06,183.79,180.33,1.88,98.12
2021-07-07,184.83,181.56,1.77,98.23
2021-07-08,186.57,183.16,1.83,98.17
2021-07-09,185.97,183.73,1.2,98.8
2021-07-12,185.93,184.59,0.72,99.28
2021-07-13,183.87,181.41,1.34,98.66
2021-07-14,184.08,183.05,0.56,99.44
2021-07-15,181.56,183.02,0.81,99.19
2021-07-16,178.68,181.59,1.63,98.37
2021-07-19,177.48,180.68,1.8,98.2
2021-07-20,178.66,181.33,1.5,98.5
2021-07-21,179.26,183.98,2.63,97.37
2021-07-22,181.9,183.95,1.12,98.88
2021-07-23,182.83,184.17,0.73,99.27
2021-07-26,184.99,183.67,0.71,99.29
2021-07-27,181.32,179.44,1.04,98.96
2021-07-28,181.52,178.02,1.93,98.07
2021-07-29,180.0,178.07,1.07,98.93
2021-07-30,166.38,171.48,3.07,96.93
2021-08-02,166.57,167.85,0.77,99.23
2021-08-03,168.31,168.52,0.12,99.88
2021-08-04,167.74,168.22,0.29,99.71
2021-08-05,168.8,170.42,0.96,99.04
2021-08-06,167.25,167.99,0.44,99.56
2021-08-09,167.09,166.99,0.06,99.94
2021-08-10,166.03,165.87,0.1,99.9
2021-08-11,164.61,164.27,0.2,99.8
2021-08-12,165.18,163.43,1.06,98.94
2021-08-13,164.7,163.01,1.03,98.97
2021-08-16,164.95,163.17,1.08,98.92
2021-08-17,162.1,160.5,0.99,99.01
2021-08-18,160.06,158.74,0.82,99.18
2021-08-19,159.39,158.2,0.75,99.25
2021-08-20,160.0,159.68,0.2,99.8
2021-08-23,163.29,162.67,0.38,99.62
2021-08-24,165.29,165.04,0.15,99.85
2021-08-25,164.96,163.96,0.61,99.39
2021-08-26,165.8,166.11,0.19,99.81
2021-08-27,167.48,166.82,0.39,99.61
2021-08-30,171.08,170.82,0.15,99.85
2021-08-31,173.54,171.84,0.98,99.02
2021-09-01,173.95,172.89,0.61,99.39
2021-09-02,173.16,173.22,0.03,99.97
2021-09-03,173.9,173.24,0.38,99.62
2021-09-07,175.46,174.47,0.56,99.44
2021-09-08,176.27,173.39,1.64,98.36
2021-09-09,174.21,173.14,0.61,99.39
2021-09-10,173.46,174.66,0.69,99.31
2021-09-13,172.86,173.71,0.49,99.51
2021-09-14,172.5,173.7,0.7,99.3
2021-09-15,173.79,174.39,0.35,99.65
2021-09-16,174.41,175.47,0.61,99.39
2021-09-17,173.13,177.61,2.59,97.41
2021-09-20,167.79,169.57,1.06,98.94
2021-09-21,167.18,167.31,0.07,99.93
2021-09-22,169.0,167.46,0.91,99.09
2021-09-23,170.8,170.63,0.1,99.9
2021-09-24,171.28,169.56,1.0,99.0
2021-09-27,170.29,168.15,1.25,98.75
2021-09-28,165.8,164.93,0.53,99.47
2021-09-29,165.06,164.78,0.17,99.83
2021-09-30,164.25,163.95,0.19,99.81
2021-10-01,164.16,164.67,0.31,99.69
2021-10-04,159.49,159.58,0.06,99.94
2021-10-05,161.05,160.53,0.32,99.68
2021-10-06,163.1,161.51,0.97,99.03
2021-10-07,165.12,162.86,1.37,98.63
2021-10-08,164.43,164.04,0.24,99.76
2021-10-11,162.32,163.34,0.63,99.37
2021-10-12,162.37,161.2,0.72,99.28
2021-10-13,164.21,162.24,1.2,98.8
2021-10-14,164.99,162.31,1.62,98.38
2021-10-15,170.45,166.47,2.33,97.67
2021-10-18,172.34,170.16,1.26,98.74
2021-10-19,172.21,170.74,0.85,99.15
2021-10-20,170.75,171.08,0.19,99.81
2021-10-21,171.75,171.84,0.05,99.95
2021-10-22,166.78,170.62,2.3,97.7
2021-10-25,166.02,169.45,2.07,97.93
2021-10-26,168.8,170.34,0.91,99.09
2021-10-27,169.62,169.18,0.26,99.74
2021-10-28,172.33,171.14,0.69,99.31
2021-10-29,168.62,170.76,1.27,98.73
2021-11-01,165.91,169.13,1.95,98.05
2021-11-02,165.64,167.83,1.33,98.67
2021-11-03,169.2,170.82,0.96,99.04
2021-11-04,173.85,171.08,1.6,98.4
2021-11-05,175.95,172.96,1.7,98.3
2021-11-08,174.45,172.08,1.36,98.64
2021-11-09,178.81,175.74,1.72,98.28
2021-11-10,174.1,173.03,0.61,99.39
2021-11-11,173.62,174.7,0.62,99.38
2021-11-12,176.26,176.66,0.23,99.77
2021-11-15,177.28,176.76,0.29,99.71
2021-11-16,177.04,177.77,0.42,99.58
2021-11-17,177.45,176.49,0.54,99.46
2021-11-18,184.8,183.55,0.68,99.32
2021-11-19,183.83,183.27,0.3,99.7
2021-11-22,178.63,180.48,1.04,98.96
2021-11-23,179.0,179.69,0.38,99.62
2021-11-24,179.02,179.28,0.14,99.86
2021-11-26,175.23,176.36,0.64,99.36
2021-11-29,178.08,178.59,0.29,99.71
2021-11-30,175.35,174.83,0.3,99.7
2021-12-01,172.19,174.92,1.59,98.41
2021-12-02,171.87,174.5,1.53,98.47
2021-12-03,169.49,171.45,1.16,98.84
2021-12-06,171.37,171.56,0.11,99.89
2021-12-07,176.16,177.12,0.54,99.46
2021-12-08,176.16,176.37,0.12,99.88
2021-12-09,174.17,171.28,1.66,98.34
2021-12-10,172.21,171.03,0.69,99.31
2021-12-13,169.57,171.17,0.95,99.05
2021-12-14,169.09,170.09,0.59,99.41
2021-12-15,173.32,172.96,0.2,99.8
2021-12-16,168.87,170.31,0.85,99.15
2021-12-17,170.02,169.04,0.58,99.42
2021-12-20,167.08,168.35,0.76,99.24
2021-12-21,170.42,171.49,0.63,99.37
2021-12-22,171.04,172.53,0.87,99.13
2021-12-23,171.07,172.4,0.78,99.22
2021-12-27,169.67,170.38,0.42,99.58
2021-12-28,170.66,167.6,1.8,98.2
2021-12-29,169.2,167.6,0.95,99.05
2021-12-30,168.64,167.6,0.62,99.38
2021-12-31,166.72,167.45,0.44,99.56
2022-01-03,170.4,172.33,1.13,98.87
2022-01-04,167.52,169.84,1.38,98.62
2022-01-05,164.36,165.32,0.58,99.42
2022-01-06,163.25,165.54,1.4,98.6
2022-01-07,162.55,162.92,0.23,99.77
2022-01-10,161.49,163.88,1.48,98.52
2022-01-11,165.36,162.62,1.66,98.34
2022-01-12,165.21,162.62,1.56,98.44
2022-01-13,161.21,162.21,0.62,99.38
2022-01-14,162.14,162.88,0.46,99.54
2022-01-18,158.92,159.3,0.24,99.76
2022-01-19,156.3,160.01,2.37,97.63
2022-01-20,151.67,154.45,1.83,98.17
2022-01-21,142.64,146.84,2.94,97.06
2022-01-24,144.54,144.82,0.19,99.81
2022-01-25,139.99,140.47,0.35,99.65
2022-01-26,138.87,140.46,1.15,98.85
2022-01-27,139.64,137.98,1.19,98.81
2022-01-28,143.98,141.75,1.54,98.46
2022-01-31,149.57,148.78,0.53,99.47
2022-02-01,151.19,147.72,2.3,97.7
2022-02-02,150.61,147.78,1.88,98.12
2022-02-03,138.85,136.93,1.38,98.62
2022-02-04,157.64,152.82,3.06,96.94
2022-02-07,157.94,155.85,1.32,98.68
2022-02-08,161.41,158.68,1.69,98.31
2022-02-09,161.19,158.89,1.42,98.58
2022-02-10,159.0,160.5,0.94,99.06
2022-02-11,153.29,155.25,1.28,98.72
2022-02-14,155.17,157.0,1.18,98.82
2022-02-15,156.51,158.35,1.17,98.83
2022-02-16,158.1,158.35,0.16,99.84
2022-02-17,154.65,155.62,0.62,99.38
2022-02-18,152.6,154.6,1.31,98.69
2022-02-22,150.2,152.99,1.86,98.14
2022-02-23,144.83,150.45,3.88,96.12
2022-02-24,151.36,154.85,2.31,97.69
2022-02-25,153.79,152.63,0.75,99.25
2022-02-28,153.56,153.9,0.22,99.78
2022-03-01,151.14,150.47,0.44,99.56
2022-03-02,152.05,151.21,0.56,99.44
2022-03-03,147.9,147.52,0.25,99.75
2022-03-04,145.64,148.97,2.29,97.71
2022-03-07,137.45,140.91,2.52,97.48
2022-03-08,136.01,135.73,0.21,99.79
2022-03-09,139.28,136.88,1.72,98.28
2022-03-10,146.82,145.18,1.11,98.89
2022-03-11,145.52,146.92,0.96,99.04
2022-03-14,141.85,145.28,2.42,97.58
2022-03-15,147.37,151.5,2.8,97.2
2022-03-16,153.1,151.5,1.05,98.95
2022-03-17,157.24,151.73,3.5,96.5
2022-03-18,161.25,156.65,2.85,97.15
2022-03-21,161.49,157.91,2.22,97.78
2022-03-22,164.89,158.6,3.81,96.19
2022-03-23,163.41,159.93,2.13,97.87
2022-03-24,163.65,160.8,1.74,98.26
2022-03-25,164.77,166.56,1.08,98.92
2022-03-28,168.99,169.2,0.12,99.88
2022-03-29,169.32,168.41,0.53,99.47
2022-03-30,166.3,167.72,0.85,99.15
2022-03-31,163.0,166.75,2.3,97.7
2022-04-01,163.56,167.64,2.5,97.5
2022-04-04,168.35,167.63,0.42,99.58
2022-04-05,164.05,166.36,1.41,98.59
2022-04-06,158.76,158.86,0.06,99.94
2022-04-07,157.78,157.64,0.09,99.91
2022-04-08,154.46,156.98,1.63,98.37
2022-04-11,151.12,154.77,2.42,97.58
2022-04-12,150.79,154.18,2.25,97.75
2022-04-13,155.54,155.07,0.3,99.7
2022-04-14,151.71,155.7,2.63,97.37
2022-04-18,152.79,149.71,2.01,97.99
2022-04-19,158.12,155.6,1.59,98.41
2022-04-20,154.0,154.42,0.27,99.73
2022-04-21,148.3,153.37,3.42,96.58
2022-04-22,144.35,145.72,0.95,99.05
2022-04-25,146.07,143.08,2.05,97.95
2022-04-26,139.39,139.11,0.2,99.8
2022-04-27,138.17,138.03,0.1,99.9
2022-04-28,144.6,147.25,1.83,98.17
2022-04-29,124.28,131.75,6.01,93.99
2022-05-02,124.5,129.99,4.41,95.59
2022-05-03,124.25,126.75,2.01,97.99
2022-05-04,125.93,124.9,0.82,99.18
2022-05-05,116.41,117.84,1.23,98.77
2022-05-06,114.77,115.83,0.92,99.08
2022-05-09,108.79,113.45,4.28,95.72
2022-05-10,108.86,108.68,0.16,99.84
2022-05-11,105.37,106.79,1.35,98.65
2022-05-12,106.93,106.41,0.49,99.51
2022-05-13,113.06,109.47,3.18,96.82
2022-05-16,110.81,109.29,1.38,98.62
2022-05-17,115.37,111.36,3.48,96.52
2022-05-18,107.11,106.04,1.0,99.0
2022-05-19,107.32,109.85,2.36,97.64
2022-05-20,107.59,108.21,0.57,99.43
2022-05-23,107.56,108.27,0.66,99.34
2022-05-24,104.1,105.28,1.13,98.87
2022-05-25,106.78,107.78,0.94,99.06
2022-05-26,111.08,110.34,0.66,99.34
2022-05-27,115.15,115.25,0.09,99.91
2022-05-31,120.21,117.38,2.36,97.64
2022-06-01,121.68,121.79,0.09,99.91
2022-06-02,125.51,121.83,2.93,97.07
2022-06-03,122.35,118.36,3.26,96.74
2022-06-06,124.79,118.68,4.89,95.11
2022-06-07,123.0,118.61,3.57,96.43
2022-06-08,121.18,124.34,2.61,97.39
2022-06-09,116.15,121.68,4.76,95.24
2022-06-10,109.65,116.25,6.02,93.98
2022-06-13,103.67,112.07,8.1,91.9
2022-06-14,102.31,109.48,7.0,93.0
2022-06-15,107.67,109.87,2.04,97.96
2022-06-16,103.66,106.5,2.73,97.27
2022-06-17,106.22,107.66,1.36,98.64
2022-06-21,108.68,108.38,0.28,99.72
2022-06-22,108.95,106.72,2.05,97.95
2022-06-23,112.44,106.72,5.09,94.91
2022-06-24,116.46,111.07,4.63,95.37
2022-06-27,113.22,109.84,2.99,97.01
2022-06-28,107.4,107.39,0.01,99.99
2022-06-29,108.92,105.9,2.78,97.22
2022-06-30,106.21,107.05,0.79,99.21
2022-07-01,109.56,109.37,0.18,99.82
2022-07-05,113.5,113.07,0.38,99.62
2022-07-06,114.33,115.87,1.34,98.66
2022-07-07,116.33,114.23,1.81,98.19
2022-07-08,115.54,118.42,2.49,97.51
2022-07-11,111.75,113.97,1.99,98.01
2022-07-12,109.22,110.92,1.55,98.45
2022-07-13,110.4,110.92,0.47,99.53
2022-07-14,110.63,109.99,0.57,99.43
2022-07-15,113.55,111.13,2.13,97.87
2022-07-18,113.76,112.07,1.49,98.51
2022-07-19,118.21,119.34,0.95,99.05
2022-07-20,122.77,120.85,1.56,98.44
2022-07-21,124.63,123.46,0.94,99.06
2022-07-22,122.42,122.62,0.16,99.84
2022-07-25,121.14,122.42,1.06,98.94
2022-07-26,114.81,116.36,1.35,98.65
2022-07-27,120.97,120.68,0.24,99.76
2022-07-28,122.28,121.73,0.45,99.55
2022-07-29,134.95,127.71,5.36,94.64
2022-08-01,135.39,130.66,3.49,96.51
2022-08-02,134.16,131.59,1.92,98.08
2022-08-03,139.52,138.52,0.71,99.29
2022-08-04,142.57,141.12,1.02,98.98
2022-08-05,140.8,140.3,0.35,99.65
2022-08-08,139.41,139.63,0.16,99.84
2022-08-09,137.83,138.75,0.67,99.33
2022-08-10,142.69,140.65,1.43,98.57
2022-08-11,140.64,141.89,0.89,99.11
2022-08-12,143.55,141.98,1.09,98.91
2022-08-15,143.18,146.1,2.04,97.96
2022-08-16,144.78,146.1,0.91,99.09
2022-08-17,142.1,142.9,0.56,99.44
2022-08-18,142.3,140.22,1.46,98.54
2022-08-19,138.23,138.57,0.25,99.75
2022-08-22,133.22,136.37,2.37,97.63
2022-08-23,133.62,132.32,0.97,99.03
2022-08-24,133.8,131.17,1.96,98.04
2022-08-25,137.28,137.85,0.42,99.58
2022-08-26,130.75,130.17,0.44,99.56
2022-08-29,129.79,128.82,0.75,99.25
2022-08-30,128.73,127.97,0.59,99.41
2022-08-31,126.77,127.47,0.55,99.45
2022-09-01,127.82,126.41,1.1,98.9
2022-09-02,127.51,126.96,0.43,99.57
2022-09-06,126.11,125.09,0.81,99.19
2022-09-07,129.48,128.68,0.62,99.38
2022-09-08,129.82,128.03,1.38,98.62
2022-09-09,133.27,129.4,2.9,97.1
2022-09-12,136.45,135.46,0.73,99.27
2022-09-13,126.82,129.75,2.31,97.69
2022-09-14,128.55,131.39,2.21,97.79
2022-09-15,126.28,128.08,1.43,98.57
2022-09-16,123.53,125.28,1.41,98.59
2022-09-19,124.66,125.5,0.67,99.33
2022-09-20,122.19,124.88,2.2,97.8
2022-09-21,118.54,123.45,4.14,95.86
2022-09-22,117.31,119.9,2.21,97.79
2022-09-23,113.78,115.64,1.63,98.37
2022-09-26,115.15,115.56,0.35,99.65
2022-09-27,114.41,115.16,0.66,99.34
2022-09-28,118.01,116.32,1.43,98.57
2022-09-29,114.8,115.16,0.32,99.68
2022-09-30,113.0,110.83,1.92,98.08
2022-10-03,115.88,115.76,0.1,99.9
2022-10-04,121.09,117.76,2.75,97.25
2022-10-05,120.95,117.18,3.12,96.88
2022-10-06,120.3,117.42,2.39,97.61
2022-10-07,114.56,113.56,0.87,99.13
2022-10-10,113.67,113.46,0.18,99.82
2022-10-11,112.21,114.15,1.73,98.27
2022-10-12,112.9,115.11,1.96,98.04
2022-10-13,112.53,114.05,1.35,98.65
2022-10-14,106.9,108.76,1.74,98.26
2022-10-17,113.79,115.81,1.77,98.23
2022-10-18,116.36,114.05,1.98,98.02
2022-10-19,115.07,115.81,0.64,99.36
2022-10-20,115.25,117.81,2.22,97.78
2022-10-21,119.32,118.32,0.84,99.16
2022-10-24,119.82,114.84,4.15,95.85
2022-10-25,120.6,115.81,3.97,96.03
2022-10-26,115.66,113.64,1.74,98.26
2022-10-27,110.96,113.64,2.42,97.58
2022-10-28,103.41,107.86,4.31,95.69
2022-10-31,102.44,106.62,4.08,95.92
2022-11-01,96.79,103.1,6.52,93.48
2022-11-02,92.12,99.52,8.03,91.97
2022-11-03,89.3,96.29,7.83,92.17
2022-11-04,90.98,94.36,3.72,96.28
2022-11-07,90.53,92.74,2.44,97.56
2022-11-08,89.98,91.08,1.22,98.78
2022-11-09,86.14,89.35,3.73,96.27
2022-11-10,96.63,93.26,3.49,96.51
2022-11-11,100.79,95.8,4.95,95.05
2022-11-14,98.49,93.07,5.51,94.49
2022-11-15,98.94,96.22,2.75,97.25
2022-11-16,97.12,95.77,1.39,98.61
2022-11-17,94.85,95.8,1.01,98.99
2022-11-18,94.14,94.78,0.68,99.32
2022-11-21,92.46,95.89,3.71,96.29
2022-11-22,93.2,94.97,1.9,98.1
2022-11-23,94.13,97.36,3.43,96.57
2022-11-25,93.41,95.99,2.76,97.24
2022-11-28,93.95,96.27,2.47,97.53
2022-11-29,92.42,95.57,3.41,96.59
2022-11-30,96.54,97.12,0.6,99.4
2022-12-01,95.5,94.03,1.54,98.46
2022-12-02,94.13,91.75,2.53,97.47
2022-12-05,91.01,90.78,0.25,99.75
2022-12-06,88.25,90.42,2.46,97.54
2022-12-07,88.46,90.68,2.5,97.5
2022-12-08,90.35,91.5,1.27,98.73
2022-12-09,89.09,90.04,1.07,98.93
2022-12-12,90.55,91.93,1.53,98.47
2022-12-13,92.49,91.65,0.91,99.09
2022-12-14,91.58,90.65,1.02,98.98
2022-12-15,88.45,89.01,0.63,99.37
2022-12-16,87.86,88.41,0.63,99.37
2022-12-19,84.92,88.07,3.71,96.29
2022-12-20,85.19,85.65,0.54,99.46
2022-12-21,86.77,86.2,0.65,99.35
2022-12-22,83.79,85.42,1.95,98.05
2022-12-23,85.25,85.6,0.41,99.59
2022-12-27,83.04,84.3,1.52,98.48
2022-12-28,81.82,82.27,0.55,99.45
2022-12-29,84.18,83.85,0.39,99.61
2022-12-30,84.0,84.64,0.76,99.24
2023-01-03,85.82,84.99,0.96,99.04
2023-01-04,85.14,83.06,2.44,97.56
2023-01-05,83.12,82.51,0.74,99.26
2023-01-06,86.08,85.58,0.58,99.42
2023-01-09,87.36,87.23,0.15,99.85
2023-01-10,89.87,89.1,0.85,99.15
2023-01-11,95.09,89.43,5.95,94.05
2023-01-12,95.27,90.22,5.3,94.7
2023-01-13,98.12,92.88,5.34,94.66
2023-01-17,96.05,93.16,3.01,96.99
2023-01-18,95.46,94.18,1.34,98.66
2023-01-19,93.68,95.59,2.04,97.96
2023-01-20,97.25,95.89,1.39,98.61
2023-01-23,97.52,96.63,0.92,99.08
2023-01-24,96.32,96.03,0.3,99.7
2023-01-25,97.18,96.93,0.26,99.74
2023-01-26,99.22,99.1,0.12,99.88
2023-01-27,102.24,100.59,1.62,98.38
2023-01-30,100.55,103.01,2.45,97.55
2023-01-31,103.13,104.3,1.13,98.87
2023-02-01,105.15,105.05,0.09,99.91
2023-02-02,112.91,109.49,3.03,96.97
2023-02-03,103.39,103.6,0.2,99.8
2023-02-06,102.18,102.69,0.5,99.5
2023-02-07,102.11,102.69,0.56,99.44
2023-02-08,100.05,101.5,1.44,98.56
2023-02-09,98.24,99.04,0.81,99.19
2023-02-10,97.61,99.04,1.46,98.54
2023-02-13,99.54,100.21,0.68,99.32
2023-02-14,99.7,99.57,0.13,99.87
2023-02-15,101.16,99.57,1.57,98.43
2023-02-16,98.15,98.31,0.16,99.84
2023-02-17,97.2,98.31,1.14,98.86
2023-02-21,94.58,96.09,1.59,98.41
2023-02-22,95.79,95.81,0.02,99.98
2023-02-23,95.82,92.77,3.18,96.82
2023-02-24,93.5,93.1,0.43,99.57
2023-02-27,93.76,94.12,0.38,99.62
2023-02-28,94.23,93.32,0.96,99.04
2023-03-01,92.17,91.81,0.39,99.61
2023-03-02,92.13,91.44,0.75,99.25
2023-03-03,94.9,93.72,1.24,98.76
2023-03-06,93.75,92.17,1.69,98.31
2023-03-07,93.55,91.92,1.74,98.26
2023-03-08,93.92,91.42,2.67,97.33
2023-03-09,92.25,91.62,0.69,99.31
2023-03-10,90.73,91.11,0.42,99.58
2023-03-13,92.43,93.42,1.08,98.92
2023-03-14,94.88,93.9,1.03,98.97
2023-03-15,96.2,94.43,1.84,98.16
2023-03-16,100.04,97.39,2.65,97.35
2023-03-17,98.95,96.88,2.09,97.91
2023-03-20,97.71,96.18,1.57,98.43
2023-03-21,100.61,98.31,2.28,97.72
2023-03-22,98.7,97.8,0.91,99.09
2023-03-23,98.71,98.34,0.38,99.62
2023-03-24,98.13,98.42,0.29,99.71
2023-03-27,98.04,98.42,0.39,99.61
2023-03-28,97.24,98.33,1.12,98.88
2023-03-29,100.25,99.72,0.53,99.47
2023-03-30,102.0,102.6,0.59,99.41
2023-03-31,103.29,102.6,0.67,99.33
2023-04-03,102.41,102.31,0.1,99.9
2023-04-04,103.95,103.26,0.67,99.33
2023-04-05,101.1,99.23,1.85,98.15
2023-04-06,102.06,101.26,0.78,99.22
2023-04-10,102.17,101.69,0.47,99.53
2023-04-11,99.92,100.8,0.88,99.12
2023-04-12,97.83,99.85,2.07,97.93
2023-04-13,102.4,103.33,0.91,99.09
2023-04-14,102.51,102.22,0.28,99.72
2023-04-17,102.74,103.63,0.86,99.14
2023-04-18,102.3,103.63,1.3,98.7
2023-04-19,104.3,103.71,0.56,99.44
2023-04-20,103.81,102.2,1.55,98.45
2023-04-21,106.96,103.71,3.04,96.96
2023-04-24,106.21,104.65,1.47,98.53
2023-04-25,102.57,102.08,0.47,99.53
2023-04-26,104.98,104.65,0.31,99.69
2023-04-27,109.82,106.4,3.12,96.88
2023-04-28,105.45,105.07,0.36,99.64
2023-05-01,102.05,104.85,2.74,97.26
2023-05-02,103.63,106.65,2.92,97.08
2023-05-03,103.65,104.85,1.15,98.85
2023-05-04,104.0,104.85,0.81,99.19
2023-05-05,105.66,105.07,0.56,99.44
2023-05-08,105.83,105.84,0.01,99.99
2023-05-09,106.62,108.71,1.96,98.04
2023-05-10,110.19,110.89,0.63,99.37
2023-05-11,112.18,110.35,1.63,98.37
2023-05-12,110.26,109.62,0.58,99.42
2023-05-15,111.2,111.39,0.17,99.83
2023-05-16,113.4,113.49,0.08,99.92
2023-05-17,115.5,112.98,2.18,97.82
2023-05-18,118.15,116.86,1.09,98.91
2023-05-19,116.25,116.4,0.13,99.87
2023-05-22,115.01,115.26,0.21,99.79
2023-05-23,114.99,117.02,1.76,98.24
2023-05-24,116.75,117.31,0.48,99.52
2023-05-25,115.0,117.24,1.95,98.05
2023-05-26,120.11,119.78,0.28,99.72
2023-05-30,121.66,121.42,0.2,99.8
2023-05-31,120.58,122.93,1.95,98.05
2023-06-01,122.77,122.62,0.12,99.88
2023-06-02,124.25,125.66,1.14,98.86
2023-06-05,125.3,127.28,1.58,98.42
2023-06-06,126.61,128.02,1.11,98.89
2023-06-07,121.23,123.15,1.59,98.41
2023-06-08,124.25,123.15,0.88,99.12
2023-06-09,123.43,124.49,0.86,99.14
2023-06-12,126.57,126.69,0.09,99.91
2023-06-13,126.66,126.69,0.02,99.98
2023-06-14,126.42,125.48,0.75,99.25
2023-06-15,127.11,127.58,0.37,99.63
2023-06-16,125.49,127.12,1.3,98.7
2023-06-20,125.78,127.05,1.01,98.99
2023-06-21,124.83,127.05,1.78,98.22
2023-06-22,130.15,128.53,1.25,98.75
2023-06-23,129.33,127.12,1.71,98.29
2023-06-26,127.33,127.21,0.09,99.91
2023-06-27,129.18,127.57,1.25,98.75
2023-06-28,129.04,130.78,1.35,98.65
2023-06-29,127.9,129.69,1.4,98.6
2023-06-30,130.36,130.42,0.04,99.96
2023-07-03,130.22,129.76,0.35,99.65
2023-07-05,130.38,129.76,0.48,99.52
2023-07-06,128.36,127.94,0.33,99.67
2023-07-07,129.78,129.69,0.07,99.93
2023-07-10,127.13,127.58,0.36,99.64
2023-07-11,128.78,129.76,0.76,99.24
2023-07-12,130.8,130.44,0.28,99.72
2023-07-13,134.3,131.71,1.93,98.07
2023-07-14,134.68,132.88,1.33,98.67
2023-07-17,133.56,133.28,0.21,99.79
2023-07-18,132.83,132.61,0.17,99.83
2023-07-19,135.36,134.76,0.44,99.56
2023-07-20,129.96,132.21,1.73,98.27
2023-07-21,130.0,131.03,0.79,99.21
2023-07-24,128.8,129.69,0.69,99.31
2023-07-25,129.13,129.88,0.58,99.42
2023-07-26,128.15,129.12,0.76,99.24
2023-07-27,128.25,127.97,0.22,99.78
2023-07-28,132.21,132.68,0.35,99.65
2023-07-31,133.68,135.57,1.41,98.59
2023-08-01,131.69,132.11,0.32,99.68
2023-08-02,128.21,126.87,1.05,98.95
2023-08-03,128.91,126.14,2.15,97.85
2023-08-04,139.57,135.5,2.92,97.08
2023-08-07,142.22,137.23,3.51,96.49
2023-08-08,139.94,137.76,1.56,98.44
2023-08-09,137.85,138.44,0.43,99.57
2023-08-10,138.56,138.92,0.26,99.74
2023-08-11,138.41,138.92,0.37,99.63
2023-08-14,140.57,139.67,0.64,99.36
2023-08-15,137.67,138.92,0.91,99.09
2023-08-16,135.07,139.13,3.0,97.0
2023-08-17,133.98,134.62,0.47,99.53
2023-08-18,133.22,134.7,1.11,98.89
2023-08-21,134.68,136.28,1.19,98.81
2023-08-22,134.25,138.01,2.8,97.2
2023-08-23,135.52,138.08,1.89,98.11
2023-08-24,131.84,130.82,0.78,99.22
2023-08-25,133.26,130.47,2.1,97.9
2023-08-28,133.14,130.51,1.98,98.02
2023-08-29,134.91,134.4,0.38,99.62
2023-08-30,135.07,132.86,1.64,98.36
2023-08-31,138.01,135.23,2.01,97.99
2023-09-01,138.12,134.86,2.36,97.64
2023-09-05,137.27,135.23,1.49,98.51
2023-09-06,135.36,135.37,0.01,99.99
2023-09-07,137.85,138.62,0.56,99.44
2023-09-08,138.23,139.63,1.01,98.99
2023-09-11,143.1,141.8,0.91,99.09
2023-09-12,141.23,139.89,0.95,99.05
2023-09-13,144.85,141.73,2.15,97.85
2023-09-14,144.72,146.89,1.5,98.5
2023-09-15,140.39,139.49,0.64,99.36
2023-09-18,139.98,139.49,0.35,99.65
2023-09-19,137.63,138.95,0.96,99.04
2023-09-20,135.29,137.65,1.75,98.25
2023-09-21,129.33,130.19,0.67,99.33
2023-09-22,129.12,130.19,0.83,99.17
2023-09-25,131.27,128.83,1.86,98.14
2023-09-26,125.98,128.67,2.13,97.87
2023-09-27,125.98,128.19,1.75,98.25
2023-09-28,125.98,129.76,3.0,97.0
2023-09-29,127.12,126.4,0.57,99.43
2023-10-02,129.46,128.83,0.49,99.51
2023-10-03,124.72,124.94,0.18,99.82
2023-10-04,127.0,126.35,0.51,99.49
2023-10-05,125.96,125.98,0.02,99.98
2023-10-06,127.96,126.91,0.82,99.18
2023-10-09,128.26,126.59,1.3,98.7
2023-10-10,129.48,127.42,1.59,98.41
2023-10-11,131.83,132.16,0.25,99.75
2023-10-12,132.33,132.68,0.26,99.74
2023-10-13,129.79,128.86,0.71,99.29
2023-10-16,132.55,134.88,1.76,98.24
2023-10-17,131.47,132.56,0.83,99.17
2023-10-18,128.13,130.38,1.76,98.24
2023-10-19,128.4,129.34,0.74,99.26
2023-10-20,125.17,126.38,0.97,99.03
2023-10-23,126.56,128.04,1.17,98.83
2023-10-24,128.56,127.98,0.45,99.55
2023-10-25,121.39,124.95,2.93,97.07
2023-10-26,119.57,123.28,3.1,96.9
2023-10-27,127.74,126.45,1.01,98.99
2023-10-30,132.71,129.26,2.6,97.4
2023-10-31,133.09,127.39,4.28,95.72
2023-11-01,137.0,132.38,3.37,96.63
2023-11-02,138.07,134.7,2.44,97.56
2023-11-03,138.6,135.42,2.29,97.71
2023-11-06,139.74,137.49,1.61,98.39
2023-11-07,142.71,140.11,1.83,98.17
2023-11-08,142.08,139.69,1.68,98.32
2023-11-09,140.6,141.27,0.48,99.52
2023-11-10,143.56,143.34,0.15,99.85
2023-11-13,142.59,143.45,0.6,99.4
2023-11-14,145.8,147.61,1.24,98.76
2023-11-15,143.2,147.93,3.3,96.7
2023-11-16,142.83,145.88,2.13,97.87
2023-11-17,145.18,146.24,0.73,99.27
2023-11-20,146.13,150.51,3.0,97.0
2023-11-21,143.9,145.27,0.95,99.05
2023-11-22,146.71,147.55,0.58,99.42
2023-11-24,146.74,147.64,0.61,99.39
2023-11-27,147.73,147.64,0.06,99.94
2023-11-28,147.03,146.86,0.12,99.88
2023-11-29,146.32,146.66,0.23,99.77
2023-11-30,146.09,147.46,0.94,99.06
2023-12-01,147.03,148.44,0.96,99.04
2023-12-04,144.84,148.32,2.4,97.6
2023-12-05,146.88,147.98,0.75,99.25
2023-12-06,144.52,146.2,1.16,98.84
2023-12-07,146.88,146.66,0.15,99.85
2023-12-08,147.42,146.74,0.46,99.54
2023-12-11,145.89,145.97,0.05,99.95
2023-12-12,147.48,146.77,0.48,99.52
2023-12-13,148.84,146.76,1.39,98.61
2023-12-14,147.42,148.08,0.45,99.55
2023-12-15,149.97,148.42,1.03,98.97
2023-12-18,154.07,150.24,2.49,97.51
2023-12-19,153.79,153.28,0.33,99.67
2023-12-20,152.12,152.75,0.41,99.59
2023-12-21,153.84,153.42,0.27,99.73
2023-12-22,153.42,154.44,0.66,99.34
2023-12-26,153.41,153.79,0.25,99.75
2023-12-27,153.34,154.83,0.97,99.03
2023-12-28,153.38,156.1,1.77,98.23
2023-12-29,151.94,154.61,1.76,98.24
2024-01-02,149.93,153.95,2.68,97.32
2024-01-03,148.47,152.61,2.79,97.21
2024-01-04,144.57,143.0,1.08,98.92
2024-01-05,145.24,148.62,2.33,97.67
2024-01-08,149.1,149.87,0.52,99.48
2024-01-09,151.37,148.42,1.95,98.05
2024-01-10,153.73,150.71,1.96,98.04
2024-01-11,155.18,154.45,0.47,99.53
2024-01-12,154.62,154.8,0.11,99.89
2024-01-16,153.16,154.33,0.76,99.24
2024-01-17,151.71,152.61,0.59,99.41
2024-01-18,153.5,153.07,0.28,99.72
2024-01-19,155.34,156.02,0.43,99.57
2024-01-22,154.78,155.05,0.17,99.83
2024-01-23,156.02,156.42,0.26,99.74
2024-01-24,156.87,157.3,0.27,99.73
2024-01-25,157.75,160.65,1.84,98.16
2024-01-26,159.12,160.65,0.96,99.04
2024-01-29,161.26,161.89,0.39,99.61
2024-01-30,159.0,158.81,0.12,99.88
2024-01-31,155.2,156.96,1.14,98.86
2024-02-01,159.28,158.37,0.57,99.43
2024-02-02,171.81,166.44,3.12,96.88
2024-02-05,170.31,169.11,0.7,99.3
2024-02-06,169.15,168.36,0.47,99.53
2024-02-07,170.53,169.77,0.45,99.55
2024-02-08,169.84,168.32,0.89,99.11
2024-02-09,174.45,170.39,2.33,97.67
2024-02-12,172.34,169.98,1.37,98.63
2024-02-13,168.64,167.62,0.6,99.4
2024-02-14,170.98,169.75,0.72,99.28
2024-02-15,169.8,168.13,0.98,99.02
2024-02-16,169.51,167.9,0.95,99.05
2024-02-20,167.08,167.73,0.39,99.61
2024-02-21,168.59,170.73,1.27,98.73
2024-02-22,174.58,172.07,1.44,98.56
2024-02-23,174.99,170.99,2.28,97.72
2024-02-26,174.73,170.37,2.5,97.5
2024-02-27,173.54,171.61,1.11,98.89
2024-02-28,173.16,171.63,0.88,99.12
2024-02-29,176.76,175.97,0.45,99.55
2024-03-01,178.22,174.5,2.09,97.91
2024-03-04,177.58,175.81,1.0,99.0
2024-03-05,174.12,177.11,1.72,98.28
2024-03-06,173.51,174.46,0.55,99.45
2024-03-07,176.82,176.56,0.15,99.85
2024-03-08,175.35,176.34,0.57,99.43
2024-03-11,171.96,175.03,1.79,98.21
2024-03-12,175.39,176.56,0.67,99.33
2024-03-13,176.56,176.25,0.18,99.82
2024-03-14,178.75,176.82,1.08,98.92
2024-03-15,174.42,176.47,1.17,98.83
2024-03-18,174.48,176.61,1.22,98.78
2024-03-19,175.9,177.54,0.93,99.07
2024-03-20,178.15,177.15,0.56,99.44
2024-03-21,178.15,177.67,0.27,99.73
2024-03-22,178.87,177.31,0.87,99.13
2024-03-25,179.71,180.18,0.26,99.74
2024-03-26,178.3,179.28,0.55,99.45
2024-03-27,179.83,178.9,0.52,99.48
2024-03-28,180.38,180.18,0.11,99.89
2024-04-01,180.97,183.26,1.26,98.74
2024-04-02,180.69,180.6,0.05,99.95
2024-04-03,182.41,182.47,0.03,99.97
2024-04-04,180.0,181.25,0.69,99.31
2024-04-05,185.07,185.35,0.15,99.85
2024-04-08,185.19,185.35,0.09,99.91
2024-04-09,185.67,187.57,1.02,98.98
2024-04-10,185.95,187.77,0.98,99.02
2024-04-11,189.05,187.21,0.97,99.03
2024-04-12,186.13,184.82,0.71,99.29
2024-04-15,183.62,183.67,0.03,99.97
2024-04-16,183.32,183.48,0.09,99.91
2024-04-17,181.28,181.83,0.3,99.7
2024-04-18,179.22,179.33,0.06,99.94
2024-04-19,174.63,178.26,2.08,97.92
2024-04-22,177.23,180.26,1.71,98.29
2024-04-23,179.54,180.96,0.79,99.21
2024-04-24,176.59,180.68,2.32,97.68
2024-04-25,173.67,174.54,0.5,99.5
2024-04-26,179.62,179.58,0.02,99.98
2024-04-29,180.96,179.6,0.75,99.25
2024-04-30,175.0,175.9,0.51,99.49
2024-05-01,179.0,177.4,0.9,99.1
2024-05-02,184.72,183.19,0.83,99.17
2024-05-03,186.21,186.06,0.08,99.92
2024-05-06,188.7,186.33,1.26,98.74
2024-05-07,188.76,186.84,1.02,98.98
2024-05-08,188.0,186.46,0.82,99.18
2024-05-09,189.5,188.32,0.62,99.38
2024-05-10,187.48,186.82,0.35,99.65
2024-05-13,186.57,186.88,0.16,99.84
2024-05-14,187.07,187.4,0.18,99.82
2024-05-15,185.99,187.91,1.03,98.97
2024-05-16,183.63,185.36,0.94,99.06
2024-05-17,184.7,185.36,0.36,99.64
2024-05-20,183.54,186.73,1.74,98.26
2024-05-21,183.15,185.97,1.54,98.46
2024-05-22,183.13,183.24,0.06,99.94
2024-05-23,181.05,180.62,0.24,99.76
2024-05-24,180.75,179.0,0.97,99.03
2024-05-28,182.15,180.98,0.64,99.36
2024-05-29,182.02,181.73,0.16,99.84
2024-05-30,179.32,179.29,0.01,99.99
2024-05-31,176.44,175.82,0.35,99.65
2024-06-03,178.34,178.23,0.06,99.94
2024-06-04,179.34,177.02,1.3,98.7
2024-06-05,181.28,180.41,0.48,99.52
2024-06-06,185.0,183.42,0.85,99.15
2024-06-07,184.3,183.91,0.21,99.79
2024-06-10,187.06,186.06,0.53,99.47
2024-06-11,187.23,185.95,0.69,99.31
2024-06-12,186.89,185.25,0.88,99.12
2024-06-13,183.83,184.61,0.42,99.58
2024-06-14,183.66,184.61,0.52,99.48
2024-06-17,184.06,183.98,0.04,99.96
2024-06-18,182.81,183.12,0.17,99.83
2024-06-20,186.1,185.82,0.15,99.85
2024-06-21,189.08,190.35,0.67,99.33
2024-06-24,185.57,184.88,0.37,99.63
2024-06-25,186.34,187.01,0.36,99.64
2024-06-26,193.61,189.45,2.15,97.85
2024-06-27,197.85,194.18,1.85,98.15
2024-06-28,193.25,190.26,1.55,98.45
2024-07-01,197.2,194.36,1.44,98.56
2024-07-02,200.0,199.66,0.17,99.83
2024-07-03,197.59,197.44,0.08,99.92
2024-07-05,200.0,203.43,1.71,98.29
2024-07-08,199.29,202.71,1.72,98.28
2024-07-09,199.34,202.58,1.63,98.37
2024-07-10,199.79,203.11,1.66,98.34
2024-07-11,195.05,195.65,0.31,99.69
2024-07-12,194.49,193.53,0.49,99.51
2024-07-15,192.72,194.33,0.83,99.17
2024-07-16,193.02,193.75,0.38,99.62
2024-07-17,187.93,188.56,0.34,99.66
2024-07-18,183.75,181.22,1.38,98.62
2024-07-19,183.13,179.84,1.8,98.2
2024-07-22,182.55,181.92,0.35,99.65
2024-07-23,186.41,182.93,1.87,98.13
2024-07-24,180.83,180.24,0.33,99.67
2024-07-25,179.85,179.48,0.21,99.79
2024-07-26,182.5,181.11,0.76,99.24
2024-07-29,183.2,180.68,1.37,98.63
2024-07-30,181.71,180.28,0.79,99.21
2024-07-31,186.98,184.48,1.34,98.66
2024-08-01,184.07,181.67,1.3,98.7
2024-08-02,167.9,172.41,2.69,97.31
2024-08-05,161.02,165.4,2.72,97.28
2024-08-06,161.93,164.41,1.53,98.47
2024-08-07,162.77,166.27,2.15,97.85
2024-08-08,165.8,167.62,1.1,98.9
2024-08-09,166.94,167.25,0.19,99.81
2024-08-12,166.8,165.37,0.86,99.14
2024-08-13,170.23,171.42,0.7,99.3
2024-08-14,170.1,171.48,0.81,99.19
2024-08-15,177.59,176.4,0.67,99.33
2024-08-16,177.06,176.31,0.42,99.58
2024-08-19,178.22,176.44,1.0,99.0
2024-08-20,178.88,175.35,1.98,98.02
2024-08-21,180.11,178.83,0.71,99.29
2024-08-22,176.13,178.12,1.13,98.87
2024-08-23,177.04,178.73,0.96,99.04
2024-08-26,175.5,178.21,1.54,98.46
2024-08-27,173.12,176.43,1.91,98.09
2024-08-28,170.8,174.17,1.97,98.03
2024-08-29,172.12,174.17,1.19,98.81
2024-08-30,178.5,176.33,1.22,98.78
2024-09-03,176.25,176.82,0.33,99.67
2024-09-04,173.33,176.63,1.91,98.09
2024-09-05,177.89,175.82,1.16,98.84
2024-09-06,171.39,172.7,0.76,99.24
2024-09-09,175.4,175.19,0.12,99.88
2024-09-10,179.55,177.29,1.26,98.74
2024-09-11,184.52,179.3,2.83,97.17
2024-09-12,187.0,180.65,3.39,96.61
2024-09-13,186.49,183.36,1.68,98.32
2024-09-16,184.89,183.05,0.99,99.01
2024-09-17,186.88,183.32,1.9,98.1
2024-09-18,186.43,185.14,0.69,99.31
2024-09-19,189.87,189.3,0.3,99.7
2024-09-20,191.6,187.58,2.1,97.9
2024-09-23,193.88,192.59,0.66,99.34
2024-09-24,193.96,195.9,1.0,99.0
2024-09-25,192.53,191.76,0.4,99.6
2024-09-26,191.16,194.36,1.67,98.33
2024-09-27,187.97,193.82,3.11,96.89
2024-09-30,186.33,189.89,1.91,98.09
2024-10-01,185.13,185.23,0.06,99.94
2024-10-02,184.76,184.02,0.4,99.6
2024-10-03,181.96,180.69,0.7,99.3
2024-10-04,186.51,187.65,0.61,99.39
2024-10-07,180.8,184.07,1.81,98.19
2024-10-08,182.72,186.18,1.89,98.11
2024-10-09,185.17,186.18,0.54,99.46
2024-10-10,186.65,186.36,0.16,99.84
2024-10-11,188.82,186.36,1.3,98.7
2024-10-14,187.54,184.74,1.5,98.5
2024-10-15,187.69,186.36,0.71,99.29
2024-10-16,186.89,187.07,0.1,99.9
2024-10-17,187.53,187.62,0.05,99.95
2024-10-18,188.99,188.4,0.31,99.69
2024-10-21,189.07,188.42,0.34,99.66
2024-10-22,189.7,188.88,0.43,99.57
2024-10-23,184.71,187.9,1.73,98.27
2024-10-24,186.38,186.58,0.11,99.89
2024-10-25,187.83,189.65,0.97,99.03
2024-10-28,188.39,188.96,0.3,99.7
2024-10-29,190.83,190.99,0.08,99.92
2024-10-30,192.73,191.91,0.42,99.58
2024-10-31,186.4,186.02,0.2,99.8
2024-11-01,197.93,194.76,1.6,98.4
2024-11-04,195.78,195.92,0.07,99.93
2024-11-05,199.5,199.9,0.2,99.8
2024-11-06,207.09,202.56,2.19,97.81
2024-11-07,210.05,204.93,2.44,97.56
2024-11-08,208.18,204.94,1.56,98.44
2024-11-11,206.84,202.42,2.14,97.86
2024-11-12,208.91,208.19,0.34,99.66
2024-11-13,214.1,211.45,1.24,98.76
2024-11-14,211.48,209.68,0.85,99.15
2024-11-15,202.61,202.12,0.24,99.76
2024-11-18,201.7,200.09,0.8,99.2
2024-11-19,204.61,200.8,1.86,98.14
2024-11-20,202.88,208.34,2.69,97.31
2024-11-21,198.38,201.03,1.34,98.66
2024-11-22,197.12,200.97,1.95,98.05
2024-11-25,201.45,201.07,0.19,99.81
2024-11-26,207.86,204.95,1.4,98.6
2024-11-27,205.74,203.02,1.32,98.68
2024-11-29,207.89,204.39,1.69,98.31
2024-12-02,210.71,212.25,0.73,99.27
2024-12-03,213.44,213.38,0.03,99.97
2024-12-04,218.16,213.38,2.19,97.81
2024-12-05,220.55,214.22,2.87,97.13
2024-12-06,227.03,227.1,0.03,99.97
2024-12-09,226.09,227.1,0.45,99.55
2024-12-10,225.04,224.76,0.13,99.87
2024-12-11,230.26,230.88,0.27,99.73
2024-12-12,228.97,233.24,1.87,98.13
2024-12-13,227.46,233.53,2.67,97.33
2024-12-16,232.93,234.19,0.54,99.46
2024-12-17,231.15,235.38,1.83,98.17
2024-12-18,220.52,222.55,0.92,99.08
2024-12-19,223.29,222.55,0.33,99.67
2024-12-20,224.92,223.3,0.72,99.28
2024-12-23,225.06,227.88,1.25,98.75
2024-12-24,229.05,228.64,0.18,99.82
2024-12-26,227.05,226.04,0.45,99.55
2024-12-27,223.75,219.51,1.89,98.11
2024-12-30,221.3,218.63,1.21,98.79
2024-12-31,219.39,221.19,0.82,99.18
2025-01-02,220.22,218.0,1.01,98.99
2025-01-03,224.19,222.2,0.89,99.11
2025-01-06,227.61,228.74,0.5,99.5
2025-01-07,222.11,222.05,0.03,99.97
2025-01-08,222.13,221.94,0.09,99.91
2025-01-10,218.94,221.76,1.29,98.71
2025-01-13,218.46,221.19,1.25,98.75
2025-01-14,217.76,219.34,0.72,99.28
2025-01-15,223.35,222.18,0.53,99.47
2025-01-16,220.66,219.45,0.55,99.45
2025-01-17,225.94,224.11,0.81,99.19
2025-01-21,230.71,229.2,0.66,99.34
2025-01-22,235.01,233.06,0.83,99.17
2025-01-23,235.42,234.54,0.37,99.63
2025-01-24,234.85,230.75,1.75,98.25
2025-01-27,235.42,233.09,0.99,99.01
2025-01-28,238.15,234.39,1.58,98.42
2025-01-29,237.07,237.87,0.34,99.66
2025-01-30,234.64,233.18,0.62,99.38
2025-01-31,237.68,238.45,0.33,99.67
2025-02-03,237.42,240.27,1.2,98.8
2025-02-04,242.06,242.61,0.23,99.77
2025-02-05,236.17,237.27,0.46,99.54
2025-02-06,238.83,238.27,0.23,99.77
2025-02-07,229.15,229.95,0.35,99.65
2025-02-10,233.14,231.14,0.86,99.14
2025-02-11,232.76,231.12,0.71,99.29
2025-02-12,228.93,230.26,0.58,99.42
2025-02-13,230.37,230.51,0.06,99.94
2025-02-14,228.68,228.79,0.05,99.95
2025-02-18,226.65,226.51,0.06,99.94
2025-02-19,226.63,224.29,1.03,98.97
2025-02-20,222.88,223.56,0.31,99.69
2025-02-21,216.58,216.51,0.03,99.97
2025-02-24,212.71,216.01,1.55,98.45
2025-02-25,212.8,212.12,0.32,99.68
2025-02-26,214.35,213.73,0.29,99.71
2025-02-27,208.74,205.57,1.52,98.48
2025-02-28,212.28,211.37,0.43,99.57
2025-03-03,205.02,204.78,0.12,99.88
2025-03-04,203.8,204.69,0.44,99.56
2025-03-05,208.36,206.69,0.8,99.2
2025-03-06,200.7,201.44,0.37,99.63
2025-03-07,199.25,199.79,0.27,99.73
2025-03-10,194.54,198.81,2.2,97.8
2025-03-11,196.59,198.65,1.05,98.95
2025-03-12,198.89,196.81,1.04,98.96
2025-03-13,193.89,196.81,1.51,98.49
2025-03-14,197.95,196.46,0.75,99.25
2025-03-17,195.74,195.85,0.05,99.95
2025-03-18,192.82,195.01,1.14,98.86
2025-03-19,195.54,196.83,0.66,99.34
2025-03-20,194.95,194.47,0.25,99.75
2025-03-21,196.21,198.42,1.13,98.87
2025-03-24,203.26,203.72,0.23,99.77
2025-03-25,205.71,203.1,1.27,98.73
2025-03-26,201.13,201.5,0.18,99.82
2025-03-27,201.36,201.89,0.26,99.74
2025-03-28,192.72,199.48,3.51,96.49
2025-03-31,190.26,189.73,0.28,99.72
2025-04-01,192.17,189.73,1.27,98.73
2025-04-02,196.01,193.79,1.13,98.87
2025-04-03,178.41,180.52,1.18,98.82
2025-04-04,171.0,179.68,5.08,94.92
2025-04-07,175.26,181.35,3.47,96.53
2025-04-08,170.66,174.4,2.19,97.81
2025-04-09,191.1,188.26,1.49,98.51
2025-04-10,181.22,184.61,1.87,98.13
2025-04-11,184.87,182.11,1.49,98.51
2025-04-14,182.12,177.39,2.6,97.4
2025-04-15,179.59,179.34,0.14,99.86
2025-04-16,174.33,175.23,0.52,99.48
2025-04-17,172.61,174.5,1.1,98.9
2025-04-21,167.32,171.72,2.63,97.37
2025-04-22,173.18,174.47,0.75,99.25
2025-04-23,180.6,177.75,1.58,98.42
2025-04-24,186.54,183.38,1.69,98.31
2025-04-25,188.99,186.79,1.16,98.84
2025-04-28,187.7,186.41,0.69,99.31
2025-04-29,187.39,188.39,0.53,99.47
2025-04-30,184.42,182.56,1.01,98.99
2025-05-01,190.2,188.69,0.79,99.21
2025-05-02,189.98,188.27,0.9,99.1
2025-05-05,186.35,186.83,0.26,99.74
2025-05-06,185.01,185.12,0.06,99.94
2025-05-07,188.71,188.11,0.32,99.68
2025-05-08,192.08,193.82,0.91,99.09
2025-05-09,193.06,195.31,1.16,98.84
2025-05-12,208.64,203.38,2.52,97.48
2025-05-13,211.37,209.01,1.12,98.88
2025-05-14,210.25,209.23,0.49,99.51
2025-05-15,205.17,204.32,0.41,99.59
2025-05-16,205.59,204.65,0.46,99.54
2025-05-19,206.16,205.25,0.44,99.56
2025-05-20,204.07,207.69,1.78,98.22
2025-05-21,201.12,201.91,0.39,99.61
2025-05-22,203.1,203.44,0.16,99.84
2025-05-23,200.99,203.32,1.16,98.84
2025-05-27,206.02,208.8,1.35,98.65
2025-05-28,204.72,204.6,0.06,99.94
2025-05-29,205.7,203.39,1.12,98.88
2025-05-30,205.01,205.7,0.34,99.66
2025-06-02,206.65,206.74,0.04,99.96
2025-06-03,205.71,202.91,1.36,98.64
2025-06-04,207.23,206.07,0.56,99.44
2025-06-05,207.91,211.44,1.7,98.3
2025-06-06,213.57,213.85,0.13,99.87
2025-06-09,216.98,214.63,1.08,98.92
2025-06-10,217.61,217.13,0.22,99.78
2025-06-11,213.2,215.61,1.13,98.87
2025-06-12,213.24,214.32,0.51,99.49
2025-06-13,212.1,216.37,2.01,97.99
2025-06-16,216.1,215.22,0.41,99.59
2025-06-17,214.82,215.22,0.19,99.81
2025-06-18,212.52,214.15,0.77,99.23
2025-06-20,209.69,212.82,1.49,98.51
2025-06-23,208.47,208.64,0.08,99.92
2025-06-24,212.77,213.66,0.42,99.58
2025-06-25,211.99,213.45,0.69,99.31
2025-06-26,217.12,216.82,0.14,99.86
2025-06-27,223.3,220.9,1.07,98.93
2025-06-30,219.39,218.35,0.47,99.53
2025-07-01,220.46,220.07,0.18,99.82
2025-07-02,219.92,220.28,0.17,99.83
2025-07-03,223.41,222.21,0.54,99.46
2025-07-07,223.47,223.24,0.1,99.9
2025-07-08,219.36,221.14,0.81,99.19
2025-07-09,222.54,222.42,0.05,99.95
2025-07-10,222.26,223.24,0.44,99.56
2025-07-11,225.02,226.62,0.71,99.29
2025-07-14,225.69,230.42,2.1,97.9
2025-07-15,226.35,226.62,0.12,99.88
2025-07-16,223.19,223.05,0.06,99.94
2025-07-17,223.88,222.67,0.54,99.46
2025-07-18,226.13,225.58,0.24,99.76
2025-07-21,229.3,229.26,0.02,99.98
2025-07-22,227.47,227.18,0.13,99.87
2025-07-23,228.29,230.29,0.88,99.12
2025-07-24,232.23,229.95,0.98,99.02
2025-07-25,231.44,230.24,0.52,99.48
2025-07-28,232.79,236.84,1.74,98.26
2025-07-29,231.01,231.61,0.26,99.74
2025-07-30,230.19,231.73,0.67,99.33
2025-07-31,234.11,233.57,0.23,99.77
2025-08-01,214.75,218.26,1.64,98.36
2025-08-04,211.65,216.35,2.22,97.78
2025-08-05,213.75,218.53,2.23,97.77
2025-08-06,222.31,224.18,0.84,99.16
2025-08-07,223.13,223.16,0.01,99.99
2025-08-08,222.69,221.91,0.35,99.65
2025-08-11,221.3,221.91,0.28,99.72
2025-08-12,221.47,222.89,0.64,99.36
2025-08-13,224.56,222.89,0.74,99.26
2025-08-14,230.98,228.54,1.06,98.94
2025-08-15,231.03,227.76,1.41,98.59
2025-08-18,231.49,230.14,0.58,99.42
2025-08-19,228.01,227.47,0.24,99.76
2025-08-20,223.81,221.12,1.2,98.8
2025-08-21,221.95,227.64,2.56,97.44
2025-08-22,228.84,232.28,1.5,98.5
2025-08-25,227.94,231.7,1.65,98.35
2025-08-26,228.71,228.16,0.24,99.76
2025-08-27,229.12,227.82,0.57,99.43
2025-08-28,231.6,229.99,0.7,99.3
2025-08-29,229.0,230.39,0.61,99.39
2025-09-02,225.34,228.72,1.5,98.5
2025-09-03,225.99,227.58,0.7,99.3
2025-09-04,235.68,231.04,1.97,98.03
2025-09-05,232.33,230.61,0.74,99.26
2025-09-08,235.84,231.11,2.01,97.99
2025-09-09,238.24,233.46,2.01,97.99
2025-09-10,230.33,231.66,0.58,99.42
2025-09-11,229.95,231.08,0.49,99.51
2025-09-12,228.15,228.59,0.19,99.81
2025-09-15,231.43,231.34,0.04,99.96
2025-09-16,234.05,231.77,0.98,99.02
2025-09-17,231.62,231.23,0.17,99.83
2025-09-18,231.23,230.04,0.51,99.49
2025-09-19,231.48,231.36,0.05,99.95
2025-09-22,227.63,231.36,1.64,98.36
2025-09-23,220.71,225.0,1.94,98.06
2025-09-24,220.21,214.83,2.44,97.56
2025-09-25,218.15,217.94,0.1,99.9
2025-09-26,219.78,219.53,0.11,99.89
2025-09-29,222.17,218.33,1.73,98.27
2025-09-30,219.57,220.28,0.32,99.68
2025-10-01,220.63,221.32,0.31,99.69
2025-10-02,222.41,225.78,1.51,98.49
2025-10-03,219.51,218.39,0.51,99.49
2025-10-06,220.9,218.89,0.91,99.09
2025-10-07,221.78,219.22,1.15,98.85
2025-10-08,225.22,221.45,1.67,98.33
2025-10-09,227.74,224.05,1.62,98.38
2025-10-10,216.37,217.5,0.52,99.48
2025-10-13,220.07,224.19,1.87,98.13
2025-10-14,216.39,220.46,1.88,98.12
2025-10-15,215.57,219.4,1.78,98.22
2025-10-16,214.47,217.81,1.56,98.44
2025-10-17,213.04,214.26,0.57,99.43
2025-10-20,216.48,217.93,0.67,99.33
2025-10-21,222.03,222.73,0.32,99.68
2025-10-22,217.95,218.14,0.09,99.91
2025-10-23,221.09,220.02,0.48,99.52
2025-10-24,224.21,225.68,0.65,99.35
2025-10-27,226.97,225.71,0.55,99.45
2025-10-28,229.25,225.87,1.47,98.53
2025-10-29,230.3,228.17,0.93,99.07
2025-10-30,222.86,227.34,2.01,97.99
2025-10-31,244.22,238.43,2.37,97.63
2025-11-03,254.0,250.24,1.48,98.52
2025-11-04,249.32,246.77,1.02,98.98
2025-11-05,250.2,250.11,0.04,99.96
2025-11-06,243.04,243.16,0.05,99.95
2025-11-07,244.41,242.74,0.68,99.32
2025-11-10,248.4,246.56,0.74,99.26
2025-11-11,249.1,248.94,0.06,99.94
2025-11-12,244.2,245.47,0.52,99.48
2025-11-13,237.58,235.2,1.0,99.0
2025-11-14,234.69,233.34,0.58,99.42
2025-11-17,232.87,231.58,0.55,99.45
2025-11-18,222.55,227.69,2.31,97.69
2025-11-19,222.69,228.79,2.74,97.26
2025-11-20,217.14,217.55,0.19,99.81
2025-11-21,220.69,215.75,2.24,97.76
2025-11-24,226.28,222.44,1.7,98.3
2025-11-25,229.67,224.47,2.26,97.74
2025-11-26,229.16,227.9,0.55,99.45
2025-11-28,233.22,233.68,0.2,99.8
2025-12-01,233.88,231.51,1.01,98.99
2025-12-02,234.42,228.15,2.68,97.32
2025-12-03,232.38,229.84,1.09,98.91
2025-12-04,229.11,229.53,0.18,99.82
2025-12-05,229.53,229.69,0.07,99.93
2025-12-08,226.89,225.0,0.83,99.17
2025-12-09,227.92,230.68,1.21,98.79
2025-12-10,231.78,231.56,0.1,99.9
2025-12-11,230.28,233.78,1.52,98.48
2025-12-12,226.19,229.52,1.47,98.53
2025-12-15,222.54,226.3,1.69,98.31
2025-12-16,222.56,223.66,0.49,99.51
2025-12-17,221.27,222.48,0.55,99.45
2025-12-18,226.76,227.2,0.19,99.81
2025-12-19,227.35,227.35,0.0,100.0
2025-12-22,228.43,228.05,0.17,99.83
2025-12-23,232.14,231.11,0.44,99.56
2025-12-24,232.38,232.51,0.06,99.94
2025-12-26,232.52,231.99,0.23,99.77
2025-12-29,232.07,231.82,0.11,99.89
2025-12-30,232.53,232.68,0.06,99.94
2025-12-31,230.82,229.0,0.79,99.21
2026-01-02,226.5,226.18,0.14,99.86
2026-01-05,233.06,233.71,0.28,99.72
2026-01-06,240.93,240.77,0.07,99.93
2026-01-07,241.56,240.07,0.62,99.38
2026-01-08,246.29,243.53,1.12,98.88
2026-01-09,247.38,247.32,0.02,99.98
2026-01-12,246.47,246.08,0.16,99.84
2026-01-13,242.6,243.8,0.49,99.51
2026-01-14,236.65,235.68,0.41,99.59
2026-01-15,238.18,237.76,0.18,99.82
2026-01-16,239.12,237.76,0.57,99.43
2026-01-20,231.0,233.27,0.98,99.02
2026-01-21,231.31,233.85,1.1,98.9
2026-01-22,234.34,236.64,0.98,99.02
2026-01-23,239.16,243.28,1.72,98.28
2026-01-26,238.42,240.5,0.87,99.13
2026-01-27,244.68,240.72,1.62,98.38
2026-01-28,243.01,237.55,2.25,97.75
2026-01-29,241.73,233.36,3.46,96.54
2026-01-30,239.3,236.4,1.21,98.79
2026-02-02,242.96,237.49,2.25,97.75
2026-02-03,238.62,239.17,0.23,99.77
2026-02-04,232.99,235.96,1.27,98.73
2026-02-05,222.69,227.53,2.17,97.83
2026-02-06,210.32,213.98,1.74,98.26
2026-02-09,208.72,216.62,3.78,96.22
2026-02-10,206.96,215.67,4.21,95.79
2026-02-11,204.08,209.8,2.8,97.2
2026-02-12,199.6,202.78,1.59,98.41
2026-02-13,198.79,203.37,2.3,97.7
2026-02-17,201.15,203.68,1.26,98.74
2026-02-18,204.79,202.81,0.97,99.03
2026-02-19,204.86,204.8,0.03,99.97
2026-02-20,210.11,206.65,1.65,98.35
2026-02-23,205.27,204.7,0.28,99.72
2026-02-24,208.56,205.76,1.34,98.66
2026-02-25,210.64,207.76,1.37,98.63
2026-02-26,207.92,206.56,0.65,99.35
2026-02-27,210.0,211.77,0.85,99.15
2026-03-02,208.39,210.76,1.14,98.86
2026-03-03,208.73,210.19,0.7,99.3
2026-03-04,216.82,215.44,0.64,99.36
2026-03-05,218.94,223.68,2.16,97.84
2026-03-06,213.21,214.91,0.8,99.2
2026-03-09,213.49,214.62,0.53,99.47
2026-03-10,214.33,214.48,0.07,99.93
2026-03-11,212.65,213.21,0.26,99.74
2026-03-12,209.53,208.17,0.65,99.35
2026-03-13,207.67,208.67,0.48,99.52
2026-03-16,211.74,211.74,0.0,100.0
2026-03-17,215.2,213.74,0.68,99.32
2026-03-18,209.87,210.97,0.52,99.48
2026-03-19,208.76,210.88,1.02,98.98
2026-03-20,205.37,207.33,0.96,99.04
2026-03-23,210.14,211.62,0.7,99.3
2026-03-24,207.24,206.57,0.32,99.68
2026-03-25,211.71,210.01,0.8,99.2
2026-03-26,207.54,209.17,0.78,99.22
2026-03-27,199.34,202.48,1.57,98.43
2026-03-30,200.95,202.38,0.71,99.29
2026-03-31,208.27,207.55,0.35,99.65
2026-04-01,210.57,209.95,0.3,99.7
2026-04-02,209.77,210.41,0.3,99.7
2026-04-06,212.79,210.69,0.99,99.01
2026-04-07,213.77,209.91,1.81,98.19
2026-04-08,221.25,214.75,2.94,97.06
2026-04-09,233.65,224.77,3.8,96.2
2026-04-10,238.38,230.78,3.19,96.81
2026-04-13,239.89,232.23,3.19,96.81
2026-04-14,249.02,242.48,2.63,97.37
2026-04-15,248.5,247.76,0.3,99.7
2026-04-16,249.7,248.75,0.38,99.62
2026-04-17,250.56,250.61,0.02,99.98
2026-04-20,248.28,249.39,0.45,99.55
2026-04-21,249.91,249.27,0.26,99.74
2026-04-22,255.36,258.01,1.04,98.96
2026-04-23,255.08,257.0,0.75,99.25
2026-04-24,263.99,260.2,1.44,98.56
2026-04-27,261.12,260.87,0.1,99.9
2026-04-28,259.7,260.87,0.45,99.55
2026-04-29,263.04,262.85,0.07,99.93
2026-04-30,265.06,270.2,1.94,98.06
2026-05-01,268.26,271.02,1.03,98.97
2026-05-04,272.05,272.15,0.04,99.96
2026-05-05,273.55,271.25,0.84,99.16
2026-05-06,274.99,269.59,1.97,98.03
2026-05-07,271.17,268.47,1.0,99.0
2026-05-08,272.68,270.33,0.86,99.14
2026-05-11,268.99,268.86,0.05,99.95
2026-05-12,265.82,269.02,1.2,98.8
2026-05-13,270.13,268.42,0.63,99.37
2026-05-14,267.22,269.38,0.81,99.19
2026-05-15,264.14,267.92,1.43,98.57
2026-05-18,264.86,267.7,1.07,98.93
2026-05-19,259.34,261.53,0.85,99.15
2026-05-20,265.01,265.45,0.17,99.83
2026-05-21,268.46,268.35,0.04,99.96
2026-05-22,266.32,263.36,1.11,98.89
2026-05-26,265.29,262.1,1.2,98.8
2026-05-27,271.85,265.3,2.41,97.59
2026-05-28,274.0,268.35,2.06,97.94
2026-05-29,270.64,265.77,1.8,98.2
2026-06-01,261.26,261.53,0.1,99.9
2026-06-02,256.52,260.09,1.39,98.61
2026-06-03,250.02,253.62,1.44,98.56
2026-06-04,253.79,259.15,2.11,97.89
2026-06-05,246.03,254.69,3.52,96.48
2026-06-08,245.22,249.04,1.56,98.44
2026-06-09,244.19,250.58,2.61,97.39
2026-06-10,238.0,241.84,1.61,98.39
2026-06-11,241.51,241.84,0.14,99.86
2026-06-12,238.55,241.84,1.38,98.62
2026-06-15,246.02,244.29,0.71,99.29
2026-06-16,246.0,240.67,2.17,97.83
2026-06-17,237.5,238.26,0.32,99.68
2026-06-18,244.39,241.45,1.2,98.8
2026-06-22,232.79,236.14,1.44,98.56
2026-06-23,234.11,237.74,1.55,98.45
2026-06-24,234.27,236.61,1.0,99.0
2026-06-25,227.01,229.35,1.03,98.97
2026-06-26,232.69,238.06,2.31,97.69
2026-06-29,240.14,239.93,0.09,99.91
2026-06-30,238.34,238.41,0.03,99.97
2026-07-01,241.7,243.98,0.94,99.06
2026-07-02,242.67,245.78,1.28,98.72
2026-07-06,244.16,244.49,0.14,99.86
2026-07-07,245.98,244.81,0.47,99.53
2026-07-08,243.62,243.41,0.09,99.91
2026-07-09,247.04,244.07,1.2,98.8
2026-07-10,245.34,244.31,0.42,99.58
2026-07-13,247.31,249.13,0.74,99.26
2026-07-14,247.49,249.11,0.66,99.34
2026-07-15,254.96,250.57,1.72,98.28
2026-07-16,249.89,251.75,0.74,99.26
2026-07-17,247.23,249.22,0.81,99.19
2026-07-20,249.99,250.32,0.13,99.87
2026-07-21,247.55,250.32,1.12,98.88
2026-07-22,244.85,246.73,0.77,99.23
2026-07-23,233.66,235.2,0.66,99.34
2026-07-24,232.11,233.05,0.41,99.59
2026-07-27,231.39,230.4,0.43,99.57
2026-07-28,230.86,231.4,0.23,99.77
2026-07-29,226.65,225.89,0.34,99.66
2026-07-30,235.5,233.56,0.82,99.18
2026-07-31,271.58,268.15,1.26,98.74
2026-08-03,284.02,272.39,4.09,95.91
2026-08-04,277.42,271.72,2.05,97.95
2026-08-05,272.65,270.68,0.72,99.28
2026-08-06,272.26,272.05,0.08,99.92
2026-08-07,274.48,272.05,0.88,99.12
2026-08-10,278.09,270.83,2.61,97.39
2026-08-11,272.27,271.13,0.42,99.58
2026-08-12,267.28,270.24,1.11,98.89
2026-08-13,265.13,267.07,0.73,99.27
2026-08-14,262.65,266.79,1.58,98.42
2026-08-17,261.31,267.59,2.4,97.6
2026-08-18,259.45,266.79,2.83,97.17
2026-08-19,265.84,267.31,0.55,99.45
2026-08-20,260.11,257.22,1.11,98.89
2026-08-21,258.63,252.04,2.55,97.45
2026-08-24,262.07,256.32,2.2,97.8
2026-08-25,261.06,259.01,0.79,99.21
2026-08-26,260.28,259.06,0.47,99.53
2026-08-27,256.26,249.71,2.56,97.44
2026-08-28,266.43,261.46,1.86,98.14
2026-08-31,259.77,259.15,0.24,99.76
2026-09-01,254.92,254.41,0.2,99.8
2026-09-02,254.98,254.79,0.08,99.92
2026-09-03,258.9,259.27,0.14,99.86
2026-09-04,258.51,260.26,0.68,99.32
2026-09-08,256.97,258.65,0.65,99.35
2026-09-09,252.4,251.65,0.3,99.7
2026-09-10,251.89,255.13,1.29,98.71
2026-09-11,256.78,259.23,0.95,99.05
2026-09-14,253.54,255.0,0.58,99.42
2026-09-15,248.42,247.65,0.31,99.69
2026-09-16,245.96,247.15,0.48,99.52
2026-09-17,251.19,252.06,0.35,99.65
2026-09-18,253.71,247.15,2.58,97.42
2026-09-21,258.45,254.88,1.38,98.62
2026-09-22,254.98,254.67,0.12,99.88
2026-09-23,249.27,251.69,0.97,99.03
2026-09-24,249.38,247.97,0.56,99.44
2026-09-25,249.67,248.35,0.53,99.47
2026-09-28,246.15,247.32,0.48,99.52
2026-09-29,246.67,247.56,0.36,99.64
2026-09-30,249.15,250.43,0.52,99.48
2026-10-01,248.23,247.97,0.1,99.9
