timestamp,Latest Actual Close,Predicted Close,Error (%),Accuracy (%)
2004-12-10,4.26,4.73,10.94,89.06
2004-12-13,4.23,4.74,11.85,88.15
2004-12-14,4.44,4.78,7.7,92.3
2004-12-15,4.47,4.74,6.05,93.95
2004-12-16,4.38,4.65,6.06,93.94
2004-12-17,4.47,4.65,3.93,96.07
2004-12-20,4.6,4.73,2.92,97.08
2004-12-21,4.56,4.72,3.32,96.68
2004-12-22,4.63,4.74,2.34,97.66
2004-12-23,4.67,4.74,1.47,98.53
2004-12-27,4.77,4.91,3.06,96.94
2004-12-28,4.79,4.95,3.47,96.53
2004-12-29,4.79,4.95,3.4,96.6
2004-12-30,4.91,4.95,0.94,99.06
2004-12-31,4.79,4.93,2.96,97.04
2005-01-03,5.03,4.97,1.22,98.78
2005-01-04,4.83,4.9,1.37,98.63
2005-01-05,4.81,4.9,1.86,98.14
2005-01-06,4.68,4.86,3.75,96.25
2005-01-07,4.81,4.86,0.98,99.02
2005-01-10,4.84,4.84,0.1,99.9
2005-01-11,4.81,4.84,0.68,99.32
2005-01-12,4.85,4.84,0.27,99.73
2005-01-13,4.85,4.84,0.24,99.76
2005-01-14,4.97,4.87,1.86,98.14
2005-01-18,5.06,4.93,2.72,97.28
2005-01-19,4.9,4.87,0.64,99.36
2005-01-20,4.82,4.79,0.59,99.41
2005-01-21,4.68,4.79,2.38,97.62
2005-01-24,4.49,4.68,4.26,95.74
2005-01-25,4.4,4.64,5.59,94.41
2005-01-26,4.7,4.75,1.12,98.88
2005-01-27,4.67,4.75,1.75,98.25
2005-01-28,4.73,4.75,0.54,99.46
2005-01-31,4.86,4.82,0.88,99.12
2005-02-01,4.77,4.75,0.28,99.72
2005-02-02,5.12,4.87,4.71,95.29
2005-02-03,5.24,4.87,6.92,93.08
2005-02-04,5.08,5.25,3.53,96.47
2005-02-07,4.87,5.14,5.52,94.48
2005-02-08,4.93,5.32,7.75,92.25
2005-02-09,4.76,5.24,10.02,89.98
2005-02-10,4.67,4.85,3.86,96.14
2005-02-11,4.65,4.92,5.62,94.38
2005-02-14,4.79,4.87,1.69,98.31
2005-02-15,4.85,4.85,0.12,99.88
2005-02-16,4.93,4.97,0.85,99.15
2005-02-17,4.92,4.96,0.87,99.13
2005-02-18,4.92,4.87,0.97,99.03
2005-02-22,4.75,4.79,0.73,99.27
2005-02-23,4.82,4.73,1.85,98.15
2005-02-24,4.69,4.68,0.25,99.75
2005-02-25,4.62,4.68,1.37,98.63
2005-02-28,4.67,4.79,2.54,97.46
2005-03-01,4.62,4.74,2.58,97.42
2005-03-02,4.6,4.75,3.34,96.66
2005-03-03,4.64,4.75,2.33,97.67
2005-03-04,4.62,4.75,2.94,97.06
2005-03-07,4.69,4.75,1.36,98.64
2005-03-08,4.6,4.69,1.88,98.12
2005-03-09,4.5,4.58,1.79,98.21
2005-03-10,4.47,4.58,2.56,97.44
2005-03-11,4.42,4.53,2.62,97.38
2005-03-14,4.35,4.57,5.2,94.8
2005-03-15,4.44,4.59,3.53,96.47
2005-03-16,4.36,4.57,4.86,95.14
2005-03-17,4.45,4.59,3.05,96.95
2005-03-18,4.47,4.59,2.62,97.38
2005-03-21,4.49,4.65,3.47,96.53
2005-03-22,4.44,4.59,3.44,96.56
2005-03-23,4.45,4.59,3.22,96.78
2005-03-24,4.45,4.59,3.07,96.93
2005-03-28,4.51,4.59,1.84,98.16
2005-03-29,4.46,4.59,2.89,97.11
2005-03-30,4.48,4.65,3.72,96.28
2005-03-31,4.48,4.73,5.49,94.51
2005-04-01,4.47,4.72,5.63,94.37
2005-04-04,4.6,4.91,6.74,93.26
2005-04-05,4.68,4.91,4.89,95.11
2005-04-06,4.7,4.95,5.41,94.59
2005-04-07,4.81,4.95,2.94,97.06
2005-04-08,4.77,4.93,3.36,96.64
2005-04-11,4.8,4.93,2.73,97.27
2005-04-12,4.82,5.0,3.71,96.29
2005-04-13,4.79,4.95,3.38,96.62
2005-04-14,4.76,4.93,3.68,96.32
2005-04-15,4.59,4.72,2.8,97.2
2005-04-18,4.64,4.79,3.09,96.91
2005-04-19,4.75,4.88,2.6,97.4
2005-04-20,4.92,5.0,1.63,98.37
2005-04-21,5.07,5.06,0.22,99.78
2005-04-22,5.36,5.1,4.93,95.07
2005-04-25,5.55,5.59,0.77,99.23
2005-04-26,5.43,5.57,2.53,97.47
2005-04-27,5.46,5.71,4.54,95.46
2005-04-28,5.45,5.57,2.21,97.79
2005-04-29,5.46,5.57,1.95,98.05
2005-05-02,5.52,5.57,0.9,99.1
2005-05-03,5.62,5.59,0.42,99.58
2005-05-04,5.68,5.59,1.42,98.58
2005-05-05,5.64,5.72,1.5,98.5
2005-05-06,5.66,5.72,1.04,98.96
2005-05-09,5.61,5.66,0.78,99.22
2005-05-10,5.66,5.59,1.12,98.88
2005-05-11,5.74,6.0,4.46,95.54
2005-05-12,5.68,5.96,4.9,95.1
2005-05-13,5.69,5.32,6.53,93.47
2005-05-16,5.74,5.57,2.93,97.07
2005-05-17,5.79,5.59,3.38,96.62
2005-05-18,5.94,5.59,5.82,94.18
2005-05-19,5.94,6.23,4.8,95.2
2005-05-20,6.0,6.23,3.74,96.26
2005-05-23,6.34,6.69,5.47,94.53
2005-05-24,6.36,6.85,7.75,92.25
2005-05-25,6.48,6.92,6.81,93.19
2005-05-26,6.44,7.08,9.95,90.05
2005-05-27,6.61,7.13,7.99,92.01
2005-05-31,6.89,6.88,0.07,99.93
2005-06-01,7.15,7.11,0.62,99.38
2005-06-02,7.15,7.11,0.58,99.42
2005-06-03,6.96,7.12,2.31,97.69
2005-06-06,7.23,7.15,1.11,98.89
2005-06-07,7.28,7.15,1.85,98.15
2005-06-08,6.94,7.07,1.8,98.2
2005-06-09,7.11,7.09,0.27,99.73
2005-06-10,7.02,7.05,0.49,99.51
2005-06-13,7.02,7.0,0.38,99.62
2005-06-14,6.91,6.92,0.08,99.92
2005-06-15,6.83,6.78,0.68,99.32
2005-06-16,6.89,6.78,1.54,98.46
2005-06-17,6.96,7.09,1.78,98.22
2005-06-20,7.12,7.09,0.5,99.5
2005-06-21,7.15,7.07,1.12,98.88
2005-06-22,7.19,7.27,1.19,98.81
2005-06-23,7.2,7.28,1.13,98.87
2005-06-24,7.38,7.26,1.6,98.4
2005-06-27,7.55,7.28,3.66,96.34
2005-06-28,7.5,7.45,0.73,99.27
2005-06-29,7.27,7.26,0.08,99.92
2005-06-30,7.31,7.38,1.01,98.99
2005-07-01,7.23,7.3,0.88,99.12
2005-07-05,7.34,7.49,2.03,97.97
2005-07-06,7.24,7.49,3.5,96.5
2005-07-07,7.34,7.59,3.42,96.58
2005-07-08,7.36,7.59,3.18,96.82
2005-07-11,7.29,7.4,1.5,98.5
2005-07-12,7.25,7.39,1.96,98.04
2005-07-13,7.42,7.4,0.24,99.76
2005-07-14,7.47,7.4,0.92,99.08
2005-07-15,7.48,7.4,1.09,98.91
2005-07-18,7.44,7.24,2.69,97.31
2005-07-19,7.7,7.4,3.8,96.2
2005-07-20,7.75,7.68,0.94,99.06
2005-07-21,7.8,7.92,1.53,98.47
2005-07-22,7.51,7.64,1.78,98.22
2005-07-25,7.35,7.62,3.71,96.29
2005-07-26,7.35,7.64,3.9,96.1
2005-07-27,7.37,7.64,3.58,96.42
2005-07-28,7.29,7.28,0.19,99.81
2005-07-29,7.15,7.24,1.29,98.71
2005-08-01,7.24,7.32,1.04,98.96
2005-08-02,7.43,7.38,0.68,99.32
2005-08-03,7.38,7.28,1.47,98.53
2005-08-04,7.39,7.28,1.61,98.39
2005-08-05,7.26,7.24,0.3,99.7
2005-08-08,7.23,7.07,2.26,97.74
2005-08-09,7.24,7.07,2.37,97.63
2005-08-10,7.1,6.97,1.82,98.18
2005-08-11,7.06,7.07,0.21,99.79
2005-08-12,7.2,7.24,0.6,99.4
2005-08-15,7.05,7.18,1.78,98.22
2005-08-16,7.09,7.18,1.19,98.81
2005-08-17,7.08,7.24,2.23,97.77
2005-08-18,6.95,7.18,3.32,96.68
2005-08-19,6.95,7.12,2.45,97.55
2005-08-22,6.81,6.89,1.3,98.7
2005-08-23,6.94,7.01,0.89,99.11
2005-08-24,7.02,7.0,0.23,99.77
2005-08-25,7.02,6.89,1.87,98.13
2005-08-26,7.04,6.95,1.36,98.64
2005-08-29,7.16,6.98,2.52,97.48
2005-08-30,7.14,7.06,0.98,99.02
2005-08-31,7.1,7.06,0.54,99.46
2005-09-01,7.11,6.96,2.14,97.86
2005-09-02,7.16,7.08,1.17,98.83
2005-09-06,7.13,7.07,0.79,99.21
2005-09-07,7.32,7.19,1.87,98.13
2005-09-08,7.34,7.57,3.17,96.83
2005-09-09,7.43,7.61,2.45,97.55
2005-09-12,7.69,7.75,0.78,99.22
2005-09-13,7.74,7.85,1.41,98.59
2005-09-14,7.53,7.81,3.84,96.16
2005-09-15,7.52,7.65,1.72,98.28
2005-09-16,7.46,7.59,1.81,98.19
2005-09-19,7.55,7.57,0.33,99.67
2005-09-20,7.65,7.67,0.25,99.75
2005-09-21,7.75,7.95,2.6,97.4
2005-09-22,7.73,7.96,2.9,97.1
2005-09-23,7.83,8.02,2.38,97.62
2005-09-26,7.81,8.04,3.04,96.96
2005-09-27,7.8,7.98,2.32,97.68
2005-09-28,7.6,7.71,1.4,98.6
2005-09-29,7.69,7.71,0.21,99.79
2005-09-30,7.86,7.71,1.96,98.04
2005-10-03,7.92,7.71,2.64,97.36
2005-10-04,7.72,7.71,0.23,99.77
2005-10-05,7.72,7.83,1.42,98.58
2005-10-06,7.77,7.93,2.03,97.97
2005-10-07,7.77,7.92,1.9,98.1
2005-10-10,7.72,7.82,1.37,98.63
2005-10-11,7.6,7.66,0.77,99.23
2005-10-12,7.48,7.55,0.94,99.06
2005-10-13,7.39,7.33,0.83,99.17
2005-10-14,7.36,7.33,0.39,99.61
2005-10-17,7.58,7.54,0.46,99.54
2005-10-18,7.53,7.58,0.59,99.41
2005-10-19,7.67,7.62,0.62,99.38
2005-10-20,7.53,7.48,0.66,99.34
2005-10-21,8.44,7.98,5.51,94.49
2005-10-24,8.66,8.16,5.74,94.26
2005-10-25,8.62,8.5,1.33,98.67
2005-10-26,8.83,8.52,3.5,96.5
2005-10-27,8.77,8.5,3.05,96.95
2005-10-28,8.9,8.54,3.97,96.03
2005-10-31,9.24,8.96,3.09,96.91
2005-11-01,9.42,9.02,4.3,95.7
2005-11-02,9.43,9.08,3.72,96.28
2005-11-03,9.59,9.63,0.44,99.56
2005-11-04,9.7,9.63,0.71,99.29
2005-11-07,9.81,9.89,0.79,99.21
2005-11-08,9.68,9.88,1.99,98.01
2005-11-09,9.42,9.79,4.01,95.99
2005-11-10,9.71,9.78,0.66,99.34
2005-11-11,9.7,9.75,0.6,99.4
2005-11-14,9.86,9.95,0.95,99.05
2005-11-15,9.76,9.76,0.02,99.98
2005-11-16,9.89,9.95,0.65,99.35
2005-11-17,10.02,9.96,0.58,99.42
2005-11-18,9.94,10.02,0.84,99.16
2005-11-21,10.17,10.02,1.41,98.59
2005-11-22,10.34,10.02,3.09,96.91
2005-11-23,10.5,10.02,4.56,95.44
2005-11-25,10.65,10.02,5.84,94.16
2005-11-28,10.52,9.95,5.42,94.58
2005-11-29,10.02,10.19,1.68,98.32
2005-11-30,10.06,10.41,3.49,96.51
2005-12-01,10.28,10.3,0.13,99.87
2005-12-02,10.37,10.41,0.32,99.68
2005-12-05,10.08,10.1,0.22,99.78
2005-12-06,10.05,10.19,1.43,98.57
2005-12-07,10.04,10.07,0.33,99.67
2005-12-08,10.2,10.07,1.24,98.76
2005-12-09,10.16,10.11,0.53,99.47
2005-12-12,10.25,10.07,1.71,98.29
2005-12-13,10.37,10.07,2.86,97.14
2005-12-14,10.41,9.93,4.59,95.41
2005-12-15,10.5,10.06,4.1,95.9
2005-12-16,10.68,10.27,3.83,96.17
2005-12-19,10.55,10.6,0.53,99.47
2005-12-20,10.67,10.66,0.16,99.84
2005-12-21,10.59,10.48,0.99,99.01
2005-12-22,10.73,10.59,1.34,98.66
2005-12-23,10.7,10.72,0.14,99.86
2005-12-27,10.55,10.62,0.65,99.35
2005-12-28,10.6,10.66,0.55,99.45
2005-12-29,10.44,10.36,0.68,99.32
2005-12-30,10.3,10.27,0.28,99.72
2006-01-03,10.81,11.07,2.44,97.56
2006-01-04,11.06,11.07,0.14,99.86
2006-01-05,11.21,11.15,0.52,99.48
2006-01-06,11.57,11.27,2.56,97.44
2006-01-09,11.6,11.27,2.82,97.18
2006-01-10,11.67,11.36,2.64,97.36
2006-01-11,11.71,11.33,3.26,96.74
2006-01-12,11.52,11.64,1.1,98.9
2006-01-13,11.58,11.64,0.53,99.47
2006-01-17,11.6,11.64,0.34,99.66
2006-01-18,11.05,11.35,2.71,97.29
2006-01-19,10.84,11.26,3.87,96.13
2006-01-20,9.92,11.05,11.37,88.63
2006-01-23,10.62,11.18,5.34,94.66
2006-01-24,11.0,11.56,5.03,94.97
2006-01-25,10.75,11.0,2.32,97.68
2006-01-26,10.79,11.0,2.02,97.98
2006-01-27,10.77,10.73,0.31,99.69
2006-01-30,10.6,10.56,0.4,99.6
2006-01-31,10.75,10.59,1.44,98.56
2006-02-01,9.98,10.4,4.26,95.74
2006-02-02,9.84,10.38,5.48,94.52
2006-02-03,9.48,10.34,9.09,90.91
2006-02-06,9.56,10.38,8.47,91.53
2006-02-07,9.14,9.56,4.64,95.36
2006-02-08,9.17,9.49,3.55,96.45
2006-02-09,8.91,9.54,7.07,92.93
2006-02-10,9.01,9.09,0.93,99.07
2006-02-13,8.59,8.71,1.39,98.61
2006-02-14,8.53,8.71,2.09,97.91
2006-02-15,8.5,8.71,2.37,97.63
2006-02-16,9.1,8.97,1.49,98.51
2006-02-17,9.16,9.0,1.7,98.3
2006-02-21,9.11,8.91,2.12,97.88
2006-02-22,9.08,9.0,0.82,99.18
2006-02-23,9.39,9.13,2.76,97.24
2006-02-24,9.37,9.17,2.2,97.8
2006-02-27,9.7,9.35,3.52,96.48
2006-02-28,9.01,9.14,1.53,98.47
2006-03-01,9.06,9.32,2.85,97.15
2006-03-02,9.35,9.56,2.2,97.8
2006-03-03,9.39,9.43,0.42,99.58
2006-03-06,9.14,9.43,3.17,96.83
2006-03-07,9.05,9.59,5.9,94.1
2006-03-08,8.79,9.42,7.18,92.82
2006-03-09,8.52,8.93,4.85,95.15
2006-03-10,8.38,8.9,6.17,93.83
2006-03-13,8.37,8.93,6.7,93.3
2006-03-14,8.72,9.05,3.74,96.26
2006-03-15,8.56,8.9,4.01,95.99
2006-03-16,8.41,8.77,4.28,95.72
2006-03-17,8.44,8.71,3.19,96.81
2006-03-20,8.65,9.05,4.63,95.37
2006-03-21,8.44,8.51,0.77,99.23
2006-03-22,8.45,8.32,1.53,98.47
2006-03-23,8.49,8.32,2.01,97.99
2006-03-24,9.09,8.7,4.22,95.78
2006-03-27,9.18,8.78,4.35,95.65
2006-03-28,9.37,8.94,4.63,95.37
2006-03-29,9.81,9.19,6.3,93.7
2006-03-30,9.65,9.59,0.6,99.4
2006-03-31,9.69,9.62,0.71,99.29
2006-04-03,9.68,9.85,1.74,98.26
2006-04-04,10.04,9.94,1.03,98.97
2006-04-05,10.13,10.0,1.32,98.68
2006-04-06,10.21,10.01,1.95,98.05
2006-04-07,10.09,9.95,1.33,98.67
2006-04-10,10.34,10.1,2.32,97.68
2006-04-11,10.17,9.98,1.92,98.08
2006-04-12,10.16,9.96,1.91,98.09
2006-04-13,9.99,9.87,1.19,98.81
2006-04-17,10.1,9.87,2.32,97.68
2006-04-18,10.04,9.79,2.45,97.55
2006-04-19,10.2,9.84,3.53,96.47
2006-04-20,10.31,10.02,2.75,97.25
2006-04-21,10.86,10.28,5.34,94.66
2006-04-24,10.94,10.6,3.14,96.86
2006-04-25,10.61,10.47,1.31,98.69
2006-04-26,10.58,10.36,2.04,97.96
2006-04-27,10.43,10.28,1.43,98.57
2006-04-28,10.38,10.36,0.15,99.85
2006-05-01,9.91,10.06,1.58,98.42
2006-05-02,9.81,10.06,2.64,97.36
2006-05-03,9.79,10.06,2.8,97.2
2006-05-04,9.8,9.89,0.89,99.11
2006-05-05,9.79,9.89,1.0,99.0
2006-05-08,9.81,9.89,0.88,99.12
2006-05-09,10.15,10.03,1.18,98.82
2006-05-10,10.01,9.89,1.17,98.83
2006-05-11,9.61,9.44,1.81,98.19
2006-05-12,9.29,9.29,0.01,99.99
2006-05-15,9.34,9.44,1.01,98.99
2006-05-16,9.22,9.05,1.88,98.12
2006-05-17,9.3,9.08,2.39,97.61
2006-05-18,9.21,9.03,1.98,98.02
2006-05-19,9.19,9.18,0.09,99.91
2006-05-22,9.21,9.18,0.34,99.66
2006-05-23,9.33,9.19,1.45,98.55
2006-05-24,9.47,9.31,1.69,98.31
2006-05-25,9.51,9.3,2.28,97.72
2006-05-26,9.47,9.31,1.67,98.33
2006-05-30,9.24,8.92,3.45,96.55
2006-05-31,9.24,8.96,3.02,96.98
2006-06-01,9.5,9.35,1.61,98.39
2006-06-02,9.42,9.53,1.14,98.86
2006-06-05,9.3,9.33,0.34,99.66
2006-06-06,9.69,9.76,0.76,99.24
2006-06-07,9.6,9.42,1.87,98.13
2006-06-08,9.77,9.64,1.35,98.65
2006-06-09,9.6,9.7,1.01,98.99
2006-06-12,9.48,9.6,1.26,98.74
2006-06-13,9.6,9.6,0.05,99.95
2006-06-14,9.55,9.44,1.12,98.88
2006-06-15,9.71,9.48,2.4,97.6
2006-06-16,9.7,9.55,1.61,98.39
2006-06-19,9.64,9.98,3.55,96.45
2006-06-20,9.62,9.98,3.81,96.19
2006-06-21,9.99,10.11,1.22,98.78
2006-06-22,9.93,10.34,4.07,95.93
2006-06-23,10.06,10.15,0.94,99.06
2006-06-26,10.04,9.96,0.78,99.22
2006-06-27,9.99,10.3,3.04,96.96
2006-06-28,10.09,10.28,1.93,98.07
2006-06-29,10.38,10.56,1.76,98.24
2006-06-30,10.42,10.6,1.75,98.25
2006-07-03,10.51,10.6,0.82,99.18
2006-07-05,10.47,10.61,1.39,98.61
2006-07-06,10.51,10.6,0.82,99.18
2006-07-07,10.44,10.6,1.48,98.52
2006-07-10,10.39,10.77,3.69,96.31
2006-07-11,10.54,10.77,2.13,97.87
2006-07-12,10.36,10.58,2.1,97.9
2006-07-13,10.15,10.36,2.07,97.93
2006-07-14,10.02,10.14,1.21,98.79
2006-07-17,10.13,10.25,1.13,98.87
2006-07-18,10.01,10.23,2.16,97.84
2006-07-19,9.91,10.06,1.56,98.44
2006-07-20,9.62,9.55,0.65,99.35
2006-07-21,9.69,9.59,1.03,98.97
2006-07-24,9.71,9.5,2.18,97.82
2006-07-25,9.67,9.5,1.79,98.21
2006-07-26,9.57,9.44,1.43,98.57
2006-07-27,9.5,9.44,0.63,99.37
2006-07-28,9.64,9.59,0.53,99.47
2006-07-31,9.6,9.44,1.71,98.29
2006-08-01,9.33,9.26,0.68,99.32
2006-08-02,9.12,8.87,2.71,97.29
2006-08-03,9.32,9.02,3.21,96.79
2006-08-04,9.29,8.93,3.79,96.21
2006-08-07,9.39,9.02,3.86,96.14
2006-08-08,9.46,9.2,2.8,97.2
2006-08-09,9.36,9.31,0.52,99.48
2006-08-10,9.29,9.2,1.03,98.97
2006-08-11,9.15,9.01,1.54,98.46
2006-08-14,9.18,9.04,1.48,98.52
2006-08-15,9.46,9.35,1.19,98.81
2006-08-16,9.63,9.37,2.69,97.31
2006-08-17,9.58,9.29,3.05,96.95
2006-08-18,9.52,9.29,2.43,97.57
2006-08-21,9.37,9.37,0.0,100.0
2006-08-22,9.4,9.56,1.75,98.25
2006-08-23,9.28,9.29,0.16,99.84
2006-08-24,9.28,9.33,0.54,99.46
2006-08-25,9.27,9.25,0.18,99.82
2006-08-28,9.46,9.4,0.63,99.37
2006-08-29,9.41,9.44,0.3,99.7
2006-08-30,9.46,9.56,1.09,98.91
2006-08-31,9.4,9.56,1.68,98.32
2006-09-01,9.4,9.56,1.66,98.34
2006-09-05,9.55,9.44,1.11,98.89
2006-09-06,9.44,9.26,1.89,98.11
2006-09-07,9.4,9.32,0.82,99.18
2006-09-08,9.38,9.32,0.65,99.35
2006-09-11,9.54,9.88,3.56,96.44
2006-09-12,9.73,10.1,3.72,96.28
2006-09-13,10.1,10.09,0.09,99.91
2006-09-14,10.03,10.12,0.9,99.1
2006-09-15,10.18,10.12,0.55,99.45
2006-09-18,10.3,10.12,1.7,98.3
2006-09-19,10.03,10.01,0.19,99.81
2006-09-20,9.86,9.82,0.39,99.61
2006-09-21,10.11,9.97,1.34,98.66
2006-09-22,10.03,9.95,0.8,99.2
2006-09-25,10.03,9.98,0.56,99.44
2006-09-26,10.11,10.11,0.03,99.97
2006-09-27,10.01,10.09,0.8,99.2
2006-09-28,10.02,10.41,3.83,96.17
2006-09-29,9.98,10.29,3.13,96.87
2006-10-02,9.97,10.19,2.22,97.78
2006-10-03,10.04,9.93,1.07,98.93
2006-10-04,10.32,10.19,1.29,98.71
2006-10-05,10.23,10.07,1.52,98.48
2006-10-06,10.44,10.1,3.28,96.72
2006-10-09,10.66,10.48,1.61,98.39
2006-10-10,10.6,10.75,1.41,98.59
2006-10-11,10.59,10.66,0.6,99.4
2006-10-12,10.62,10.72,0.96,99.04
2006-10-13,10.61,10.72,0.99,99.01
2006-10-16,10.48,10.58,1.01,98.99
2006-10-17,10.45,10.66,2.0,98.0
2006-10-18,10.41,10.58,1.6,98.4
2006-10-19,10.58,10.55,0.27,99.73
2006-10-20,11.42,11.33,0.79,99.21
2006-10-23,11.94,11.37,4.77,95.23
2006-10-24,11.76,11.38,3.17,96.83
2006-10-25,12.09,11.45,5.29,94.71
2006-10-26,12.05,11.76,2.44,97.56
2006-10-27,11.8,11.64,1.37,98.63
2006-10-30,11.84,11.7,1.12,98.88
2006-10-31,11.83,11.7,1.09,98.91
2006-11-01,11.61,11.6,0.09,99.91
2006-11-02,11.67,11.64,0.26,99.74
2006-11-03,11.72,11.87,1.33,98.67
2006-11-06,11.85,11.88,0.31,99.69
2006-11-07,11.74,11.96,1.91,98.09
2006-11-08,11.8,11.79,0.04,99.96
2006-11-09,11.74,11.56,1.56,98.44
2006-11-10,11.76,11.19,4.82,95.18
2006-11-13,11.95,11.85,0.81,99.19
2006-11-14,12.15,11.74,3.4,96.6
2006-11-15,12.22,11.85,3.03,96.97
2006-11-16,12.32,12.31,0.07,99.93
2006-11-17,12.39,12.36,0.2,99.8
2006-11-20,12.3,12.29,0.06,99.94
2006-11-21,12.66,12.61,0.39,99.61
2006-11-22,12.62,12.55,0.56,99.44
2006-11-24,12.54,12.55,0.03,99.97
2006-11-27,12.04,12.07,0.27,99.73
2006-11-28,12.16,12.22,0.55,99.45
2006-11-29,12.04,12.14,0.87,99.13
2006-11-30,12.04,12.34,2.47,97.53
2006-12-01,11.94,12.06,1.02,98.98
2006-12-04,12.04,12.03,0.07,99.93
2006-12-05,12.1,11.86,1.96,98.04
2006-12-06,12.14,11.86,2.3,97.7
2006-12-07,11.99,11.82,1.38,98.62
2006-12-08,12.02,11.74,2.4,97.6
2006-12-11,12.02,11.82,1.64,98.36
2006-12-12,11.97,11.41,4.67,95.33
2006-12-13,11.9,11.41,4.11,95.89
2006-12-14,11.97,11.5,3.97,96.03
2006-12-15,11.93,11.82,0.9,99.1
2006-12-18,11.49,11.38,1.01,98.99
2006-12-19,11.64,11.59,0.42,99.58
2006-12-20,11.5,11.47,0.24,99.76
2006-12-21,11.33,11.4,0.62,99.38
2006-12-22,11.32,11.31,0.06,99.94
2006-12-26,11.36,11.16,1.77,98.23
2006-12-27,11.62,11.37,2.15,97.85
2006-12-28,11.49,11.37,0.99,99.01
2006-12-29,11.44,11.25,1.6,98.4
2007-01-03,11.61,11.44,1.49,98.51
2007-01-04,12.0,11.77,1.95,98.05
2007-01-05,12.1,11.81,2.43,97.57
2007-01-08,12.01,11.82,1.56,98.44
2007-01-09,12.06,11.82,1.95,98.05
2007-01-10,12.16,12.18,0.2,99.8
2007-01-11,12.41,12.29,0.97,99.03
2007-01-12,12.54,12.55,0.03,99.97
2007-01-16,12.52,12.61,0.68,99.32
2007-01-17,12.35,12.55,1.58,98.42
2007-01-18,12.12,12.38,2.16,97.84
2007-01-19,12.16,12.32,1.28,98.72
2007-01-22,11.94,12.22,2.36,97.64
2007-01-23,11.9,12.22,2.74,97.26
2007-01-24,12.4,12.36,0.31,99.69
2007-01-25,12.12,12.03,0.73,99.27
2007-01-26,12.32,12.06,2.04,97.96
2007-01-29,12.23,12.07,1.31,98.69
2007-01-30,12.28,12.1,1.44,98.56
2007-01-31,12.46,12.5,0.33,99.67
2007-02-01,11.97,12.32,2.98,97.02
2007-02-02,11.96,11.92,0.32,99.68
2007-02-05,11.6,11.71,0.94,99.06
2007-02-06,11.71,11.92,1.8,98.2
2007-02-07,11.67,11.82,1.27,98.73
2007-02-08,11.7,11.79,0.8,99.2
2007-02-09,11.47,11.62,1.3,98.7
2007-02-12,11.38,11.57,1.6,98.4
2007-02-13,11.4,11.22,1.58,98.42
2007-02-14,11.57,11.45,1.09,98.91
2007-02-15,11.46,11.26,1.77,98.23
2007-02-16,11.67,11.45,1.94,98.06
2007-02-20,11.73,11.44,2.43,97.57
2007-02-21,11.82,11.29,4.49,95.51
2007-02-22,11.82,11.58,2.0,98.0
2007-02-23,11.69,11.53,1.38,98.62
2007-02-26,11.55,11.56,0.14,99.86
2007-02-27,11.15,11.28,1.23,98.77
2007-02-28,11.16,11.35,1.64,98.36
2007-03-01,11.13,11.23,0.84,99.16
2007-03-02,10.9,11.23,3.03,96.97
2007-03-05,10.95,11.12,1.5,98.5
2007-03-06,11.36,11.35,0.16,99.84
2007-03-07,11.32,11.2,1.01,98.99
2007-03-08,11.29,11.2,0.81,99.19
2007-03-09,11.25,11.12,1.19,98.81
2007-03-12,11.29,11.12,1.58,98.42
2007-03-13,11.0,10.93,0.67,99.33
2007-03-14,11.13,10.9,2.02,97.98
2007-03-15,11.08,10.93,1.36,98.64
2007-03-16,10.95,10.92,0.24,99.76
2007-03-19,11.11,11.22,1.0,99.0
2007-03-20,11.06,11.18,1.06,98.94
2007-03-21,11.34,11.36,0.17,99.83
2007-03-22,11.48,11.63,1.34,98.66
2007-03-23,11.47,11.59,1.06,98.94
2007-03-26,11.55,11.48,0.64,99.36
2007-03-27,11.52,11.48,0.34,99.66
2007-03-28,11.47,11.55,0.7,99.3
2007-03-29,11.45,11.56,1.01,98.99
2007-03-30,11.38,11.44,0.57,99.43
2007-04-02,11.39,11.72,2.89,97.11
2007-04-03,11.74,11.79,0.47,99.53
2007-04-04,11.7,11.79,0.81,99.19
2007-04-05,11.71,11.91,1.67,98.33
2007-04-09,11.63,11.79,1.41,98.59
2007-04-10,11.59,11.79,1.78,98.22
2007-04-11,11.54,11.56,0.23,99.77
2007-04-12,11.61,11.56,0.39,99.61
2007-04-13,11.58,11.55,0.26,99.74
2007-04-16,11.78,11.93,1.28,98.72
2007-04-17,11.74,11.93,1.59,98.41
2007-04-18,11.82,12.01,1.61,98.39
2007-04-19,11.71,11.93,1.84,98.16
2007-04-20,11.98,12.09,0.88,99.12
2007-04-23,11.9,12.18,2.33,97.67
2007-04-24,11.86,11.95,0.73,99.27
2007-04-25,11.87,12.03,1.33,98.67
2007-04-26,11.95,11.89,0.53,99.47
2007-04-27,11.9,11.96,0.52,99.48
2007-04-30,11.71,11.81,0.84,99.16
2007-05-01,11.65,11.77,1.05,98.95
2007-05-02,11.57,11.56,0.04,99.96
2007-05-03,11.75,11.88,1.04,98.96
2007-05-04,11.7,11.56,1.18,98.82
2007-05-07,11.61,11.53,0.67,99.33
2007-05-08,11.59,11.53,0.58,99.42
2007-05-09,11.65,11.56,0.78,99.22
2007-05-10,11.46,11.23,2.06,97.94
2007-05-11,11.59,11.41,1.55,98.45
2007-05-14,11.47,11.35,1.01,98.99
2007-05-15,11.38,11.23,1.32,98.68
2007-05-16,11.74,11.5,2.04,97.96
2007-05-17,11.7,11.5,1.7,98.3
2007-05-18,11.68,11.64,0.34,99.66
2007-05-21,11.69,11.74,0.44,99.56
2007-05-22,11.82,11.86,0.34,99.66
2007-05-23,11.77,11.74,0.27,99.73
2007-05-24,11.78,11.77,0.1,99.9
2007-05-25,12.01,12.05,0.38,99.62
2007-05-29,12.1,12.09,0.06,99.94
2007-05-30,12.38,12.22,1.31,98.69
2007-05-31,12.37,12.41,0.31,99.69
2007-06-01,12.43,12.55,0.95,99.05
2007-06-04,12.59,12.61,0.1,99.9
2007-06-05,12.89,12.69,1.49,98.51
2007-06-06,12.87,13.18,2.43,97.57
2007-06-07,12.79,13.18,3.07,96.93
2007-06-08,12.8,13.18,2.98,97.02
2007-06-11,12.7,13.11,3.22,96.78
2007-06-12,12.54,12.95,3.29,96.71
2007-06-13,12.55,13.02,3.77,96.23
2007-06-14,12.49,13.1,4.9,95.1
2007-06-15,12.56,12.93,2.92,97.08
2007-06-18,12.8,12.83,0.26,99.74
2007-06-19,12.77,12.89,0.87,99.13
2007-06-20,12.67,12.75,0.68,99.32
2007-06-21,12.77,12.75,0.13,99.87
2007-06-22,13.04,12.95,0.7,99.3
2007-06-25,13.1,12.78,2.43,97.57
2007-06-26,13.17,12.85,2.42,97.58
2007-06-27,13.07,13.13,0.47,99.53
2007-06-28,13.04,13.13,0.71,99.29
2007-06-29,12.98,13.2,1.7,98.3
2007-07-02,13.17,13.4,1.73,98.27
2007-07-03,13.27,13.45,1.31,98.69
2007-07-05,13.45,13.23,1.65,98.35
2007-07-06,13.4,13.58,1.38,98.62
2007-07-09,13.48,13.49,0.09,99.91
2007-07-10,13.5,13.56,0.47,99.53
2007-07-11,13.52,13.84,2.31,97.69
2007-07-12,13.54,13.84,2.15,97.85
2007-07-13,13.71,13.84,0.89,99.11
2007-07-16,13.73,13.84,0.74,99.26
2007-07-17,13.78,14.08,2.17,97.83
2007-07-18,13.65,14.13,3.5,96.5
2007-07-19,13.63,14.15,3.85,96.15
2007-07-20,12.92,13.52,4.69,95.31
2007-07-23,12.73,13.46,5.74,94.26
2007-07-24,12.77,13.19,3.28,96.72
2007-07-25,12.66,12.85,1.46,98.54
2007-07-26,12.62,12.6,0.15,99.85
2007-07-27,12.71,12.65,0.48,99.52
2007-07-30,12.82,12.44,2.98,97.02
2007-07-31,12.67,12.01,5.18,94.82
2007-08-01,12.74,12.05,5.43,94.57
2007-08-02,12.69,11.9,6.26,93.74
2007-08-03,12.49,11.9,4.77,95.23
2007-08-06,12.67,11.9,6.07,93.93
2007-08-07,12.82,12.03,6.11,93.89
2007-08-08,13.06,12.3,5.83,94.17
2007-08-09,12.78,12.5,2.23,97.77
2007-08-10,12.81,12.71,0.82,99.18
2007-08-13,12.8,12.71,0.77,99.23
2007-08-14,12.63,12.56,0.55,99.45
2007-08-15,12.36,12.42,0.5,99.5
2007-08-16,12.21,12.2,0.03,99.97
2007-08-17,12.42,12.74,2.59,97.41
2007-08-20,12.37,12.42,0.43,99.57
2007-08-21,12.58,12.46,1.0,99.0
2007-08-22,12.74,12.66,0.58,99.42
2007-08-23,12.72,12.7,0.18,99.82
2007-08-24,12.79,12.66,1.01,98.99
2007-08-27,12.75,12.46,2.29,97.71
2007-08-28,12.58,12.2,2.97,97.03
2007-08-29,12.74,12.5,1.88,98.12
2007-08-30,12.7,12.46,1.93,98.07
2007-08-31,12.8,12.62,1.36,98.64
2007-09-04,13.04,12.85,1.47,98.53
2007-09-05,13.11,12.93,1.38,98.62
2007-09-06,13.0,13.09,0.69,99.31
2007-09-07,12.9,12.98,0.66,99.34
2007-09-10,12.78,13.26,3.74,96.26
2007-09-11,12.95,13.2,1.97,98.03
2007-09-12,12.98,13.13,1.17,98.83
2007-09-13,13.03,13.2,1.3,98.7
2007-09-14,13.13,13.25,0.87,99.13
2007-09-17,13.05,13.18,0.99,99.01
2007-09-18,13.29,13.44,1.06,98.94
2007-09-19,13.58,13.49,0.69,99.31
2007-09-20,13.73,13.84,0.76,99.24
2007-09-21,13.91,13.84,0.54,99.46
2007-09-24,14.11,13.84,1.93,98.07
2007-09-25,14.13,14.16,0.23,99.77
2007-09-26,14.11,14.3,1.37,98.63
2007-09-27,14.1,14.37,1.92,98.08
2007-09-28,14.09,14.45,2.58,97.42
2007-10-01,14.47,14.45,0.11,99.89
2007-10-02,14.51,14.45,0.42,99.58
2007-10-03,14.51,14.62,0.82,99.18
2007-10-04,14.38,14.72,2.38,97.62
2007-10-05,14.75,15.1,2.35,97.65
2007-10-08,15.14,15.08,0.43,99.57
2007-10-09,15.28,15.1,1.16,98.84
2007-10-10,15.53,15.41,0.79,99.21
2007-10-11,15.45,15.52,0.46,99.54
2007-10-12,15.83,15.54,1.87,98.13
2007-10-15,15.4,15.44,0.23,99.77
2007-10-16,15.3,15.38,0.55,99.45
2007-10-17,15.73,15.56,1.11,98.89
2007-10-18,15.89,15.7,1.17,98.83
2007-10-19,16.01,15.68,2.1,97.9
2007-10-22,16.16,15.75,2.55,97.45
2007-10-23,16.78,15.91,5.22,94.78
2007-10-24,16.79,16.22,3.34,96.66
2007-10-25,16.6,16.16,2.66,97.34
2007-10-26,16.76,16.32,2.57,97.43
2007-10-29,16.87,16.3,3.4,96.6
2007-10-30,17.26,16.6,3.81,96.19
2007-10-31,17.56,16.6,5.48,94.52
2007-11-01,17.47,17.04,2.44,97.56
2007-11-02,17.67,17.41,1.47,98.53
2007-11-05,18.02,17.51,2.84,97.16
2007-11-06,18.42,17.6,4.46,95.54
2007-11-07,18.2,17.51,3.81,96.19
2007-11-08,17.23,17.18,0.33,99.67
2007-11-09,16.49,16.94,2.73,97.27
2007-11-12,15.7,16.48,4.97,95.03
2007-11-13,16.41,16.66,1.56,98.44
2007-11-14,15.94,16.57,3.97,96.03
2007-11-15,15.64,16.47,5.3,94.7
2007-11-16,15.74,16.47,4.63,95.37
2007-11-19,15.54,16.05,3.25,96.75
2007-11-20,16.11,16.39,1.73,98.27
2007-11-21,16.41,16.05,2.15,97.85
2007-11-23,16.81,16.11,4.17,95.83
2007-11-26,16.54,15.92,3.74,96.26
2007-11-27,16.73,15.87,5.12,94.88
2007-11-28,17.19,16.05,6.64,93.36
2007-11-29,17.31,16.31,5.79,94.21
2007-11-30,17.21,16.98,1.32,98.68
2007-12-03,16.93,17.1,1.02,98.98
2007-12-04,16.99,16.98,0.05,99.95
2007-12-05,17.35,17.15,1.13,98.87
2007-12-06,17.77,17.45,1.77,98.23
2007-12-07,17.76,17.45,1.72,98.28
2007-12-10,17.84,17.45,2.2,97.8
2007-12-11,17.37,17.23,0.8,99.2
2007-12-12,17.37,17.21,0.91,99.09
2007-12-13,17.24,17.06,1.03,98.97
2007-12-14,17.14,17.08,0.33,99.67
2007-12-17,16.62,16.8,1.08,98.92
2007-12-18,16.72,16.75,0.14,99.86
2007-12-19,16.82,16.75,0.45,99.55
2007-12-20,17.13,17.36,1.37,98.63
2007-12-21,17.3,17.62,1.85,98.15
2007-12-24,17.4,17.62,1.26,98.74
2007-12-26,17.66,17.61,0.25,99.75
2007-12-27,17.4,17.31,0.54,99.46
2007-12-28,17.45,17.53,0.46,99.54
2007-12-31,17.17,17.35,1.0,99.0
2008-01-02,17.02,17.48,2.69,97.31
2008-01-03,17.02,17.31,1.7,98.3
2008-01-04,16.32,16.84,3.22,96.78
2008-01-07,16.13,16.29,0.99,99.01
2008-01-08,15.69,16.27,3.72,96.28
2008-01-09,16.22,16.61,2.37,97.63
2008-01-10,16.06,16.56,3.09,96.91
2008-01-11,15.85,16.12,1.68,98.32
2008-01-14,16.24,16.28,0.24,99.76
2008-01-15,15.84,16.03,1.19,98.81
2008-01-16,15.3,15.41,0.73,99.27
2008-01-17,14.92,15.16,1.59,98.41
2008-01-18,14.91,15.16,1.68,98.32
2008-01-22,14.51,15.16,4.44,95.56
2008-01-23,13.63,14.76,8.33,91.67
2008-01-24,14.27,14.82,3.83,96.17
2008-01-25,14.07,14.85,5.56,94.44
2008-01-28,13.81,14.49,4.93,95.07
2008-01-29,13.67,14.22,4.02,95.98
2008-01-30,13.62,13.57,0.34,99.66
2008-01-31,14.02,13.72,2.09,97.91
2008-02-01,12.81,13.56,5.82,94.18
2008-02-04,12.31,13.35,8.46,91.54
2008-02-05,12.59,13.49,7.2,92.8
2008-02-06,12.46,13.33,6.99,93.01
2008-02-07,12.54,13.06,4.11,95.89
2008-02-08,12.83,12.88,0.35,99.65
2008-02-11,12.94,12.72,1.76,98.24
2008-02-12,12.87,13.08,1.66,98.34
2008-02-13,13.28,12.56,5.38,94.62
2008-02-14,13.22,12.64,4.36,95.64
2008-02-15,13.15,12.69,3.57,96.43
2008-02-19,12.64,12.47,1.36,98.64
2008-02-20,12.64,12.52,0.97,99.03
2008-02-21,12.49,12.61,0.94,99.06
2008-02-22,12.61,12.87,2.02,97.98
2008-02-25,12.08,12.46,3.16,96.84
2008-02-26,11.53,12.03,4.37,95.63
2008-02-27,11.74,12.58,7.09,92.91
2008-02-28,11.81,12.58,6.52,93.48
2008-02-29,11.7,11.99,2.44,97.56
2008-03-03,11.35,11.9,4.8,95.2
2008-03-04,11.04,11.66,5.63,94.37
2008-03-05,11.12,11.49,3.3,96.7
2008-03-06,10.75,11.02,2.56,97.44
2008-03-07,10.76,11.02,2.4,97.6
2008-03-10,10.27,10.93,6.4,93.6
2008-03-11,10.92,11.16,2.11,97.89
2008-03-12,10.93,11.13,1.77,98.23
2008-03-13,11.0,11.13,1.12,98.88
2008-03-14,10.88,11.01,1.2,98.8
2008-03-17,10.43,10.71,2.71,97.29
2008-03-18,10.91,10.9,0.09,99.91
2008-03-19,10.73,10.81,0.76,99.24
2008-03-20,10.77,10.84,0.7,99.3
2008-03-24,11.44,11.14,2.64,97.36
2008-03-25,11.2,11.23,0.29,99.71
2008-03-26,11.38,11.23,1.33,98.67
2008-03-27,11.03,11.2,1.56,98.44
2008-03-28,10.88,11.2,2.95,97.05
2008-03-31,10.94,11.32,3.48,96.52
2008-04-01,11.57,11.32,2.13,97.87
2008-04-02,11.57,11.32,2.12,97.88
2008-04-03,11.3,11.23,0.67,99.33
2008-04-04,11.7,11.47,1.99,98.01
2008-04-07,11.84,11.79,0.42,99.58
2008-04-08,11.62,11.56,0.55,99.45
2008-04-09,11.53,11.63,0.84,99.16
2008-04-10,11.65,11.63,0.19,99.81
2008-04-11,11.36,11.27,0.78,99.22
2008-04-14,11.22,11.42,1.78,98.22
2008-04-15,11.1,11.19,0.87,99.13
2008-04-16,11.3,11.47,1.52,98.48
2008-04-17,11.17,11.39,1.97,98.03
2008-04-18,13.4,12.18,9.1,90.9
2008-04-21,13.36,12.31,7.85,92.15
2008-04-22,13.78,12.45,9.68,90.32
2008-04-23,13.57,12.68,6.58,93.42
2008-04-24,13.49,12.93,4.12,95.88
2008-04-25,13.51,12.95,4.19,95.81
2008-04-28,13.71,13.15,4.11,95.89
2008-04-29,13.87,13.3,4.12,95.88
2008-04-30,14.26,13.3,6.76,93.24
2008-05-01,14.73,14.12,4.12,95.88
2008-05-02,14.44,14.08,2.48,97.52
2008-05-05,14.78,14.37,2.73,97.27
2008-05-06,14.56,14.55,0.11,99.89
2008-05-07,14.38,14.74,2.47,97.53
2008-05-08,14.48,14.69,1.45,98.55
2008-05-09,14.24,14.61,2.61,97.39
2008-05-12,14.53,14.54,0.05,99.95
2008-05-13,14.48,14.7,1.5,98.5
2008-05-14,14.31,14.64,2.27,97.73
2008-05-15,14.43,14.66,1.6,98.4
2008-05-16,14.41,14.56,1.09,98.91
2008-05-19,14.34,14.49,1.05,98.95
2008-05-20,14.37,14.38,0.03,99.97
2008-05-21,13.66,13.71,0.38,99.62
2008-05-22,13.65,13.85,1.46,98.54
2008-05-23,13.53,13.64,0.8,99.2
2008-05-27,13.93,14.03,0.7,99.3
2008-05-28,14.11,14.05,0.43,99.57
2008-05-29,14.48,14.09,2.7,97.3
2008-05-30,14.55,14.21,2.31,97.69
2008-06-02,14.28,13.82,3.23,96.77
2008-06-03,14.09,13.82,1.91,98.09
2008-06-04,14.21,14.04,1.18,98.82
2008-06-05,14.56,14.25,2.14,97.86
2008-06-06,14.08,14.01,0.53,99.47
2008-06-09,13.86,14.01,1.1,98.9
2008-06-10,13.76,14.2,3.17,96.83
2008-06-11,13.54,13.93,2.9,97.1
2008-06-12,13.73,14.14,2.95,97.05
2008-06-13,14.19,14.26,0.45,99.55
2008-06-16,14.23,14.17,0.41,99.59
2008-06-17,14.14,14.12,0.16,99.84
2008-06-18,13.97,13.71,1.85,98.15
2008-06-19,13.91,13.62,2.09,97.91
2008-06-20,13.57,13.54,0.21,99.79
2008-06-23,13.54,13.68,1.01,98.99
2008-06-24,13.47,13.49,0.18,99.82
2008-06-25,13.69,13.34,2.5,97.5
2008-06-26,13.13,13.32,1.37,98.63
2008-06-27,13.12,13.24,0.92,99.08
2008-06-30,13.07,13.29,1.65,98.35
2008-07-01,13.28,13.54,1.94,98.06
2008-07-02,13.09,13.32,1.77,98.23
2008-07-03,13.34,12.9,3.31,96.69
2008-07-07,13.51,12.99,3.86,96.14
2008-07-08,13.77,13.29,3.5,96.5
2008-07-09,13.45,13.26,1.42,98.58
2008-07-10,13.43,13.29,1.01,98.99
2008-07-11,13.26,13.29,0.25,99.75
2008-07-14,12.96,13.2,1.92,98.08
2008-07-15,12.82,12.98,1.3,98.7
2008-07-16,13.3,13.15,1.14,98.86
2008-07-17,13.25,13.38,0.96,99.04
2008-07-18,11.95,12.78,6.92,93.08
2008-07-21,11.64,12.65,8.68,91.32
2008-07-22,11.85,12.79,7.97,92.03
2008-07-23,12.15,12.81,5.38,94.62
2008-07-24,11.81,12.03,1.86,98.14
2008-07-25,12.22,12.16,0.51,99.49
2008-07-28,11.85,11.82,0.27,99.73
2008-07-29,12.0,11.85,1.27,98.73
2008-07-30,11.99,11.83,1.34,98.66
2008-07-31,11.77,11.83,0.52,99.48
2008-08-01,11.62,11.78,1.36,98.64
2008-08-04,11.5,11.77,2.36,97.64
2008-08-05,11.92,11.67,2.07,97.93
2008-08-06,12.08,11.83,2.07,97.93
2008-08-07,11.9,12.11,1.75,98.25
2008-08-08,12.29,12.33,0.26,99.74
2008-08-11,12.44,12.33,0.91,99.09
2008-08-12,12.48,12.39,0.78,99.22
2008-08-13,12.42,12.54,0.96,99.04
2008-08-14,12.56,12.47,0.69,99.31
2008-08-15,12.67,12.71,0.28,99.72
2008-08-18,12.38,12.47,0.74,99.26
2008-08-19,12.18,12.35,1.37,98.63
2008-08-20,12.05,12.46,3.4,96.6
2008-08-21,12.08,12.47,3.18,96.82
2008-08-22,12.18,12.63,3.69,96.31
2008-08-25,12.0,12.35,2.94,97.06
2008-08-26,11.78,12.11,2.81,97.19
2008-08-27,11.64,12.11,4.03,95.97
2008-08-28,11.77,11.66,0.94,99.06
2008-08-29,11.51,11.43,0.64,99.36
2008-09-02,11.56,11.43,1.06,98.94
2008-09-03,11.53,11.47,0.56,99.44
2008-09-04,11.18,11.32,1.21,98.79
2008-09-05,11.03,11.1,0.62,99.38
2008-09-08,10.43,10.95,4.96,95.04
2008-09-09,10.4,10.92,5.01,94.99
2008-09-10,10.29,10.62,3.28,96.72
2008-09-11,10.77,10.79,0.19,99.81
2008-09-12,10.87,10.77,0.95,99.05
2008-09-15,10.78,10.8,0.26,99.74
2008-09-16,11.0,10.93,0.64,99.36
2008-09-17,10.29,10.66,3.52,96.48
2008-09-18,10.91,10.84,0.57,99.43
2008-09-19,11.16,10.93,2.02,97.98
2008-09-22,10.68,10.84,1.5,98.5
2008-09-23,10.66,10.84,1.7,98.3
2008-09-24,10.81,10.93,1.14,98.86
2008-09-25,10.92,10.97,0.44,99.56
2008-09-26,10.71,11.11,3.78,96.22
2008-09-29,9.46,10.44,10.35,89.65
2008-09-30,9.95,10.59,6.5,93.5
2008-10-01,10.23,10.56,3.25,96.75
2008-10-02,9.7,10.44,7.66,92.34
2008-10-03,9.61,10.44,8.66,91.34
2008-10-06,9.22,9.79,6.19,93.81
2008-10-07,8.59,9.4,9.39,90.61
2008-10-08,8.4,9.09,8.24,91.76
2008-10-09,8.17,8.85,8.34,91.66
2008-10-10,8.25,8.88,7.73,92.27
2008-10-13,9.46,9.19,2.89,97.11
2008-10-14,9.01,8.96,0.58,99.42
2008-10-15,8.42,8.83,4.8,95.2
2008-10-16,8.77,8.98,2.45,97.55
2008-10-17,9.25,9.17,0.93,99.07
2008-10-20,9.42,9.13,3.08,96.92
2008-10-21,9.01,9.02,0.06,99.94
2008-10-22,8.83,9.12,3.25,96.75
2008-10-23,8.75,8.7,0.62,99.38
2008-10-24,8.43,8.68,3.04,96.96
2008-10-27,8.18,8.68,6.1,93.9
2008-10-28,9.16,8.96,2.22,97.78
2008-10-29,8.89,8.83,0.67,99.33
2008-10-30,8.93,8.82,1.27,98.73
2008-10-31,8.93,8.62,3.39,96.61
2008-11-03,8.61,8.62,0.2,99.8
2008-11-04,9.11,8.83,3.09,96.91
2008-11-05,8.5,8.66,1.87,98.13
2008-11-06,8.23,8.51,3.41,96.59
2008-11-07,8.22,8.47,3.04,96.96
2008-11-10,7.92,8.51,7.45,92.55
2008-11-11,7.74,8.26,6.75,93.25
2008-11-12,7.23,8.07,11.67,88.33
2008-11-13,7.75,8.37,8.03,91.97
2008-11-14,7.7,8.37,8.75,91.25
2008-11-17,7.45,8.07,8.28,91.72
2008-11-18,7.39,8.07,9.26,90.74
2008-11-19,6.96,7.61,9.31,90.69
2008-11-20,6.45,7.53,16.82,83.18
2008-11-21,6.52,7.12,9.16,90.84
2008-11-24,6.39,7.01,9.68,90.32
2008-11-25,7.01,7.17,2.41,97.59
2008-11-26,7.25,7.33,1.02,98.98
2008-11-28,7.28,7.33,0.72,99.28
2008-12-01,6.61,6.63,0.38,99.62
2008-12-02,6.83,6.7,1.98,98.02
2008-12-03,6.94,6.96,0.25,99.75
2008-12-04,6.81,6.86,0.7,99.3
2008-12-05,7.05,6.92,1.87,98.13
2008-12-08,7.5,7.08,5.63,94.37
2008-12-09,7.6,7.08,6.82,93.18
2008-12-10,7.67,7.31,4.64,95.36
2008-12-11,7.46,7.51,0.72,99.28
2008-12-12,7.84,7.85,0.04,99.96
2008-12-15,7.72,7.85,1.68,98.32
2008-12-16,8.08,7.77,3.82,96.18
2008-12-17,7.83,7.55,3.52,96.48
2008-12-18,7.71,7.55,1.97,98.03
2008-12-19,7.7,7.85,1.85,98.15
2008-12-22,7.38,7.55,2.37,97.63
2008-12-23,7.4,7.68,3.7,96.3
2008-12-24,7.52,7.78,3.42,96.58
2008-12-26,7.46,7.68,2.89,97.11
2008-12-29,7.39,7.55,2.16,97.84
2008-12-30,7.53,7.57,0.52,99.48
2008-12-31,7.64,7.62,0.28,99.72
2009-01-02,7.98,7.81,2.15,97.85
2009-01-05,8.15,7.71,5.42,94.58
2009-01-06,8.3,7.99,3.71,96.29
2009-01-07,8.0,7.7,3.75,96.25
2009-01-08,8.08,7.87,2.55,97.45
2009-01-09,7.83,7.82,0.05,99.95
2009-01-12,7.77,7.82,0.71,99.29
2009-01-13,7.81,7.97,2.14,97.86
2009-01-14,7.48,7.82,4.63,95.37
2009-01-15,7.43,7.7,3.66,96.34
2009-01-16,7.44,7.74,3.99,96.01
2009-01-20,7.02,7.54,7.38,92.62
2009-01-21,7.53,7.68,2.05,97.95
2009-01-22,7.61,7.62,0.09,99.91
2009-01-23,8.06,7.82,3.02,96.98
2009-01-26,8.04,7.7,4.31,95.69
2009-01-27,8.23,7.74,5.99,94.01
2009-01-28,8.66,8.31,4.01,95.99
2009-01-29,8.53,8.21,3.72,96.28
2009-01-30,8.41,8.26,1.75,98.25
2009-02-02,8.46,8.32,1.69,98.31
2009-02-03,8.46,8.31,1.69,98.31
2009-02-04,8.52,8.5,0.21,99.79
2009-02-05,8.79,8.94,1.8,98.2
2009-02-06,9.22,8.97,2.76,97.24
2009-02-09,9.41,9.12,3.01,96.99
2009-02-10,8.9,8.89,0.14,99.86
2009-02-11,8.89,9.04,1.69,98.31
2009-02-12,9.02,8.87,1.58,98.42
2009-02-13,8.88,8.8,0.95,99.05
2009-02-17,8.51,8.57,0.71,99.29
2009-02-18,8.77,8.53,2.7,97.3
2009-02-19,8.51,8.45,0.68,99.32
2009-02-20,8.6,8.53,0.83,99.17
2009-02-23,8.2,8.37,2.15,97.85
2009-02-24,8.58,8.53,0.54,99.46
2009-02-25,8.49,8.45,0.39,99.61
2009-02-26,8.37,8.37,0.01,99.99
2009-02-27,8.39,8.23,2.02,97.98
2009-03-02,8.13,8.07,0.67,99.33
2009-03-03,8.08,8.1,0.2,99.8
2009-03-04,7.92,8.07,1.9,98.1
2009-03-05,7.59,7.98,5.12,94.88
2009-03-06,7.66,8.07,5.31,94.69
2009-03-09,7.22,7.7,6.55,93.45
2009-03-10,7.65,7.7,0.57,99.43
2009-03-11,7.9,7.88,0.14,99.86
2009-03-12,8.04,8.0,0.44,99.56
2009-03-13,8.06,8.04,0.26,99.74
2009-03-16,7.94,7.88,0.7,99.3
2009-03-17,8.33,8.04,3.51,96.49
2009-03-18,8.27,8.04,2.86,97.14
2009-03-19,8.19,8.04,1.93,98.07
2009-03-20,8.2,8.16,0.49,99.51
2009-03-23,8.66,8.58,0.87,99.13
2009-03-24,8.62,8.69,0.77,99.23
2009-03-25,8.55,8.87,3.85,96.15
2009-03-26,8.77,8.87,1.14,98.86
2009-03-27,8.64,8.97,3.84,96.16
2009-03-30,8.51,8.87,4.27,95.73
2009-03-31,8.64,8.87,2.66,97.34
2009-04-01,8.79,8.87,0.91,99.09
2009-04-02,9.0,8.87,1.43,98.57
2009-04-03,9.18,8.97,2.36,97.64
2009-04-06,9.15,8.87,2.97,97.03
2009-04-07,8.91,8.8,1.22,98.78
2009-04-08,8.99,9.12,1.48,98.52
2009-04-09,9.25,9.02,2.5,97.5
2009-04-13,9.39,9.12,2.85,97.15
2009-04-14,9.16,8.94,2.45,97.55
2009-04-15,9.43,9.55,1.31,98.69
2009-04-16,9.66,9.55,1.1,98.9
2009-04-17,9.74,9.57,1.8,98.2
2009-04-20,9.42,9.68,2.79,97.21
2009-04-21,9.47,9.65,1.83,98.17
2009-04-22,9.53,9.6,0.66,99.34
2009-04-23,9.55,9.49,0.71,99.29
2009-04-24,9.67,9.48,1.97,98.03
2009-04-27,9.59,9.53,0.54,99.46
2009-04-28,9.53,9.75,2.31,97.69
2009-04-29,9.72,9.78,0.6,99.4
2009-04-30,9.83,9.76,0.76,99.24
2009-05-01,9.78,9.6,1.87,98.13
2009-05-04,9.98,10.01,0.26,99.74
2009-05-05,10.01,10.01,0.01,99.99
2009-05-06,10.02,9.84,1.83,98.17
2009-05-07,9.85,9.74,1.13,98.87
2009-05-08,10.12,10.53,4.1,95.9
2009-05-11,10.13,10.49,3.5,96.5
2009-05-12,9.91,10.28,3.77,96.23
2009-05-13,9.68,10.06,3.97,96.03
2009-05-14,9.62,9.91,3.01,96.99
2009-05-15,9.69,10.06,3.84,96.16
2009-05-18,9.86,10.18,3.26,96.74
2009-05-19,9.91,10.17,2.62,97.38
2009-05-20,9.86,10.06,1.97,98.03
2009-05-21,9.85,10.06,2.14,97.86
2009-05-22,9.77,9.88,1.07,98.93
2009-05-26,10.04,10.06,0.16,99.84
2009-05-27,10.07,10.06,0.14,99.86
2009-05-28,10.19,10.28,0.86,99.14
2009-05-29,10.36,10.18,1.78,98.22
2009-06-01,10.59,10.35,2.3,97.7
2009-06-02,10.64,10.5,1.31,98.69
2009-06-03,10.72,10.72,0.01,99.99
2009-06-04,10.94,10.92,0.16,99.84
2009-06-05,11.04,10.92,1.06,98.94
2009-06-08,10.9,10.79,1.02,98.98
2009-06-09,10.82,10.77,0.46,99.54
2009-06-10,10.74,10.77,0.24,99.76
2009-06-11,10.66,10.67,0.18,99.82
2009-06-12,10.55,11.05,4.69,95.31
2009-06-15,10.35,10.86,4.89,95.11
2009-06-16,10.33,10.36,0.31,99.69
2009-06-17,10.31,10.25,0.64,99.36
2009-06-18,10.28,10.1,1.78,98.22
2009-06-19,10.43,10.06,3.54,96.46
2009-06-22,10.12,9.82,2.94,97.06
2009-06-23,10.08,9.79,2.82,97.18
2009-06-24,10.17,9.67,4.86,95.14
2009-06-25,10.33,9.73,5.73,94.27
2009-06-26,10.56,9.98,5.54,94.46
2009-06-29,10.53,10.06,4.46,95.54
2009-06-30,10.47,10.06,3.88,96.12
2009-07-01,10.41,10.06,3.29,96.71
2009-07-02,10.15,9.98,1.65,98.35
2009-07-06,10.17,10.06,1.07,98.93
2009-07-07,9.85,9.98,1.29,98.71
2009-07-08,10.0,10.06,0.68,99.32
2009-07-09,10.19,10.1,0.91,99.09
2009-07-10,10.29,10.1,1.86,98.14
2009-07-13,10.54,10.47,0.67,99.33
2009-07-14,10.55,10.47,0.73,99.27
2009-07-15,10.88,10.58,2.78,97.22
2009-07-16,10.99,11.07,0.74,99.26
2009-07-17,10.69,10.74,0.49,99.51
2009-07-20,10.68,10.74,0.51,99.49
2009-07-21,10.63,10.74,1.04,98.96
2009-07-22,10.62,10.78,1.45,98.55
2009-07-23,10.86,11.1,2.14,97.86
2009-07-24,11.1,11.15,0.49,99.51
2009-07-27,11.05,11.26,1.95,98.05
2009-07-28,10.92,11.17,2.22,97.78
2009-07-29,10.84,11.1,2.4,97.6
2009-07-30,11.07,11.15,0.73,99.27
2009-07-31,11.0,10.96,0.36,99.64
2009-08-03,11.23,11.07,1.4,98.6
2009-08-04,11.27,10.96,2.74,97.26
2009-08-05,11.21,11.07,1.22,98.78
2009-08-06,11.19,11.22,0.26,99.74
2009-08-07,11.35,11.64,2.54,97.46
2009-08-10,11.34,11.66,2.81,97.19
2009-08-11,11.27,11.64,3.25,96.75
2009-08-12,11.39,11.59,1.73,98.27
2009-08-13,11.48,11.57,0.73,99.27
2009-08-14,11.43,11.57,1.23,98.77
2009-08-17,11.05,11.32,2.46,97.54
2009-08-18,11.06,11.44,3.45,96.55
2009-08-19,11.03,11.19,1.44,98.56
2009-08-20,11.44,11.52,0.76,99.24
2009-08-21,11.56,11.5,0.48,99.52
2009-08-24,11.64,11.52,1.05,98.95
2009-08-25,11.71,11.57,1.21,98.79
2009-08-26,11.62,11.55,0.61,99.39
2009-08-27,11.58,11.48,0.86,99.14
2009-08-28,11.54,11.48,0.58,99.42
2009-08-31,11.47,11.55,0.74,99.26
2009-09-01,11.32,11.24,0.71,99.29
2009-09-02,11.25,11.18,0.67,99.33
2009-09-03,11.36,11.21,1.33,98.67
2009-09-04,11.46,11.72,2.27,97.73
2009-09-08,11.39,11.63,2.14,97.86
2009-09-09,11.52,11.72,1.68,98.32
2009-09-10,11.7,11.56,1.14,98.86
2009-09-11,11.73,11.56,1.39,98.61
2009-09-14,11.8,11.56,2.01,97.99
2009-09-15,11.86,11.86,0.01,99.99
2009-09-16,12.13,12.09,0.32,99.68
2009-09-17,12.21,12.26,0.37,99.63
2009-09-18,12.21,12.23,0.19,99.81
2009-09-21,12.34,12.42,0.63,99.37
2009-09-22,12.4,12.62,1.78,98.22
2009-09-23,12.38,12.69,2.54,97.46
2009-09-24,12.34,12.69,2.81,97.19
2009-09-25,12.23,12.55,2.57,97.43
2009-09-28,12.38,12.67,2.32,97.68
2009-09-29,12.38,12.61,1.81,98.19
2009-09-30,12.32,12.55,1.87,98.13
2009-10-01,12.1,12.32,1.81,98.19
2009-10-02,12.04,12.34,2.51,97.49
2009-10-05,12.13,12.41,2.27,97.73
2009-10-06,12.39,12.37,0.16,99.84
2009-10-07,12.85,12.94,0.68,99.32
2009-10-08,12.77,12.89,0.9,99.1
2009-10-09,12.82,12.85,0.21,99.79
2009-10-12,13.02,12.89,0.94,99.06
2009-10-13,13.07,12.94,0.96,99.04
2009-10-14,13.3,12.95,2.6,97.4
2009-10-15,13.16,13.2,0.29,99.71
2009-10-16,13.66,13.5,1.17,98.83
2009-10-19,13.71,13.75,0.27,99.73
2009-10-20,13.7,13.75,0.34,99.66
2009-10-21,13.69,13.9,1.52,98.48
2009-10-22,13.76,13.99,1.66,98.34
2009-10-23,13.75,13.99,1.73,98.27
2009-10-26,13.77,14.1,2.43,97.57
2009-10-27,13.62,13.9,2.05,97.95
2009-10-28,13.42,14.09,5.01,94.99
2009-10-29,13.69,14.1,3.02,96.98
2009-10-30,13.32,13.83,3.88,96.12
2009-11-02,13.26,13.61,2.63,97.37
2009-11-03,13.34,13.57,1.72,98.28
2009-11-04,13.42,13.69,2.03,97.97
2009-11-05,13.63,13.54,0.63,99.37
2009-11-06,13.69,13.53,1.18,98.82
2009-11-09,13.97,13.76,1.52,98.48
2009-11-10,14.08,13.76,2.26,97.74
2009-11-11,14.17,13.83,2.41,97.59
2009-11-12,14.1,13.76,2.44,97.56
2009-11-13,14.21,13.97,1.68,98.32
2009-11-16,14.31,14.28,0.23,99.77
2009-11-17,14.34,14.38,0.27,99.73
2009-11-18,14.32,14.33,0.05,99.95
2009-11-19,14.23,14.73,3.48,96.52
2009-11-20,14.16,14.66,3.59,96.41
2009-11-23,14.46,14.72,1.8,98.2
2009-11-24,14.48,14.92,3.01,96.99
2009-11-25,14.55,14.87,2.22,97.78
2009-11-27,14.4,14.72,2.2,97.8
2009-11-30,14.48,14.71,1.58,98.42
2009-12-01,14.65,14.71,0.4,99.6
2009-12-02,14.59,14.71,0.83,99.17
2009-12-03,14.55,14.72,1.18,98.82
2009-12-04,14.53,14.64,0.73,99.27
2009-12-07,14.56,14.58,0.13,99.87
2009-12-08,14.58,14.58,0.0,100.0
2009-12-09,14.63,14.65,0.16,99.84
2009-12-10,14.69,14.77,0.53,99.47
2009-12-11,14.67,14.78,0.75,99.25
2009-12-14,14.8,14.77,0.19,99.81
2009-12-15,14.73,14.93,1.37,98.63
2009-12-16,14.85,14.97,0.85,99.15
2009-12-17,14.75,15.24,3.29,96.71
2009-12-18,14.81,15.19,2.53,97.47
2009-12-21,14.87,15.12,1.69,98.31
2009-12-22,14.93,15.24,2.05,97.95
2009-12-23,15.19,15.46,1.73,98.27
2009-12-24,15.36,15.52,1.01,98.99
2009-12-28,15.47,15.52,0.3,99.7
2009-12-29,15.38,15.54,1.0,99.0
2009-12-30,15.47,15.54,0.46,99.54
2009-12-31,15.4,15.54,0.9,99.1
2010-01-04,15.57,15.7,0.86,99.14
2010-01-05,15.5,15.58,0.52,99.48
2010-01-06,15.11,15.38,1.79,98.21
2010-01-07,14.76,15.03,1.89,98.11
2010-01-08,14.95,15.28,2.17,97.83
2010-01-11,14.93,15.24,2.07,97.93
2010-01-12,14.67,15.13,3.14,96.86
2010-01-13,14.58,14.98,2.74,97.26
2010-01-14,14.65,14.76,0.78,99.22
2010-01-15,14.41,14.46,0.36,99.64
2010-01-19,14.59,14.33,1.83,98.17
2010-01-20,14.42,14.25,1.13,98.87
2010-01-21,14.48,14.25,1.57,98.43
2010-01-22,13.66,13.93,1.98,98.02
2010-01-25,13.41,13.49,0.56,99.44
2010-01-26,13.47,13.53,0.42,99.58
2010-01-27,13.46,13.53,0.48,99.52
2010-01-28,13.27,13.34,0.51,99.49
2010-01-29,13.16,13.0,1.21,98.79
2010-02-01,13.24,13.0,1.78,98.22
2010-02-02,13.19,12.98,1.61,98.39
2010-02-03,13.43,13.09,2.53,97.47
2010-02-04,13.08,12.73,2.7,97.3
2010-02-05,13.2,12.84,2.66,97.34
2010-02-08,13.25,12.76,3.68,96.32
2010-02-09,13.32,12.88,3.32,96.68
2010-02-10,13.27,12.8,3.54,96.46
2010-02-11,13.32,13.2,0.89,99.11
2010-02-12,13.24,13.29,0.37,99.63
2010-02-16,13.44,13.43,0.08,99.92
2010-02-17,13.37,13.19,1.35,98.65
2010-02-18,13.49,13.5,0.03,99.97
2010-02-19,13.43,13.5,0.48,99.52
2010-02-22,13.48,13.5,0.11,99.89
2010-02-23,13.29,13.38,0.66,99.34
2010-02-24,13.2,13.14,0.49,99.51
2010-02-25,13.08,13.34,2.01,97.99
2010-02-26,13.08,13.14,0.39,99.61
2010-03-01,13.23,13.28,0.36,99.64
2010-03-02,13.44,13.38,0.46,99.54
2010-03-03,13.54,13.5,0.36,99.64
2010-03-04,13.77,13.64,0.98,99.02
2010-03-05,14.01,13.76,1.84,98.16
2010-03-08,13.97,13.7,1.94,98.06
2010-03-09,13.91,13.96,0.35,99.65
2010-03-10,14.32,14.02,2.09,97.91
2010-03-11,14.43,14.28,1.06,98.94
2010-03-12,14.39,14.34,0.39,99.61
2010-03-15,13.99,14.27,2.04,97.96
2010-03-16,14.04,14.33,2.07,97.93
2010-03-17,14.05,14.53,3.41,96.59
2010-03-18,14.07,14.57,3.57,96.43
2010-03-19,13.91,14.46,3.97,96.03
2010-03-22,13.85,14.33,3.48,96.52
2010-03-23,13.64,14.14,3.69,96.31
2010-03-24,13.84,14.14,2.14,97.86
2010-03-25,13.98,14.04,0.43,99.57
2010-03-26,13.98,14.12,1.04,98.96
2010-03-29,13.97,13.95,0.14,99.86
2010-03-30,14.08,13.82,1.81,98.19
2010-03-31,14.09,13.65,3.06,96.94
2010-04-01,14.13,13.79,2.39,97.61
2010-04-05,14.18,14.18,0.01,99.99
2010-04-06,14.11,14.06,0.36,99.64
2010-04-07,14.0,13.86,1.0,99.0
2010-04-08,14.09,14.06,0.23,99.77
2010-04-09,14.06,14.18,0.84,99.16
2010-04-12,14.23,14.33,0.76,99.24
2010-04-13,14.57,14.79,1.46,98.54
2010-04-14,14.63,14.72,0.65,99.35
2010-04-15,14.79,14.92,0.88,99.12
2010-04-16,13.66,14.2,3.92,96.08
2010-04-19,13.66,14.09,3.12,96.88
2010-04-20,13.79,14.09,2.2,97.8
2010-04-21,13.77,14.09,2.34,97.66
2010-04-22,13.59,14.0,3.05,96.95
2010-04-23,13.54,13.49,0.32,99.68
2010-04-26,13.2,13.34,1.05,98.95
2010-04-27,13.14,13.17,0.25,99.75
2010-04-28,13.14,13.14,0.0,100.0
2010-04-29,13.21,13.17,0.31,99.69
2010-04-30,13.06,13.14,0.67,99.33
2010-05-03,13.18,12.75,3.29,96.71
2010-05-04,12.58,12.6,0.17,99.83
2010-05-05,12.66,12.56,0.78,99.22
2010-05-06,12.39,12.71,2.61,97.39
2010-05-07,12.25,12.64,3.22,96.78
2010-05-10,12.96,12.92,0.26,99.74
2010-05-11,12.64,12.54,0.81,99.19
2010-05-12,12.55,12.54,0.1,99.9
2010-05-13,12.69,12.26,3.36,96.64
2010-05-14,12.61,12.38,1.81,98.19
2010-05-17,12.62,12.43,1.45,98.55
2010-05-18,12.38,12.25,1.05,98.95
2010-05-19,12.28,12.14,1.16,98.84
2010-05-20,11.8,12.02,1.86,98.14
2010-05-21,11.72,12.02,2.5,97.5
2010-05-24,11.85,12.2,2.98,97.02
2010-05-25,11.85,12.13,2.34,97.66
2010-05-26,11.81,12.21,3.36,96.64
2010-05-27,12.18,12.19,0.04,99.96
2010-05-28,12.06,11.78,2.3,97.7
2010-06-01,11.98,11.78,1.64,98.36
2010-06-02,12.25,12.11,1.2,98.8
2010-06-03,12.56,12.03,4.19,95.81
2010-06-04,12.39,12.14,2.02,97.98
2010-06-07,12.06,12.02,0.31,99.69
2010-06-08,12.04,12.14,0.8,99.2
2010-06-09,11.77,12.08,2.58,97.42
2010-06-10,12.1,12.46,2.98,97.02
2010-06-11,12.13,12.5,3.0,97.0
2010-06-14,12.0,12.38,3.14,96.86
2010-06-15,12.37,12.5,1.04,98.96
2010-06-16,12.45,12.57,0.95,99.05
2010-06-17,12.42,12.42,0.04,99.96
2010-06-18,12.42,12.5,0.63,99.37
2010-06-21,12.13,12.38,2.01,97.99
2010-06-22,12.08,12.17,0.79,99.21
2010-06-23,11.97,12.0,0.23,99.77
2010-06-24,11.8,12.0,1.7,98.3
2010-06-25,11.74,11.82,0.7,99.3
2010-06-28,11.73,11.82,0.83,99.17
2010-06-29,11.28,11.71,3.76,96.24
2010-06-30,11.05,11.35,2.7,97.3
2010-07-01,10.92,11.25,3.06,96.94
2010-07-02,10.84,11.1,2.4,97.6
2010-07-06,10.83,10.92,0.82,99.18
2010-07-07,11.18,10.92,2.35,97.65
2010-07-08,11.34,11.1,2.14,97.86
2010-07-09,11.61,11.22,3.39,96.61
2010-07-12,11.82,11.49,2.77,97.23
2010-07-13,12.15,11.73,3.44,96.56
2010-07-14,12.2,11.79,3.39,96.61
2010-07-15,12.27,11.93,2.74,97.26
2010-07-16,11.42,11.52,0.91,99.09
2010-07-19,11.58,11.56,0.2,99.8
2010-07-20,11.96,11.95,0.09,99.91
2010-07-21,11.86,12.0,1.21,98.79
2010-07-22,12.04,12.17,1.05,98.95
2010-07-23,12.17,12.22,0.41,99.59
2010-07-26,12.14,12.29,1.21,98.79
2010-07-27,12.24,12.24,0.01,99.99
2010-07-28,12.03,12.07,0.37,99.63
2010-07-29,12.05,12.0,0.35,99.65
2010-07-30,12.04,12.04,0.05,99.95
2010-08-02,12.18,12.03,1.2,98.8
2010-08-03,12.17,11.94,1.89,98.11
2010-08-04,12.58,12.14,3.45,96.55
2010-08-05,12.62,12.55,0.58,99.42
2010-08-06,12.42,12.43,0.07,99.93
2010-08-09,12.55,12.69,1.13,98.87
2010-08-10,12.51,12.93,3.37,96.63
2010-08-11,12.21,12.57,2.93,97.07
2010-08-12,12.22,12.53,2.57,97.43
2010-08-13,12.08,12.36,2.3,97.7
2010-08-16,12.06,12.32,2.16,97.84
2010-08-17,12.18,12.42,1.91,98.09
2010-08-18,11.98,12.17,1.65,98.35
2010-08-19,11.62,11.74,0.97,99.03
2010-08-20,11.48,11.5,0.21,99.79
2010-08-23,11.53,11.6,0.62,99.38
2010-08-24,11.21,11.17,0.35,99.65
2010-08-25,11.29,11.32,0.24,99.76
2010-08-26,11.2,11.25,0.43,99.57
2010-08-27,11.4,11.1,2.57,97.43
2010-08-30,11.24,11.1,1.25,98.75
2010-08-31,11.18,11.11,0.64,99.36
2010-09-01,11.43,11.23,1.81,98.19
2010-09-02,11.5,11.41,0.8,99.2
2010-09-03,11.68,11.5,1.56,98.44
2010-09-07,11.53,11.38,1.34,98.66
2010-09-08,11.69,11.5,1.62,98.38
2010-09-09,11.83,11.78,0.42,99.58
2010-09-10,11.83,11.86,0.28,99.72
2010-09-13,11.98,11.96,0.16,99.84
2010-09-14,11.93,12.17,1.97,98.03
2010-09-15,11.94,12.17,1.92,98.08
2010-09-16,11.95,12.23,2.35,97.65
2010-09-17,12.17,12.28,0.91,99.09
2010-09-20,12.62,12.65,0.24,99.76
2010-09-21,12.75,12.69,0.53,99.47
2010-09-22,12.82,12.69,1.02,98.98
2010-09-23,12.75,12.61,1.15,98.85
2010-09-24,13.1,12.97,0.97,99.03
2010-09-27,13.17,13.19,0.15,99.85
2010-09-28,13.09,13.18,0.7,99.3
2010-09-29,13.11,13.18,0.6,99.4
2010-09-30,13.06,13.11,0.36,99.64
2010-10-01,13.06,13.2,1.15,98.85
2010-10-04,12.97,13.51,4.15,95.85
2010-10-05,13.37,13.56,1.41,98.59
2010-10-06,13.27,13.5,1.69,98.31
2010-10-07,13.16,13.5,2.53,97.47
2010-10-08,13.32,13.65,2.43,97.57
2010-10-11,13.38,13.65,1.96,98.04
2010-10-12,13.45,13.69,1.8,98.2
2010-10-13,13.49,13.7,1.51,98.49
2010-10-14,13.44,13.57,1.03,98.97
2010-10-15,14.94,14.11,5.51,94.49
2010-10-18,15.34,14.6,4.84,95.16
2010-10-19,15.1,14.74,2.39,97.61
2010-10-20,15.1,14.93,1.14,98.86
2010-10-21,15.2,14.94,1.68,98.32
2010-10-22,15.21,14.99,1.48,98.52
2010-10-25,15.31,14.94,2.4,97.6
2010-10-26,15.36,14.99,2.45,97.55
2010-10-27,15.31,15.05,1.7,98.3
2010-10-28,15.36,15.35,0.1,99.9
2010-10-29,15.24,15.46,1.42,98.58
2010-11-01,15.27,15.41,0.9,99.1
2010-11-02,15.29,15.57,1.86,98.14
2010-11-03,15.4,15.62,1.4,98.6
2010-11-04,15.51,15.38,0.78,99.22
2010-11-05,15.53,15.25,1.79,98.21
2010-11-08,15.57,15.7,0.85,99.15
2010-11-09,15.52,15.58,0.39,99.61
2010-11-10,15.47,15.51,0.26,99.74
2010-11-11,15.33,15.36,0.19,99.81
2010-11-12,14.98,14.71,1.86,98.14
2010-11-15,14.79,14.46,2.25,97.75
2010-11-16,14.5,14.37,0.89,99.11
2010-11-17,14.49,14.31,1.29,98.71
2010-11-18,14.82,14.76,0.35,99.65
2010-11-19,14.67,14.52,1.06,98.94
2010-11-22,14.68,14.33,2.43,97.57
2010-11-23,14.48,14.23,1.7,98.3
2010-11-24,14.78,14.33,3.04,96.96
2010-11-26,14.65,14.29,2.52,97.48
2010-11-29,14.46,14.06,2.78,97.22
2010-11-30,13.8,13.93,0.93,99.07
2010-12-01,14.02,14.05,0.2,99.8
2010-12-02,14.2,14.11,0.62,99.38
2010-12-03,14.23,14.03,1.43,98.57
2010-12-06,14.36,14.24,0.84,99.16
2010-12-07,14.58,14.49,0.66,99.34
2010-12-08,14.67,14.49,1.23,98.77
2010-12-09,14.69,14.28,2.79,97.21
2010-12-10,14.71,14.49,1.51,98.49
2010-12-13,14.77,14.49,1.91,98.09
2010-12-14,14.78,14.61,1.15,98.85
2010-12-15,14.66,14.28,2.59,97.41
2010-12-16,14.7,14.49,1.43,98.57
2010-12-17,14.67,14.59,0.55,99.45
2010-12-20,14.78,15.42,4.36,95.64
2010-12-21,14.98,15.42,2.98,97.02
2010-12-22,15.04,15.58,3.6,96.4
2010-12-23,15.01,15.52,3.39,96.61
2010-12-27,14.96,15.46,3.3,96.7
2010-12-28,14.88,15.23,2.36,97.64
2010-12-29,14.93,15.23,2.0,98.0
2010-12-30,14.87,15.07,1.34,98.66
2010-12-31,14.75,14.95,1.37,98.63
2011-01-03,15.01,15.07,0.42,99.58
2011-01-04,14.96,15.07,0.79,99.21
2011-01-05,15.13,15.36,1.56,98.44
2011-01-06,15.24,15.36,0.82,99.18
2011-01-07,15.31,15.25,0.39,99.61
2011-01-10,15.26,15.52,1.72,98.28
2011-01-11,15.3,15.45,0.99,99.01
2011-01-12,15.32,15.43,0.71,99.29
2011-01-13,15.32,15.45,0.88,99.12
2011-01-14,15.5,15.53,0.15,99.85
2011-01-18,15.89,15.7,1.17,98.83
2011-01-19,15.69,15.66,0.17,99.83
2011-01-20,15.57,15.66,0.62,99.38
2011-01-21,15.2,15.57,2.43,97.57
2011-01-24,15.18,15.46,1.84,98.16
2011-01-25,15.4,15.57,1.09,98.91
2011-01-26,15.31,15.46,0.99,99.01
2011-01-27,15.32,15.38,0.37,99.63
2011-01-28,14.93,15.12,1.28,98.72
2011-01-31,14.91,15.12,1.39,98.61
2011-02-01,15.18,15.17,0.03,99.97
2011-02-02,15.2,15.17,0.19,99.81
2011-02-03,15.15,15.17,0.11,99.89
2011-02-04,15.18,15.12,0.38,99.62
2011-02-07,15.26,14.47,5.19,94.81
2011-02-08,15.36,15.09,1.77,98.23
2011-02-09,15.31,15.12,1.27,98.73
2011-02-10,15.31,15.41,0.62,99.38
2011-02-11,15.51,15.52,0.03,99.97
2011-02-14,15.6,15.5,0.68,99.32
2011-02-15,15.5,15.5,0.04,99.96
2011-02-16,15.5,15.5,0.05,99.95
2011-02-17,15.53,15.84,1.98,98.02
2011-02-18,15.65,15.85,1.31,98.69
2011-02-22,15.16,15.28,0.8,99.2
2011-02-23,15.18,15.34,1.02,98.98
2011-02-24,15.12,15.21,0.61,99.39
2011-02-25,15.15,15.28,0.83,99.17
2011-02-28,15.24,15.28,0.28,99.72
2011-03-01,14.92,14.9,0.13,99.87
2011-03-02,14.92,14.9,0.13,99.87
2011-03-03,15.14,15.17,0.21,99.79
2011-03-04,14.92,14.63,1.94,98.06
2011-03-07,14.7,14.43,1.79,98.21
2011-03-08,14.71,14.46,1.73,98.27
2011-03-09,14.7,14.46,1.64,98.36
2011-03-10,14.41,14.21,1.44,98.56
2011-03-11,14.32,14.14,1.26,98.74
2011-03-14,14.16,14.14,0.09,99.91
2011-03-15,14.15,14.1,0.32,99.68
2011-03-16,13.84,13.78,0.38,99.62
2011-03-17,13.94,13.63,2.22,97.78
2011-03-18,13.94,13.49,3.22,96.78
2011-03-21,14.32,13.87,3.11,96.89
2011-03-22,14.34,13.97,2.58,97.42
2011-03-23,14.46,13.82,4.44,95.56
2011-03-24,14.58,14.05,3.59,96.41
2011-03-25,14.4,14.05,2.4,97.6
2011-03-28,14.29,14.08,1.48,98.52
2011-03-29,14.45,14.24,1.41,98.59
2011-03-30,14.45,14.49,0.24,99.76
2011-03-31,14.57,14.56,0.09,99.91
2011-04-01,14.7,14.71,0.1,99.9
2011-04-04,14.6,14.63,0.25,99.75
2011-04-05,14.13,14.56,3.01,96.99
2011-04-06,14.26,14.56,2.1,97.9
2011-04-07,14.41,14.58,1.21,98.79
2011-04-08,14.36,14.44,0.57,99.43
2011-04-11,14.34,14.42,0.58,99.42
2011-04-12,14.17,14.2,0.19,99.81
2011-04-13,14.31,14.2,0.79,99.21
2011-04-14,14.37,14.34,0.18,99.82
2011-04-15,13.18,13.8,4.69,95.31
2011-04-18,13.09,13.59,3.85,96.15
2011-04-19,12.95,13.59,4.9,95.1
2011-04-20,13.06,13.56,3.85,96.15
2011-04-21,13.04,13.15,0.82,99.18
2011-04-25,13.04,12.98,0.48,99.52
2011-04-26,13.23,12.91,2.41,97.59
2011-04-27,13.36,12.91,3.31,96.69
2011-04-28,13.36,12.84,3.87,96.13
2011-04-29,13.51,12.91,4.44,95.56
2011-05-02,13.38,12.9,3.59,96.41
2011-05-03,13.26,12.9,2.75,97.25
2011-05-04,13.31,12.9,3.09,96.91
2011-05-05,13.27,12.84,3.24,96.76
2011-05-06,13.3,13.57,2.06,97.94
2011-05-09,13.35,13.72,2.75,97.25
2011-05-10,13.48,13.78,2.23,97.77
2011-05-11,13.3,13.51,1.59,98.41
2011-05-12,13.29,13.55,1.94,98.06
2011-05-13,13.15,13.38,1.72,98.28
2011-05-16,12.88,12.92,0.34,99.66
2011-05-17,13.18,13.14,0.3,99.7
2011-05-18,13.16,13.14,0.18,99.82
2011-05-19,13.19,13.05,1.1,98.9
2011-05-20,13.02,12.9,0.86,99.14
2011-05-23,12.88,12.85,0.17,99.83
2011-05-24,12.87,12.82,0.4,99.6
2011-05-25,12.91,12.9,0.03,99.97
2011-05-26,12.87,12.57,2.34,97.66
2011-05-27,12.94,12.6,2.61,97.39
2011-05-31,13.14,12.73,3.12,96.88
2011-06-01,13.05,12.82,1.83,98.17
2011-06-02,13.12,12.82,2.29,97.71
2011-06-03,12.99,12.82,1.36,98.64
2011-06-06,12.94,13.06,0.89,99.11
2011-06-07,12.89,12.6,2.26,97.74
2011-06-08,12.89,12.65,1.9,98.1
2011-06-09,12.83,12.45,2.99,97.01
2011-06-10,12.65,12.45,1.62,98.38
2011-06-13,12.54,12.45,0.69,99.31
2011-06-14,12.63,12.73,0.82,99.18
2011-06-15,12.49,12.45,0.33,99.67
2011-06-16,12.43,12.41,0.18,99.82
2011-06-17,12.05,12.22,1.43,98.57
2011-06-20,12.04,12.07,0.3,99.7
2011-06-21,12.24,11.9,2.84,97.16
2011-06-22,12.1,11.87,1.9,98.1
2011-06-23,11.93,11.85,0.67,99.33
2011-06-24,11.79,11.7,0.8,99.2
2011-06-27,11.99,11.94,0.42,99.58
2011-06-28,12.26,11.94,2.6,97.4
2011-06-29,12.36,12.05,2.49,97.51
2011-06-30,12.58,12.17,3.21,96.79
2011-07-01,12.94,12.5,3.43,96.57
2011-07-05,13.22,12.67,4.22,95.78
2011-07-06,13.3,12.8,3.74,96.26
2011-07-07,13.58,13.03,4.02,95.98
2011-07-08,13.21,13.03,1.38,98.62
2011-07-11,13.1,13.03,0.5,99.5
2011-07-12,13.26,13.33,0.49,99.51
2011-07-13,13.37,13.6,1.69,98.31
2011-07-14,13.14,13.43,2.2,97.8
2011-07-15,14.84,14.05,5.32,94.68
2011-07-18,14.78,14.24,3.64,96.36
2011-07-19,14.97,14.55,2.79,97.21
2011-07-20,14.79,14.55,1.61,98.39
2011-07-21,15.08,14.55,3.5,96.5
2011-07-22,15.36,14.74,4.03,95.97
2011-07-25,15.37,14.93,2.9,97.1
2011-07-26,15.46,14.93,3.45,96.55
2011-07-27,15.08,14.75,2.18,97.82
2011-07-28,15.17,15.17,0.0,100.0
2011-07-29,14.99,15.27,1.87,98.13
2011-08-01,15.07,15.23,1.06,98.94
2011-08-02,14.71,15.33,4.18,95.82
2011-08-03,14.93,15.38,3.03,96.97
2011-08-04,14.34,14.76,2.93,97.07
2011-08-05,14.38,14.76,2.66,97.34
2011-08-08,13.56,14.34,5.77,94.23
2011-08-09,14.24,14.6,2.53,97.47
2011-08-10,13.64,14.21,4.21,95.79
2011-08-11,13.96,14.31,2.52,97.48
2011-08-12,14.0,13.87,0.97,99.03
2011-08-15,13.84,13.71,0.92,99.08
2011-08-16,13.39,13.71,2.43,97.57
2011-08-17,13.24,13.49,1.86,98.14
2011-08-18,12.54,13.24,5.61,94.39
2011-08-19,12.19,13.14,7.8,92.2
2011-08-22,12.37,13.09,5.82,94.18
2011-08-23,12.89,12.88,0.06,99.94
2011-08-24,13.0,13.12,0.94,99.06
2011-08-25,12.92,12.81,0.85,99.15
2011-08-26,13.09,13.08,0.03,99.97
2011-08-29,13.39,13.0,2.94,97.06
2011-08-30,13.43,12.72,5.27,94.73
2011-08-31,13.44,13.04,2.97,97.03
2011-09-01,13.23,12.87,2.68,97.32
2011-09-02,13.04,12.87,1.26,98.74
2011-09-06,12.97,13.04,0.52,99.48
2011-09-07,13.26,13.12,1.08,98.92
2011-09-08,13.29,13.4,0.81,99.19
2011-09-09,13.04,13.66,4.76,95.24
2011-09-12,13.17,13.63,3.55,96.45
2011-09-13,13.15,13.43,2.12,97.88
2011-09-14,13.22,13.42,1.53,98.47
2011-09-15,13.48,13.6,0.9,99.1
2011-09-16,13.58,13.55,0.18,99.82
2011-09-19,13.58,13.48,0.69,99.31
2011-09-20,13.58,13.41,1.25,98.75
2011-09-21,13.39,13.21,1.33,98.67
2011-09-22,12.93,13.14,1.58,98.42
2011-09-23,13.05,13.29,1.84,98.16
2011-09-26,13.21,13.42,1.57,98.43
2011-09-27,13.4,13.31,0.63,99.37
2011-09-28,13.13,13.11,0.22,99.78
2011-09-29,13.1,13.31,1.6,98.4
2011-09-30,12.79,13.07,2.17,97.83
2011-10-03,12.31,12.7,3.22,96.78
2011-10-04,12.47,12.82,2.85,97.15
2011-10-05,12.54,12.64,0.83,99.17
2011-10-06,12.78,12.51,2.12,97.88
2011-10-07,12.79,12.51,2.19,97.81
2011-10-10,13.34,12.85,3.67,96.33
2011-10-11,13.49,12.71,5.83,94.17
2011-10-12,13.62,12.95,4.96,95.04
2011-10-13,13.88,13.36,3.79,96.21
2011-10-14,14.7,13.66,7.07,92.93
2011-10-17,14.47,13.82,4.48,95.52
2011-10-18,14.67,14.16,3.47,96.53
2011-10-19,14.42,14.11,2.17,97.83
2011-10-20,14.5,14.38,0.79,99.21
2011-10-21,14.67,14.61,0.39,99.61
2011-10-24,14.81,14.8,0.11,99.89
2011-10-25,14.48,14.74,1.74,98.26
2011-10-26,14.56,14.93,2.51,97.49
2011-10-27,14.87,14.93,0.39,99.61
2011-10-28,14.91,14.88,0.2,99.8
2011-10-31,14.72,14.75,0.23,99.77
2011-11-01,14.37,14.56,1.34,98.66
2011-11-02,14.53,14.49,0.21,99.79
2011-11-03,14.84,14.38,3.13,96.87
2011-11-04,14.81,14.9,0.65,99.35
2011-11-07,15.11,14.9,1.36,98.64
2011-11-08,15.21,15.06,1.01,98.99
2011-11-09,14.93,15.07,0.99,99.01
2011-11-10,14.78,14.95,1.18,98.82
2011-11-11,15.11,14.99,0.78,99.22
2011-11-14,15.23,15.19,0.24,99.76
2011-11-15,15.31,15.19,0.81,99.19
2011-11-16,15.19,15.07,0.75,99.25
2011-11-17,14.92,14.94,0.08,99.92
2011-11-18,14.78,14.95,1.21,98.79
2011-11-21,14.43,14.95,3.64,96.36
2011-11-22,14.41,14.75,2.38,97.62
2011-11-23,14.16,14.5,2.38,97.62
2011-11-25,13.98,14.33,2.51,97.49
2011-11-28,14.61,14.54,0.46,99.54
2011-11-29,14.48,14.08,2.76,97.24
2011-11-30,14.89,14.45,2.95,97.05
2011-12-01,15.24,14.61,4.19,95.81
2011-12-02,15.41,14.52,5.79,94.21
2011-12-05,15.54,15.11,2.74,97.26
2011-12-06,15.49,15.08,2.69,97.31
2011-12-07,15.48,15.11,2.39,97.61
2011-12-08,15.3,15.2,0.69,99.31
2011-12-09,15.58,15.27,2.0,98.0
2011-12-12,15.53,15.53,0.04,99.96
2011-12-13,15.54,15.53,0.08,99.92
2011-12-14,15.35,15.53,1.14,98.86
2011-12-15,15.39,15.7,2.03,97.97
2011-12-16,15.55,15.66,0.75,99.25
2011-12-19,15.44,15.67,1.47,98.53
2011-12-20,15.66,15.66,0.04,99.96
2011-12-21,15.54,15.5,0.31,99.69
2011-12-22,15.64,15.5,0.92,99.08
2011-12-23,15.73,15.48,1.54,98.46
2011-12-27,15.9,15.82,0.5,99.5
2011-12-28,15.89,15.82,0.42,99.58
2011-12-29,15.96,15.92,0.24,99.76
2011-12-30,16.04,15.95,0.56,99.44
2012-01-03,16.53,16.33,1.2,98.8
2012-01-04,16.6,16.33,1.62,98.38
2012-01-05,16.37,16.58,1.29,98.71
2012-01-06,16.14,16.4,1.61,98.39
2012-01-09,15.46,15.96,3.2,96.8
2012-01-10,15.48,16.12,4.14,95.86
2012-01-11,15.55,15.71,1.02,98.98
2012-01-12,15.64,15.87,1.47,98.53
2012-01-13,15.52,15.71,1.17,98.83
2012-01-17,15.61,15.71,0.6,99.4
2012-01-18,15.72,15.71,0.09,99.91
2012-01-19,15.89,15.83,0.35,99.65
2012-01-20,14.55,14.91,2.41,97.59
2012-01-23,14.54,14.87,2.27,97.73
2012-01-24,14.43,14.72,2.03,97.97
2012-01-25,14.14,14.3,1.08,98.92
2012-01-26,14.11,14.16,0.35,99.65
2012-01-27,14.41,14.23,1.18,98.82
2012-01-30,14.35,14.33,0.14,99.86
2012-01-31,14.41,14.16,1.74,98.26
2012-02-01,14.43,13.83,4.16,95.84
2012-02-02,14.53,13.86,4.63,95.37
2012-02-03,14.81,14.18,4.23,95.77
2012-02-06,15.13,14.35,5.14,94.86
2012-02-07,15.07,14.26,5.35,94.65
2012-02-08,15.15,14.18,6.36,93.64
2012-02-09,15.19,14.9,1.92,98.08
2012-02-10,15.05,15.12,0.46,99.54
2012-02-13,15.21,15.36,1.04,98.96
2012-02-14,15.14,15.54,2.59,97.41
2012-02-15,15.04,15.54,3.31,96.69
2012-02-16,15.06,15.36,1.99,98.01
2012-02-17,15.02,15.52,3.36,96.64
2012-02-21,15.25,15.54,1.89,98.11
2012-02-22,15.1,15.36,1.75,98.25
2012-02-23,15.05,15.51,3.03,96.97
2012-02-24,15.15,15.38,1.52,98.48
2012-02-27,15.13,15.22,0.58,99.42
2012-02-28,15.36,15.36,0.0,100.0
2012-02-29,15.36,15.36,0.02,99.98
2012-03-01,15.46,15.36,0.65,99.35
2012-03-02,15.43,15.51,0.52,99.48
2012-03-05,15.26,15.24,0.11,99.89
2012-03-06,15.03,15.03,0.06,99.94
2012-03-07,15.07,15.24,1.11,98.89
2012-03-08,15.08,15.22,0.94,99.06
2012-03-09,14.91,15.03,0.84,99.16
2012-03-12,15.03,14.98,0.33,99.67
2012-03-13,15.34,15.36,0.09,99.91
2012-03-14,15.3,15.36,0.39,99.61
2012-03-15,15.43,15.36,0.45,99.55
2012-03-16,15.52,15.52,0.06,99.94
2012-03-19,15.75,15.52,1.47,98.53
2012-03-20,15.73,15.52,1.39,98.61
2012-03-21,15.9,15.57,2.06,97.94
2012-03-22,16.05,15.9,0.89,99.11
2012-03-23,15.96,15.92,0.26,99.74
2012-03-26,16.13,16.09,0.22,99.78
2012-03-27,16.07,16.14,0.45,99.55
2012-03-28,16.29,16.33,0.26,99.74
2012-03-29,16.1,16.33,1.39,98.61
2012-03-30,15.93,16.04,0.73,99.27
2012-04-02,16.07,16.15,0.54,99.46
2012-04-03,15.96,16.4,2.73,97.27
2012-04-04,15.78,16.24,2.93,97.07
2012-04-05,15.71,16.16,2.87,97.13
2012-04-09,15.67,15.71,0.23,99.77
2012-04-10,15.57,15.71,0.87,99.13
2012-04-11,15.8,15.71,0.57,99.43
2012-04-12,16.17,16.12,0.32,99.68
2012-04-13,15.51,15.65,0.89,99.11
2012-04-16,15.05,15.09,0.26,99.74
2012-04-17,15.14,14.95,1.23,98.77
2012-04-18,15.09,14.87,1.42,98.58
2012-04-19,14.89,14.87,0.08,99.92
2012-04-20,14.8,14.85,0.3,99.7
2012-04-23,14.84,14.59,1.71,98.29
2012-04-24,14.93,14.63,2.05,97.95
2012-04-25,15.14,14.95,1.26,98.74
2012-04-26,15.29,14.96,2.17,97.83
2012-04-27,15.27,14.96,2.09,97.91
2012-04-30,15.02,14.93,0.65,99.35
2012-05-01,15.01,14.52,3.27,96.73
2012-05-02,15.08,14.43,4.35,95.65
2012-05-03,15.18,14.93,1.65,98.35
2012-05-04,14.83,15.01,1.22,98.78
2012-05-07,15.09,15.05,0.26,99.74
2012-05-08,15.22,15.21,0.04,99.96
2012-05-09,15.13,15.5,2.42,97.58
2012-05-10,15.24,15.52,1.8,98.2
2012-05-11,15.03,15.27,1.57,98.43
2012-05-14,15.0,15.24,1.58,98.42
2012-05-15,15.18,15.24,0.4,99.6
2012-05-16,15.62,15.5,0.8,99.2
2012-05-17,15.47,15.38,0.62,99.38
2012-05-18,14.91,15.17,1.74,98.26
2012-05-21,15.25,15.38,0.81,99.19
2012-05-22,14.92,15.03,0.75,99.25
2012-05-23,15.14,15.2,0.42,99.58
2012-05-24,14.99,15.24,1.64,98.36
2012-05-25,14.69,15.03,2.33,97.67
2012-05-29,14.76,14.98,1.48,98.52
2012-05-30,14.61,14.82,1.42,98.58
2012-05-31,14.43,14.6,1.21,98.79
2012-06-01,14.18,14.6,2.96,97.04
2012-06-04,14.37,14.82,3.11,96.89
2012-06-05,14.17,14.27,0.7,99.3
2012-06-06,14.42,14.11,2.11,97.89
2012-06-07,14.36,13.82,3.79,96.21
2012-06-08,14.42,14.24,1.19,98.81
2012-06-11,14.12,13.78,2.37,97.63
2012-06-12,14.04,13.82,1.55,98.45
2012-06-13,13.94,13.66,1.95,98.05
2012-06-14,13.89,13.69,1.38,98.62
2012-06-15,14.02,13.85,1.25,98.75
2012-06-18,14.18,14.03,1.05,98.95
2012-06-19,14.44,14.28,1.13,98.87
2012-06-20,14.34,14.28,0.44,99.56
2012-06-21,14.04,14.04,0.05,99.95
2012-06-22,14.19,14.01,1.31,98.69
2012-06-25,13.93,14.01,0.59,99.41
2012-06-26,14.03,13.98,0.33,99.67
2012-06-27,14.14,14.01,0.93,99.07
2012-06-28,14.02,14.01,0.05,99.95
2012-06-29,14.41,14.36,0.35,99.65
2012-07-02,14.42,14.37,0.33,99.67
2012-07-03,14.6,14.48,0.79,99.21
2012-07-05,14.8,14.77,0.22,99.78
2012-07-06,14.55,14.56,0.04,99.96
2012-07-09,14.55,14.56,0.04,99.96
2012-07-10,14.45,14.42,0.17,99.83
2012-07-11,14.19,14.24,0.35,99.65
2012-07-12,14.17,14.44,1.92,98.08
2012-07-13,14.32,14.44,0.85,99.15
2012-07-16,14.28,14.56,1.97,98.03
2012-07-17,14.32,14.56,1.65,98.35
2012-07-18,14.42,14.56,0.94,99.06
2012-07-19,14.73,14.72,0.07,99.93
2012-07-20,15.17,14.81,2.36,97.64
2012-07-23,15.29,14.81,3.1,96.9
2012-07-24,15.09,14.92,1.11,98.89
2012-07-25,15.1,15.07,0.18,99.82
2012-07-26,15.23,15.23,0.01,99.99
2012-07-27,15.77,15.4,2.32,97.68
2012-07-30,15.7,15.54,1.06,98.94
2012-07-31,15.72,15.6,0.78,99.22
2012-08-01,15.71,15.76,0.3,99.7
2012-08-02,15.62,15.7,0.54,99.46
2012-08-03,15.93,15.76,1.06,98.94
2012-08-06,15.97,15.9,0.42,99.58
2012-08-07,15.91,15.84,0.45,99.55
2012-08-08,15.95,15.89,0.4,99.6
2012-08-09,15.95,16.02,0.42,99.58
2012-08-10,15.95,15.97,0.14,99.86
2012-08-13,16.39,16.27,0.75,99.25
2012-08-14,16.61,16.49,0.72,99.28
2012-08-15,16.58,16.41,1.03,98.97
2012-08-16,16.71,16.6,0.68,99.32
2012-08-17,16.82,16.71,0.66,99.34
2012-08-20,16.78,17.12,2.05,97.95
2012-08-21,16.63,17.06,2.61,97.39
2012-08-22,16.82,17.13,1.82,98.18
2012-08-23,16.81,17.06,1.5,98.5
2012-08-24,16.86,17.06,1.23,98.77
2012-08-27,16.62,16.89,1.6,98.4
2012-08-28,16.82,17.16,2.02,97.98
2012-08-29,17.09,17.28,1.14,98.86
2012-08-30,16.93,17.06,0.77,99.23
2012-08-31,17.02,17.05,0.22,99.78
2012-09-04,16.92,16.89,0.13,99.87
2012-09-05,16.91,16.89,0.08,99.92
2012-09-06,17.37,17.14,1.35,98.65
2012-09-07,17.54,17.14,2.25,97.75
2012-09-10,17.41,17.1,1.75,98.25
2012-09-11,17.19,17.13,0.35,99.65
2012-09-12,17.16,17.62,2.7,97.3
2012-09-13,17.54,17.74,1.16,98.84
2012-09-14,17.63,17.78,0.85,99.15
2012-09-17,17.63,17.79,0.89,99.11
2012-09-18,17.84,17.79,0.28,99.72
2012-09-19,18.07,17.96,0.63,99.37
2012-09-20,18.08,18.18,0.52,99.48
2012-09-21,18.23,18.18,0.28,99.72
2012-09-24,18.61,18.05,3.02,96.98
2012-09-25,18.61,18.61,0.02,99.98
2012-09-26,18.71,18.55,0.88,99.12
2012-09-27,18.79,18.55,1.27,98.73
2012-09-28,18.74,19.02,1.49,98.51
2012-10-01,18.92,19.19,1.4,98.6
2012-10-02,18.8,19.21,2.18,97.82
2012-10-03,18.94,19.1,0.84,99.16
2012-10-04,19.08,19.1,0.11,99.89
2012-10-05,19.07,19.1,0.16,99.84
2012-10-08,18.82,18.96,0.72,99.28
2012-10-09,18.48,18.59,0.57,99.43
2012-10-10,18.49,18.59,0.51,99.49
2012-10-11,18.66,19.26,3.18,96.82
2012-10-12,18.5,19.06,3.06,96.94
2012-10-15,18.4,19.06,3.58,96.42
2012-10-16,18.5,19.06,3.06,96.94
2012-10-17,18.76,19.15,2.06,97.94
2012-10-18,17.26,17.73,2.72,97.28
2012-10-19,16.93,17.61,4.01,95.99
2012-10-22,16.86,17.61,4.49,95.51
2012-10-23,16.9,17.58,4.04,95.96
2012-10-24,16.82,17.03,1.21,98.79
2012-10-25,16.83,17.03,1.14,98.86
2012-10-26,16.77,16.61,0.95,99.05
2012-10-31,16.9,16.67,1.33,98.67
2012-11-01,17.08,16.76,1.86,98.14
2012-11-02,17.09,16.3,4.6,95.4
2012-11-05,16.96,16.3,3.91,96.09
2012-11-06,16.93,16.33,3.56,96.44
2012-11-07,16.57,16.24,2.0,98.0
2012-11-08,16.2,16.09,0.68,99.32
2012-11-09,16.47,16.26,1.28,98.72
2012-11-12,16.54,16.7,0.96,99.04
2012-11-13,16.37,16.57,1.22,98.78
2012-11-14,16.21,16.26,0.3,99.7
2012-11-15,16.08,16.26,1.12,98.88
2012-11-16,16.07,16.12,0.27,99.73
2012-11-19,16.6,16.66,0.4,99.6
2012-11-20,16.64,16.66,0.13,99.87
2012-11-21,16.54,16.48,0.36,99.64
2012-11-23,16.59,16.56,0.19,99.81
2012-11-26,16.42,16.48,0.35,99.65
2012-11-27,16.66,16.66,0.02,99.98
2012-11-28,16.98,16.98,0.03,99.97
2012-11-29,17.18,17.15,0.19,99.81
2012-11-30,17.35,17.23,0.68,99.32
2012-12-03,17.27,17.21,0.32,99.68
2012-12-04,17.16,17.22,0.33,99.67
2012-12-05,17.08,17.23,0.84,99.16
2012-12-06,17.17,17.43,1.52,98.48
2012-12-07,16.99,17.23,1.38,98.62
2012-12-10,17.02,17.08,0.33,99.67
2012-12-11,17.31,17.21,0.55,99.45
2012-12-12,17.33,17.23,0.56,99.44
2012-12-13,17.45,17.23,1.29,98.71
2012-12-14,17.43,17.45,0.09,99.91
2012-12-17,17.9,17.62,1.6,98.4
2012-12-18,17.91,17.59,1.77,98.23
2012-12-19,17.89,17.39,2.75,97.25
2012-12-20,17.94,17.96,0.08,99.92
2012-12-21,17.77,17.94,0.94,99.06
2012-12-24,17.62,17.9,1.6,98.4
2012-12-26,17.61,17.94,1.9,98.1
2012-12-27,17.54,17.81,1.51,98.49
2012-12-28,17.39,17.86,2.73,97.27
2012-12-31,17.57,17.94,2.11,97.89
2013-01-02,17.96,17.95,0.09,99.91
2013-01-03,17.97,18.32,1.92,98.08
2013-01-04,18.33,18.33,0.01,99.99
2013-01-07,18.25,18.33,0.43,99.57
2013-01-08,18.21,18.16,0.29,99.71
2013-01-09,18.33,18.18,0.84,99.16
2013-01-10,18.42,18.28,0.77,99.23
2013-01-11,18.38,18.18,1.09,98.91
2013-01-14,17.96,18.07,0.59,99.41
2013-01-15,18.01,18.57,3.13,96.87
2013-01-16,17.76,18.04,1.56,98.44
2013-01-17,17.67,18.04,2.11,97.89
2013-01-18,17.5,18.04,3.1,96.9
2013-01-22,17.46,17.9,2.54,97.46
2013-01-23,18.42,18.16,1.39,98.61
2013-01-24,18.73,18.64,0.49,99.51
2013-01-25,18.72,18.57,0.81,99.19
2013-01-28,18.65,18.57,0.42,99.58
2013-01-29,18.72,18.57,0.81,99.19
2013-01-30,18.72,18.57,0.83,99.17
2013-01-31,18.77,18.57,1.07,98.93
2013-02-01,19.26,18.72,2.82,97.18
2013-02-04,18.85,18.72,0.7,99.3
2013-02-05,19.02,19.39,1.95,98.05
2013-02-06,19.13,19.46,1.74,98.26
2013-02-07,19.22,19.63,2.11,97.89
2013-02-08,19.51,19.64,0.71,99.29
2013-02-11,19.43,19.63,1.0,99.0
2013-02-12,19.39,19.41,0.08,99.92
2013-02-13,19.44,19.41,0.2,99.8
2013-02-14,19.57,19.41,0.83,99.17
2013-02-15,19.69,19.58,0.59,99.41
2013-02-19,20.04,19.63,2.05,97.95
2013-02-20,19.68,19.4,1.45,98.55
2013-02-21,19.76,19.41,1.79,98.21
2013-02-22,19.86,19.31,2.78,97.22
2013-02-25,19.64,19.81,0.88,99.12
2013-02-26,19.62,19.8,0.88,99.12
2013-02-27,19.86,19.81,0.3,99.7
2013-02-28,19.9,19.87,0.13,99.87
2013-03-01,20.02,20.03,0.03,99.97
2013-03-04,20.4,20.08,1.58,98.42
2013-03-05,20.83,20.3,2.52,97.48
2013-03-06,20.65,20.08,2.75,97.25
2013-03-07,20.68,20.08,2.89,97.11
2013-03-08,20.65,20.56,0.44,99.56
2013-03-11,20.73,20.55,0.91,99.09
2013-03-12,20.56,20.56,0.03,99.97
2013-03-13,20.5,20.55,0.27,99.73
2013-03-14,20.4,21.3,4.37,95.63
2013-03-15,20.23,20.51,1.41,98.59
2013-03-18,20.06,20.47,2.01,97.99
2013-03-19,20.15,20.47,1.57,98.43
2013-03-20,20.24,20.97,3.64,96.36
2013-03-21,20.15,20.42,1.33,98.67
2013-03-22,20.13,20.19,0.34,99.66
2013-03-25,20.11,19.55,2.76,97.24
2013-03-26,20.18,19.7,2.36,97.64
2013-03-27,19.94,19.59,1.76,98.24
2013-03-28,19.73,19.55,0.87,99.13
2013-04-01,19.9,19.64,1.28,98.72
2013-04-02,20.19,20.14,0.25,99.75
2013-04-03,20.02,20.01,0.05,99.95
2013-04-04,19.75,19.73,0.08,99.92
2013-04-05,19.45,19.7,1.3,98.7
2013-04-08,19.25,19.22,0.12,99.88
2013-04-09,19.31,19.22,0.48,99.52
2013-04-10,19.63,19.53,0.47,99.53
2013-04-11,19.63,19.58,0.24,99.76
2013-04-12,19.62,19.66,0.21,99.79
2013-04-15,19.42,19.53,0.58,99.42
2013-04-16,19.71,19.31,2.03,97.97
2013-04-17,19.44,19.31,0.68,99.32
2013-04-18,19.02,19.18,0.8,99.2
2013-04-19,19.87,19.49,1.89,98.11
2013-04-22,19.87,19.81,0.31,99.69
2013-04-23,20.07,19.94,0.64,99.36
2013-04-24,20.2,19.99,1.08,98.92
2013-04-25,20.1,20.01,0.45,99.55
2013-04-26,19.91,20.01,0.5,99.5
2013-04-29,20.34,20.07,1.36,98.64
2013-04-30,20.48,20.03,2.2,97.8
2013-05-01,20.38,20.49,0.53,99.47
2013-05-02,20.61,20.51,0.47,99.53
2013-05-03,21.01,20.56,2.11,97.89
2013-05-06,21.4,21.87,2.2,97.8
2013-05-07,21.29,22.04,3.52,96.48
2013-05-08,21.7,22.2,2.31,97.69
2013-05-09,21.65,22.09,2.06,97.94
2013-05-10,21.86,22.02,0.7,99.3
2013-05-13,21.8,22.09,1.36,98.64
2013-05-14,22.03,22.09,0.27,99.73
2013-05-15,22.75,22.15,2.62,97.38
2013-05-16,22.45,22.15,1.31,98.69
2013-05-17,22.58,22.09,2.17,97.83
2013-05-20,22.57,22.09,2.1,97.9
2013-05-21,22.53,23.67,5.09,94.91
2013-05-22,22.09,23.43,6.08,93.92
2013-05-23,21.93,23.38,6.64,93.36
2013-05-24,21.69,21.72,0.12,99.88
2013-05-28,21.89,21.73,0.73,99.27
2013-05-29,21.57,21.6,0.15,99.85
2013-05-30,21.63,21.69,0.27,99.73
2013-05-31,21.64,21.6,0.18,99.82
2013-06-03,21.55,21.6,0.23,99.77
2013-06-04,21.34,21.37,0.16,99.84
2013-06-05,21.35,20.86,2.3,97.7
2013-06-06,21.48,20.95,2.44,97.56
2013-06-07,21.85,21.04,3.71,96.29
2013-06-10,22.11,21.5,2.76,97.24
2013-06-11,21.85,21.37,2.2,97.8
2013-06-12,21.66,21.5,0.72,99.28
2013-06-13,21.78,21.6,0.84,99.16
2013-06-14,21.73,21.72,0.04,99.96
2013-06-17,22.01,21.72,1.31,98.69
2013-06-18,22.37,21.95,1.89,98.11
2013-06-19,22.37,21.95,1.89,98.11
2013-06-20,21.97,21.8,0.78,99.22
2013-06-21,21.88,21.79,0.41,99.59
2013-06-24,21.6,21.75,0.66,99.34
2013-06-25,21.51,21.71,0.9,99.1
2013-06-26,21.7,21.71,0.04,99.96
2013-06-27,21.78,21.63,0.72,99.28
2013-06-28,21.87,21.63,1.09,98.91
2013-07-01,22.05,21.76,1.35,98.65
2013-07-02,21.91,21.79,0.56,99.44
2013-07-03,22.02,21.79,1.02,98.98
2013-07-05,22.19,21.87,1.46,98.54
2013-07-08,22.48,21.87,2.73,97.27
2013-07-09,22.48,21.75,3.25,96.75
2013-07-10,22.5,22.45,0.23,99.77
2013-07-11,22.86,22.66,0.87,99.13
2013-07-12,22.92,22.88,0.19,99.81
2013-07-15,22.97,23.11,0.63,99.37
2013-07-16,22.84,22.94,0.44,99.56
2013-07-17,22.81,22.9,0.36,99.64
2013-07-18,22.62,24.33,7.55,92.45
2013-07-19,22.27,24.17,8.55,91.45
2013-07-22,22.62,24.2,6.97,93.03
2013-07-23,22.45,24.19,7.78,92.22
2013-07-24,22.43,22.56,0.61,99.39
2013-07-25,22.05,22.83,3.53,96.47
2013-07-26,21.99,22.6,2.77,97.23
2013-07-29,21.91,22.6,3.13,96.87
2013-07-30,22.13,22.73,2.71,97.29
2013-07-31,22.05,22.29,1.08,98.92
2013-08-01,22.46,22.68,0.98,99.02
2013-08-02,22.52,22.73,0.94,99.06
2013-08-05,22.48,22.77,1.31,98.69
2013-08-06,22.27,22.68,1.84,98.16
2013-08-07,22.12,22.68,2.52,97.48
2013-08-08,22.17,22.37,0.89,99.11
2013-08-09,22.12,22.14,0.12,99.88
2013-08-12,21.99,22.14,0.67,99.33
2013-08-13,21.89,22.14,1.16,98.84
2013-08-14,21.6,22.14,2.49,97.51
2013-08-15,21.35,21.85,2.32,97.68
2013-08-16,21.28,21.11,0.83,99.17
2013-08-19,21.5,21.11,1.8,98.2
2013-08-20,21.49,21.4,0.44,99.56
2013-08-21,21.59,21.03,2.6,97.4
2013-08-22,21.7,21.05,2.99,97.01
2013-08-23,21.61,21.03,2.7,97.3
2013-08-26,21.52,21.06,2.15,97.85
2013-08-27,21.12,20.92,0.91,99.09
2013-08-28,21.08,20.86,1.02,98.98
2013-08-29,21.25,20.98,1.27,98.73
2013-08-30,21.03,20.97,0.3,99.7
2013-09-03,21.37,21.37,0.01,99.99
2013-09-04,21.65,21.72,0.35,99.65
2013-09-05,21.85,21.79,0.24,99.76
2013-09-06,21.85,21.8,0.23,99.77
2013-09-09,22.06,21.8,1.18,98.82
2013-09-10,22.07,21.8,1.25,98.75
2013-09-11,22.26,21.91,1.57,98.43
2013-09-12,22.18,21.89,1.33,98.67
2013-09-13,22.08,21.87,0.97,99.03
2013-09-16,22.05,21.89,0.74,99.26
2013-09-17,22.01,22.02,0.05,99.95
2013-09-18,22.44,22.18,1.12,98.88
2013-09-19,22.31,22.02,1.33,98.67
2013-09-20,22.43,22.16,1.23,98.77
2013-09-23,22.02,22.61,2.67,97.33
2013-09-24,22.03,22.56,2.43,97.57
2013-09-25,21.79,21.63,0.73,99.27
2013-09-26,21.81,21.67,0.65,99.35
2013-09-27,21.77,21.53,1.09,98.91
2013-09-30,21.76,21.53,1.04,98.96
2013-10-01,22.03,21.63,1.83,98.17
2013-10-02,22.06,21.63,1.94,98.06
2013-10-03,21.76,21.53,1.06,98.94
2013-10-04,21.67,21.53,0.63,99.37
2013-10-07,21.5,21.4,0.48,99.52
2013-10-08,21.2,20.94,1.24,98.76
2013-10-09,21.26,21.0,1.2,98.8
2013-10-10,21.56,21.01,2.57,97.43
2013-10-11,21.66,21.45,0.96,99.04
2013-10-14,21.76,21.6,0.74,99.26
2013-10-15,21.91,21.75,0.7,99.3
2013-10-16,22.3,21.89,1.88,98.12
2013-10-17,22.08,21.8,1.23,98.77
2013-10-18,25.12,24.54,2.32,97.68
2013-10-21,24.92,24.49,1.72,98.28
2013-10-22,25.01,24.49,2.08,97.92
2013-10-23,25.62,25.08,2.11,97.89
2013-10-24,25.47,25.03,1.73,98.27
2013-10-25,25.21,25.01,0.8,99.2
2013-10-28,25.21,25.51,1.2,98.8
2013-10-29,25.74,25.56,0.69,99.31
2013-10-30,25.59,25.51,0.31,99.69
2013-10-31,25.6,25.51,0.32,99.68
2013-11-01,25.51,25.45,0.23,99.77
2013-11-04,25.49,25.45,0.13,99.87
2013-11-05,25.37,25.45,0.31,99.69
2013-11-06,25.4,25.45,0.19,99.81
2013-11-07,25.03,24.88,0.64,99.36
2013-11-08,25.24,25.8,2.24,97.76
2013-11-11,25.1,25.76,2.64,97.36
2013-11-12,25.13,25.36,0.91,99.09
2013-11-13,25.64,25.76,0.46,99.54
2013-11-14,25.71,25.46,0.99,99.01
2013-11-15,25.67,25.44,0.91,99.09
2013-11-18,25.62,25.18,1.72,98.28
2013-11-19,25.46,25.18,1.11,98.89
2013-11-20,25.39,25.18,0.83,99.17
2013-11-21,25.68,25.33,1.39,98.61
2013-11-22,25.63,25.32,1.19,98.81
2013-11-25,25.98,25.46,1.99,98.01
2013-11-26,26.29,25.53,2.9,97.1
2013-11-27,26.4,26.19,0.8,99.2
2013-11-29,26.32,26.07,0.93,99.07
2013-12-02,26.19,26.07,0.45,99.55
2013-12-03,26.16,26.03,0.51,99.49
2013-12-04,26.28,26.34,0.24,99.76
2013-12-05,26.26,26.34,0.29,99.71
2013-12-06,26.57,26.35,0.83,99.17
2013-12-09,26.78,26.58,0.76,99.24
2013-12-10,26.94,26.93,0.05,99.95
2013-12-11,26.76,26.91,0.58,99.42
2013-12-12,26.57,26.69,0.43,99.57
2013-12-13,26.35,26.67,1.24,98.76
2013-12-16,26.65,26.64,0.05,99.95
2013-12-17,26.57,26.59,0.08,99.92
2013-12-18,26.94,26.61,1.22,98.78
2013-12-19,26.98,27.19,0.79,99.21
2013-12-20,27.34,27.26,0.29,99.71
2013-12-23,27.7,27.48,0.79,99.21
2013-12-24,27.62,27.53,0.32,99.68
2013-12-26,27.75,27.76,0.01,99.99
2013-12-27,27.78,27.52,0.92,99.08
2013-12-30,27.56,27.66,0.36,99.64
2013-12-31,27.84,27.66,0.65,99.35
2014-01-02,27.65,27.66,0.03,99.97
2014-01-03,27.45,27.66,0.77,99.23
2014-01-06,27.75,27.77,0.07,99.93
2014-01-07,28.29,27.85,1.54,98.46
2014-01-08,28.35,28.18,0.59,99.41
2014-01-09,28.07,27.98,0.34,99.66
2014-01-10,28.07,28.22,0.52,99.48
2014-01-13,27.89,28.11,0.78,99.22
2014-01-14,28.55,28.35,0.69,99.31
2014-01-15,28.53,28.35,0.63,99.37
2014-01-16,28.72,28.42,1.05,98.95
2014-01-17,28.58,28.4,0.63,99.37
2014-01-21,28.9,28.43,1.63,98.37
2014-01-22,28.94,28.79,0.52,99.48
2014-01-23,28.81,28.79,0.07,99.93
2014-01-24,27.91,28.48,2.04,97.96
2014-01-27,27.35,28.0,2.37,97.63
2014-01-28,27.89,28.0,0.38,99.62
2014-01-29,27.49,27.46,0.13,99.87
2014-01-30,28.2,28.33,0.44,99.56
2014-01-31,29.33,28.83,1.72,98.28
2014-02-03,28.15,28.43,1.0,99.0
2014-02-04,28.27,28.06,0.75,99.25
2014-02-05,28.39,28.18,0.75,99.25
2014-02-06,28.81,28.4,1.43,98.57
2014-02-07,29.24,28.54,2.4,97.6
2014-02-10,29.13,28.98,0.52,99.48
2014-02-11,29.56,29.01,1.86,98.14
2014-02-12,29.47,29.01,1.57,98.43
2014-02-13,29.8,29.33,1.59,98.41
2014-02-14,29.87,29.43,1.48,98.52
2014-02-18,30.08,29.63,1.48,98.52
2014-02-19,29.86,29.63,0.78,99.22
2014-02-20,29.91,29.62,0.96,99.04
2014-02-21,29.9,29.44,1.52,98.48
2014-02-24,30.12,29.88,0.79,99.21
2014-02-25,30.3,30.35,0.16,99.84
2014-02-26,30.31,31.79,4.9,95.1
2014-02-27,30.28,30.29,0.02,99.98
2014-02-28,30.19,30.3,0.36,99.64
2014-03-03,29.87,30.16,0.95,99.05
2014-03-04,30.18,30.16,0.06,99.94
2014-03-05,30.26,30.28,0.09,99.91
2014-03-06,30.29,30.8,1.69,98.31
2014-03-07,30.17,30.65,1.58,98.42
2014-03-10,30.09,30.37,0.93,99.07
2014-03-11,29.8,29.96,0.52,99.48
2014-03-12,29.99,30.48,1.65,98.35
2014-03-13,29.53,29.8,0.91,99.09
2014-03-14,29.13,28.66,1.62,98.38
2014-03-17,29.61,29.11,1.67,98.33
2014-03-18,30.08,29.96,0.41,99.59
2014-03-19,29.79,29.85,0.21,99.79
2014-03-20,29.73,29.29,1.49,98.51
2014-03-21,29.38,29.29,0.31,99.69
2014-03-24,28.76,28.61,0.51,99.49
2014-03-25,28.78,28.61,0.58,99.42
2014-03-26,28.12,28.4,1.0,99.0
2014-03-27,27.68,29.18,5.43,94.57
2014-03-28,27.82,29.2,4.96,95.04
2014-03-31,27.68,29.2,5.49,94.51
2014-04-01,28.19,29.41,4.33,95.67
2014-04-02,28.19,27.93,0.93,99.07
2014-04-03,28.36,28.38,0.06,99.94
2014-04-04,27.06,27.59,1.97,98.03
2014-04-07,26.83,27.41,2.15,97.85
2014-04-08,27.67,27.79,0.46,99.54
2014-04-09,28.14,27.82,1.14,98.86
2014-04-10,27.13,27.36,0.86,99.14
2014-04-11,26.69,27.14,1.69,98.31
2014-04-14,27.06,27.21,0.55,99.45
2014-04-15,27.23,27.33,0.38,99.62
2014-04-16,27.98,27.89,0.33,99.67
2014-04-17,26.96,27.38,1.56,98.44
2014-04-21,26.77,27.32,2.06,97.94
2014-04-22,27.07,27.27,0.72,99.28
2014-04-23,26.67,27.0,1.23,98.77
2014-04-24,26.52,27.0,1.81,98.19
2014-04-25,25.96,27.01,4.04,95.96
2014-04-28,25.95,26.99,4.0,96.0
2014-04-29,26.62,26.89,1.04,98.96
2014-04-30,26.54,26.73,0.71,99.29
2014-05-01,26.72,26.52,0.77,99.23
2014-05-02,26.49,26.58,0.31,99.69
2014-05-05,26.57,26.52,0.18,99.82
2014-05-06,25.93,26.26,1.26,98.74
2014-05-07,25.71,25.79,0.35,99.65
2014-05-08,25.81,25.92,0.41,99.59
2014-05-09,26.13,26.25,0.44,99.56
2014-05-12,26.72,26.35,1.4,98.6
2014-05-13,26.87,26.49,1.42,98.58
2014-05-14,26.52,26.47,0.18,99.82
2014-05-15,26.26,26.49,0.89,99.11
2014-05-16,26.22,26.49,1.05,98.95
2014-05-19,26.74,26.49,0.93,99.07
2014-05-20,26.82,26.49,1.21,98.79
2014-05-21,27.28,26.8,1.76,98.24
2014-05-22,27.56,26.9,2.41,97.59
2014-05-23,27.98,26.9,3.86,96.14
2014-05-27,28.53,27.74,2.78,97.22
2014-05-28,28.31,27.85,1.62,98.38
2014-05-29,28.31,27.85,1.64,98.36
2014-05-30,28.37,28.27,0.35,99.65
2014-06-02,28.01,28.08,0.27,99.73
2014-06-03,27.52,27.93,1.48,98.52
2014-06-04,27.48,28.29,2.96,97.04
2014-06-05,28.03,28.33,1.05,98.95
2014-06-06,28.09,28.41,1.14,98.86
2014-06-09,28.32,28.35,0.11,99.89
2014-06-10,28.2,28.35,0.53,99.47
2014-06-11,28.16,28.32,0.56,99.44
2014-06-12,27.77,27.99,0.82,99.18
2014-06-13,27.81,27.63,0.64,99.36
2014-06-16,27.41,27.06,1.26,98.74
2014-06-17,27.32,27.06,0.95,99.05
2014-06-18,27.82,27.52,1.1,98.9
2014-06-19,28.04,27.43,2.15,97.85
2014-06-20,28.11,28.0,0.39,99.61
2014-06-23,28.5,28.42,0.29,99.71
2014-06-24,28.41,28.42,0.01,99.99
2014-06-25,29.08,28.78,1.03,98.97
2014-06-26,29.02,28.78,0.83,99.17
2014-06-27,29.06,28.76,1.06,98.94
2014-06-30,29.01,28.78,0.81,99.19
2014-07-01,29.35,28.87,1.65,98.35
2014-07-02,29.32,29.53,0.73,99.27
2014-07-03,29.43,29.53,0.34,99.66
2014-07-07,29.32,29.59,0.94,99.06
2014-07-08,28.7,29.34,2.23,97.77
2014-07-09,28.95,29.34,1.36,98.64
2014-07-10,28.78,29.31,1.82,98.18
2014-07-11,29.11,29.33,0.74,99.26
2014-07-14,29.49,29.33,0.55,99.45
2014-07-15,29.43,29.52,0.32,99.68
2014-07-16,29.31,29.19,0.42,99.58
2014-07-17,28.82,28.71,0.4,99.6
2014-07-18,30.03,29.55,1.6,98.4
2014-07-21,29.7,29.44,0.86,99.14
2014-07-22,29.95,29.44,1.7,98.3
2014-07-23,30.03,29.53,1.67,98.33
2014-07-24,29.92,29.41,1.72,98.28
2014-07-25,29.68,29.4,0.94,99.06
2014-07-28,29.73,30.19,1.56,98.44
2014-07-29,29.47,29.89,1.42,98.58
2014-07-30,29.55,30.1,1.86,98.14
2014-07-31,28.76,28.82,0.21,99.79
2014-08-01,28.46,28.58,0.39,99.61
2014-08-04,28.9,28.76,0.48,99.52
2014-08-05,28.44,28.66,0.76,99.24
2014-08-06,28.51,28.81,1.07,98.93
2014-08-07,28.38,27.92,1.61,98.39
2014-08-08,28.68,28.41,0.94,99.06
2014-08-11,28.65,28.01,2.21,97.79
2014-08-12,28.39,27.79,2.13,97.87
2014-08-13,29.01,28.47,1.86,98.14
2014-08-14,29.01,28.55,1.59,98.41
2014-08-15,28.97,28.47,1.71,98.29
2014-08-18,29.41,29.08,1.13,98.87
2014-08-19,29.63,29.14,1.66,98.34
2014-08-20,29.55,29.46,0.3,99.7
2014-08-21,29.4,29.52,0.43,99.57
2014-08-22,29.4,29.41,0.02,99.98
2014-08-25,29.31,29.53,0.77,99.23
2014-08-26,29.19,29.52,1.16,98.84
2014-08-27,28.93,29.46,1.83,98.17
2014-08-28,28.8,29.25,1.55,98.45
2014-08-29,28.9,29.28,1.32,98.68
2014-09-02,29.21,29.6,1.32,98.68
2014-09-03,29.25,29.28,0.09,99.91
2014-09-04,29.43,29.5,0.22,99.78
2014-09-05,29.66,29.6,0.23,99.77
2014-09-08,29.86,29.55,1.03,98.97
2014-09-09,29.38,28.82,1.89,98.11
2014-09-10,29.45,28.88,1.93,98.07
2014-09-11,29.33,29.0,1.13,98.87
2014-09-12,29.03,28.77,0.89,99.11
2014-09-15,28.86,28.72,0.49,99.51
2014-09-16,29.22,29.2,0.05,99.95
2014-09-17,29.44,29.54,0.32,99.68
2014-09-18,29.64,29.63,0.02,99.98
2014-09-19,30.04,29.68,1.21,98.79
2014-09-22,29.64,29.8,0.55,99.45
2014-09-23,29.34,29.67,1.15,98.85
2014-09-24,29.7,29.78,0.29,99.71
2014-09-25,29.04,29.24,0.68,99.32
2014-09-26,29.17,28.72,1.55,98.45
2014-09-29,29.17,28.88,0.99,99.01
2014-09-30,29.2,28.88,1.09,98.91
2014-10-01,28.76,28.77,0.01,99.99
2014-10-02,28.83,28.88,0.19,99.81
2014-10-03,29.09,29.31,0.75,99.25
2014-10-06,29.17,29.16,0.02,99.98
2014-10-07,28.49,28.64,0.54,99.46
2014-10-08,28.97,28.66,1.07,98.93
2014-10-09,28.33,28.19,0.48,99.52
2014-10-10,27.55,27.98,1.56,98.44
2014-10-13,27.03,27.63,2.21,97.79
2014-10-14,27.23,27.64,1.5,98.5
2014-10-15,26.83,27.61,2.9,97.1
2014-10-16,26.64,27.06,1.55,98.45
2014-10-17,25.95,27.06,4.28,95.72
2014-10-20,26.42,26.76,1.29,98.71
2014-10-21,26.7,26.75,0.18,99.82
2014-10-22,26.93,26.78,0.57,99.43
2014-10-23,27.47,27.14,1.22,98.78
2014-10-24,27.24,26.83,1.49,98.51
2014-10-27,27.29,27.02,0.97,99.03
2014-10-28,27.74,27.02,2.57,97.43
2014-10-29,27.71,27.2,1.84,98.16
2014-10-30,27.8,27.83,0.08,99.92
2014-10-31,28.18,28.1,0.29,99.71
2014-11-03,27.98,28.01,0.1,99.9
2014-11-04,28.0,28.1,0.36,99.64
2014-11-05,27.59,27.94,1.26,98.74
2014-11-06,27.38,27.95,2.1,97.9
2014-11-07,27.38,27.94,2.02,97.98
2014-11-10,27.7,27.96,0.93,99.07
2014-11-11,27.85,27.96,0.38,99.62
2014-11-12,27.7,27.62,0.31,99.69
2014-11-13,27.61,27.81,0.72,99.28
2014-11-14,27.55,27.66,0.41,99.59
2014-11-17,27.13,27.01,0.41,99.59
2014-11-18,27.02,27.01,0.02,99.98
2014-11-19,27.15,27.01,0.52,99.48
2014-11-20,26.98,26.54,1.66,98.34
2014-11-21,27.09,26.69,1.49,98.51
2014-11-24,27.17,26.69,1.77,98.23
2014-11-25,27.26,27.1,0.59,99.41
2014-11-26,27.18,27.19,0.05,99.95
2014-11-28,27.25,27.25,0.02,99.98
2014-12-01,26.78,26.6,0.67,99.33
2014-12-02,26.73,26.43,1.13,98.87
2014-12-03,26.65,26.45,0.75,99.25
2014-12-04,26.93,26.61,1.19,98.81
2014-12-05,26.21,26.46,0.98,99.02
2014-12-08,26.34,26.62,1.08,98.92
2014-12-09,26.6,26.86,0.95,99.05
2014-12-10,26.2,26.4,0.74,99.26
2014-12-11,26.41,26.78,1.4,98.6
2014-12-12,25.88,26.37,1.89,98.11
2014-12-15,25.6,25.73,0.5,99.5
2014-12-16,24.72,25.61,3.6,96.4
2014-12-17,25.13,25.73,2.36,97.64
2014-12-18,25.54,25.76,0.87,99.13
2014-12-19,25.81,26.16,1.35,98.65
2014-12-22,26.42,26.34,0.3,99.7
2014-12-23,26.74,26.48,0.96,99.04
2014-12-24,26.65,26.34,1.16,98.84
2014-12-26,26.87,26.59,1.04,98.96
2014-12-29,26.66,26.49,0.65,99.35
2014-12-30,26.56,26.43,0.49,99.51
2014-12-31,26.33,26.49,0.6,99.4
2015-01-02,26.28,26.34,0.21,99.79
2015-01-05,25.78,26.34,2.16,97.84
2015-01-06,25.14,26.34,4.75,95.25
2015-01-07,25.07,26.48,5.64,94.36
2015-01-08,25.16,26.13,3.86,96.14
2015-01-09,24.85,25.82,3.91,96.09
2015-01-12,24.67,25.45,3.18,96.82
2015-01-13,24.9,25.38,1.94,98.06
2015-01-14,25.11,24.95,0.61,99.39
2015-01-15,25.01,24.95,0.23,99.77
2015-01-16,25.33,24.98,1.38,98.62
2015-01-20,25.31,25.01,1.17,98.83
2015-01-21,25.82,25.44,1.5,98.5
2015-01-22,26.66,26.14,1.95,98.05
2015-01-23,26.89,26.26,2.37,97.63
2015-01-26,26.63,26.28,1.34,98.66
2015-01-27,25.86,26.26,1.52,98.48
2015-01-28,25.43,26.14,2.81,97.19
2015-01-29,25.47,26.14,2.65,97.35
2015-01-30,26.68,26.34,1.24,98.76
2015-02-02,26.41,26.34,0.28,99.72
2015-02-03,26.47,26.34,0.48,99.52
2015-02-04,26.11,26.26,0.57,99.43
2015-02-05,26.29,26.28,0.06,99.94
2015-02-06,26.49,26.28,0.82,99.18
2015-02-09,26.27,26.26,0.03,99.97
2015-02-10,26.81,26.26,2.04,97.96
2015-02-11,26.7,26.46,0.88,99.12
2015-02-12,27.1,26.48,2.27,97.73
2015-02-13,27.35,26.59,2.77,97.23
2015-02-17,27.05,26.63,1.53,98.47
2015-02-18,26.93,27.25,1.19,98.81
2015-02-19,27.12,27.26,0.51,99.49
2015-02-20,26.89,26.96,0.29,99.71
2015-02-23,26.55,26.96,1.56,98.44
2015-02-24,26.73,26.96,0.87,99.13
2015-02-25,27.16,27.2,0.16,99.84
2015-02-26,27.75,27.47,1.02,98.98
2015-02-27,27.92,27.58,1.22,98.78
2015-03-02,28.54,27.85,2.4,97.6
2015-03-03,28.72,27.73,3.46,96.54
2015-03-04,28.7,27.94,2.66,97.34
2015-03-05,28.85,28.15,2.45,97.55
2015-03-06,28.43,28.34,0.33,99.67
2015-03-09,28.49,28.35,0.48,99.52
2015-03-10,27.78,28.25,1.67,98.33
2015-03-11,27.58,28.03,1.64,98.36
2015-03-12,27.85,28.31,1.67,98.33
2015-03-13,27.44,28.29,3.1,96.9
2015-03-16,27.87,28.32,1.6,98.4
2015-03-17,27.67,28.03,1.29,98.71
2015-03-18,28.1,27.99,0.37,99.63
2015-03-19,27.97,27.9,0.27,99.73
2015-03-20,28.04,27.64,1.42,98.58
2015-03-23,28.06,27.46,2.13,97.87
2015-03-24,28.66,27.91,2.63,97.37
2015-03-25,28.14,27.54,2.13,97.87
2015-03-26,27.97,27.64,1.19,98.81
2015-03-27,27.67,27.46,0.76,99.24
2015-03-30,27.85,27.96,0.42,99.58
2015-03-31,27.53,27.91,1.37,98.63
2015-04-01,27.27,27.58,1.16,98.84
2015-04-02,26.86,27.52,2.44,97.56
2015-04-06,26.99,27.39,1.47,98.53
2015-04-07,27.04,27.1,0.21,99.79
2015-04-08,27.24,27.01,0.81,99.19
2015-04-09,27.2,27.01,0.67,99.33
2015-04-10,27.22,27.01,0.76,99.24
2015-04-13,27.23,27.01,0.78,99.22
2015-04-14,26.79,26.44,1.28,98.72
2015-04-15,26.85,26.48,1.36,98.64
2015-04-16,26.97,26.62,1.3,98.7
2015-04-17,26.44,26.5,0.22,99.78
2015-04-20,27.02,26.95,0.27,99.73
2015-04-21,26.94,26.93,0.06,99.94
2015-04-22,27.25,27.25,0.0,100.0
2015-04-23,27.66,27.57,0.33,99.67
2015-04-24,28.47,27.95,1.81,98.19
2015-04-27,28.09,27.94,0.56,99.44
2015-04-28,28.01,27.85,0.58,99.42
2015-04-29,27.86,27.85,0.05,99.95
2015-04-30,27.23,27.47,0.86,99.14
2015-05-01,27.35,27.48,0.49,99.51
2015-05-04,27.43,27.81,1.37,98.63
2015-05-05,26.95,27.51,2.08,97.92
2015-05-06,26.55,27.11,2.08,97.92
2015-05-07,26.9,27.35,1.67,98.33
2015-05-08,27.24,27.31,0.25,99.75
2015-05-11,27.08,27.31,0.83,99.17
2015-05-12,26.73,27.11,1.39,98.61
2015-05-13,26.77,26.93,0.58,99.42
2015-05-14,27.25,26.62,2.32,97.68
2015-05-15,27.12,26.93,0.71,99.29
2015-05-18,27.13,26.95,0.66,99.34
2015-05-19,27.26,27.03,0.83,99.17
2015-05-20,27.42,27.33,0.31,99.69
2015-05-21,27.63,27.33,1.08,98.92
2015-05-22,27.52,27.31,0.76,99.24
2015-05-26,27.15,27.29,0.49,99.51
2015-05-27,27.5,27.58,0.29,99.71
2015-05-28,27.5,27.56,0.22,99.78
2015-05-29,27.06,27.14,0.3,99.7
2015-06-01,27.25,27.29,0.12,99.88
2015-06-02,27.49,27.58,0.34,99.66
2015-06-03,27.56,27.58,0.1,99.9
2015-06-04,27.38,27.29,0.33,99.67
2015-06-05,27.27,27.29,0.06,99.94
2015-06-08,26.97,27.14,0.64,99.36
2015-06-09,26.9,27.08,0.66,99.34
2015-06-10,27.42,27.27,0.56,99.44
2015-06-11,27.3,27.11,0.69,99.31
2015-06-12,27.17,27.11,0.23,99.77
2015-06-15,26.95,27.08,0.51,99.49
2015-06-16,27.04,26.99,0.2,99.8
2015-06-17,27.13,27.03,0.35,99.65
2015-06-18,27.6,27.54,0.21,99.79
2015-06-19,27.67,27.48,0.66,99.34
2015-06-22,27.77,27.35,1.53,98.47
2015-06-23,27.96,27.79,0.6,99.4
2015-06-24,27.72,27.64,0.28,99.72
2015-06-25,27.69,27.79,0.37,99.63
2015-06-26,27.45,27.85,1.46,98.54
2015-06-29,26.86,27.46,2.24,97.76
2015-06-30,26.8,26.96,0.61,99.39
2015-07-01,26.96,27.12,0.58,99.42
2015-07-02,27.16,27.26,0.38,99.62
2015-07-06,27.08,27.29,0.78,99.22
2015-07-07,27.3,27.36,0.24,99.76
2015-07-08,26.88,27.12,0.88,99.12
2015-07-09,27.03,26.9,0.46,99.54
2015-07-10,27.6,27.18,1.52,98.48
2015-07-13,28.37,27.82,1.93,98.07
2015-07-14,28.99,27.94,3.63,96.37
2015-07-15,28.98,28.1,3.04,96.96
2015-07-16,29.86,28.25,5.39,94.61
2015-07-17,34.72,31.59,9.0,91.0
2015-07-20,34.38,31.79,7.54,92.46
2015-07-21,34.51,33.32,3.45,96.55
2015-07-22,34.49,33.93,1.65,98.35
2015-07-23,33.48,33.28,0.61,99.39
2015-07-24,32.49,33.18,2.13,97.87
2015-07-27,32.67,33.58,2.81,97.19
2015-07-28,32.74,33.68,2.88,97.12
2015-07-29,32.82,33.68,2.61,97.39
2015-07-30,32.98,33.68,2.12,97.88
2015-07-31,32.63,33.48,2.6,97.4
2015-08-03,32.99,33.48,1.49,98.51
2015-08-04,32.82,33.48,2.02,97.98
2015-08-05,33.41,33.49,0.23,99.77
2015-08-06,33.26,32.04,3.66,96.34
2015-08-07,32.97,32.19,2.36,97.64
2015-08-10,32.91,31.74,3.54,96.46
2015-08-11,34.26,32.42,5.35,94.65
2015-08-12,34.31,33.45,2.52,97.48
2015-08-13,34.07,34.39,0.95,99.05
2015-08-14,34.21,34.39,0.53,99.47
2015-08-17,34.45,34.39,0.16,99.84
2015-08-18,34.18,34.3,0.36,99.64
2015-08-19,34.44,35.33,2.57,97.43
2015-08-20,33.72,35.28,4.63,95.37
2015-08-21,31.96,34.28,7.27,92.73
2015-08-24,30.67,32.79,6.91,93.09
2015-08-25,30.39,31.95,5.11,94.89
2015-08-26,32.74,32.66,0.25,99.75
2015-08-27,33.15,33.12,0.09,99.91
2015-08-28,32.74,32.9,0.48,99.52
2015-08-31,32.15,32.42,0.85,99.15
2015-09-01,31.24,31.74,1.61,98.39
2015-09-02,32.0,32.19,0.57,99.43
2015-09-03,31.61,32.19,1.81,98.19
2015-09-04,31.21,31.8,1.88,98.12
2015-09-08,31.95,32.19,0.73,99.27
2015-09-09,31.93,32.19,0.8,99.2
2015-09-10,32.31,32.37,0.17,99.83
2015-09-11,32.52,32.99,1.44,98.56
2015-09-14,32.38,33.26,2.73,97.27
2015-09-15,33.0,33.31,0.93,99.07
2015-09-16,33.03,32.99,0.11,99.89
2015-09-17,33.33,32.05,3.85,96.15
2015-09-18,32.8,31.81,3.0,97.0
2015-09-21,33.1,32.27,2.5,97.5
2015-09-22,32.42,32.32,0.29,99.71
2015-09-23,32.42,32.28,0.42,99.58
2015-09-24,32.5,32.56,0.17,99.83
2015-09-25,31.77,32.29,1.65,98.35
2015-09-28,30.98,31.48,1.61,98.39
2015-09-29,30.9,31.16,0.86,99.14
2015-09-30,31.68,31.42,0.81,99.19
2015-10-01,31.86,31.34,1.63,98.37
2015-10-02,32.6,32.28,0.99,99.01
2015-10-05,33.33,32.28,3.15,96.85
2015-10-06,33.33,32.28,3.15,96.85
2015-10-07,33.25,32.09,3.49,96.51
2015-10-08,33.1,33.22,0.37,99.63
2015-10-09,33.31,33.22,0.26,99.74
2015-10-12,33.57,33.54,0.08,99.92
2015-10-13,33.9,33.55,1.05,98.95
2015-10-14,33.77,33.54,0.66,99.34
2015-10-15,34.39,33.8,1.72,98.28
2015-10-16,34.51,35.12,1.79,98.21
2015-10-19,34.74,35.12,1.1,98.9
2015-10-20,33.75,34.43,2.03,97.97
2015-10-21,33.34,34.57,3.71,96.29
2015-10-22,33.8,34.57,2.27,97.73
2015-10-23,35.7,35.42,0.78,99.22
2015-10-26,36.28,35.47,2.23,97.77
2015-10-27,36.37,35.89,1.3,98.7
2015-10-28,36.57,35.98,1.62,98.38
2015-10-29,36.96,35.98,2.66,97.34
2015-10-30,36.59,36.32,0.73,99.27
2015-11-02,37.11,36.38,1.95,98.05
2015-11-03,37.16,36.96,0.55,99.45
2015-11-04,37.48,37.27,0.58,99.42
2015-11-05,37.75,37.29,1.22,98.78
2015-11-06,37.79,37.45,0.92,99.08
2015-11-09,37.46,37.55,0.26,99.74
2015-11-10,37.63,37.82,0.51,99.49
2015-11-11,37.98,37.82,0.4,99.6
2015-11-12,37.54,37.33,0.57,99.43
2015-11-13,36.73,37.31,1.6,98.4
2015-11-16,37.24,37.63,1.04,98.96
2015-11-17,37.02,37.4,1.02,98.98
2015-11-18,37.72,37.56,0.42,99.58
2015-11-19,37.71,37.58,0.36,99.64
2015-11-20,38.56,37.85,1.84,98.16
2015-11-23,38.54,38.03,1.33,98.67
2015-11-24,38.19,37.78,1.08,98.92
2015-11-25,38.17,37.61,1.47,98.53
2015-11-27,38.31,37.99,0.84,99.16
2015-11-30,37.86,37.98,0.32,99.68
2015-12-01,38.9,38.35,1.4,98.6
2015-12-02,38.6,37.99,1.59,98.41
2015-12-03,38.12,37.99,0.35,99.65
2015-12-04,38.67,38.45,0.57,99.43
2015-12-07,38.36,38.35,0.02,99.98
2015-12-08,38.47,38.4,0.17,99.83
2015-12-09,37.84,37.98,0.36,99.64
2015-12-10,37.72,37.98,0.69,99.31
2015-12-11,37.24,37.16,0.2,99.8
2015-12-14,37.84,37.38,1.23,98.77
2015-12-15,37.72,37.49,0.6,99.4
2015-12-16,38.54,38.12,1.08,98.92
2015-12-17,38.2,38.04,0.43,99.57
2015-12-18,37.56,37.82,0.7,99.3
2015-12-21,37.75,37.34,1.09,98.91
2015-12-22,38.07,37.67,1.04,98.96
2015-12-23,38.14,38.12,0.04,99.96
2015-12-24,38.0,37.55,1.18,98.82
2015-12-28,38.82,38.12,1.79,98.21
2015-12-29,39.4,38.95,1.14,98.86
2015-12-30,39.22,39.03,0.48,99.52
2015-12-31,38.61,38.78,0.45,99.55
2016-01-04,37.69,38.61,2.46,97.54
2016-01-05,37.79,38.53,1.95,98.05
2016-01-06,37.68,38.53,2.25,97.75
2016-01-07,36.77,36.91,0.36,99.64
2016-01-08,36.27,36.84,1.58,98.42
2016-01-11,36.38,37.16,2.16,97.84
2016-01-12,36.99,37.38,1.05,98.95
2016-01-13,35.71,36.36,1.84,98.16
2016-01-14,36.3,36.68,1.07,98.93
2016-01-15,35.26,35.94,1.94,98.06
2016-01-19,35.68,35.94,0.72,99.28
2016-01-20,35.66,35.51,0.41,99.59
2016-01-21,36.06,35.68,1.05,98.95
2016-01-22,36.99,36.04,2.59,97.41
2016-01-25,36.41,36.12,0.79,99.21
2016-01-26,36.41,36.12,0.82,99.18
2016-01-27,35.61,36.04,1.2,98.8
2016-01-28,37.13,36.96,0.46,99.54
2016-01-29,37.78,37.07,1.89,98.11
2016-02-01,38.25,37.15,2.87,97.13
2016-02-02,38.75,37.51,3.21,96.79
2016-02-03,37.19,37.36,0.45,99.55
2016-02-04,36.23,36.88,1.79,98.21
2016-02-05,34.92,36.62,4.85,95.15
2016-02-08,34.94,36.05,3.15,96.85
2016-02-09,34.79,36.16,3.96,96.04
2016-02-10,35.08,36.05,2.76,97.24
2016-02-11,35.05,35.87,2.32,97.68
2016-02-12,35.08,35.95,2.48,97.52
2016-02-16,35.61,35.71,0.28,99.72
2016-02-17,36.32,36.09,0.65,99.35
2016-02-18,35.61,35.16,1.26,98.74
2016-02-19,35.83,35.16,1.88,98.12
2016-02-22,36.18,35.07,3.06,96.94
2016-02-23,35.6,34.63,2.72,97.28
2016-02-24,35.77,35.07,1.96,98.04
2016-02-25,36.18,35.78,1.13,98.87
2016-02-26,35.97,36.28,0.85,99.15
2016-02-29,35.59,36.14,1.53,98.47
2016-03-01,36.83,36.37,1.24,98.76
2016-03-02,36.7,36.69,0.01,99.99
2016-03-03,36.31,36.65,0.94,99.06
2016-03-04,36.24,36.6,0.99,99.01
2016-03-07,35.37,36.1,2.07,97.93
2016-03-08,35.41,35.95,1.52,98.48
2016-03-09,36.0,36.67,1.86,98.14
2016-03-10,36.33,36.34,0.01,99.99
2016-03-11,36.96,36.51,1.24,98.76
2016-03-14,37.23,37.03,0.55,99.45
2016-03-15,37.25,37.03,0.59,99.41
2016-03-16,37.58,37.02,1.49,98.51
2016-03-17,37.64,37.12,1.38,98.62
2016-03-18,37.49,37.21,0.74,99.26
2016-03-21,37.82,37.07,1.99,98.01
2016-03-22,37.72,37.2,1.38,98.62
2016-03-23,37.59,37.2,1.04,98.96
2016-03-24,37.46,37.43,0.09,99.91
2016-03-28,37.38,38.1,1.93,98.07
2016-03-29,38.01,38.35,0.89,99.11
2016-03-30,38.13,38.3,0.45,99.55
2016-03-31,37.86,38.18,0.85,99.15
2016-04-01,38.19,38.12,0.19,99.81
2016-04-04,37.97,38.03,0.15,99.85
2016-04-05,37.64,38.0,0.95,99.05
2016-04-06,38.12,38.15,0.08,99.92
2016-04-07,37.72,37.86,0.37,99.63
2016-04-08,37.69,37.86,0.45,99.55
2016-04-11,37.59,37.7,0.3,99.7
2016-04-12,37.93,38.0,0.19,99.81
2016-04-13,38.31,38.29,0.05,99.95
2016-04-14,38.48,38.39,0.24,99.76
2016-04-15,38.71,38.6,0.27,99.73
2016-04-18,39.09,38.4,1.76,98.24
2016-04-19,38.52,37.99,1.38,98.62
2016-04-20,38.46,38.31,0.37,99.63
2016-04-21,38.71,38.95,0.62,99.38
2016-04-22,36.61,37.16,1.51,98.49
2016-04-25,36.83,37.38,1.47,98.53
2016-04-26,36.0,36.84,2.35,97.65
2016-04-27,35.8,36.84,2.91,97.09
2016-04-28,34.99,36.33,3.84,96.16
2016-04-29,35.13,36.36,3.52,96.48
2016-05-02,35.45,35.72,0.74,99.26
2016-05-03,35.16,35.51,1.02,98.98
2016-05-04,35.3,35.51,0.6,99.4
2016-05-05,35.47,35.51,0.13,99.87
2016-05-06,35.99,35.18,2.25,97.75
2016-05-09,36.18,34.92,3.48,96.52
2016-05-10,36.69,35.24,3.95,96.05
2016-05-11,36.25,34.92,3.67,96.33
2016-05-12,36.13,35.37,2.1,97.9
2016-05-13,35.97,35.7,0.75,99.25
2016-05-16,36.24,36.43,0.52,99.48
2016-05-17,35.74,36.24,1.39,98.61
2016-05-18,35.82,36.65,2.31,97.69
2016-05-19,35.5,36.34,2.37,97.63
2016-05-20,35.81,36.34,1.46,98.54
2016-05-23,35.59,36.35,2.11,97.89
2016-05-24,36.38,36.65,0.74,99.26
2016-05-25,36.63,36.69,0.17,99.83
2016-05-26,36.57,36.51,0.18,99.82
2016-05-27,37.1,36.65,1.22,98.78
2016-05-31,37.16,36.68,1.3,98.7
2016-06-01,37.14,37.02,0.32,99.68
2016-06-02,36.93,36.98,0.12,99.88
2016-06-03,36.52,36.84,0.88,99.12
2016-06-06,36.23,36.48,0.68,99.32
2016-06-07,36.28,36.84,1.54,98.46
2016-06-08,36.87,37.02,0.42,99.58
2016-06-09,36.85,37.07,0.61,99.39
2016-06-10,36.38,36.84,1.25,98.75
2016-06-13,36.32,36.93,1.68,98.32
2016-06-14,36.39,36.56,0.48,99.52
2016-06-15,36.33,36.05,0.8,99.2
2016-06-16,35.94,35.87,0.21,99.79
2016-06-17,34.95,35.21,0.75,99.25
2016-06-20,35.04,35.21,0.48,99.52
2016-06-21,35.18,35.22,0.12,99.88
2016-06-22,35.26,35.25,0.03,99.97
2016-06-23,35.48,35.18,0.83,99.17
2016-06-24,34.0,34.89,2.62,97.38
2016-06-27,33.8,34.46,1.94,98.06
2016-06-28,34.3,34.4,0.28,99.72
2016-06-29,34.5,34.46,0.12,99.88
2016-06-30,34.91,34.21,2.03,97.97
2016-07-01,35.25,34.57,1.93,98.07
2016-07-05,34.98,34.57,1.19,98.81
2016-07-06,35.18,34.57,1.76,98.24
2016-07-07,35.1,34.65,1.29,98.71
2016-07-08,35.62,35.54,0.23,99.77
2016-07-11,36.09,35.68,1.13,98.87
2016-07-12,36.35,35.68,1.85,98.15
2016-07-13,36.2,35.63,1.58,98.42
2016-07-14,36.51,36.14,1.03,98.97
2016-07-15,36.51,36.49,0.05,99.95
2016-07-18,37.38,37.02,0.96,99.04
2016-07-19,37.39,37.22,0.46,99.54
2016-07-20,37.57,37.64,0.19,99.81
2016-07-21,37.44,37.43,0.01,99.99
2016-07-22,37.68,37.39,0.77,99.23
2016-07-25,37.59,37.64,0.13,99.87
2016-07-26,37.6,37.43,0.44,99.56
2016-07-27,37.81,38.08,0.72,99.28
2016-07-28,38.0,38.08,0.21,99.79
2016-07-29,39.27,38.81,1.16,98.84
2016-08-01,39.75,38.93,2.06,97.94
2016-08-02,39.71,39.18,1.33,98.67
2016-08-03,39.65,39.3,0.88,99.12
2016-08-04,39.56,39.57,0.01,99.99
2016-08-05,40.04,40.2,0.4,99.6
2016-08-08,39.96,40.23,0.69,99.31
2016-08-09,40.07,40.15,0.19,99.81
2016-08-10,40.12,40.62,1.24,98.76
2016-08-11,40.11,40.62,1.27,98.73
2016-08-12,40.05,40.62,1.42,98.58
2016-08-15,40.0,40.62,1.56,98.44
2016-08-16,39.76,40.09,0.83,99.17
2016-08-17,39.97,40.51,1.36,98.64
2016-08-18,39.84,40.43,1.48,98.52
2016-08-19,39.68,39.87,0.47,99.53
2016-08-22,39.55,39.72,0.43,99.57
2016-08-23,39.53,39.87,0.85,99.15
2016-08-24,39.38,39.72,0.85,99.15
2016-08-25,39.27,38.63,1.64,98.36
2016-08-26,39.36,38.9,1.17,98.83
2016-08-29,39.49,38.9,1.49,98.51
2016-08-30,39.3,38.63,1.71,98.29
2016-08-31,39.2,38.63,1.45,98.55
2016-09-01,39.27,38.72,1.41,98.59
2016-09-02,39.54,38.96,1.47,98.53
2016-09-06,40.1,39.8,0.74,99.26
2016-09-07,40.1,39.61,1.22,98.78
2016-09-08,39.84,39.61,0.59,99.41
2016-09-09,39.13,38.96,0.42,99.58
2016-09-12,39.64,39.61,0.09,99.91
2016-09-13,39.14,38.79,0.9,99.1
2016-09-14,39.23,39.06,0.43,99.57
2016-09-15,39.76,39.27,1.24,98.76
2016-09-16,39.6,39.22,0.96,99.04
2016-09-19,39.47,39.14,0.85,99.15
2016-09-20,39.69,39.25,1.09,98.91
2016-09-21,39.95,39.57,0.95,99.05
2016-09-22,40.49,40.05,1.1,98.9
2016-09-23,40.44,40.0,1.09,98.91
2016-09-26,39.83,39.44,0.97,99.03
2016-09-27,40.23,39.61,1.55,98.45
2016-09-28,40.2,39.61,1.47,98.53
2016-09-29,39.83,40.22,0.99,99.01
2016-09-30,39.9,40.03,0.32,99.68
2016-10-03,39.72,40.22,1.27,98.73
2016-10-04,39.84,40.28,1.11,98.89
2016-10-05,39.76,40.03,0.68,99.32
2016-10-06,39.85,40.03,0.45,99.55
2016-10-07,39.74,40.18,1.13,98.87
2016-10-10,40.4,40.58,0.44,99.56
2016-10-11,40.17,40.18,0.02,99.98
2016-10-12,40.28,40.02,0.65,99.35
2016-10-13,39.9,39.71,0.49,99.51
2016-10-14,39.93,40.18,0.64,99.36
2016-10-17,40.04,39.87,0.42,99.58
2016-10-18,40.77,40.43,0.82,99.18
2016-10-19,41.03,40.76,0.67,99.33
2016-10-20,40.77,40.63,0.36,99.64
2016-10-21,40.89,40.72,0.43,99.57
2016-10-24,41.47,41.33,0.36,99.64
2016-10-25,41.12,41.24,0.3,99.7
2016-10-26,40.8,41.15,0.87,99.13
2016-10-27,40.56,41.1,1.33,98.67
2016-10-28,40.67,40.75,0.2,99.8
2016-10-31,40.19,40.75,1.4,98.6
2016-11-01,39.97,40.44,1.17,98.83
2016-11-02,39.13,39.62,1.27,98.73
2016-11-03,38.82,39.39,1.47,98.53
2016-11-04,38.76,39.39,1.61,98.39
2016-11-07,39.8,39.39,1.04,98.96
2016-11-08,40.29,39.6,1.72,98.28
2016-11-09,39.98,39.6,0.94,99.06
2016-11-10,38.72,38.69,0.09,99.91
2016-11-11,38.3,38.41,0.29,99.71
2016-11-14,37.38,38.35,2.6,97.4
2016-11-15,38.47,38.75,0.73,99.27
2016-11-16,38.71,38.96,0.67,99.33
2016-11-17,39.01,38.96,0.13,99.87
2016-11-18,38.51,38.78,0.7,99.3
2016-11-21,38.95,38.58,0.95,99.05
2016-11-22,38.96,39.03,0.19,99.81
2016-11-23,38.66,39.03,0.96,99.04
2016-11-25,38.72,39.11,1.0,99.0
2016-11-28,38.99,38.76,0.6,99.4
2016-11-29,39.18,38.63,1.39,98.61
2016-11-30,38.5,38.16,0.88,99.12
2016-12-01,37.93,38.79,2.27,97.73
2016-12-02,37.94,38.46,1.37,98.63
2016-12-05,38.62,39.15,1.38,98.62
2016-12-06,38.52,38.76,0.62,99.38
2016-12-07,39.28,38.84,1.11,98.89
2016-12-08,39.46,38.84,1.57,98.43
2016-12-09,40.17,39.29,2.18,97.82
2016-12-12,40.09,39.25,2.11,97.89
2016-12-13,40.46,40.05,1.01,98.99
2016-12-14,40.59,40.18,1.01,98.99
2016-12-15,40.48,40.18,0.73,99.27
2016-12-16,40.19,40.05,0.35,99.65
2016-12-19,40.32,40.05,0.68,99.32
2016-12-20,40.45,40.61,0.39,99.61
2016-12-21,40.31,40.72,1.02,98.98
2016-12-22,40.18,40.72,1.33,98.67
2016-12-23,40.09,40.6,1.29,98.71
2016-12-27,40.19,40.63,1.09,98.91
2016-12-28,39.93,40.43,1.25,98.75
2016-12-29,39.84,40.22,0.96,99.04
2016-12-30,39.33,39.11,0.55,99.45
2017-01-03,40.1,40.03,0.17,99.83
2017-01-04,40.09,39.6,1.21,98.79
2017-01-05,40.35,39.87,1.18,98.82
2017-01-06,40.95,40.38,1.4,98.6
2017-01-09,41.05,40.62,1.03,98.97
2017-01-10,40.99,40.58,1.0,99.0
2017-01-11,41.18,40.58,1.46,98.54
2017-01-12,41.17,41.2,0.08,99.92
2017-01-13,41.24,41.24,0.02,99.98
2017-01-17,41.06,41.2,0.33,99.67
2017-01-18,41.14,41.2,0.14,99.86
2017-01-19,40.91,41.2,0.71,99.29
2017-01-20,41.1,41.33,0.55,99.45
2017-01-23,41.9,41.59,0.76,99.24
2017-01-24,42.16,41.5,1.56,98.44
2017-01-25,42.6,41.59,2.38,97.62
2017-01-26,42.53,42.21,0.76,99.24
2017-01-27,41.93,41.9,0.08,99.92
2017-01-30,40.88,41.29,1.01,98.99
2017-01-31,40.7,41.29,1.45,98.55
2017-02-01,40.46,40.9,1.08,98.92
2017-02-02,40.61,40.32,0.7,99.3
2017-02-03,40.7,40.6,0.25,99.75
2017-02-06,40.77,40.87,0.23,99.77
2017-02-07,41.15,41.03,0.29,99.71
2017-02-08,41.18,41.03,0.37,99.63
2017-02-09,41.19,41.03,0.39,99.61
2017-02-10,41.43,41.3,0.31,99.69
2017-02-13,41.63,41.3,0.79,99.21
2017-02-14,41.69,41.09,1.43,98.57
2017-02-15,41.55,41.09,1.11,98.89
2017-02-16,41.79,41.57,0.53,99.47
2017-02-17,42.01,42.34,0.78,99.22
2017-02-21,42.15,42.44,0.69,99.31
2017-02-22,42.25,42.95,1.65,98.35
2017-02-23,42.23,42.95,1.69,98.31
2017-02-24,42.07,42.48,0.97,99.03
2017-02-27,42.16,42.48,0.75,99.25
2017-02-28,41.93,42.31,0.9,99.1
2017-03-01,42.52,42.42,0.23,99.77
2017-03-02,42.17,42.27,0.23,99.77
2017-03-03,42.14,42.18,0.1,99.9
2017-03-06,42.05,41.98,0.15,99.85
2017-03-07,42.24,42.13,0.25,99.75
2017-03-08,42.36,42.18,0.43,99.57
2017-03-09,42.57,42.18,0.92,99.08
2017-03-10,42.75,42.18,1.33,98.67
2017-03-13,42.9,42.18,1.69,98.31
2017-03-14,42.97,43.97,2.32,97.68
2017-03-15,43.09,44.01,2.12,97.88
2017-03-16,43.17,44.1,2.14,97.86
2017-03-17,43.29,43.98,1.6,98.4
2017-03-20,43.07,44.26,2.75,97.25
2017-03-21,42.19,43.09,2.15,97.85
2017-03-22,42.17,43.44,3.01,96.99
2017-03-23,41.67,42.96,3.11,96.89
2017-03-24,41.44,43.73,5.52,94.48
2017-03-27,41.61,43.73,5.1,94.9
2017-03-28,41.72,41.94,0.54,99.46
2017-03-29,42.17,42.15,0.05,99.95
2017-03-30,42.16,41.94,0.51,99.49
2017-03-31,42.07,41.94,0.31,99.69
2017-04-03,42.52,42.15,0.85,99.15
2017-04-04,42.31,41.94,0.87,99.13
2017-04-05,42.13,41.73,0.95,99.05
2017-04-06,41.94,41.73,0.49,99.51
2017-04-07,41.79,41.73,0.14,99.86
2017-04-10,41.77,41.3,1.12,98.88
2017-04-11,41.68,41.17,1.22,98.78
2017-04-12,41.76,41.73,0.06,99.94
2017-04-13,41.69,41.77,0.18,99.82
2017-04-17,42.44,42.18,0.61,99.39
2017-04-18,42.38,42.18,0.48,99.52
2017-04-19,42.5,41.93,1.36,98.64
2017-04-20,42.68,42.13,1.29,98.71
2017-04-21,42.63,42.13,1.16,98.84
2017-04-24,43.62,44.05,1.0,99.0
2017-04-25,44.11,45.06,2.16,97.84
2017-04-26,44.12,45.06,2.13,97.87
2017-04-27,44.24,45.21,2.2,97.8
2017-04-28,45.88,45.59,0.64,99.36
2017-05-01,46.29,45.59,1.52,98.48
2017-05-02,46.5,45.59,1.97,98.03
2017-05-03,47.07,45.59,3.14,96.86
2017-05-04,47.38,47.23,0.32,99.68
2017-05-05,47.16,47.44,0.59,99.41
2017-05-08,47.58,47.44,0.29,99.71
2017-05-09,47.48,47.44,0.09,99.91
2017-05-10,47.38,48.19,1.7,98.3
2017-05-11,47.44,48.19,1.59,98.41
2017-05-12,47.4,48.19,1.67,98.33
2017-05-15,47.6,48.67,2.24,97.76
2017-05-16,47.87,48.67,1.67,98.33
2017-05-17,46.76,47.91,2.48,97.52
2017-05-18,47.17,47.9,1.55,98.45
2017-05-19,47.37,47.89,1.1,98.9
2017-05-22,47.84,47.9,0.12,99.88
2017-05-23,48.16,47.9,0.55,99.45
2017-05-24,48.51,47.91,1.25,98.75
2017-05-25,49.22,48.87,0.72,99.28
2017-05-26,49.29,48.87,0.86,99.14
2017-05-30,49.43,48.87,1.15,98.85
2017-05-31,48.98,48.78,0.43,99.57
2017-06-01,49.04,48.78,0.55,99.45
2017-06-02,49.43,48.87,1.14,98.86
2017-06-05,49.82,48.87,1.91,98.09
2017-06-06,49.46,49.06,0.81,99.19
2017-06-07,49.7,49.31,0.79,99.21
2017-06-08,49.84,49.29,1.1,98.9
2017-06-09,48.14,48.74,1.24,98.76
2017-06-12,47.73,48.34,1.27,98.73
2017-06-13,48.16,48.5,0.7,99.3
2017-06-14,48.03,48.09,0.12,99.88
2017-06-15,47.65,47.27,0.8,99.2
2017-06-16,47.57,47.27,0.63,99.37
2017-06-19,48.4,48.02,0.78,99.22
2017-06-20,48.09,48.2,0.24,99.76
2017-06-21,48.56,48.48,0.17,99.83
2017-06-22,48.46,48.02,0.92,99.08
2017-06-23,48.93,48.2,1.5,98.5
2017-06-26,48.24,47.87,0.76,99.24
2017-06-27,47.05,47.27,0.47,99.53
2017-06-28,47.69,47.48,0.43,99.57
2017-06-29,46.54,47.16,1.34,98.66
2017-06-30,46.14,47.16,2.22,97.78
2017-07-03,45.63,46.95,2.89,97.11
2017-07-05,46.26,47.01,1.62,98.38
2017-07-06,46.04,47.01,2.12,97.88
2017-07-07,46.69,47.25,1.2,98.8
2017-07-10,47.19,46.77,0.89,99.11
2017-07-11,47.32,47.05,0.56,99.44
2017-07-12,48.02,47.2,1.7,98.3
2017-07-13,48.08,47.2,1.82,98.18
2017-07-14,48.48,47.2,2.63,97.37
2017-07-17,48.43,47.94,1.03,98.97
2017-07-18,48.98,48.5,0.98,99.02
2017-07-19,49.27,48.49,1.57,98.43
2017-07-20,49.24,48.93,0.62,99.38
2017-07-21,49.32,48.72,1.22,98.78
2017-07-24,49.54,49.62,0.16,99.84
2017-07-25,48.09,48.78,1.44,98.56
2017-07-26,47.9,48.82,1.91,98.09
2017-07-27,47.27,48.0,1.56,98.44
2017-07-28,47.56,48.18,1.3,98.7
2017-07-31,46.92,47.77,1.81,98.19
2017-08-01,46.97,47.16,0.4,99.6
2017-08-02,47.03,47.16,0.29,99.71
2017-08-03,46.66,46.95,0.61,99.39
2017-08-04,46.93,46.95,0.02,99.98
2017-08-07,46.93,46.33,1.28,98.72
2017-08-08,46.86,46.36,1.06,98.94
2017-08-09,46.65,46.36,0.63,99.37
2017-08-10,45.83,46.25,0.92,99.08
2017-08-11,46.16,45.83,0.7,99.3
2017-08-14,46.59,46.12,1.01,98.99
2017-08-15,46.55,45.86,1.49,98.51
2017-08-16,46.86,46.56,0.63,99.37
2017-08-17,46.04,45.85,0.41,99.59
2017-08-18,45.96,46.06,0.21,99.79
2017-08-21,45.7,46.05,0.77,99.23
2017-08-22,46.67,46.78,0.23,99.77
2017-08-23,46.78,46.97,0.43,99.57
2017-08-24,46.49,46.57,0.16,99.84
2017-08-25,46.18,44.81,2.96,97.04
2017-08-28,46.06,44.81,2.71,97.29
2017-08-29,46.44,45.17,2.72,97.28
2017-08-30,46.83,45.84,2.11,97.89
2017-08-31,47.4,47.53,0.27,99.73
2017-09-01,47.24,47.22,0.06,99.94
2017-09-05,46.72,46.97,0.54,99.46
2017-09-06,46.75,46.81,0.14,99.86
2017-09-07,47.14,47.53,0.84,99.16
2017-09-08,46.72,47.22,1.07,98.93
2017-09-11,46.81,47.49,1.45,98.55
2017-09-12,46.98,46.97,0.01,99.99
2017-09-13,47.17,47.12,0.1,99.9
2017-09-14,46.65,46.97,0.69,99.31
2017-09-15,46.41,46.97,1.21,98.79
2017-09-18,46.14,46.97,1.81,98.19
2017-09-19,46.49,46.97,1.04,98.96
2017-09-20,47.02,46.97,0.1,99.9
2017-09-21,47.02,46.57,0.97,99.03
2017-09-22,46.81,46.45,0.77,99.23
2017-09-25,46.36,46.57,0.44,99.56
2017-09-26,46.52,46.72,0.43,99.57
2017-09-27,47.64,47.12,1.08,98.92
2017-09-28,47.88,47.74,0.29,99.71
2017-09-29,48.32,47.75,1.19,98.81
2017-10-02,48.01,47.95,0.12,99.88
2017-10-03,48.24,48.43,0.39,99.61
2017-10-04,47.98,48.49,1.06,98.94
2017-10-05,48.89,48.78,0.22,99.78
2017-10-06,49.31,48.73,1.18,98.82
2017-10-09,49.24,48.93,0.63,99.37
2017-10-10,49.02,48.87,0.31,99.69
2017-10-11,49.91,48.88,2.06,97.94
2017-10-12,49.91,49.29,1.23,98.77
2017-10-13,50.02,49.35,1.33,98.67
2017-10-16,50.09,50.59,1.01,98.99
2017-10-17,50.17,50.53,0.72,99.28
2017-10-18,50.26,50.53,0.55,99.45
2017-10-19,49.72,50.34,1.26,98.74
2017-10-20,49.88,50.44,1.13,98.87
2017-10-23,48.91,49.98,2.2,97.8
2017-10-24,49.05,50.54,3.03,96.97
2017-10-25,49.2,50.02,1.67,98.33
2017-10-26,49.2,49.86,1.34,98.66
2017-10-27,51.3,50.9,0.77,99.23
2017-10-30,51.27,50.9,0.72,99.28
2017-10-31,51.26,50.71,1.08,98.92
2017-11-01,51.74,50.9,1.62,98.38
2017-11-02,51.76,52.04,0.54,99.46
2017-11-03,52.11,50.9,2.32,97.68
2017-11-06,51.74,51.88,0.27,99.73
2017-11-07,52.22,51.93,0.57,99.43
2017-11-08,52.52,52.08,0.83,99.17
2017-11-09,51.99,52.04,0.08,99.92
2017-11-10,51.82,52.17,0.69,99.31
2017-11-13,51.67,52.14,0.9,99.1
2017-11-14,51.69,52.08,0.75,99.25
2017-11-15,51.43,52.6,2.27,97.73
2017-11-16,52.03,52.19,0.31,99.69
2017-11-17,51.41,51.52,0.22,99.78
2017-11-20,51.35,51.52,0.34,99.66
2017-11-21,52.12,51.52,1.15,98.85
2017-11-22,52.2,51.67,1.02,98.98
2017-11-24,52.43,51.95,0.91,99.09
2017-11-27,53.2,52.75,0.84,99.16
2017-11-28,52.77,52.14,1.19,98.81
2017-11-29,51.48,51.02,0.9,99.1
2017-11-30,51.42,51.66,0.46,99.54
2017-12-01,50.87,51.02,0.29,99.71
2017-12-04,50.21,50.87,1.31,98.69
2017-12-05,50.6,51.02,0.83,99.17
2017-12-06,51.25,51.79,1.05,98.95
2017-12-07,51.84,51.36,0.92,99.08
2017-12-08,52.08,51.71,0.7,99.3
2017-12-11,52.2,51.72,0.93,99.07
2017-12-12,52.05,51.87,0.34,99.66
2017-12-13,52.18,51.87,0.59,99.41
2017-12-14,52.48,51.95,1.0,99.0
2017-12-15,53.2,51.95,2.34,97.66
2017-12-18,53.85,52.53,2.45,97.55
2017-12-19,53.58,53.86,0.51,99.49
2017-12-20,53.28,53.62,0.64,99.36
2017-12-21,53.14,53.86,1.34,98.66
2017-12-22,53.04,53.96,1.72,98.28
2017-12-26,52.89,53.86,1.83,98.17
2017-12-27,52.61,53.65,1.98,98.02
2017-12-28,52.4,53.22,1.56,98.44
2017-12-29,52.28,52.54,0.5,99.5
2018-01-02,53.26,53.49,0.43,99.57
2018-01-03,54.17,53.86,0.58,99.42
2018-01-04,54.38,54.69,0.58,99.42
2018-01-05,55.1,54.7,0.72,99.28
2018-01-08,55.29,54.69,1.08,98.92
2018-01-09,55.22,55.25,0.05,99.95
2018-01-10,55.09,55.62,0.96,99.04
2018-01-11,55.19,55.82,1.16,98.84
2018-01-12,56.11,56.17,0.1,99.9
2018-01-16,56.11,56.17,0.1,99.9
2018-01-17,56.53,56.52,0.02,99.98
2018-01-18,56.37,56.51,0.25,99.75
2018-01-19,56.75,57.06,0.55,99.45
2018-01-22,57.77,57.24,0.91,99.09
2018-01-23,58.37,57.99,0.65,99.35
2018-01-24,58.13,58.41,0.49,99.51
2018-01-25,58.66,59.15,0.82,99.18
2018-01-26,58.93,59.15,0.36,99.64
2018-01-29,58.88,58.99,0.18,99.82
2018-01-30,58.43,58.76,0.58,99.42
2018-01-31,58.67,59.53,1.48,98.52
2018-02-01,58.64,59.56,1.58,98.42
2018-02-02,55.54,56.81,2.29,97.71
2018-02-05,52.72,54.3,3.0,97.0
2018-02-06,53.81,54.48,1.23,98.77
2018-02-07,52.37,53.72,2.57,97.43
2018-02-08,50.01,51.73,3.44,96.56
2018-02-09,51.92,52.11,0.36,99.64
2018-02-12,52.33,52.23,0.2,99.8
2018-02-13,52.31,52.52,0.4,99.6
2018-02-14,53.23,52.52,1.34,98.66
2018-02-15,54.16,52.78,2.55,97.45
2018-02-16,54.36,52.86,2.76,97.24
2018-02-20,54.77,53.33,2.62,97.38
2018-02-21,55.27,53.29,3.58,96.42
2018-02-22,55.08,53.18,3.45,96.55
2018-02-23,55.98,54.07,3.41,96.59
2018-02-26,56.76,55.82,1.65,98.35
2018-02-27,55.46,55.31,0.27,99.73
2018-02-28,54.78,55.09,0.57,99.43
2018-03-01,53.17,55.22,3.86,96.14
2018-03-02,53.8,54.93,2.1,97.9
2018-03-05,54.33,54.93,1.11,98.89
2018-03-06,54.63,54.94,0.56,99.44
2018-03-07,55.33,54.98,0.63,99.37
2018-03-08,56.05,55.09,1.7,98.3
2018-03-09,57.61,56.3,2.26,97.74
2018-03-12,57.86,56.3,2.69,97.31
2018-03-13,56.57,56.3,0.47,99.53
2018-03-14,57.01,56.69,0.57,99.43
2018-03-15,57.1,56.3,1.39,98.61
2018-03-16,56.3,55.55,1.33,98.67
2018-03-19,54.59,55.42,1.52,98.48
2018-03-20,54.38,55.55,2.15,97.85
2018-03-21,54.29,56.3,3.71,96.29
2018-03-22,52.26,54.33,3.96,96.04
2018-03-23,50.94,53.06,4.16,95.84
2018-03-26,52.31,53.98,3.2,96.8
2018-03-27,49.97,51.78,3.62,96.38
2018-03-28,49.88,51.32,2.89,97.11
2018-03-29,51.47,50.55,1.79,98.21
2018-04-02,50.25,50.55,0.6,99.4
2018-04-03,50.55,50.6,0.1,99.9
2018-04-04,51.1,50.29,1.58,98.42
2018-04-05,51.24,50.29,1.86,98.14
2018-04-06,50.12,49.7,0.83,99.17
2018-04-09,50.62,50.63,0.02,99.98
2018-04-10,51.44,50.79,1.25,98.75
2018-04-11,50.87,50.03,1.65,98.35
2018-04-12,51.48,50.72,1.46,98.54
2018-04-13,51.41,51.95,1.05,98.95
2018-04-16,51.91,51.36,1.07,98.93
2018-04-17,53.56,52.6,1.8,98.2
2018-04-18,53.37,53.42,0.1,99.9
2018-04-19,54.06,53.28,1.46,98.54
2018-04-20,53.46,53.46,0.01,99.99
2018-04-23,53.29,53.31,0.05,99.95
2018-04-24,50.75,51.94,2.36,97.64
2018-04-25,50.77,51.85,2.14,97.86
2018-04-26,51.77,52.96,2.29,97.71
2018-04-27,51.19,52.11,1.8,98.2
2018-04-30,50.55,51.26,1.42,98.58
2018-05-01,51.65,51.95,0.59,99.41
2018-05-02,50.92,51.26,0.68,99.32
2018-05-03,50.93,51.26,0.66,99.34
2018-05-04,52.16,51.95,0.39,99.61
2018-05-07,52.58,51.66,1.74,98.26
2018-05-08,52.53,51.66,1.66,98.34
2018-05-09,54.04,52.45,2.94,97.06
2018-05-10,54.86,53.02,3.36,96.64
2018-05-11,54.76,53.22,2.81,97.19
2018-05-14,54.92,53.86,1.92,98.08
2018-05-15,53.84,53.8,0.07,99.93
2018-05-16,53.8,53.79,0.01,99.99
2018-05-17,53.66,53.8,0.26,99.74
2018-05-18,53.08,53.8,1.35,98.65
2018-05-21,53.79,53.8,0.01,99.99
2018-05-22,53.36,53.84,0.9,99.1
2018-05-23,53.89,54.04,0.27,99.73
2018-05-24,53.87,54.13,0.49,99.51
2018-05-25,53.8,54.0,0.38,99.62
2018-05-29,53.0,53.05,0.09,99.91
2018-05-30,53.47,53.08,0.72,99.28
2018-05-31,54.59,53.32,2.32,97.68
2018-06-01,56.32,55.23,1.94,98.06
2018-06-04,57.22,55.94,2.24,97.76
2018-06-05,57.12,56.23,1.55,98.45
2018-06-06,56.92,56.36,0.98,99.02
2018-06-07,56.3,56.12,0.31,99.69
2018-06-08,56.21,56.36,0.26,99.74
2018-06-11,56.62,56.54,0.13,99.87
2018-06-12,56.98,56.66,0.56,99.44
2018-06-13,56.78,56.54,0.42,99.58
2018-06-14,57.57,57.4,0.29,99.71
2018-06-15,57.53,57.4,0.22,99.78
2018-06-18,58.74,58.54,0.34,99.66
2018-06-19,58.49,58.55,0.1,99.9
2018-06-20,58.76,58.76,0.01,99.99
2018-06-21,58.03,58.35,0.55,99.45
2018-06-22,58.03,57.62,0.7,99.3
2018-06-25,56.54,56.12,0.75,99.25
2018-06-26,56.21,56.55,0.62,99.38
2018-06-27,55.43,56.46,1.86,98.14
2018-06-28,55.92,56.65,1.32,98.68
2018-06-29,56.04,56.62,1.04,98.96
2018-07-02,56.68,56.65,0.04,99.96
2018-07-03,55.4,55.71,0.57,99.43
2018-07-05,56.64,56.33,0.54,99.46
2018-07-06,57.32,56.65,1.16,98.84
2018-07-09,57.93,56.62,2.25,97.75
2018-07-10,57.92,56.66,2.18,97.82
2018-07-11,58.13,57.14,1.72,98.28
2018-07-12,59.61,58.66,1.6,98.4
2018-07-13,59.77,58.71,1.77,98.23
2018-07-16,59.38,59.06,0.54,99.46
2018-07-17,60.2,59.74,0.76,99.24
2018-07-18,60.19,59.84,0.59,99.41
2018-07-19,59.51,59.65,0.24,99.76
2018-07-20,59.44,60.29,1.43,98.57
2018-07-23,60.1,60.24,0.24,99.76
2018-07-24,62.44,61.95,0.77,99.23
2018-07-25,63.32,62.57,1.19,98.81
2018-07-26,63.79,62.43,2.13,97.87
2018-07-27,62.17,61.97,0.33,99.67
2018-07-30,61.04,61.83,1.3,98.7
2018-07-31,60.9,61.77,1.42,98.58
2018-08-01,61.19,61.3,0.19,99.81
2018-08-02,61.59,61.47,0.2,99.8
2018-08-03,61.44,61.43,0.02,99.98
2018-08-06,61.42,61.1,0.53,99.47
2018-08-07,62.32,61.92,0.64,99.36
2018-08-08,62.59,62.36,0.38,99.62
2018-08-09,62.75,63.11,0.58,99.42
2018-08-10,62.16,62.72,0.91,99.09
2018-08-13,61.96,60.91,1.69,98.31
2018-08-14,62.44,60.88,2.49,97.51
2018-08-15,61.15,59.49,2.71,97.29
2018-08-16,60.74,60.05,1.15,98.85
2018-08-17,60.34,60.88,0.9,99.1
2018-08-20,60.64,60.91,0.45,99.55
2018-08-21,60.41,60.07,0.57,99.43
2018-08-22,60.63,59.61,1.67,98.33
2018-08-23,60.6,59.89,1.17,98.83
2018-08-24,61.37,60.56,1.33,98.67
2018-08-27,62.34,61.31,1.65,98.35
2018-08-28,61.83,60.38,2.34,97.66
2018-08-29,62.76,61.31,2.3,97.7
2018-08-30,62.25,61.34,1.47,98.53
2018-08-31,61.13,60.38,1.23,98.77
2018-09-04,60.11,59.0,1.85,98.15
2018-09-05,59.51,59.55,0.07,99.93
2018-09-06,58.76,59.32,0.96,99.04
2018-09-07,58.44,59.48,1.78,98.22
2018-09-10,58.31,58.85,0.92,99.08
2018-09-11,59.05,59.74,1.17,98.83
2018-09-12,58.14,58.29,0.26,99.74
2018-09-13,58.66,58.9,0.4,99.6
2018-09-14,58.46,57.85,1.04,98.96
2018-09-17,57.56,56.12,2.5,97.5
2018-09-18,57.92,57.0,1.58,98.42
2018-09-19,58.27,56.27,3.43,96.57
2018-09-20,59.13,56.75,4.02,95.98
2018-09-21,58.17,57.1,1.83,98.17
2018-09-24,58.54,57.5,1.77,98.23
2018-09-25,59.25,57.98,2.14,97.86
2018-09-26,59.26,58.8,0.77,99.23
2018-09-27,59.92,59.88,0.06,99.94
2018-09-28,59.9,59.84,0.1,99.9
2018-10-01,59.97,59.93,0.08,99.92
2018-10-02,59.93,60.57,1.06,98.94
2018-10-03,60.12,60.56,0.73,99.27
2018-10-04,58.41,58.53,0.19,99.81
2018-10-05,57.95,59.38,2.46,97.54
2018-10-08,57.36,58.49,1.97,98.03
2018-10-09,56.83,57.62,1.39,98.61
2018-10-10,54.2,55.28,1.99,98.01
2018-10-11,54.13,55.37,2.3,97.7
2018-10-12,55.61,56.07,0.84,99.16
2018-10-15,54.71,54.94,0.42,99.58
2018-10-16,56.23,55.59,1.13,98.87
2018-10-17,55.96,54.98,1.74,98.26
2018-10-18,54.48,54.21,0.5,99.5
2018-10-19,54.84,54.47,0.69,99.31
2018-10-22,55.15,54.47,1.25,98.75
2018-10-23,55.33,54.34,1.78,98.22
2018-10-24,52.46,53.3,1.61,98.39
2018-10-25,54.77,55.44,1.23,98.77
2018-10-26,53.78,54.84,1.96,98.04
2018-10-29,51.35,52.94,3.1,96.9
2018-10-30,52.08,53.68,3.08,96.92
2018-10-31,54.12,54.71,1.1,98.9
2018-11-01,53.89,54.51,1.14,98.86
2018-11-02,53.17,54.36,2.23,97.77
2018-11-05,52.39,53.17,1.49,98.51
2018-11-06,53.08,53.37,0.55,99.45
2018-11-07,55.0,54.51,0.89,99.11
2018-11-08,54.32,54.35,0.04,99.96
2018-11-09,53.45,53.99,1.01,98.99
2018-11-12,52.07,53.17,2.11,97.89
2018-11-13,52.01,53.35,2.59,97.41
2018-11-14,52.33,52.52,0.35,99.65
2018-11-15,53.15,53.26,0.2,99.8
2018-11-16,53.01,54.2,2.23,97.77
2018-11-19,50.99,52.43,2.82,97.18
2018-11-20,51.14,51.46,0.63,99.37
2018-11-21,51.78,51.64,0.28,99.72
2018-11-23,51.12,51.64,1.01,98.99
2018-11-26,52.4,52.54,0.26,99.74
2018-11-27,52.22,52.24,0.05,99.95
2018-11-28,54.18,52.43,3.24,96.76
2018-11-29,54.32,52.72,2.95,97.05
2018-11-30,55.07,53.4,3.03,96.97
2018-12-03,55.4,53.99,2.54,97.46
2018-12-04,52.73,52.72,0.01,99.99
2018-12-06,53.5,52.86,1.2,98.8
2018-12-07,51.94,52.43,0.94,99.06
2018-12-10,52.26,52.46,0.38,99.62
2018-12-11,52.68,53.4,1.36,98.64
2018-12-12,53.28,53.67,0.72,99.28
2018-12-13,53.27,53.2,0.15,99.85
2018-12-14,52.19,52.86,1.27,98.73
2018-12-17,50.9,51.96,2.09,97.91
2018-12-18,51.78,52.37,1.15,98.85
2018-12-19,51.38,51.46,0.14,99.86
2018-12-20,50.8,51.23,0.86,99.14
2018-12-21,49.19,50.12,1.89,98.11
2018-12-24,48.86,49.56,1.43,98.57
2018-12-26,52.0,51.69,0.59,99.41
2018-12-27,52.25,51.66,1.13,98.87
2018-12-28,51.94,51.95,0.02,99.98
2018-12-31,51.86,51.79,0.13,99.87
2019-01-02,52.34,51.79,1.05,98.95
2019-01-03,50.89,50.87,0.04,99.96
2019-01-04,53.5,51.95,2.89,97.11
2019-01-07,53.39,52.68,1.34,98.66
2019-01-08,53.86,53.49,0.69,99.31
2019-01-09,53.68,53.28,0.75,99.25
2019-01-10,53.54,53.49,0.09,99.91
2019-01-11,52.82,53.39,1.07,98.93
2019-01-14,52.18,53.62,2.75,97.25
2019-01-15,53.92,53.86,0.12,99.88
2019-01-16,54.07,53.49,1.07,98.93
2019-01-17,54.54,53.79,1.38,98.62
2019-01-18,54.95,53.8,2.1,97.9
2019-01-22,53.53,53.4,0.24,99.76
2019-01-23,53.81,53.4,0.77,99.23
2019-01-24,53.79,53.8,0.01,99.99
2019-01-25,54.66,54.39,0.5,99.5
2019-01-28,53.59,53.71,0.22,99.78
2019-01-29,53.1,53.42,0.59,99.41
2019-01-30,54.49,54.61,0.23,99.77
2019-01-31,55.87,55.57,0.55,99.45
2019-02-01,55.51,55.82,0.56,99.44
2019-02-04,56.64,56.17,0.83,99.17
2019-02-05,57.16,56.06,1.92,98.08
2019-02-06,55.72,55.53,0.34,99.66
2019-02-07,54.88,54.85,0.05,99.95
2019-02-08,54.71,54.69,0.03,99.97
2019-02-11,54.69,55.32,1.15,98.85
2019-02-12,55.96,55.8,0.27,99.73
2019-02-13,56.01,55.8,0.36,99.64
2019-02-14,56.04,55.59,0.8,99.2
2019-02-15,55.56,55.86,0.54,99.46
2019-02-19,55.9,56.3,0.72,99.28
2019-02-20,55.61,55.77,0.29,99.71
2019-02-21,54.8,54.64,0.29,99.71
2019-02-22,55.41,55.01,0.73,99.27
2019-02-25,55.45,54.18,2.29,97.71
2019-02-26,55.68,54.09,2.85,97.15
2019-02-27,55.72,55.09,1.13,98.87
2019-02-28,55.91,56.02,0.2,99.8
2019-03-01,57.0,57.26,0.47,99.53
2019-03-04,57.24,57.31,0.13,99.87
2019-03-05,58.02,57.81,0.36,99.64
2019-03-06,57.81,57.61,0.34,99.66
2019-03-07,57.11,57.31,0.35,99.65
2019-03-08,57.07,57.57,0.88,99.12
2019-03-11,58.52,57.81,1.22,98.78
2019-03-12,59.41,58.27,1.92,98.08
2019-03-13,59.5,59.54,0.06,99.94
2019-03-14,59.18,59.55,0.62,99.38
2019-03-15,59.07,59.55,0.81,99.19
2019-03-18,58.98,59.44,0.78,99.22
2019-03-19,59.67,59.76,0.15,99.85
2019-03-20,60.86,60.33,0.87,99.13
2019-03-21,61.34,60.58,1.24,98.76
2019-03-22,59.93,60.56,1.05,98.95
2019-03-25,59.42,60.03,1.02,98.98
2019-03-26,59.05,59.85,1.37,98.63
2019-03-27,58.46,60.67,3.78,96.22
2019-03-28,58.17,60.29,3.64,96.36
2019-03-29,58.4,58.05,0.61,99.39
2019-04-01,59.5,58.89,1.03,98.97
2019-04-02,59.82,58.89,1.57,98.43
2019-04-03,60.09,59.74,0.58,99.42
2019-04-04,60.52,60.29,0.38,99.62
2019-04-05,60.12,59.95,0.28,99.72
2019-04-08,59.96,59.96,0.0,100.0
2019-04-09,59.68,58.64,1.76,98.24
2019-04-10,59.87,59.25,1.04,98.96
2019-04-11,60.03,60.6,0.96,99.04
2019-04-12,60.68,61.49,1.33,98.67
2019-04-15,60.87,61.96,1.8,98.2
2019-04-16,61.13,62.31,1.92,98.08
2019-04-17,61.54,62.41,1.41,98.59
2019-04-18,61.61,62.69,1.76,98.24
2019-04-22,62.22,62.54,0.52,99.48
2019-04-23,63.05,62.14,1.46,98.54
2019-04-24,62.53,62.27,0.41,99.59
2019-04-25,62.89,62.83,0.1,99.9
2019-04-26,63.39,62.98,0.65,99.35
2019-04-29,64.32,63.81,0.81,99.19
2019-04-30,59.5,60.82,2.22,97.78
2019-05-01,58.23,60.24,3.46,96.54
2019-05-02,57.89,59.33,2.5,97.5
2019-05-03,59.03,59.36,0.55,99.45
2019-05-06,59.23,59.36,0.23,99.77
2019-05-07,58.5,58.77,0.46,99.54
2019-05-08,58.1,57.96,0.24,99.76
2019-05-09,57.96,57.96,0.0,100.0
2019-05-10,57.94,57.37,1.0,99.0
2019-05-13,56.4,56.12,0.51,99.49
2019-05-14,55.82,56.24,0.75,99.25
2019-05-15,58.1,57.1,1.72,98.28
2019-05-16,58.78,56.91,3.19,96.81
2019-05-17,58.0,56.57,2.46,97.54
2019-05-20,56.8,57.15,0.61,99.39
2019-05-21,57.29,57.57,0.49,99.51
2019-05-22,57.36,57.41,0.1,99.9
2019-05-23,56.84,57.12,0.49,99.51
2019-05-24,56.5,56.16,0.6,99.4
2019-05-28,56.55,56.51,0.07,99.93
2019-05-29,55.58,56.01,0.77,99.23
2019-05-30,55.65,55.93,0.5,99.5
2019-05-31,54.91,55.73,1.5,98.5
2019-06-03,51.55,53.95,4.67,95.33
2019-06-04,52.33,54.48,4.1,95.9
2019-06-05,51.84,52.74,1.74,98.26
2019-06-06,52.0,52.48,0.94,99.06
2019-06-07,53.02,51.42,3.02,96.98
2019-06-10,53.73,52.51,2.27,97.73
2019-06-11,53.65,52.11,2.86,97.14
2019-06-12,53.55,52.11,2.69,97.31
2019-06-13,54.14,52.75,2.57,97.43
2019-06-14,53.91,52.75,2.15,97.85
2019-06-17,54.28,53.22,1.96,98.04
2019-06-18,54.85,53.7,2.09,97.91
2019-06-19,54.81,53.7,2.02,97.98
2019-06-20,55.24,54.65,1.07,98.93
2019-06-21,55.85,56.38,0.96,99.04
2019-06-24,55.42,56.18,1.38,98.62
2019-06-25,53.97,55.71,3.22,96.78
2019-06-26,53.61,55.58,3.68,96.32
2019-06-27,53.43,54.63,2.25,97.75
2019-06-28,53.73,54.63,1.67,98.33
2019-07-01,54.59,55.42,1.53,98.47
2019-07-02,55.21,55.94,1.33,98.67
2019-07-03,55.73,55.8,0.13,99.87
2019-07-05,56.21,56.06,0.26,99.74
2019-07-08,55.42,55.53,0.2,99.8
2019-07-09,55.79,55.33,0.83,99.17
2019-07-10,56.62,55.98,1.12,98.88
2019-07-11,56.78,55.99,1.39,98.61
2019-07-12,56.84,56.52,0.56,99.44
2019-07-15,57.09,56.79,0.54,99.46
2019-07-16,57.24,57.49,0.44,99.56
2019-07-17,56.91,57.49,1.03,98.97
2019-07-18,56.93,57.99,1.85,98.15
2019-07-19,56.15,57.78,2.89,97.11
2019-07-22,56.53,57.58,1.86,98.14
2019-07-23,56.97,57.54,1.0,99.0
2019-07-24,56.56,57.01,0.79,99.21
2019-07-25,56.37,56.2,0.3,99.7
2019-07-26,61.79,58.78,4.88,95.12
2019-07-29,61.63,59.55,3.37,96.63
2019-07-30,60.94,59.55,2.28,97.72
2019-07-31,60.45,59.7,1.25,98.75
2019-08-01,60.13,60.14,0.01,99.99
2019-08-02,59.37,59.67,0.52,99.48
2019-08-05,57.3,58.19,1.54,98.46
2019-08-06,58.11,58.53,0.71,99.29
2019-08-07,58.35,59.13,1.32,98.68
2019-08-08,59.86,60.16,0.5,99.5
2019-08-09,59.0,59.58,0.99,99.01
2019-08-12,58.28,58.94,1.12,98.88
2019-08-13,59.39,59.88,0.83,99.17
2019-08-14,57.78,58.94,2.01,97.99
2019-08-15,58.03,57.16,1.49,98.51
2019-08-16,58.52,57.13,2.37,97.63
2019-08-19,59.57,58.12,2.43,97.57
2019-08-20,58.73,58.31,0.72,99.28
2019-08-21,59.13,58.31,1.39,98.61
2019-08-22,59.13,58.21,1.56,98.44
2019-08-23,57.25,57.91,1.16,98.84
2019-08-26,58.12,58.44,0.56,99.44
2019-08-27,58.1,58.21,0.18,99.82
2019-08-28,58.25,58.0,0.43,99.57
2019-08-29,59.26,58.27,1.68,98.32
2019-08-30,59.08,58.76,0.54,99.46
2019-09-03,58.04,57.68,0.62,99.38
2019-09-04,58.67,59.58,1.56,98.44
2019-09-05,60.15,60.2,0.07,99.93
2019-09-06,59.86,59.8,0.11,99.89
2019-09-09,59.81,59.38,0.72,99.28
2019-09-10,59.83,59.93,0.16,99.84
2019-09-11,60.54,60.12,0.7,99.3
2019-09-12,61.29,60.47,1.33,98.67
2019-09-13,61.54,61.1,0.7,99.3
2019-09-16,61.12,61.52,0.65,99.35
2019-09-17,61.03,61.65,1.01,98.99
2019-09-18,61.17,61.65,0.78,99.22
2019-09-19,61.47,61.53,0.09,99.91
2019-09-20,61.03,61.35,0.52,99.48
2019-09-23,61.27,61.98,1.16,98.84
2019-09-24,60.46,61.72,2.09,97.91
2019-09-25,61.83,62.28,0.73,99.27
2019-09-26,61.65,62.39,1.21,98.79
2019-09-27,60.84,61.86,1.68,98.32
2019-09-30,60.6,61.67,1.76,98.24
2019-10-01,59.85,60.36,0.86,99.14
2019-10-02,58.45,58.79,0.57,99.43
2019-10-03,59.03,59.16,0.22,99.78
2019-10-04,60.09,59.99,0.17,99.83
2019-10-07,59.96,59.99,0.05,99.95
2019-10-08,59.06,59.49,0.73,99.27
2019-10-09,59.67,59.45,0.37,99.63
2019-10-10,60.02,59.97,0.08,99.92
2019-10-11,60.33,59.97,0.6,99.4
2019-10-14,60.43,60.92,0.81,99.19
2019-10-15,61.65,60.0,2.67,97.33
2019-10-16,61.68,60.9,1.26,98.74
2019-10-17,62.17,61.64,0.85,99.15
2019-10-18,61.75,61.49,0.43,99.57
2019-10-21,61.75,62.01,0.43,99.57
2019-10-22,61.59,62.93,2.16,97.84
2019-10-23,62.41,63.04,1.01,98.99
2019-10-24,62.48,62.85,0.58,99.42
2019-10-25,62.74,62.83,0.14,99.86
2019-10-28,63.97,63.89,0.12,99.88
2019-10-29,62.56,63.07,0.81,99.19
2019-10-30,62.56,63.13,0.91,99.09
2019-10-31,62.47,62.95,0.78,99.22
2019-11-01,63.14,63.22,0.14,99.86
2019-11-04,64.0,63.27,1.13,98.87
2019-11-05,64.09,65.78,2.65,97.35
2019-11-06,64.07,65.52,2.27,97.73
2019-11-07,64.86,65.94,1.67,98.33
2019-11-08,64.96,65.94,1.51,98.49
2019-11-11,64.43,66.13,2.64,97.36
2019-11-12,64.37,65.92,2.4,97.6
2019-11-13,64.32,65.92,2.48,97.52
2019-11-14,64.97,65.96,1.53,98.47
2019-11-15,66.18,65.96,0.33,99.67
2019-11-18,65.5,66.47,1.49,98.51
2019-11-19,65.14,66.3,1.79,98.21
2019-11-20,64.6,66.06,2.25,97.75
2019-11-21,64.52,65.86,2.08,97.92
2019-11-22,64.2,64.98,1.22,98.78
2019-11-25,64.79,65.31,0.8,99.2
2019-11-26,65.16,65.7,0.83,99.17
2019-11-27,65.11,64.98,0.2,99.8
2019-11-29,64.72,64.23,0.75,99.25
2019-12-02,63.96,64.19,0.37,99.63
2019-12-03,64.25,64.23,0.04,99.96
2019-12-04,65.45,65.9,0.68,99.32
2019-12-05,65.85,65.68,0.26,99.74
2019-12-06,66.47,65.2,1.9,98.1
2019-12-09,66.65,66.17,0.72,99.28
2019-12-10,66.64,66.36,0.42,99.58
2019-12-11,66.71,66.57,0.2,99.8
2019-12-12,66.92,66.74,0.27,99.73
2019-12-13,66.84,66.78,0.09,99.91
2019-12-16,67.52,66.89,0.94,99.06
2019-12-17,67.24,66.59,0.96,99.04
2019-12-18,67.09,67.68,0.87,99.13
2019-12-19,67.31,67.83,0.77,99.23
2019-12-20,67.05,68.15,1.64,98.36
2019-12-23,67.03,67.98,1.43,98.57
2019-12-24,66.72,67.68,1.44,98.56
2019-12-26,67.61,67.79,0.26,99.74
2019-12-27,67.22,67.22,0.0,100.0
2019-12-30,66.48,67.23,1.12,98.88
2019-12-31,66.47,67.23,1.14,98.86
2020-01-02,67.92,69.28,2.0,98.0
2020-01-03,67.57,69.04,2.19,97.81
2020-01-06,69.37,69.51,0.2,99.8
2020-01-07,69.23,69.47,0.34,99.66
2020-01-08,69.73,69.51,0.3,99.7
2020-01-09,70.46,70.12,0.48,99.52
2020-01-10,70.91,71.6,0.97,99.03
2020-01-13,71.46,71.89,0.59,99.41
2020-01-14,70.99,71.9,1.28,98.72
2020-01-15,71.42,71.8,0.54,99.46
2020-01-16,71.96,71.8,0.22,99.78
2020-01-17,73.42,71.95,2.01,97.99
2020-01-21,73.56,73.38,0.23,99.77
2020-01-22,73.64,73.38,0.34,99.66
2020-01-23,73.68,73.02,0.89,99.11
2020-01-24,72.76,72.95,0.27,99.73
2020-01-27,71.05,71.85,1.13,98.87
2020-01-28,71.98,72.29,0.43,99.57
2020-01-29,72.29,72.29,0.01,99.99
2020-01-30,72.17,72.93,1.06,98.94
2020-01-31,71.1,71.93,1.17,98.83
2020-02-03,73.57,72.93,0.88,99.12
2020-02-04,71.73,72.21,0.67,99.33
2020-02-05,71.76,72.21,0.63,99.37
2020-02-06,73.25,72.64,0.83,99.17
2020-02-07,73.4,71.66,2.37,97.63
2020-02-10,74.87,74.55,0.43,99.57
2020-02-11,74.94,74.55,0.52,99.48
2020-02-12,75.36,74.56,1.07,98.93
2020-02-13,75.1,74.84,0.35,99.65
2020-02-14,75.37,75.64,0.37,99.63
2020-02-18,75.4,75.53,0.16,99.84
2020-02-19,75.67,75.53,0.19,99.81
2020-02-20,75.28,75.98,0.93,99.07
2020-02-21,73.62,75.54,2.61,97.39
2020-02-24,70.46,70.72,0.37,99.63
2020-02-25,68.8,70.72,2.79,97.21
2020-02-26,69.0,70.82,2.64,97.36
2020-02-27,65.25,66.79,2.35,97.65
2020-02-28,66.46,66.61,0.23,99.77
2020-03-02,68.8,67.62,1.71,98.29
2020-03-03,66.38,66.42,0.06,99.94
2020-03-04,68.56,66.73,2.68,97.32
2020-03-05,65.25,64.76,0.75,99.25
2020-03-06,64.3,62.57,2.69,97.31
2020-03-09,60.33,62.63,3.81,96.19
2020-03-10,63.28,61.87,2.24,97.76
2020-03-11,60.09,60.19,0.17,99.83
2020-03-12,55.16,58.83,6.65,93.35
2020-03-13,60.26,60.33,0.13,99.87
2020-03-16,53.25,58.68,10.2,89.8
2020-03-17,55.48,56.46,1.76,98.24
2020-03-18,54.15,56.42,4.19,95.81
2020-03-19,55.17,55.08,0.15,99.85
2020-03-20,53.01,53.97,1.81,98.19
2020-03-23,52.31,54.32,3.84,96.16
2020-03-24,56.08,54.95,2.01,97.99
2020-03-25,54.67,55.36,1.26,98.74
2020-03-26,57.71,56.69,1.76,98.24
2020-03-27,55.1,55.77,1.23,98.77
2020-03-30,56.89,56.57,0.56,99.44
2020-03-31,57.66,56.78,1.53,98.47
2020-04-01,54.69,56.61,3.51,96.49
2020-04-02,55.43,56.14,1.28,98.72
2020-04-03,54.23,56.84,4.83,95.17
2020-04-06,58.72,57.61,1.89,98.11
2020-04-07,58.68,58.83,0.25,99.75
2020-04-08,59.9,58.93,1.62,98.38
2020-04-09,59.88,59.25,1.04,98.96
2020-04-13,60.07,59.5,0.94,99.06
2020-04-14,62.79,60.22,4.09,95.91
2020-04-15,62.39,60.02,3.81,96.19
2020-04-16,62.4,60.85,2.48,97.52
2020-04-17,63.47,60.61,4.5,95.5
2020-04-20,62.58,61.55,1.66,98.34
2020-04-21,60.15,60.66,0.84,99.16
2020-04-22,62.45,62.34,0.18,99.82
2020-04-23,63.08,62.34,1.18,98.82
2020-04-24,63.35,62.94,0.64,99.36
2020-04-27,63.07,62.7,0.58,99.42
2020-04-28,61.17,61.87,1.15,98.85
2020-04-29,66.61,62.77,5.76,94.24
2020-04-30,66.83,65.31,2.27,97.73
2020-05-01,65.37,64.95,0.65,99.35
2020-05-04,65.65,64.45,1.83,98.17
2020-05-05,66.95,65.79,1.73,98.27
2020-05-06,66.77,65.88,1.32,98.68
2020-05-07,67.95,65.98,2.9,97.1
2020-05-08,68.7,66.02,3.9,96.1
2020-05-11,69.65,66.94,3.9,96.1
2020-05-12,68.24,67.34,1.32,98.68
2020-05-13,66.91,66.79,0.18,99.82
2020-05-14,67.33,66.79,0.81,99.19
2020-05-15,68.14,66.98,1.7,98.3
2020-05-18,68.74,67.82,1.34,98.66
2020-05-19,68.2,68.26,0.08,99.92
2020-05-20,69.93,68.78,1.64,98.36
2020-05-21,69.81,69.19,0.9,99.1
2020-05-22,70.13,69.19,1.35,98.65
2020-05-26,70.54,69.31,1.73,98.27
2020-05-27,70.48,71.62,1.62,98.38
2020-05-28,70.38,71.15,1.09,98.91
2020-05-29,71.14,71.15,0.01,99.99
2020-06-01,71.21,70.8,0.56,99.44
2020-06-02,71.57,71.63,0.07,99.93
2020-06-03,71.42,71.92,0.69,99.31
2020-06-04,70.18,71.93,2.49,97.51
2020-06-05,71.46,72.1,0.89,99.11
2020-06-08,71.86,72.27,0.57,99.43
2020-06-09,72.06,72.61,0.76,99.24
2020-06-10,72.69,72.5,0.25,99.75
2020-06-11,69.57,69.48,0.12,99.88
2020-06-12,70.12,71.02,1.3,98.7
2020-06-15,70.5,71.02,0.74,99.26
2020-06-16,71.78,71.83,0.07,99.93
2020-06-17,72.08,71.89,0.27,99.73
2020-06-18,71.17,71.02,0.2,99.8
2020-06-19,70.7,70.11,0.84,99.16
2020-06-22,71.99,71.41,0.8,99.2
2020-06-23,72.65,72.47,0.25,99.75
2020-06-24,71.1,72.04,1.32,98.68
2020-06-25,71.51,71.59,0.11,99.89
2020-06-26,67.62,68.56,1.4,98.6
2020-06-29,69.33,69.15,0.26,99.74
2020-06-30,70.37,69.46,1.3,98.7
2020-07-01,71.56,71.79,0.32,99.68
2020-07-02,72.95,72.71,0.33,99.67
2020-07-06,74.42,72.93,2.0,98.0
2020-07-07,73.94,72.65,1.74,98.26
2020-07-08,74.62,72.65,2.63,97.37
2020-07-09,75.36,74.89,0.63,99.37
2020-07-10,76.37,75.28,1.44,98.56
2020-07-13,75.04,74.84,0.28,99.72
2020-07-14,75.47,74.62,1.14,98.86
2020-07-15,75.28,75.06,0.29,99.71
2020-07-16,75.18,74.99,0.25,99.75
2020-07-17,75.27,76.17,1.2,98.8
2020-07-20,77.61,76.95,0.84,99.16
2020-07-21,77.21,76.89,0.42,99.58
2020-07-22,77.66,77.38,0.35,99.65
2020-07-23,75.27,76.03,1.02,98.98
2020-07-24,74.85,75.32,0.63,99.37
2020-07-27,75.9,76.43,0.7,99.3
2020-07-28,74.62,75.15,0.71,99.29
2020-07-29,75.6,76.06,0.6,99.4
2020-07-30,76.34,74.91,1.88,98.12
2020-07-31,73.84,73.73,0.15,99.85
2020-08-03,73.58,73.42,0.22,99.78
2020-08-04,73.11,73.42,0.42,99.58
2020-08-05,73.4,73.23,0.23,99.77
2020-08-06,74.68,73.97,0.96,99.04
2020-08-07,74.36,72.37,2.67,97.33
2020-08-10,74.28,72.85,1.93,98.07
2020-08-11,73.47,71.63,2.5,97.5
2020-08-12,74.8,73.97,1.11,98.89
2020-08-13,75.26,75.23,0.05,99.95
2020-08-14,74.67,73.23,1.92,98.08
2020-08-17,75.24,75.72,0.63,99.37
2020-08-18,77.21,76.16,1.35,98.65
2020-08-19,76.65,75.72,1.21,98.79
2020-08-20,78.22,77.79,0.55,99.45
2020-08-21,78.19,79.5,1.67,98.33
2020-08-24,78.66,79.72,1.34,98.66
2020-08-25,79.69,80.42,0.91,99.09
2020-08-26,81.59,79.82,2.16,97.84
2020-08-27,80.82,79.82,1.23,98.77
2020-08-28,81.36,79.82,1.88,98.12
2020-08-31,80.87,84.17,4.09,95.91
2020-09-01,82.13,84.17,2.48,97.52
2020-09-02,85.23,84.19,1.22,98.78
2020-09-03,80.86,83.16,2.84,97.16
2020-09-04,78.47,82.06,4.58,95.42
2020-09-08,75.61,79.14,4.67,95.33
2020-09-09,76.78,80.04,4.25,95.75
2020-09-10,75.73,79.14,4.5,95.5
2020-09-11,75.22,79.14,5.21,94.79
2020-09-14,74.88,79.14,5.69,94.31
2020-09-15,76.18,75.65,0.7,99.3
2020-09-16,75.04,74.61,0.57,99.43
2020-09-17,73.79,74.36,0.76,99.24
2020-09-18,72.01,73.57,2.16,97.84
2020-09-21,70.97,73.57,3.66,96.34
2020-09-22,72.44,72.95,0.7,99.3
2020-09-23,69.94,70.57,0.9,99.1
2020-09-24,70.61,70.48,0.18,99.82
2020-09-25,71.41,70.41,1.4,98.6
2020-09-28,72.39,71.9,0.67,99.33
2020-09-29,72.75,71.11,2.26,97.74
2020-09-30,72.73,71.9,1.14,98.86
2020-10-01,73.84,72.83,1.36,98.64
2020-10-02,72.23,72.52,0.4,99.6
2020-10-05,73.59,72.52,1.44,98.56
2020-10-06,72.01,71.62,0.54,99.46
2020-10-07,72.41,71.92,0.67,99.33
2020-10-08,73.62,74.55,1.27,98.73
2020-10-09,74.96,74.95,0.0,100.0
2020-10-12,77.64,76.08,2.01,97.99
2020-10-13,77.77,76.89,1.13,98.87
2020-10-14,77.59,77.34,0.32,99.68
2020-10-15,77.19,77.27,0.11,99.89
2020-10-16,77.8,77.2,0.77,99.23
2020-10-19,75.92,76.03,0.14,99.86
2020-10-20,76.97,76.58,0.51,99.49
2020-10-21,78.7,78.64,0.08,99.92
2020-10-22,79.73,79.7,0.04,99.96
2020-10-23,81.04,79.78,1.55,98.45
2020-10-26,78.62,79.32,0.89,99.11
2020-10-27,79.34,79.5,0.19,99.81
2020-10-28,74.97,77.24,3.03,96.97
2020-10-29,77.26,77.67,0.53,99.47
2020-10-30,80.2,78.07,2.65,97.35
2020-11-02,80.61,78.09,3.13,96.87
2020-11-03,81.67,82.75,1.32,98.68
2020-11-04,86.64,84.25,2.75,97.25
2020-11-05,87.46,84.38,3.52,96.48
2020-11-06,87.33,84.94,2.73,97.27
2020-11-09,87.41,84.75,3.04,96.96
2020-11-10,86.23,85.75,0.56,99.44
2020-11-11,86.71,85.75,1.1,98.9
2020-11-12,86.49,85.34,1.33,98.67
2020-11-13,87.95,87.23,0.82,99.18
2020-11-16,88.04,86.89,1.3,98.7
2020-11-17,87.42,87.2,0.25,99.75
2020-11-18,86.38,90.86,5.19,94.81
2020-11-19,87.27,90.75,3.99,96.01
2020-11-20,86.17,89.72,4.12,95.88
2020-11-23,85.73,88.77,3.55,96.45
2020-11-24,87.53,87.74,0.24,99.76
2020-11-25,87.55,87.12,0.48,99.52
2020-11-27,88.68,87.89,0.89,99.11
2020-11-30,87.06,86.58,0.55,99.45
2020-12-01,89.09,88.9,0.22,99.78
2020-12-02,90.56,89.67,0.99,99.01
2020-12-03,90.41,89.67,0.82,99.18
2020-12-04,90.5,89.88,0.69,99.31
2020-12-07,90.17,89.83,0.38,99.62
2020-12-08,89.89,89.69,0.22,99.78
2020-12-09,88.23,88.58,0.4,99.6
2020-12-10,87.72,88.54,0.93,99.07
2020-12-11,88.07,88.61,0.61,99.39
2020-12-14,86.96,88.56,1.85,98.15
2020-12-15,87.39,87.31,0.1,99.9
2020-12-16,87.2,87.31,0.12,99.88
2020-12-17,86.37,86.42,0.05,99.95
2020-12-18,85.66,87.08,1.65,98.35
2020-12-21,86.08,84.65,1.66,98.34
2020-12-22,85.37,85.0,0.42,99.58
2020-12-23,85.76,84.89,1.02,98.98
2020-12-24,86.06,84.42,1.9,98.1
2020-12-28,88.03,86.42,1.84,98.16
2020-12-29,87.23,85.34,2.16,97.84
2020-12-30,86.16,85.87,0.34,99.66
2020-12-31,86.97,86.53,0.51,99.49
2021-01-04,85.66,85.5,0.18,99.82
2021-01-05,86.35,86.68,0.38,99.62
2021-01-06,85.5,86.05,0.65,99.35
2021-01-07,88.05,85.9,2.44,97.56
2021-01-08,89.22,89.46,0.27,99.73
2021-01-11,87.16,88.33,1.35,98.65
2021-01-12,86.22,85.43,0.92,99.08
2021-01-13,86.71,86.16,0.63,99.37
2021-01-14,85.9,85.18,0.84,99.16
2021-01-15,85.73,84.63,1.28,98.72
2021-01-19,88.55,85.9,2.99,97.01
2021-01-20,93.3,90.03,3.5,96.5
2021-01-21,93.5,93.19,0.33,99.67
2021-01-22,93.92,93.01,0.96,99.04
2021-01-25,94.0,93.71,0.31,99.69
2021-01-26,94.68,93.95,0.78,99.22
2021-01-27,90.26,91.72,1.62,98.38
2021-01-28,91.97,91.72,0.26,99.74
2021-01-29,90.68,90.61,0.08,99.92
2021-02-01,93.94,92.15,1.91,98.09
2021-02-02,95.24,96.1,0.9,99.1
2021-02-03,102.17,98.21,3.88,96.12
2021-02-04,101.91,100.27,1.61,98.39
2021-02-05,103.66,100.37,3.17,96.83
2021-02-08,103.44,101.02,2.34,97.66
2021-02-09,102.99,103.45,0.44,99.56
2021-02-10,103.54,103.47,0.07,99.93
2021-02-11,103.65,103.69,0.04,99.96
2021-02-12,103.97,103.76,0.2,99.8
2021-02-16,104.74,102.82,1.84,98.16
2021-02-17,105.14,104.89,0.23,99.77
2021-02-18,104.5,104.21,0.28,99.72
2021-02-19,103.66,104.34,0.66,99.34
2021-02-22,101.94,104.42,2.43,97.57
2021-02-23,102.23,105.78,3.47,96.53
2021-02-24,103.41,103.61,0.2,99.8
2021-02-25,100.04,100.83,0.79,99.21
2021-02-26,100.34,98.1,2.23,97.77
2021-03-01,102.71,101.14,1.52,98.48
2021-03-02,102.45,103.07,0.6,99.4
2021-03-03,99.82,98.84,0.98,99.02
2021-03-04,100.93,100.63,0.3,99.7
2021-03-05,104.07,103.89,0.17,99.83
2021-03-08,99.62,99.33,0.29,99.71
2021-03-09,101.25,100.51,0.74,99.26
2021-03-10,101.05,100.65,0.39,99.61
2021-03-11,104.24,103.3,0.9,99.1
2021-03-12,101.73,102.57,0.83,99.17
2021-03-15,101.95,102.57,0.61,99.39
2021-03-16,103.41,103.54,0.13,99.87
2021-03-17,103.33,103.81,0.46,99.54
2021-03-18,100.31,102.75,2.44,97.56
2021-03-19,100.59,100.83,0.24,99.76
2021-03-22,100.77,100.34,0.43,99.57
2021-03-23,101.3,102.86,1.54,98.46
2021-03-24,100.86,102.26,1.38,98.62
2021-03-25,100.86,100.34,0.52,99.48
2021-03-26,100.48,102.86,2.37,97.63
2021-03-29,101.52,102.93,1.39,98.61
2021-03-30,101.56,101.86,0.29,99.71
2021-03-31,102.35,98.97,3.31,96.69
2021-04-01,105.69,104.96,0.69,99.31
2021-04-05,110.12,108.22,1.72,98.28
2021-04-06,109.63,107.79,1.69,98.31
2021-04-07,111.11,108.92,1.97,98.03
2021-04-08,111.68,110.4,1.14,98.86
2021-04-09,112.68,113.39,0.63,99.37
2021-04-12,111.39,112.19,0.72,99.28
2021-04-13,111.88,112.19,0.28,99.72
2021-04-14,111.25,113.01,1.58,98.42
2021-04-15,113.41,114.87,1.29,98.71
2021-04-16,113.28,114.94,1.47,98.53
2021-04-19,113.63,115.58,1.72,98.28
2021-04-20,113.1,116.1,2.66,97.34
2021-04-21,113.06,116.08,2.67,97.33
2021-04-22,111.78,114.21,2.17,97.83
2021-04-23,114.13,113.8,0.3,99.7
2021-04-26,114.63,114.21,0.37,99.63
2021-04-27,113.69,112.17,1.34,98.66
2021-04-28,117.07,116.31,0.64,99.36
2021-04-29,118.74,116.34,2.02,97.98
2021-04-30,116.79,117.32,0.45,99.55
2021-05-03,116.28,116.39,0.1,99.9
2021-05-04,114.48,115.52,0.91,99.09
2021-05-05,114.87,114.92,0.05,99.95
2021-05-06,115.99,116.23,0.21,99.79
2021-05-07,116.71,116.26,0.39,99.61
2021-05-10,113.73,114.85,0.98,99.02
2021-05-11,112.65,113.08,0.38,99.62
2021-05-12,109.19,112.39,2.93,97.07
2021-05-13,110.62,111.56,0.85,99.15
2021-05-14,113.06,112.39,0.6,99.4
2021-05-17,113.59,111.81,1.57,98.43
2021-05-18,112.28,110.55,1.53,98.47
2021-05-19,112.72,108.81,3.47,96.53
2021-05-20,114.48,111.64,2.48,97.52
2021-05-21,113.85,111.64,1.94,98.06
2021-05-24,117.17,115.07,1.79,98.21
2021-05-25,117.26,115.91,1.15,98.85
2021-05-26,118.12,115.91,1.87,98.13
2021-05-27,117.25,113.97,2.8,97.2
2021-05-28,116.96,115.74,1.05,98.95
2021-06-01,118.17,118.42,0.21,99.79
2021-06-02,117.64,119.88,1.9,98.1
2021-06-03,116.5,118.79,1.97,98.03
2021-06-04,118.78,118.98,0.17,99.83
2021-06-07,119.21,118.98,0.2,99.8
2021-06-08,119.02,120.32,1.09,98.91
2021-06-09,119.49,120.32,0.69,99.31
2021-06-10,120.84,120.24,0.5,99.5
2021-06-11,120.6,122.76,1.79,98.21
2021-06-14,121.53,121.54,0.01,99.99
2021-06-15,120.51,121.47,0.8,99.2
2021-06-16,119.87,119.71,0.13,99.87
2021-06-17,120.83,122.15,1.09,98.91
2021-06-18,119.21,120.23,0.85,99.15
2021-06-21,120.9,120.23,0.56,99.44
2021-06-22,121.41,121.87,0.38,99.62
2021-06-23,121.21,121.73,0.43,99.57
2021-06-24,121.58,121.31,0.23,99.77
2021-06-25,121.59,121.26,0.27,99.73
2021-06-28,121.62,122.06,0.36,99.64
2021-06-29,121.36,121.25,0.08,99.92
2021-06-30,121.17,121.13,0.04,99.96
2021-07-01,121.53,122.89,1.12,98.88
2021-07-02,124.32,123.78,0.44,99.56
2021-07-06,125.24,124.89,0.29,99.71
2021-07-07,125.53,126.31,0.62,99.38
2021-07-08,124.11,126.14,1.64,98.36
2021-07-09,124.58,126.57,1.6,98.4
2021-07-12,126.02,126.57,0.43,99.57
2021-07-13,126.39,126.65,0.21,99.79
2021-07-14,127.28,126.65,0.49,99.51
2021-07-15,126.05,125.8,0.2,99.8
2021-07-16,126.02,126.4,0.3,99.7
2021-07-19,123.64,124.6,0.77,99.23
2021-07-20,125.26,126.0,0.59,99.41
2021-07-21,126.59,129.86,2.58,97.42
2021-07-22,127.46,130.29,2.22,97.78
2021-07-23,132.02,131.1,0.7,99.3
2021-07-26,133.03,131.1,1.45,98.55
2021-07-27,130.91,130.77,0.11,99.89
2021-07-28,135.07,132.25,2.09,97.91
2021-07-29,134.76,134.25,0.38,99.62
2021-07-30,133.72,133.97,0.19,99.81
2021-08-02,133.84,134.07,0.17,99.83
2021-08-03,134.61,134.07,0.41,99.59
2021-08-04,134.11,134.03,0.06,99.94
2021-08-05,135.23,134.39,0.62,99.38
2021-08-06,134.72,134.85,0.09,99.91
2021-08-09,135.89,134.88,0.74,99.26
2021-08-10,135.78,136.21,0.32,99.68
2021-08-11,135.26,135.6,0.25,99.75
2021-08-12,136.17,136.13,0.03,99.97
2021-08-13,136.69,136.09,0.44,99.56
2021-08-16,137.27,137.26,0.01,99.99
2021-08-17,135.64,135.26,0.28,99.72
2021-08-18,134.43,134.3,0.1,99.9
2021-08-19,134.66,135.15,0.36,99.64
2021-08-20,136.4,136.8,0.3,99.7
2021-08-23,138.99,138.73,0.19,99.81
2021-08-24,140.2,139.22,0.7,99.3
2021-08-25,141.01,140.43,0.41,99.59
2021-08-26,140.38,139.61,0.55,99.45
2021-08-27,142.92,141.8,0.79,99.21
2021-08-30,143.51,141.57,1.35,98.65
2021-08-31,143.61,142.65,0.67,99.33
2021-09-01,144.13,144.75,0.44,99.56
2021-09-02,142.21,144.08,1.32,98.68
2021-09-03,142.66,144.02,0.96,99.04
2021-09-07,143.2,144.41,0.84,99.16
2021-09-08,142.61,144.16,1.08,98.92
2021-09-09,142.46,144.3,1.29,98.71
2021-09-10,139.82,142.26,1.75,98.25
2021-09-13,141.27,141.64,0.27,99.73
2021-09-14,141.48,142.4,0.65,99.35
2021-09-15,143.35,143.22,0.09,99.91
2021-09-16,142.53,141.8,0.51,99.49
2021-09-17,139.74,139.87,0.09,99.91
2021-09-20,137.68,137.49,0.14,99.86
2021-09-21,137.99,137.17,0.59,99.41
2021-09-22,139.23,138.84,0.28,99.72
2021-09-23,140.16,140.47,0.22,99.78
2021-09-24,141.15,141.44,0.2,99.8
2021-09-27,140.01,140.47,0.33,99.67
2021-09-28,134.81,136.41,1.19,98.81
2021-09-29,133.35,133.85,0.38,99.62
2021-09-30,132.67,133.95,0.96,99.04
2021-10-01,135.52,134.02,1.11,98.89
2021-10-04,132.66,132.93,0.2,99.8
2021-10-05,135.0,132.97,1.51,98.49
2021-10-06,136.53,135.17,1.0,99.0
2021-10-07,138.18,139.14,0.7,99.3
2021-10-08,138.74,140.12,0.99,99.01
2021-10-11,137.87,139.14,0.92,99.08
2021-10-12,135.43,136.38,0.71,99.29
2021-10-13,136.55,136.28,0.2,99.8
2021-10-14,140.09,138.7,0.99,99.01
2021-10-15,140.31,139.91,0.28,99.72
2021-10-18,141.71,143.06,0.96,99.04
2021-10-19,142.16,143.34,0.83,99.17
2021-10-20,140.71,142.61,1.35,98.65
2021-10-21,140.82,141.97,0.81,99.19
2021-10-22,136.53,140.0,2.54,97.46
2021-10-25,136.42,138.18,1.29,98.71
2021-10-26,138.26,138.77,0.37,99.63
2021-10-27,145.12,142.36,1.9,98.1
2021-10-28,144.76,142.6,1.49,98.51
2021-10-29,146.94,144.35,1.76,98.24
2021-11-01,142.42,144.1,1.18,98.82
2021-11-02,144.34,145.66,0.91,99.09
2021-11-03,145.5,143.88,1.12,98.88
2021-11-04,147.16,146.19,0.66,99.34
2021-11-05,147.74,145.39,1.59,98.41
2021-11-08,147.91,146.41,1.02,98.98
2021-11-09,147.8,147.58,0.15,99.85
2021-11-10,144.8,143.71,0.75,99.25
2021-11-11,144.67,146.76,1.44,98.56
2021-11-12,147.56,147.32,0.17,99.83
2021-11-15,147.34,147.76,0.29,99.71
2021-11-16,146.77,144.93,1.25,98.75
2021-11-17,146.94,146.34,0.41,99.59
2021-11-18,148.71,146.41,1.55,98.45
2021-11-19,147.81,150.0,1.48,98.52
2021-11-22,145.2,147.33,1.47,98.53
2021-11-23,144.69,146.31,1.12,98.88
2021-11-24,145.02,144.77,0.18,99.82
2021-11-26,141.12,138.71,1.71,98.29
2021-11-29,144.44,142.85,1.1,98.9
2021-11-30,140.83,141.07,0.17,99.83
2021-12-01,139.99,142.17,1.55,98.45
2021-12-02,141.89,142.47,0.41,99.59
2021-12-03,140.94,140.28,0.47,99.53
2021-12-06,142.08,142.69,0.43,99.57
2021-12-07,146.17,145.01,0.79,99.21
2021-12-08,147.08,144.6,1.68,98.32
2021-12-09,146.53,145.85,0.47,99.53
2021-12-10,146.89,145.85,0.71,99.29
2021-12-13,144.73,145.85,0.77,99.23
2021-12-14,142.83,144.47,1.15,98.85
2021-12-15,145.34,144.98,0.25,99.75
2021-12-16,143.36,144.54,0.82,99.18
2021-12-17,140.66,141.74,0.77,99.23
2021-12-20,140.55,142.7,1.53,98.47
2021-12-21,142.4,144.32,1.35,98.65
2021-12-22,145.32,145.06,0.18,99.82
2021-12-23,145.81,145.69,0.09,99.91
2021-12-27,146.8,146.55,0.17,99.83
2021-12-28,145.59,144.42,0.8,99.2
2021-12-29,145.56,144.42,0.78,99.22
2021-12-30,145.1,144.42,0.47,99.53
2021-12-31,143.77,142.58,0.83,99.17
2022-01-03,143.9,144.47,0.39,99.61
2022-01-04,143.32,144.82,1.05,98.95
2022-01-05,136.74,137.73,0.72,99.28
2022-01-06,136.71,138.01,0.95,99.05
2022-01-07,135.99,137.11,0.83,99.17
2022-01-10,137.63,138.97,0.98,99.02
2022-01-11,138.69,138.39,0.22,99.78
2022-01-12,140.37,137.67,1.92,98.08
2022-01-13,137.55,136.35,0.87,99.13
2022-01-14,138.43,136.35,1.5,98.5
2022-01-18,134.98,133.31,1.24,98.76
2022-01-19,134.1,133.02,0.8,99.2
2022-01-20,132.31,132.3,0.01,99.99
2022-01-21,129.37,128.28,0.84,99.16
2022-01-24,129.82,130.55,0.56,99.44
2022-01-25,125.98,125.38,0.48,99.52
2022-01-26,128.26,128.76,0.38,99.62
2022-01-27,128.04,129.41,1.07,98.93
2022-01-28,132.35,134.48,1.61,98.39
2022-01-31,134.29,134.65,0.27,99.73
2022-02-01,136.61,135.8,0.59,99.41
2022-02-02,146.89,140.31,4.48,95.52
2022-02-03,142.02,139.61,1.7,98.3
2022-02-04,142.22,139.96,1.59,98.41
2022-02-07,138.16,137.78,0.27,99.73
2022-02-08,138.35,137.65,0.51,99.49
2022-02-09,140.53,140.77,0.17,99.83
2022-02-10,137.58,138.66,0.79,99.21
2022-02-11,133.28,134.84,1.18,98.82
2022-02-14,134.51,136.5,1.48,98.52
2022-02-15,135.58,136.8,0.9,99.1
2022-02-16,136.71,137.59,0.64,99.36
2022-02-17,131.55,132.95,1.07,98.93
2022-02-18,129.43,131.63,1.71,98.29
2022-02-22,128.84,130.27,1.11,98.89
2022-02-23,126.63,123.67,2.34,97.66
2022-02-24,131.7,129.56,1.62,98.38
2022-02-25,133.45,131.49,1.47,98.53
2022-02-28,134.04,134.34,0.22,99.78
2022-03-01,133.06,133.68,0.47,99.53
2022-03-02,133.56,132.5,0.79,99.21
2022-03-03,132.9,133.45,0.42,99.58
2022-03-04,130.92,132.43,1.15,98.85
2022-03-07,125.43,128.39,2.36,97.64
2022-03-08,126.15,126.66,0.41,99.59
2022-03-09,132.42,131.27,0.87,99.13
2022-03-10,131.44,132.22,0.6,99.4
2022-03-11,128.9,132.22,2.58,97.42
2022-03-14,125.01,130.12,4.09,95.91
2022-03-15,128.23,131.87,2.84,97.16
2022-03-16,132.28,132.22,0.04,99.96
2022-03-17,132.84,131.78,0.79,99.21
2022-03-18,135.1,132.96,1.59,98.41
2022-03-21,135.08,132.96,1.57,98.43
2022-03-22,138.82,135.13,2.66,97.34
2022-03-23,137.24,135.78,1.06,98.94
2022-03-24,140.51,139.05,1.04,98.96
2022-03-25,140.61,139.95,0.47,99.53
2022-03-28,140.39,139.08,0.94,99.06
2022-03-29,141.44,138.93,1.78,98.22
2022-03-30,140.87,139.54,0.95,99.05
2022-03-31,138.02,138.55,0.38,99.62
2022-04-01,139.1,139.26,0.12,99.88
2022-04-04,141.9,140.9,0.7,99.3
2022-04-05,139.54,139.74,0.15,99.85
2022-04-06,135.52,136.73,0.89,99.11
2022-04-07,134.87,135.01,0.11,99.89
2022-04-08,132.29,132.91,0.47,99.53
2022-04-11,127.86,128.26,0.32,99.68
2022-04-12,126.76,127.54,0.62,99.38
2022-04-13,128.92,127.72,0.93,99.07
2022-04-14,125.78,125.61,0.14,99.86
2022-04-18,126.72,126.44,0.22,99.78
2022-04-19,129.03,127.52,1.17,98.83
2022-04-20,127.08,126.11,0.77,99.23
2022-04-21,123.88,124.26,0.3,99.7
2022-04-22,118.74,119.83,0.92,99.08
2022-04-25,122.15,121.8,0.29,99.71
2022-04-26,117.76,118.31,0.47,99.53
2022-04-27,113.44,116.51,2.71,97.29
2022-04-28,117.63,116.5,0.97,99.03
2022-04-29,113.25,115.74,2.19,97.81
2022-05-02,115.71,119.19,3.0,97.0
2022-05-03,116.45,117.89,1.23,98.77
2022-05-04,121.34,118.83,2.07,97.93
2022-05-05,115.63,116.46,0.71,99.29
2022-05-06,114.88,114.94,0.05,99.95
2022-05-09,111.67,110.4,1.13,98.87
2022-05-10,113.54,112.74,0.7,99.3
2022-05-11,112.75,111.37,1.22,98.78
2022-05-12,112.0,112.69,0.62,99.38
2022-05-13,115.18,112.69,2.16,97.84
2022-05-16,113.59,113.52,0.06,99.94
2022-05-17,115.6,114.95,0.56,99.44
2022-05-18,111.06,111.32,0.23,99.77
2022-05-19,109.56,112.15,2.37,97.63
2022-05-20,108.09,109.99,1.76,98.24
2022-05-23,110.65,111.32,0.6,99.4
2022-05-24,105.18,107.34,2.06,97.94
2022-05-25,105.01,107.72,2.58,97.42
2022-05-26,106.98,110.48,3.26,96.74
2022-05-27,111.47,113.15,1.5,98.5
2022-05-31,112.91,111.34,1.39,98.61
2022-06-01,113.04,112.7,0.3,99.7
2022-06-02,116.74,115.35,1.19,98.81
2022-06-03,113.68,112.28,1.23,98.77
2022-06-06,115.94,114.68,1.09,98.91
2022-06-07,116.27,112.99,2.82,97.18
2022-06-08,116.32,115.12,1.03,98.97
2022-06-09,113.97,115.59,1.42,98.58
2022-06-10,110.33,113.7,3.06,96.94
2022-06-13,105.59,109.57,3.76,96.24
2022-06-14,105.92,111.25,5.04,94.96
2022-06-15,108.94,112.7,3.45,96.55
2022-06-16,105.24,108.87,3.45,96.55
2022-06-17,106.34,108.04,1.6,98.4
2022-06-21,110.71,110.48,0.2,99.8
2022-06-22,110.65,110.48,0.15,99.85
2022-06-23,111.4,109.65,1.57,98.43
2022-06-24,117.09,114.29,2.4,97.6
2022-06-27,114.96,112.78,1.9,98.1
2022-06-28,111.17,112.16,0.89,99.11
2022-06-29,110.86,109.89,0.88,99.12
2022-06-30,108.15,109.0,0.79,99.21
2022-07-01,107.92,108.87,0.88,99.12
2022-07-05,112.41,111.9,0.45,99.55
2022-07-06,113.71,114.07,0.32,99.68
2022-07-07,117.89,115.22,2.26,97.74
2022-07-08,118.46,117.72,0.62,99.38
2022-07-11,114.81,115.12,0.27,99.73
2022-07-12,113.17,112.85,0.28,99.72
2022-07-13,110.52,110.57,0.04,99.96
2022-07-14,109.54,110.91,1.25,98.75
2022-07-15,110.94,109.48,1.32,98.68
2022-07-18,108.21,108.91,0.64,99.36
2022-07-19,112.96,112.88,0.06,99.94
2022-07-20,113.05,112.81,0.21,99.79
2022-07-21,113.48,114.8,1.16,98.84
2022-07-22,107.09,110.51,3.19,96.81
2022-07-25,106.7,108.55,1.73,98.27
2022-07-26,104.23,105.94,1.64,98.36
2022-07-27,112.21,108.55,3.26,96.74
2022-07-28,113.36,110.77,2.29,97.71
2022-07-29,115.45,113.48,1.71,98.29
2022-08-01,114.0,113.16,0.73,99.27
2022-08-02,114.27,115.23,0.85,99.15
2022-08-03,117.19,116.14,0.9,99.1
2022-08-04,117.3,115.67,1.39,98.61
2022-08-05,116.59,117.43,0.72,99.28
2022-08-08,116.42,115.37,0.91,99.09
2022-08-09,115.76,115.53,0.2,99.8
2022-08-10,118.8,116.22,2.17,97.83
2022-08-11,117.95,118.82,0.74,99.26
2022-08-12,120.77,119.91,0.71,99.29
2022-08-15,121.16,120.01,0.96,99.04
2022-08-16,120.79,120.62,0.14,99.86
2022-08-17,118.65,119.02,0.31,99.69
2022-08-18,119.27,119.19,0.06,99.94
2022-08-19,116.33,118.63,1.98,98.02
2022-08-22,113.38,115.9,2.22,97.78
2022-08-23,113.01,113.8,0.7,99.3
2022-08-24,112.84,113.8,0.85,99.15
2022-08-25,115.78,113.97,1.56,98.44
2022-08-26,109.51,111.21,1.55,98.45
2022-08-29,108.6,111.21,2.4,97.6
2022-08-30,108.12,107.84,0.26,99.74
2022-08-31,107.41,108.14,0.68,99.32
2022-09-01,108.92,107.93,0.91,99.09
2022-09-02,107.04,106.03,0.94,99.06
2022-09-06,106.01,105.73,0.27,99.73
2022-09-07,108.63,108.32,0.28,99.72
2022-09-08,107.57,106.49,1.0,99.0
2022-09-09,109.82,105.87,3.6,96.4
2022-09-12,110.03,107.57,2.23,97.77
2022-09-13,103.54,103.55,0.01,99.99
2022-09-14,104.21,104.3,0.09,99.91
2022-09-15,102.14,103.21,1.05,98.95
2022-09-16,102.03,103.07,1.02,98.98
2022-09-19,102.3,103.92,1.59,98.41
2022-09-20,100.38,103.07,2.68,97.32
2022-09-21,98.54,98.85,0.32,99.68
2022-09-22,99.39,98.78,0.61,99.39
2022-09-23,98.0,98.03,0.04,99.96
2022-09-26,97.43,97.79,0.36,99.64
2022-09-27,96.77,95.65,1.15,98.85
2022-09-28,99.3,95.9,3.43,96.57
2022-09-29,96.69,94.51,2.26,97.74
2022-09-30,94.93,94.51,0.45,99.55
2022-10-03,97.9,97.14,0.77,99.23
2022-10-04,100.88,99.53,1.34,98.66
2022-10-05,100.67,99.53,1.13,98.87
2022-10-06,100.66,99.4,1.25,98.75
2022-10-07,97.94,96.3,1.67,98.33
2022-10-10,97.13,96.44,0.71,99.29
2022-10-11,96.45,96.44,0.01,99.99
2022-10-12,96.83,96.44,0.4,99.6
2022-10-13,98.32,99.29,0.99,99.01
2022-10-14,95.84,96.44,0.63,99.37
2022-10-17,99.22,99.67,0.45,99.55
2022-10-18,100.01,99.55,0.46,99.54
2022-10-19,98.88,99.67,0.79,99.21
2022-10-20,99.22,100.24,1.03,98.97
2022-10-21,100.37,99.55,0.82,99.18
2022-10-24,101.75,99.55,2.16,97.84
2022-10-25,103.7,100.24,3.33,96.67
2022-10-26,94.22,94.26,0.04,99.96
2022-10-27,91.53,93.76,2.43,97.57
2022-10-28,95.57,95.93,0.38,99.62
2022-10-31,93.8,95.93,2.27,97.73
2022-11-01,89.79,93.63,4.27,95.73
2022-11-02,86.32,89.82,4.05,95.95
2022-11-03,82.8,87.77,6.0,94.0
2022-11-04,85.93,87.91,2.3,97.7
2022-11-07,87.83,88.52,0.79,99.21
2022-11-08,88.23,89.24,1.14,98.86
2022-11-09,86.67,87.84,1.36,98.64
2022-11-10,93.24,92.06,1.26,98.74
2022-11-11,95.69,92.06,3.79,96.21
2022-11-14,94.98,92.46,2.65,97.35
2022-11-15,97.7,96.56,1.17,98.83
2022-11-16,98.11,97.63,0.49,99.51
2022-11-17,97.62,96.09,1.57,98.43
2022-11-18,96.7,96.09,0.63,99.37
2022-11-21,94.88,96.9,2.13,97.87
2022-11-22,96.32,97.75,1.48,98.52
2022-11-23,97.72,100.27,2.61,97.39
2022-11-25,96.73,98.99,2.34,97.66
2022-11-28,95.33,97.2,1.96,98.04
2022-11-29,94.48,96.37,2.01,97.99
2022-11-30,100.23,102.11,1.87,98.13
2022-12-01,100.23,100.7,0.47,99.53
2022-12-02,99.69,98.83,0.86,99.14
2022-12-05,98.73,98.83,0.1,99.9
2022-12-06,96.25,94.4,1.93,98.07
2022-12-07,94.23,93.7,0.56,99.44
2022-12-08,93.01,92.92,0.1,99.9
2022-12-09,92.13,92.92,0.85,99.15
2022-12-12,92.61,94.62,2.17,97.83
2022-12-13,94.91,92.24,2.81,97.19
2022-12-14,94.36,92.24,2.24,97.76
2022-12-15,90.18,88.62,1.73,98.27
2022-12-16,89.58,88.86,0.81,99.19
2022-12-19,87.78,88.34,0.64,99.36
2022-12-20,88.35,88.69,0.38,99.62
2022-12-21,88.91,88.05,0.96,99.04
2022-12-22,87.1,88.01,1.05,98.95
2022-12-23,88.56,87.75,0.91,99.09
2022-12-27,86.73,87.69,1.11,98.89
2022-12-28,85.37,87.28,2.23,97.77
2022-12-29,87.79,88.28,0.56,99.44
2022-12-30,87.57,88.27,0.8,99.2
2023-01-03,88.45,87.77,0.77,99.23
2023-01-04,87.42,86.18,1.42,98.58
2023-01-05,85.55,86.09,0.62,99.38
2023-01-06,86.69,87.56,1.01,98.99
2023-01-09,87.36,88.92,1.78,98.22
2023-01-10,87.76,89.14,1.58,98.42
2023-01-11,90.83,90.41,0.46,99.54
2023-01-12,90.45,90.5,0.06,99.94
2023-01-13,91.43,91.69,0.29,99.71
2023-01-17,90.61,90.53,0.09,99.91
2023-01-18,90.44,91.69,1.39,98.61
2023-01-19,92.35,93.73,1.49,98.51
2023-01-20,97.28,96.71,0.59,99.41
2023-01-23,99.04,98.21,0.84,99.16
2023-01-24,96.97,96.66,0.32,99.68
2023-01-25,94.51,95.83,1.4,98.6
2023-01-26,96.79,97.79,1.03,98.97
2023-01-27,98.62,100.05,1.44,98.56
2023-01-30,96.21,97.69,1.53,98.47
2023-01-31,98.1,98.15,0.06,99.94
2023-02-01,99.68,97.79,1.89,98.11
2023-02-02,106.93,103.57,3.14,96.86
2023-02-03,103.99,102.28,1.64,98.36
2023-02-06,102.13,102.2,0.07,99.93
2023-02-07,106.83,103.58,3.05,96.95
2023-02-08,98.62,98.73,0.11,99.89
2023-02-09,94.3,95.31,1.07,98.93
2023-02-10,93.86,95.31,1.54,98.46
2023-02-13,93.9,95.31,1.5,98.5
2023-02-14,93.97,95.77,1.92,98.08
2023-02-15,96.21,95.77,0.46,99.54
2023-02-16,94.79,94.04,0.8,99.2
2023-02-17,93.64,94.04,0.42,99.58
2023-02-21,91.1,93.34,2.46,97.54
2023-02-22,90.96,89.48,1.63,98.37
2023-02-23,90.21,88.06,2.38,97.62
2023-02-24,88.46,88.48,0.02,99.98
2023-02-27,89.2,88.63,0.64,99.36
2023-02-28,89.38,88.7,0.76,99.24
2023-03-01,89.68,88.49,1.33,98.67
2023-03-02,91.31,90.21,1.21,98.79
2023-03-03,92.95,92.36,0.64,99.36
2023-03-06,94.42,95.4,1.04,98.96
2023-03-07,93.16,92.21,1.01,98.99
2023-03-08,93.54,92.21,1.42,98.58
2023-03-09,91.63,90.43,1.31,98.69
2023-03-10,89.95,89.68,0.3,99.7
2023-03-13,90.43,90.83,0.45,99.55
2023-03-14,93.27,93.47,0.22,99.78
2023-03-15,95.39,95.4,0.01,99.99
2023-03-16,99.57,99.49,0.08,99.92
2023-03-17,100.86,99.52,1.33,98.67
2023-03-20,100.46,99.52,0.94,99.06
2023-03-21,104.13,102.58,1.5,98.5
2023-03-22,102.59,102.1,0.48,99.52
2023-03-23,104.81,103.94,0.83,99.17
2023-03-24,104.65,103.93,0.69,99.31
2023-03-27,101.69,101.88,0.18,99.82
2023-03-28,100.27,100.66,0.38,99.62
2023-03-29,100.63,101.56,0.92,99.08
2023-03-30,100.13,103.77,3.64,96.36
2023-03-31,102.95,103.81,0.83,99.17
2023-04-03,103.58,103.8,0.21,99.79
2023-04-04,103.93,102.97,0.93,99.07
2023-04-05,103.69,101.58,2.03,97.97
2023-04-06,107.61,106.42,1.1,98.9
2023-04-10,105.64,105.44,0.19,99.81
2023-04-11,104.56,103.96,0.58,99.42
2023-04-12,103.86,105.21,1.31,98.69
2023-04-13,106.62,105.52,1.03,98.97
2023-04-14,108.05,105.75,2.13,97.87
2023-04-17,105.18,105.51,0.31,99.69
2023-04-18,103.72,105.51,1.73,98.27
2023-04-19,103.4,108.72,5.15,94.85
2023-04-20,104.5,108.96,4.27,95.73
2023-04-21,104.62,104.89,0.26,99.74
2023-04-24,105.18,104.89,0.27,99.73
2023-04-25,103.07,104.34,1.23,98.77
2023-04-26,102.93,104.34,1.37,98.63
2023-04-27,106.78,104.42,2.21,97.79
2023-04-28,106.54,105.04,1.4,98.6
2023-05-01,106.4,105.5,0.84,99.16
2023-05-02,104.53,105.04,0.49,99.51
2023-05-03,104.62,102.5,2.03,97.97
2023-05-04,103.9,104.4,0.47,99.53
2023-05-05,104.78,104.42,0.34,99.66
2023-05-08,106.96,106.45,0.47,99.53
2023-05-09,106.54,106.45,0.08,99.92
2023-05-10,110.91,112.04,1.01,98.99
2023-05-11,115.7,113.74,1.69,98.31
2023-05-12,116.63,114.06,2.2,97.8
2023-05-15,115.64,114.06,1.36,98.64
2023-05-16,118.61,116.84,1.5,98.5
2023-05-17,119.93,117.97,1.64,98.36
2023-05-18,121.91,118.6,2.71,97.29
2023-05-19,121.84,119.69,1.76,98.24
2023-05-22,124.11,121.47,2.13,97.87
2023-05-23,121.64,120.89,0.62,99.38
2023-05-24,119.99,123.02,2.52,97.48
2023-05-25,122.55,123.02,0.38,99.62
2023-05-26,123.68,123.78,0.08,99.92
2023-05-30,122.74,123.78,0.84,99.16
2023-05-31,121.95,124.09,1.76,98.24
2023-06-01,122.79,123.1,0.25,99.75
2023-06-02,123.74,123.71,0.02,99.98
2023-06-05,125.07,124.44,0.5,99.5
2023-06-06,126.36,125.34,0.8,99.2
2023-06-07,121.58,122.29,0.58,99.42
2023-06-08,121.22,121.16,0.05,99.95
2023-06-09,121.31,121.16,0.13,99.87
2023-06-12,122.71,121.16,1.26,98.74
2023-06-13,122.9,122.74,0.14,99.86
2023-06-14,122.74,123.26,0.42,99.58
2023-06-15,124.15,123.1,0.85,99.15
2023-06-16,122.6,121.7,0.73,99.27
2023-06-20,122.18,121.87,0.25,99.75
2023-06-21,119.65,121.7,1.72,98.28
2023-06-22,122.23,121.87,0.29,99.71
2023-06-23,121.42,121.7,0.23,99.77
2023-06-26,117.45,117.23,0.19,99.81
2023-06-27,117.44,116.05,1.19,98.81
2023-06-28,119.28,121.16,1.58,98.42
2023-06-29,118.21,118.47,0.22,99.78
2023-06-30,118.8,119.3,0.42,99.58
2023-07-03,119.0,118.47,0.44,99.56
2023-07-05,120.84,118.68,1.78,98.22
2023-07-06,119.21,117.52,1.42,98.58
2023-07-07,118.58,116.48,1.78,98.22
2023-07-10,115.58,114.43,0.99,99.01
2023-07-11,116.26,116.56,0.26,99.74
2023-07-12,118.04,118.04,0.0,100.0
2023-07-13,123.61,120.55,2.47,97.53
2023-07-14,124.48,120.95,2.84,97.16
2023-07-17,123.72,122.98,0.59,99.41
2023-07-18,122.83,123.0,0.14,99.86
2023-07-19,121.11,121.08,0.03,99.97
2023-07-20,118.31,120.1,1.52,98.48
2023-07-21,119.12,119.67,0.47,99.53
2023-07-24,120.62,120.46,0.13,99.87
2023-07-25,121.29,121.41,0.09,99.91
2023-07-26,128.3,124.88,2.66,97.34
2023-07-27,128.43,126.12,1.8,98.2
2023-07-28,131.59,127.75,2.91,97.09
2023-07-31,131.72,127.75,3.02,96.98
2023-08-01,130.56,128.15,1.85,98.15
2023-08-02,127.42,128.92,1.18,98.82
2023-08-03,127.49,128.72,0.97,99.03
2023-08-04,127.15,128.85,1.34,98.66
2023-08-07,130.54,130.3,0.19,99.81
2023-08-08,130.41,130.15,0.2,99.8
2023-08-09,128.69,130.68,1.55,98.45
2023-08-10,128.72,130.68,1.52,98.48
2023-08-11,128.59,130.03,1.12,98.88
2023-08-14,130.35,130.41,0.05,99.95
2023-08-15,128.81,128.68,0.09,99.91
2023-08-16,127.73,128.71,0.77,99.23
2023-08-17,128.95,129.16,0.16,99.84
2023-08-18,126.5,124.94,1.23,98.77
2023-08-21,127.41,127.47,0.05,99.95
2023-08-22,128.11,128.54,0.33,99.67
2023-08-23,131.38,132.03,0.5,99.5
2023-08-24,128.81,130.61,1.4,98.6
2023-08-25,128.91,129.36,0.35,99.65
2023-08-28,130.03,130.41,0.29,99.71
2023-08-29,133.56,132.79,0.58,99.42
2023-08-30,134.86,133.35,1.12,98.88
2023-08-31,135.15,134.24,0.67,99.33
2023-09-01,134.64,133.4,0.92,99.08
2023-09-05,134.75,134.34,0.31,99.69
2023-09-06,133.45,134.34,0.66,99.34
2023-09-07,134.25,134.26,0.01,99.99
2023-09-08,135.36,136.18,0.61,99.39
2023-09-11,135.89,136.31,0.3,99.7
2023-09-12,134.33,135.77,1.07,98.93
2023-09-13,135.68,135.37,0.23,99.77
2023-09-14,137.06,136.81,0.18,99.82
2023-09-15,136.37,137.05,0.5,99.5
2023-09-18,137.17,138.94,1.29,98.71
2023-09-19,137.0,137.81,0.59,99.41
2023-09-20,132.74,132.99,0.19,99.81
2023-09-21,129.46,126.83,2.03,97.97
2023-09-22,129.27,128.03,0.96,99.04
2023-09-25,130.13,129.88,0.19,99.81
2023-09-26,127.61,127.76,0.12,99.88
2023-09-27,129.56,130.13,0.44,99.56
2023-09-28,131.32,130.77,0.42,99.58
2023-09-29,129.88,129.51,0.28,99.72
2023-10-02,133.16,133.12,0.03,99.97
2023-10-03,131.44,130.98,0.35,99.65
2023-10-04,134.23,131.81,1.8,98.2
2023-10-05,134.06,132.67,1.04,98.96
2023-10-06,136.55,134.14,1.76,98.24
2023-10-09,137.38,135.78,1.17,98.83
2023-10-10,137.02,136.29,0.54,99.46
2023-10-11,139.5,139.34,0.12,99.88
2023-10-12,137.93,138.83,0.65,99.35
2023-10-13,136.33,137.83,1.1,98.9
2023-10-16,138.06,139.02,0.7,99.3
2023-10-17,138.67,138.01,0.48,99.52
2023-10-18,136.93,137.22,0.21,99.79
2023-10-19,136.72,137.86,0.84,99.16
2023-10-20,134.58,133.75,0.62,99.38
2023-10-23,135.48,135.02,0.34,99.66
2023-10-24,137.77,137.19,0.42,99.58
2023-10-25,124.67,127.63,2.37,97.63
2023-10-26,121.36,123.83,2.03,97.97
2023-10-27,121.25,123.56,1.9,98.1
2023-10-30,123.53,125.3,1.44,98.56
2023-10-31,123.15,123.28,0.11,99.89
2023-11-01,125.5,124.66,0.67,99.33
2023-11-02,126.53,126.6,0.05,99.95
2023-11-03,128.13,126.6,1.2,98.8
2023-11-06,129.27,126.32,2.28,97.72
2023-11-07,129.99,129.0,0.76,99.24
2023-11-08,130.85,129.49,1.04,98.96
2023-11-09,129.26,129.47,0.16,99.84
2023-11-10,131.6,130.13,1.11,98.89
2023-11-13,131.1,129.38,1.31,98.69
2023-11-14,132.62,133.47,0.64,99.36
2023-11-15,133.61,133.49,0.09,99.91
2023-11-16,135.9,135.37,0.39,99.61
2023-11-17,134.3,135.06,0.57,99.43
2023-11-20,135.23,136.39,0.86,99.14
2023-11-21,135.94,136.39,0.33,99.67
2023-11-22,137.45,137.19,0.19,99.81
2023-11-24,135.66,136.19,0.39,99.61
2023-11-27,135.39,136.22,0.62,99.38
2023-11-28,136.17,136.03,0.11,99.89
2023-11-29,133.98,135.96,1.48,98.52
2023-11-30,131.54,133.97,1.85,98.15
2023-12-01,130.87,132.47,1.22,98.78
2023-12-04,128.3,130.89,2.02,97.98
2023-12-05,130.01,130.89,0.68,99.32
2023-12-06,129.04,130.04,0.77,99.23
2023-12-07,135.9,134.05,1.37,98.63
2023-12-08,133.98,133.97,0.01,99.99
2023-12-11,132.29,132.37,0.06,99.94
2023-12-12,131.53,131.54,0.01,99.99
2023-12-13,131.58,130.59,0.75,99.25
2023-12-14,130.95,131.74,0.61,99.39
2023-12-15,131.61,131.74,0.1,99.9
2023-12-18,134.78,133.88,0.67,99.33
2023-12-19,135.63,135.34,0.21,99.79
2023-12-20,137.3,137.36,0.04,99.96
2023-12-21,139.37,139.27,0.07,99.93
2023-12-22,140.43,139.57,0.61,99.39
2023-12-26,140.46,139.43,0.73,99.27
2023-12-27,139.32,139.63,0.23,99.77
2023-12-28,139.18,137.55,1.17,98.83
2023-12-29,138.64,137.91,0.53,99.47
2024-01-02,137.13,138.0,0.63,99.37
2024-01-03,137.88,139.51,1.19,98.81
2024-01-04,135.37,137.12,1.29,98.71
2024-01-05,134.71,137.12,1.79,98.21
2024-01-08,137.8,138.46,0.48,99.52
2024-01-09,139.89,139.56,0.24,99.76
2024-01-10,141.21,140.15,0.75,99.25
2024-01-11,141.01,139.53,1.05,98.95
2024-01-12,141.58,139.85,1.22,98.78
2024-01-16,141.42,138.95,1.75,98.25
2024-01-17,140.41,139.58,0.59,99.41
2024-01-18,142.4,140.76,1.16,98.84
2024-01-19,145.28,144.51,0.53,99.47
2024-01-22,144.9,144.35,0.38,99.62
2024-01-23,145.94,145.25,0.47,99.53
2024-01-24,147.58,146.47,0.75,99.25
2024-01-25,150.73,148.89,1.22,98.78
2024-01-26,151.05,150.37,0.45,99.55
2024-01-29,152.36,150.47,1.24,98.76
2024-01-30,150.32,150.74,0.27,99.73
2024-01-31,139.05,144.11,3.64,96.36
2024-02-01,140.1,141.57,1.05,98.95
2024-02-02,141.31,141.77,0.32,99.68
2024-02-05,142.6,142.65,0.03,99.97
2024-02-06,143.02,142.56,0.32,99.68
2024-02-07,144.45,142.66,1.24,98.76
2024-02-08,144.82,144.65,0.11,99.89
2024-02-09,147.88,146.56,0.89,99.11
2024-02-12,146.42,145.94,0.33,99.67
2024-02-13,144.05,143.63,0.29,99.71
2024-02-14,144.85,143.02,1.26,98.74
2024-02-15,141.7,140.74,0.68,99.32
2024-02-16,139.47,139.2,0.19,99.81
2024-02-20,140.06,139.53,0.38,99.62
2024-02-21,141.48,144.11,1.86,98.14
2024-02-22,143.01,144.24,0.86,99.14
2024-02-23,142.88,143.4,0.36,99.64
2024-02-26,136.54,138.73,1.61,98.39
2024-02-27,137.84,138.39,0.4,99.6
2024-02-28,135.36,135.65,0.22,99.78
2024-02-29,137.42,137.56,0.1,99.9
2024-03-01,136.11,136.07,0.03,99.97
2024-03-04,132.35,133.0,0.49,99.51
2024-03-05,131.68,132.8,0.86,99.14
2024-03-06,130.41,131.76,1.03,98.97
2024-03-07,133.37,134.28,0.68,99.32
2024-03-08,134.39,136.18,1.33,98.67
2024-03-11,136.64,136.82,0.13,99.87
2024-03-12,137.46,136.82,0.47,99.53
2024-03-13,138.74,137.86,0.63,99.37
2024-03-14,142.03,139.56,1.74,98.26
2024-03-15,140.12,141.24,0.8,99.2
2024-03-18,146.57,144.22,1.61,98.39
2024-03-19,145.93,145.58,0.24,99.76
2024-03-20,147.62,144.79,1.92,98.08
2024-03-21,146.49,147.29,0.55,99.45
2024-03-22,149.64,148.41,0.82,99.18
2024-03-25,148.94,148.48,0.31,99.69
2024-03-26,149.54,148.18,0.91,99.09
2024-03-27,149.74,150.81,0.72,99.28
2024-03-28,149.8,151.11,0.88,99.12
2024-04-01,154.32,152.87,0.94,99.06
2024-04-02,153.4,153.07,0.22,99.78
2024-04-03,153.76,153.07,0.45,99.55
2024-04-04,149.4,151.91,1.68,98.32
2024-04-05,151.36,153.17,1.2,98.8
2024-04-08,153.69,152.54,0.74,99.26
2024-04-09,155.43,153.85,1.01,98.99
2024-04-10,154.97,153.29,1.08,98.92
2024-04-11,158.21,158.04,0.11,99.89
2024-04-12,156.55,156.54,0.01,99.99
2024-04-15,153.7,155.31,1.05,98.95
2024-04-16,153.24,154.98,1.14,98.86
2024-04-17,154.3,155.31,0.65,99.35
2024-04-18,154.84,155.65,0.52,99.48
2024-04-19,152.93,152.81,0.08,99.92
2024-04-22,155.11,154.77,0.22,99.78
2024-04-23,157.07,155.54,0.98,99.02
2024-04-24,157.94,158.15,0.13,99.87
2024-04-25,154.83,156.26,0.92,99.08
2024-04-26,170.66,163.63,4.12,95.88
2024-04-29,164.9,161.53,2.05,97.95
2024-04-30,161.56,160.5,0.66,99.34
2024-05-01,162.63,159.55,1.9,98.1
2024-05-02,165.37,161.84,2.14,97.86
2024-05-03,165.99,164.26,1.04,98.96
2024-05-06,166.84,166.66,0.11,99.89
2024-05-07,169.97,167.65,1.36,98.64
2024-05-08,168.11,167.06,0.62,99.38
2024-05-09,168.69,168.86,0.1,99.9
2024-05-10,167.39,166.99,0.23,99.77
2024-05-13,167.87,167.33,0.32,99.68
2024-05-14,169.06,167.1,1.16,98.84
2024-05-15,171.22,172.47,0.73,99.27
2024-05-16,172.87,169.35,2.04,97.96
2024-05-17,174.74,172.59,1.23,98.77
2024-05-20,175.59,175.55,0.03,99.97
2024-05-21,176.52,178.3,1.01,98.99
2024-05-22,175.06,177.28,1.27,98.73
2024-05-23,172.25,174.6,1.37,98.63
2024-05-24,173.68,174.41,0.42,99.58
2024-05-28,175.08,175.07,0.0,100.0
2024-05-29,174.58,174.54,0.02,99.98
2024-05-30,170.82,170.83,0.0,100.0
2024-05-31,171.21,170.84,0.21,99.79
2024-06-03,171.87,171.58,0.17,99.83
2024-06-04,172.49,171.9,0.34,99.66
2024-06-05,174.09,175.68,0.91,99.09
2024-06-06,175.4,175.33,0.04,99.96
2024-06-07,173.15,173.02,0.07,99.93
2024-06-10,173.9,172.97,0.54,99.46
2024-06-11,175.5,173.48,1.15,98.85
2024-06-12,176.66,176.07,0.33,99.67
2024-06-13,174.05,175.9,1.07,98.93
2024-06-14,175.67,176.3,0.36,99.64
2024-06-17,176.11,176.16,0.03,99.97
2024-06-18,173.98,173.0,0.56,99.44
2024-06-20,175.18,175.32,0.08,99.92
2024-06-21,178.49,178.48,0.01,99.99
2024-06-24,178.08,178.19,0.06,99.94
2024-06-25,182.86,181.35,0.83,99.17
2024-06-26,182.71,180.95,0.97,99.03
2024-06-27,184.23,184.26,0.01,99.99
2024-06-28,180.99,182.32,0.73,99.27
2024-07-01,181.83,182.94,0.61,99.39
2024-07-02,184.06,183.71,0.19,99.81
2024-07-03,184.64,183.3,0.72,99.28
2024-07-05,189.39,189.55,0.08,99.92
2024-07-08,187.83,187.78,0.03,99.97
2024-07-09,187.78,187.53,0.13,99.87
2024-07-10,189.96,192.47,1.32,98.68
2024-07-11,184.39,184.65,0.14,99.86
2024-07-12,183.89,185.15,0.68,99.32
2024-07-15,185.34,185.64,0.16,99.84
2024-07-16,182.75,183.3,0.3,99.7
2024-07-17,179.87,180.08,0.12,99.88
2024-07-18,176.56,175.8,0.43,99.57
2024-07-19,176.53,176.53,0.0,100.0
2024-07-22,180.51,182.18,0.92,99.08
2024-07-23,180.63,177.7,1.62,98.38
2024-07-24,171.53,174.58,1.78,98.22
2024-07-25,166.22,166.78,0.34,99.66
2024-07-26,165.94,166.07,0.08,99.92
2024-07-29,168.45,168.97,0.31,99.69
2024-07-30,169.21,167.82,0.82,99.18
2024-07-31,170.45,169.33,0.66,99.34
2024-08-01,169.67,169.52,0.09,99.91
2024-08-02,165.6,167.5,1.15,98.85
2024-08-05,158.24,159.5,0.8,99.2
2024-08-06,157.28,158.07,0.5,99.5
2024-08-07,157.93,160.6,1.69,98.31
2024-08-08,161.0,160.05,0.59,99.41
2024-08-09,162.63,157.97,2.86,97.14
2024-08-12,161.26,159.01,1.39,98.61
2024-08-13,163.12,162.36,0.46,99.54
2024-08-14,159.35,160.71,0.85,99.15
2024-08-15,160.27,161.17,0.56,99.44
2024-08-16,161.92,159.83,1.29,98.71
2024-08-19,165.61,162.45,1.91,98.09
2024-08-20,166.12,162.76,2.02,97.98
2024-08-21,164.8,161.01,2.3,97.7
2024-08-22,162.76,162.72,0.02,99.98
2024-08-23,164.57,166.6,1.23,98.77
2024-08-26,165.1,165.95,0.51,99.49
2024-08-27,163.63,166.02,1.46,98.54
2024-08-28,161.81,162.69,0.54,99.46
2024-08-29,160.75,160.16,0.37,99.63
2024-08-30,162.34,162.07,0.17,99.83
2024-09-03,156.36,156.08,0.18,99.82
2024-09-04,155.45,156.67,0.78,99.22
2024-09-05,156.24,156.57,0.21,99.79
2024-09-06,149.96,150.04,0.05,99.95
2024-09-09,147.96,147.14,0.55,99.45
2024-09-10,147.91,146.42,1.01,98.99
2024-09-11,150.4,149.0,0.93,99.07
2024-09-12,153.91,153.97,0.04,99.96
2024-09-13,156.67,156.03,0.41,99.59
2024-09-16,157.26,155.64,1.03,98.97
2024-09-17,158.52,156.82,1.07,98.93
2024-09-18,159.0,156.92,1.31,98.69
2024-09-19,161.32,160.07,0.77,99.23
2024-09-20,162.77,160.55,1.36,98.64
2024-09-23,161.03,163.81,1.72,98.28
2024-09-24,161.47,162.72,0.77,99.23
2024-09-25,160.68,162.87,1.37,98.63
2024-09-26,161.91,164.34,1.5,98.5
2024-09-27,163.12,163.96,0.51,99.49
2024-09-30,165.01,165.34,0.2,99.8
2024-10-01,166.15,165.34,0.49,99.51
2024-10-02,165.02,167.12,1.27,98.73
2024-10-03,165.02,167.17,1.3,98.7
2024-10-04,166.22,167.64,0.85,99.15
2024-10-07,162.16,166.11,2.43,97.57
2024-10-08,163.55,166.35,1.71,98.29
2024-10-09,161.04,160.78,0.16,99.84
2024-10-10,161.26,159.56,1.06,98.94
2024-10-11,162.42,162.61,0.12,99.88
2024-10-14,164.13,164.46,0.2,99.8
2024-10-15,164.63,165.91,0.78,99.22
2024-10-16,164.33,165.27,0.58,99.42
2024-10-17,162.11,163.53,0.88,99.12
2024-10-18,162.6,162.06,0.33,99.67
2024-10-21,163.24,161.12,1.3,98.7
2024-10-22,164.31,164.52,0.13,99.87
2024-10-23,161.96,161.57,0.24,99.76
2024-10-24,161.9,160.33,0.97,99.03
2024-10-25,164.44,165.24,0.49,99.51
2024-10-28,165.88,165.36,0.31,99.69
2024-10-29,168.82,169.65,0.49,99.51
2024-10-30,173.58,170.49,1.78,98.22
2024-10-31,170.25,168.11,1.26,98.74
2024-11-01,170.43,167.86,1.51,98.49
2024-11-04,168.39,170.29,1.13,98.87
2024-11-05,168.88,170.24,0.8,99.2
2024-11-06,175.62,175.54,0.05,99.95
2024-11-07,179.84,176.58,1.81,98.19
2024-11-08,177.45,177.14,0.18,99.82
2024-11-11,179.44,178.06,0.77,99.23
2024-11-12,180.7,180.85,0.08,99.92
2024-11-13,177.98,179.6,0.91,99.09
2024-11-14,174.69,175.95,0.72,99.28
2024-11-15,171.62,171.84,0.13,99.87
2024-11-18,174.42,174.87,0.26,99.74
2024-11-19,177.22,175.09,1.2,98.8
2024-11-20,175.09,175.32,0.13,99.87
2024-11-21,166.78,170.28,2.09,97.91
2024-11-22,163.93,166.41,1.52,98.48
2024-11-25,166.8,169.94,1.88,98.12
2024-11-26,168.27,168.35,0.05,99.95
2024-11-27,168.38,167.6,0.46,99.54
2024-11-29,168.1,169.21,0.66,99.34
2024-12-02,170.63,169.21,0.83,99.17
2024-12-03,170.48,168.78,0.99,99.01
2024-12-04,173.49,169.98,2.02,97.98
2024-12-05,171.77,172.0,0.13,99.87
2024-12-06,173.83,175.55,0.99,99.01
2024-12-09,174.69,175.22,0.3,99.7
2024-12-10,184.45,181.74,1.47,98.53
2024-12-11,194.64,187.12,3.86,96.14
2024-12-12,191.21,189.71,0.79,99.21
2024-12-13,189.08,189.75,0.36,99.64
2024-12-16,195.89,193.23,1.36,98.64
2024-12-17,194.66,192.31,1.21,98.79
2024-12-18,187.67,188.25,0.31,99.69
2024-12-19,187.77,190.76,1.59,98.41
2024-12-20,190.66,190.94,0.14,99.86
2024-12-23,193.87,193.65,0.11,99.89
2024-12-24,195.34,194.19,0.59,99.41
2024-12-26,194.84,194.22,0.32,99.68
2024-12-27,192.01,192.71,0.37,99.63
2024-12-30,190.49,191.61,0.59,99.41
2024-12-31,188.56,189.86,0.69,99.31
2025-01-02,188.69,187.34,0.71,99.29
2025-01-03,191.04,190.83,0.11,99.89
2025-01-06,196.1,193.68,1.24,98.76
2025-01-07,194.73,191.3,1.76,98.24
2025-01-08,193.19,191.72,0.76,99.24
2025-01-10,191.29,193.91,1.37,98.63
2025-01-13,190.26,192.45,1.15,98.85
2025-01-14,188.92,191.29,1.25,98.75
2025-01-15,194.79,192.91,0.96,99.04
2025-01-16,192.16,190.6,0.81,99.19
2025-01-17,195.24,193.01,1.14,98.86
2025-01-21,197.28,196.81,0.24,99.76
2025-01-22,197.6,198.04,0.22,99.78
2025-01-23,197.21,196.67,0.27,99.73
2025-01-24,199.43,199.52,0.05,99.95
2025-01-27,191.06,192.88,0.95,99.05
2025-01-28,194.54,194.09,0.23,99.77
2025-01-29,194.65,194.54,0.06,99.94
2025-01-30,200.09,200.42,0.17,99.83
2025-01-31,203.22,201.82,0.69,99.31
2025-02-03,200.44,200.31,0.07,99.93
2025-02-04,205.57,200.63,2.41,97.59
2025-02-05,190.58,193.21,1.38,98.62
2025-02-06,190.85,194.35,1.83,98.17
2025-02-07,184.62,188.16,1.92,98.08
2025-02-10,185.74,188.16,1.3,98.7
2025-02-11,184.6,185.76,0.63,99.37
2025-02-12,182.89,184.88,1.09,98.91
2025-02-13,185.41,184.01,0.76,99.24
2025-02-14,184.51,185.87,0.74,99.26
2025-02-18,183.05,184.77,0.94,99.06
2025-02-19,184.55,184.66,0.06,99.94
2025-02-20,183.84,184.51,0.36,99.64
2025-02-21,178.96,175.83,1.75,98.25
2025-02-24,178.55,176.15,1.34,98.66
2025-02-25,174.74,171.27,1.98,98.02
2025-02-26,172.06,170.89,0.68,99.32
2025-02-27,167.84,168.09,0.15,99.85
2025-02-28,169.62,170.71,0.64,99.36
2025-03-03,166.36,166.18,0.11,99.89
2025-03-04,170.25,170.09,0.1,99.9
2025-03-05,172.35,171.37,0.56,99.44
2025-03-06,171.68,169.66,1.17,98.83
2025-03-07,173.18,172.68,0.29,99.71
2025-03-10,165.41,166.31,0.54,99.46
2025-03-11,163.59,166.32,1.67,98.33
2025-03-12,166.65,168.36,1.03,98.97
2025-03-13,162.31,164.76,1.51,98.49
2025-03-14,165.03,165.36,0.2,99.8
2025-03-17,163.84,164.36,0.32,99.68
2025-03-18,160.23,161.14,0.57,99.43
2025-03-19,163.44,163.64,0.12,99.88
2025-03-20,162.35,161.8,0.34,99.66
2025-03-21,163.54,164.8,0.77,99.23
2025-03-24,167.22,167.62,0.24,99.76
2025-03-25,170.09,167.71,1.4,98.6
2025-03-26,164.61,165.2,0.36,99.64
2025-03-27,161.79,161.32,0.29,99.71
2025-03-28,153.9,158.91,3.25,96.75
2025-03-31,154.21,159.3,3.3,96.7
2025-04-01,156.64,158.95,1.48,98.52
2025-04-02,156.61,159.81,2.04,97.96
2025-04-03,150.3,150.68,0.25,99.75
2025-04-04,145.2,149.63,3.05,96.95
2025-04-07,146.35,150.1,2.57,97.43
2025-04-08,144.3,147.96,2.53,97.47
2025-04-09,158.27,157.26,0.64,99.36
2025-04-10,152.4,156.0,2.37,97.63
2025-04-11,156.71,154.49,1.41,98.59
2025-04-14,158.63,157.57,0.67,99.33
2025-04-15,155.88,154.15,1.11,98.89
2025-04-16,152.91,153.96,0.69,99.31
2025-04-17,150.74,152.67,1.28,98.72
2025-04-21,147.26,152.19,3.35,96.65
2025-04-22,151.05,153.02,1.3,98.7
2025-04-23,154.92,153.78,0.74,99.26
2025-04-24,158.84,159.86,0.64,99.36
2025-04-25,161.51,161.22,0.18,99.82
2025-04-28,160.17,160.33,0.1,99.9
2025-04-29,159.72,160.63,0.57,99.43
2025-04-30,158.36,157.92,0.28,99.72
2025-05-01,160.86,161.53,0.42,99.58
2025-05-02,163.58,161.11,1.51,98.49
2025-05-05,163.76,161.24,1.54,98.46
2025-05-06,162.78,162.52,0.16,99.84
2025-05-07,150.96,155.99,3.33,96.67
2025-05-08,153.86,157.23,2.19,97.81
2025-05-09,152.33,158.25,3.89,96.11
2025-05-12,158.02,159.97,1.23,98.77
2025-05-13,159.09,159.89,0.5,99.5
2025-05-14,164.91,163.16,1.06,98.94
2025-05-15,163.51,161.03,1.52,98.48
2025-05-16,165.73,163.57,1.31,98.69
2025-05-19,166.08,164.29,1.08,98.92
2025-05-20,163.53,163.07,0.28,99.72
2025-05-21,168.1,166.54,0.92,99.08
2025-05-22,170.4,166.54,2.26,97.74
2025-05-23,168.01,166.27,1.04,98.96
2025-05-27,172.42,168.07,2.53,97.47
2025-05-28,171.89,169.25,1.53,98.47
2025-05-29,171.39,173.37,1.16,98.84
2025-05-30,171.27,173.57,1.35,98.65
2025-06-02,168.56,170.06,0.88,99.12
2025-06-03,165.72,168.47,1.66,98.34
2025-06-04,167.59,168.49,0.54,99.46
2025-06-05,167.75,169.51,1.05,98.95
2025-06-06,173.2,171.24,1.13,98.87
2025-06-09,175.82,174.26,0.89,99.11
2025-06-10,178.32,178.07,0.14,99.86
2025-06-11,177.08,175.49,0.9,99.1
2025-06-12,175.43,173.22,1.26,98.74
2025-06-13,174.4,174.05,0.2,99.8
2025-06-16,176.5,175.01,0.84,99.16
2025-06-17,175.68,173.28,1.37,98.63
2025-06-18,173.05,172.78,0.16,99.84
2025-06-20,166.38,166.48,0.06,99.94
2025-06-23,164.93,167.01,1.26,98.74
2025-06-24,166.51,170.02,2.1,97.9
2025-06-25,170.42,171.95,0.9,99.1
2025-06-26,173.27,173.93,0.38,99.62
2025-06-27,178.25,177.51,0.42,99.58
2025-06-30,175.96,175.04,0.52,99.48
2025-07-01,175.57,174.22,0.77,99.23
2025-07-02,178.36,178.38,0.01,99.99
2025-07-03,179.25,179.07,0.1,99.9
2025-07-07,176.52,176.26,0.14,99.86
2025-07-08,174.09,173.11,0.56,99.44
2025-07-09,176.35,175.82,0.3,99.7
2025-07-10,177.35,176.51,0.47,99.53
2025-07-11,179.91,181.28,0.76,99.24
2025-07-14,181.28,182.11,0.46,99.54
2025-07-15,181.72,184.86,1.73,98.27
2025-07-16,182.69,185.07,1.3,98.7
2025-07-17,183.3,184.49,0.65,99.35
2025-07-18,184.77,182.59,1.18,98.82
2025-07-21,189.81,189.8,0.0,100.0
2025-07-22,191.04,190.8,0.13,99.87
2025-07-23,189.94,187.91,1.07,98.93
2025-07-24,191.87,188.81,1.6,98.4
2025-07-25,192.88,192.98,0.05,99.95
2025-07-28,192.28,197.8,2.87,97.13
2025-07-29,195.45,198.35,1.48,98.52
2025-07-30,196.23,198.59,1.2,98.8
2025-07-31,191.6,192.71,0.58,99.42
2025-08-01,188.84,191.52,1.42,98.58
2025-08-04,194.74,193.04,0.87,99.13
2025-08-05,194.37,194.64,0.14,99.86
2025-08-06,195.79,194.3,0.76,99.24
2025-08-07,196.22,197.68,0.75,99.25
2025-08-08,201.11,198.44,1.33,98.67
2025-08-11,200.69,199.96,0.36,99.64
2025-08-12,203.03,203.42,0.19,99.81
2025-08-13,201.65,201.93,0.14,99.86
2025-08-14,202.63,201.93,0.34,99.66
2025-08-15,203.58,202.28,0.64,99.36
2025-08-18,203.19,200.36,1.39,98.61
2025-08-19,201.26,199.51,0.87,99.13
2025-08-20,199.01,198.99,0.01,99.99
2025-08-21,199.44,201.6,1.08,98.92
2025-08-22,205.77,201.88,1.89,98.11
2025-08-25,208.17,207.01,0.55,99.45
2025-08-26,206.82,201.6,2.52,97.48
2025-08-27,207.16,216.66,4.59,95.41
2025-08-28,211.31,216.66,2.53,97.47
2025-08-29,212.58,222.14,4.5,95.5
2025-09-02,211.02,219.6,4.07,95.93
2025-09-03,230.3,230.63,0.14,99.86
2025-09-04,231.94,233.07,0.49,99.51
2025-09-05,234.64,234.73,0.04,99.96
2025-09-08,233.89,234.73,0.36,99.64
2025-09-09,239.47,238.83,0.27,99.73
2025-09-10,239.01,239.28,0.11,99.89
2025-09-11,240.21,239.28,0.39,99.61
2025-09-12,240.64,238.37,0.95,99.05
2025-09-15,251.45,239.28,4.84,95.16
2025-09-16,251.0,252.4,0.56,99.44
2025-09-17,249.37,251.55,0.88,99.12
2025-09-18,251.87,251.55,0.13,99.87
2025-09-19,254.55,251.55,1.18,98.82
2025-09-22,252.36,251.55,0.32,99.68
2025-09-23,251.5,251.44,0.02,99.98
2025-09-24,246.98,242.7,1.73,98.27
2025-09-25,245.63,239.88,2.34,97.66
2025-09-26,246.38,252.13,2.33,97.67
2025-09-29,243.89,247.78,1.59,98.41
2025-09-30,242.94,246.62,1.51,98.49
2025-10-01,244.74,247.78,1.24,98.76
2025-10-02,245.53,247.78,0.92,99.08
2025-10-03,245.19,244.63,0.23,99.77
2025-10-06,250.27,246.11,1.66,98.34
2025-10-07,245.6,250.36,1.94,98.06
2025-10-08,244.46,241.76,1.11,98.89
2025-10-09,241.37,238.62,1.14,98.86
2025-10-10,236.42,244.26,3.32,96.68
2025-10-13,244.15,242.38,0.73,99.27
2025-10-14,245.45,243.06,0.97,99.03
2025-10-15,251.03,248.17,1.14,98.86
2025-10-16,251.46,248.17,1.31,98.69
2025-10-17,253.3,251.77,0.61,99.39
2025-10-20,256.55,252.13,1.72,98.28
2025-10-21,250.46,250.41,0.02,99.98
2025-10-22,251.69,247.78,1.55,98.45
2025-10-23,253.08,251.5,0.62,99.38
2025-10-24,259.92,252.07,3.02,96.98
2025-10-27,269.27,268.82,0.17,99.83
2025-10-28,267.47,268.82,0.51,99.49
2025-10-29,274.57,279.24,1.7,98.3
2025-10-30,281.48,284.52,1.08,98.92
2025-10-31,281.19,282.9,0.61,99.39
2025-11-03,283.72,284.01,0.1,99.9
2025-11-04,277.54,278.59,0.38,99.62
2025-11-05,284.31,280.32,1.4,98.6
2025-11-06,284.75,280.46,1.51,98.49
2025-11-07,278.83,279.61,0.28,99.72
2025-11-10,290.1,291.53,0.49,99.51
2025-11-11,291.31,291.53,0.08,99.92
2025-11-12,286.71,292.68,2.08,97.92
2025-11-13,278.57,288.4,3.53,96.47
2025-11-14,276.41,281.1,1.7,98.3
2025-11-17,285.02,288.4,1.19,98.81
2025-11-18,284.28,286.3,0.71,99.29
2025-11-19,292.81,289.61,1.09,98.91
2025-11-20,289.45,291.7,0.78,99.22
2025-11-21,299.66,297.66,0.67,99.33
2025-11-24,318.58,304.77,4.34,95.66
2025-11-25,323.44,321.96,0.46,99.54
2025-11-26,319.95,309.08,3.4,96.6
2025-11-28,320.18,318.61,0.49,99.51
2025-12-01,314.89,314.0,0.28,99.72
2025-12-02,315.81,317.23,0.45,99.55
2025-12-03,319.63,319.51,0.04,99.96
2025-12-04,317.62,323.33,1.8,98.2
2025-12-05,321.27,322.25,0.31,99.69
2025-12-08,313.72,318.69,1.58,98.42
2025-12-09,317.08,318.23,0.36,99.64
2025-12-10,320.21,317.7,0.79,99.21
2025-12-11,312.43,314.64,0.71,99.29
2025-12-12,309.29,311.62,0.75,99.25
2025-12-15,308.22,302.82,1.75,98.25
2025-12-16,306.57,300.85,1.87,98.13
2025-12-17,296.72,297.9,0.4,99.6
2025-12-18,302.46,301.66,0.26,99.74
2025-12-19,307.16,307.78,0.2,99.8
2025-12-22,309.78,310.73,0.31,99.69
2025-12-23,314.35,311.75,0.83,99.17
2025-12-24,314.09,314.49,0.13,99.87
2025-12-26,313.51,311.43,0.66,99.34
2025-12-29,313.56,315.76,0.7,99.3
2025-12-30,313.85,314.36,0.16,99.84
2025-12-31,313.0,308.04,1.59,98.41
2026-01-02,315.15,314.62,0.17,99.83
2026-01-05,316.54,316.14,0.13,99.87
2026-01-06,314.34,314.03,0.1,99.9
2026-01-07,321.98,319.81,0.67,99.33
2026-01-08,325.44,329.05,1.11,98.89
2026-01-09,328.57,333.78,1.59,98.41
2026-01-12,331.86,334.76,0.87,99.13
2026-01-13,335.97,334.76,0.36,99.64
2026-01-14,335.84,334.76,0.32,99.68
2026-01-15,332.78,331.56,0.37,99.63
2026-01-16,330.0,330.25,0.08,99.92
2026-01-20,322.0,322.57,0.18,99.82
2026-01-21,328.38,331.67,1.0,99.0
2026-01-22,330.54,330.3,0.07,99.93
2026-01-23,327.93,332.79,1.48,98.52
2026-01-26,333.26,332.13,0.34,99.66
2026-01-27,334.55,334.65,0.03,99.97
2026-01-28,336.01,333.5,0.75,99.25
2026-01-29,338.25,333.62,1.37,98.63
2026-01-30,338.0,332.91,1.51,98.49
2026-02-02,343.69,338.26,1.58,98.42
2026-02-03,339.71,336.85,0.84,99.16
2026-02-04,333.04,333.47,0.13,99.87
2026-02-05,331.25,330.76,0.15,99.85
2026-02-06,322.86,323.08,0.07,99.93
2026-02-09,324.32,332.34,2.47,97.53
2026-02-10,318.58,318.0,0.18,99.82
2026-02-11,310.96,315.92,1.59,98.41
2026-02-12,309.0,316.86,2.54,97.46
2026-02-13,305.72,305.28,0.14,99.86
2026-02-17,302.02,303.81,0.59,99.41
2026-02-18,303.33,303.98,0.21,99.79
2026-02-19,302.85,302.67,0.06,99.94
2026-02-20,314.98,311.09,1.24,98.76
2026-02-23,311.49,307.86,1.17,98.83
2026-02-24,310.9,307.86,0.98,99.02
2026-02-25,312.9,310.56,0.75,99.25
2026-02-26,307.38,307.86,0.16,99.84
2026-02-27,311.76,311.38,0.12,99.88
2026-03-02,306.52,304.82,0.55,99.45
2026-03-03,303.58,304.18,0.2,99.8
2026-03-04,303.13,305.34,0.73,99.27
2026-03-05,300.88,304.28,1.13,98.87
2026-03-06,298.52,304.28,1.93,98.07
2026-03-09,306.36,309.58,1.05,98.95
2026-03-10,307.04,307.76,0.24,99.76
2026-03-11,308.7,312.65,1.28,98.72
2026-03-12,303.55,300.54,0.99,99.01
2026-03-13,302.28,299.93,0.78,99.22
2026-03-16,305.56,302.99,0.84,99.16
2026-03-17,310.92,310.04,0.28,99.72
2026-03-18,307.69,306.3,0.45,99.55
2026-03-19,307.13,302.76,1.42,98.58
2026-03-20,301.0,301.52,0.17,99.83
2026-03-23,302.06,306.49,1.47,98.53
2026-03-24,290.44,293.77,1.15,98.85
2026-03-25,290.93,289.82,0.38,99.62
2026-03-26,280.92,287.23,2.25,97.75
2026-03-27,274.34,280.58,2.27,97.73
2026-03-30,273.5,283.91,3.81,96.19
2026-03-31,287.56,287.23,0.11,99.89
2026-04-01,297.39,296.5,0.3,99.7
2026-04-02,295.77,296.33,0.19,99.81
2026-04-06,299.99,297.73,0.75,99.25
2026-04-07,305.46,300.25,1.71,98.29
2026-04-08,317.32,313.1,1.33,98.67
2026-04-09,318.49,314.51,1.25,98.75
2026-04-10,317.24,319.78,0.8,99.2
2026-04-13,321.31,320.4,0.28,99.72
2026-04-14,332.91,332.25,0.2,99.8
2026-04-15,337.12,329.64,2.22,97.78
2026-04-16,336.02,332.98,0.9,99.1
2026-04-17,341.68,341.88,0.06,99.94
2026-04-20,337.42,340.71,0.98,99.02
2026-04-21,332.29,335.42,0.94,99.06
2026-04-22,339.32,335.8,1.04,98.96
2026-04-23,338.89,344.78,1.74,98.26
2026-04-24,344.4,345.98,0.46,99.54
2026-04-27,350.34,346.25,1.17,98.83
2026-04-28,349.78,351.14,0.39,99.61
2026-04-29,349.94,350.35,0.12,99.88
2026-04-30,384.8,379.7,1.33,98.67
2026-05-01,385.69,377.84,2.04,97.96
2026-05-04,383.25,388.64,1.41,98.59
2026-05-05,388.43,384.89,0.91,99.09
2026-05-06,398.04,391.68,1.6,98.4
2026-05-07,397.99,391.15,1.72,98.28
2026-05-08,400.8,393.95,1.71,98.29
2026-05-11,388.64,394.58,1.53,98.47
2026-05-12,387.35,392.25,1.27,98.73
2026-05-13,402.62,398.1,1.12,98.88
2026-05-14,401.07,395.74,1.33,98.67
2026-05-15,396.78,394.96,0.46,99.54
2026-05-18,396.94,395.56,0.35,99.65
2026-05-19,387.66,393.11,1.41,98.59
2026-05-20,388.91,385.8,0.8,99.2
2026-05-21,387.66,391.55,1.0,99.0
2026-05-22,382.97,390.1,1.86,98.14
2026-05-26,388.88,390.93,0.53,99.47
2026-05-27,388.83,377.21,2.99,97.01
2026-05-28,390.13,390.87,0.19,99.81
2026-05-29,380.34,371.95,2.21,97.79
2026-06-01,376.37,373.08,0.87,99.13
2026-06-02,361.85,369.85,2.21,97.79
2026-06-03,358.99,364.79,1.62,98.38
2026-06-04,372.19,366.58,1.51,98.49
2026-06-05,368.53,366.58,0.53,99.47
2026-06-08,363.31,365.26,0.54,99.46
2026-06-09,364.26,369.85,1.54,98.46
2026-06-10,356.38,356.39,0.0,100.0
2026-06-11,357.77,357.7,0.02,99.98
2026-06-12,359.68,360.32,0.18,99.82
2026-06-15,369.35,362.0,1.99,98.01
2026-06-16,373.25,367.34,1.58,98.42
2026-06-17,363.79,357.77,1.66,98.34
2026-06-18,368.03,367.77,0.07,99.93
2026-06-22,349.68,357.77,2.31,97.69
2026-06-23,346.13,353.87,2.24,97.76
2026-06-24,345.29,353.87,2.49,97.51
2026-06-25,343.71,345.16,0.42,99.58
2026-06-26,337.39,340.8,1.01,98.99
2026-06-29,353.65,353.65,0.0,100.0
2026-06-30,357.37,356.15,0.34,99.66
2026-07-01,361.21,357.81,0.94,99.06
2026-07-02,359.91,358.15,0.49,99.51
2026-07-06,366.46,359.62,1.87,98.13
2026-07-07,367.03,361.82,1.42,98.58
2026-07-08,361.92,359.05,0.79,99.21
2026-07-09,358.89,361.36,0.69,99.31
2026-07-10,357.18,358.89,0.48,99.52
2026-07-13,352.51,354.76,0.64,99.36
2026-07-14,359.51,363.1,1.0,99.0
2026-07-15,370.92,367.19,1.0,99.0
2026-07-16,354.46,353.36,0.31,99.69
2026-07-17,346.77,351.41,1.34,98.66
2026-07-20,351.99,353.84,0.52,99.48
2026-07-21,347.15,350.25,0.89,99.11
2026-07-22,342.09,337.89,1.23,98.77
2026-07-23,317.69,321.97,1.35,98.65
2026-07-24,319.74,323.34,1.13,98.87
2026-07-27,326.56,331.5,1.51,98.49
2026-07-28,333.71,337.49,1.13,98.87
2026-07-29,336.71,340.54,1.14,98.86
2026-07-30,333.66,338.59,1.48,98.52
2026-07-31,356.13,352.31,1.07,98.93
2026-08-03,373.51,356.52,4.55,95.45
2026-08-04,377.65,369.38,2.19,97.81
2026-08-05,362.43,369.38,1.92,98.08
2026-08-06,357.75,365.3,2.11,97.89
2026-08-07,354.3,351.52,0.78,99.22
2026-08-10,357.52,358.4,0.25,99.75
2026-08-11,343.8,344.9,0.32,99.68
2026-08-12,343.54,350.9,2.14,97.86
2026-08-13,346.36,352.84,1.87,98.13
2026-08-14,345.9,343.84,0.6,99.4
2026-08-17,344.0,342.73,0.37,99.63
2026-08-18,344.2,348.45,1.23,98.77
2026-08-19,344.72,352.11,2.14,97.86
2026-08-20,340.67,343.96,0.96,99.04
2026-08-21,344.82,337.1,2.24,97.76
2026-08-24,348.06,337.1,3.15,96.85
2026-08-25,346.96,342.52,1.28,98.72
2026-08-26,342.0,342.52,0.15,99.85
2026-08-27,340.65,344.71,1.19,98.81
2026-08-28,346.59,345.9,0.2,99.8
2026-08-31,339.35,339.2,0.04,99.96
2026-09-01,335.02,334.42,0.18,99.82
2026-09-02,337.12,336.11,0.3,99.7
2026-09-03,342.48,342.98,0.15,99.85
2026-09-04,338.46,340.28,0.54,99.46
2026-09-08,338.36,338.53,0.05,99.95
2026-09-09,330.65,333.11,0.74,99.26
2026-09-10,332.6,334.34,0.52,99.48
2026-09-11,338.5,339.21,0.21,99.79
2026-09-14,349.39,345.28,1.18,98.82
2026-09-15,344.98,343.17,0.52,99.48
2026-09-16,342.87,343.84,0.28,99.72
2026-09-17,347.33,346.49,0.24,99.76
2026-09-18,349.54,346.15,0.97,99.03
2026-09-21,354.97,355.09,0.03,99.97
2026-09-22,351.16,353.55,0.68,99.32
2026-09-23,337.83,340.47,0.78,99.22
2026-09-24,342.36,340.28,0.61,99.39
2026-09-25,343.92,342.92,0.29,99.71
2026-09-28,342.75,342.65,0.03,99.97
