timestamp,Latest Actual Close,Predicted Close,Error (%),Accuracy (%)
1986-07-07,0.06,0.24,270.67,-170.67
1986-07-08,0.06,0.23,265.16,-165.16
1986-07-09,0.06,0.22,269.72,-169.72
1986-07-10,0.06,0.21,262.25,-162.25
1986-07-11,0.06,0.23,281.47,-181.47
1986-07-14,0.06,0.22,274.74,-174.74
1986-07-15,0.06,0.23,281.47,-181.47
1986-07-16,0.06,0.24,283.46,-183.46
1986-07-17,0.06,0.24,285.29,-185.29
1986-07-18,0.06,0.25,299.54,-199.54
1986-07-21,0.06,0.24,282.05,-182.05
1986-07-22,0.07,0.25,286.55,-186.55
1986-07-23,0.06,0.24,278.87,-178.87
1986-07-24,0.07,0.25,283.43,-183.43
1986-07-25,0.07,0.25,279.53,-179.53
1986-07-28,0.06,0.25,288.87,-188.87
1986-07-29,0.06,0.25,304.86,-204.86
1986-07-30,0.06,0.25,312.54,-212.54
1986-07-31,0.06,0.25,317.06,-217.06
1986-08-01,0.06,0.25,320.76,-220.76
1986-08-04,0.06,0.25,320.76,-220.76
1986-08-05,0.06,0.24,305.93,-205.93
1986-08-06,0.06,0.24,300.73,-200.73
1986-08-07,0.06,0.24,310.61,-210.61
1986-08-08,0.06,0.24,300.73,-200.73
1986-08-11,0.06,0.24,286.79,-186.79
1986-08-12,0.06,0.24,285.29,-185.29
1986-08-13,0.06,0.24,273.79,-173.79
1986-08-14,0.06,0.24,272.66,-172.66
1986-08-15,0.06,0.25,288.12,-188.12
1986-08-18,0.06,0.25,292.93,-192.93
1986-08-19,0.06,0.27,316.58,-216.58
1986-08-20,0.06,0.27,320.05,-220.05
1986-08-21,0.06,0.27,329.07,-229.07
1986-08-22,0.06,0.25,308.29,-208.29
1986-08-25,0.06,0.27,327.17,-227.17
1986-08-26,0.06,0.27,330.82,-230.82
1986-08-27,0.06,0.27,340.07,-240.07
1986-08-28,0.06,0.27,340.07,-240.07
1986-08-29,0.06,0.24,298.81,-198.81
1986-09-02,0.06,0.22,273.05,-173.05
1986-09-03,0.06,0.19,241.22,-141.22
1986-09-04,0.06,0.24,280.18,-180.18
1986-09-05,0.06,0.25,289.71,-189.71
1986-09-08,0.06,0.25,292.93,-192.93
1986-09-09,0.07,0.25,286.55,-186.55
1986-09-10,0.06,0.25,292.93,-192.93
1986-09-11,0.06,0.24,291.93,-191.93
1986-09-12,0.06,0.24,302.34,-202.34
1986-09-15,0.06,0.24,295.34,-195.34
1986-09-16,0.06,0.25,313.44,-213.44
1986-09-17,0.06,0.25,302.92,-202.92
1986-09-18,0.06,0.25,299.54,-199.54
1986-09-19,0.06,0.25,298.67,-198.67
1986-09-22,0.06,0.26,318.11,-218.11
1986-09-23,0.06,0.27,329.07,-229.07
1986-09-24,0.06,0.25,301.22,-201.22
1986-09-25,0.06,0.24,283.46,-183.46
1986-09-26,0.06,0.24,283.46,-183.46
1986-09-29,0.06,0.23,278.09,-178.09
1986-09-30,0.06,0.24,299.71,-199.71
1986-10-01,0.06,0.24,297.15,-197.15
1986-10-02,0.06,0.24,305.93,-205.93
1986-10-03,0.06,0.24,302.34,-202.34
1986-10-06,0.06,0.27,313.17,-213.17
1986-10-07,0.07,0.27,304.87,-204.87
1986-10-08,0.07,0.27,302.26,-202.26
1986-10-09,0.07,0.27,290.07,-190.07
1986-10-10,0.07,0.29,298.97,-198.97
1986-10-13,0.07,0.27,281.87,-181.87
1986-10-14,0.07,0.27,284.25,-184.25
1986-10-15,0.07,0.29,293.27,-193.27
1986-10-16,0.07,0.29,293.27,-193.27
1986-10-17,0.08,0.34,347.4,-247.4
1986-10-20,0.08,0.34,344.31,-244.31
1986-10-21,0.08,0.34,329.12,-229.12
1986-10-22,0.08,0.34,329.12,-229.12
1986-10-23,0.08,0.34,329.12,-229.12
1986-10-24,0.08,0.31,285.6,-185.6
1986-10-27,0.08,0.34,315.64,-215.64
1986-10-28,0.08,0.34,306.47,-206.47
1986-10-29,0.08,0.29,257.52,-157.52
1986-10-30,0.08,0.29,248.43,-148.43
1986-10-31,0.08,0.3,271.61,-171.61
1986-11-03,0.08,0.3,264.56,-164.56
1986-11-04,0.09,0.3,251.22,-151.22
1986-11-05,0.09,0.34,270.26,-170.26
1986-11-06,0.09,0.34,261.94,-161.94
1986-11-07,0.09,0.31,226.78,-126.78
1986-11-10,0.09,0.27,202.88,-102.88
1986-11-11,0.09,0.27,201.1,-101.1
1986-11-12,0.09,0.27,201.1,-101.1
1986-11-13,0.09,0.27,205.57,-105.57
1986-11-14,0.09,0.27,196.51,-96.51
1986-11-17,0.09,0.27,194.78,-94.78
1986-11-18,0.09,0.25,192.85,-92.85
1986-11-19,0.09,0.25,186.78,-86.78
1986-11-20,0.1,0.27,184.47,-84.47
1986-11-21,0.1,0.29,188.18,-88.18
1986-11-24,0.11,0.29,172.56,-72.56
1986-11-25,0.11,0.29,164.17,-64.17
1986-11-26,0.11,0.27,154.9,-54.9
1986-11-28,0.11,0.27,153.3,-53.3
1986-12-01,0.1,0.27,164.04,-64.04
1986-12-02,0.1,0.27,162.7,-62.7
1986-12-03,0.1,0.27,164.72,-64.72
1986-12-04,0.1,0.27,161.36,-61.36
1986-12-05,0.1,0.27,162.7,-62.7
1986-12-08,0.1,0.27,165.41,-65.41
1986-12-09,0.1,0.29,185.27,-85.27
1986-12-10,0.1,0.29,183.07,-83.07
1986-12-11,0.1,0.27,162.7,-62.7
1986-12-12,0.1,0.25,151.56,-51.56
1986-12-15,0.1,0.2,104.93,-4.93
1986-12-16,0.1,0.2,102.73,-2.73
1986-12-17,0.1,0.23,127.26,-27.26
1986-12-18,0.1,0.24,134.73,-34.73
1986-12-19,0.1,0.25,145.08,-45.08
1986-12-22,0.1,0.25,142.58,-42.58
1986-12-23,0.1,0.25,140.13,-40.13
1986-12-24,0.1,0.25,140.74,-40.74
1986-12-26,0.1,0.25,141.35,-41.35
1986-12-29,0.1,0.24,140.55,-40.55
1986-12-30,0.1,0.25,148.93,-48.93
1986-12-31,0.1,0.25,146.35,-46.35
1987-01-02,0.1,0.24,138.03,-38.03
1987-01-05,0.11,0.27,149.54,-49.54
1987-01-06,0.11,0.29,168.57,-68.57
1987-01-07,0.11,0.3,166.67,-66.67
1987-01-08,0.12,0.3,158.3,-58.3
1987-01-09,0.12,0.31,149.31,-49.31
1987-01-12,0.13,0.34,160.83,-60.83
1987-01-13,0.13,0.29,129.41,-29.41
1987-01-14,0.13,0.29,129.41,-29.41
1987-01-15,0.13,0.3,127.67,-27.67
1987-01-16,0.13,0.29,122.9,-22.9
1987-01-19,0.14,0.34,151.66,-51.66
1987-01-20,0.14,0.34,147.79,-47.79
1987-01-21,0.14,0.34,137.73,-37.73
1987-01-22,0.16,0.38,138.77,-38.77
1987-01-23,0.14,0.29,102.6,-2.6
1987-01-26,0.15,0.29,98.92,1.08
1987-01-27,0.15,0.29,91.27,8.73
1987-01-28,0.15,0.29,87.77,12.23
1987-01-29,0.15,0.27,83.3,16.7
1987-01-30,0.15,0.27,72.33,27.67
1987-02-02,0.15,0.27,76.33,23.67
1987-02-03,0.15,0.27,75.63,24.37
1987-02-04,0.15,0.25,67.29,32.71
1987-02-05,0.15,0.27,76.25,23.75
1987-02-06,0.15,0.25,72.2,27.8
1987-02-09,0.14,0.25,74.16,25.84
1987-02-10,0.14,0.25,73.52,26.48
1987-02-11,0.15,0.24,58.41,41.59
1987-02-12,0.16,0.27,67.72,32.28
1987-02-13,0.16,0.27,65.81,34.19
1987-02-17,0.16,0.25,57.45,42.55
1987-02-18,0.15,0.25,65.66,34.34
1987-02-19,0.15,0.25,72.89,27.11
1987-02-20,0.14,0.24,63.53,36.47
1987-02-23,0.15,0.25,64.52,35.48
1987-02-24,0.16,0.25,56.57,43.43
1987-02-25,0.16,0.25,59.55,40.45
1987-02-26,0.16,0.25,53.53,46.47
1987-02-27,0.16,0.25,56.93,43.07
1987-03-02,0.16,0.26,65.56,34.44
1987-03-03,0.16,0.26,65.56,34.44
1987-03-04,0.17,0.25,51.03,48.97
1987-03-05,0.18,0.25,44.25,55.75
1987-03-06,0.18,0.25,44.68,55.32
1987-03-09,0.17,0.25,45.08,54.92
1987-03-10,0.18,0.27,52.79,47.21
1987-03-11,0.18,0.29,60.99,39.01
1987-03-12,0.18,0.3,67.69,32.31
1987-03-13,0.18,0.27,55.56,44.44
1987-03-16,0.17,0.25,46.44,53.56
1987-03-17,0.18,0.27,51.44,48.56
1987-03-18,0.19,0.29,50.53,49.47
1987-03-19,0.19,0.29,50.84,49.16
1987-03-20,0.19,0.29,52.51,47.49
1987-03-23,0.19,0.29,53.58,46.42
1987-03-24,0.19,0.29,49.28,50.72
1987-03-25,0.19,0.27,40.21,59.79
1987-03-26,0.19,0.27,41.2,58.8
1987-03-27,0.19,0.28,45.13,54.87
1987-03-30,0.2,0.29,42.27,57.73
1987-03-31,0.2,0.29,42.27,57.73
1987-04-01,0.19,0.25,30.33,69.67
1987-04-02,0.2,0.27,35.5,64.5
1987-04-03,0.21,0.29,37.99,62.01
1987-04-06,0.21,0.28,34.16,65.84
1987-04-07,0.2,0.25,26.18,73.82
1987-04-08,0.2,0.25,22.59,77.41
1987-04-09,0.2,0.25,24.85,75.15
1987-04-10,0.2,0.25,24.03,75.97
1987-04-13,0.2,0.25,28.5,71.5
1987-04-14,0.2,0.25,26.45,73.55
1987-04-15,0.2,0.27,32.53,67.47
1987-04-16,0.21,0.27,29.16,70.84
1987-04-20,0.2,0.27,33.14,66.86
1987-04-21,0.21,0.27,31.09,68.91
1987-04-22,0.21,0.27,31.04,68.96
1987-04-23,0.21,0.27,29.43,70.57
1987-04-24,0.21,0.27,28.77,71.23
1987-04-27,0.21,0.27,28.77,71.23
1987-04-28,0.22,0.3,33.44,66.56
1987-04-29,0.22,0.27,25.01,74.99
1987-04-30,0.22,0.29,32.06,67.94
1987-05-01,0.22,0.29,30.8,69.2
1987-05-04,0.23,0.31,36.7,63.3
1987-05-05,0.24,0.32,32.37,67.63
1987-05-06,0.24,0.31,29.44,70.56
1987-05-07,0.25,0.31,23.69,76.31
1987-05-08,0.27,0.37,37.73,62.27
1987-05-11,0.26,0.32,24.08,75.92
1987-05-12,0.25,0.3,20.71,79.29
1987-05-13,0.26,0.31,19.41,80.59
1987-05-14,0.26,0.31,18.44,81.56
1987-05-15,0.25,0.29,15.17,84.83
1987-05-18,0.24,0.27,10.39,89.61
1987-05-19,0.24,0.27,14.36,85.64
1987-05-20,0.23,0.27,16.43,83.57
1987-05-21,0.24,0.27,14.11,85.89
1987-05-22,0.23,0.27,17.77,82.23
1987-05-26,0.23,0.26,11.67,88.33
1987-05-27,0.23,0.26,11.67,88.33
1987-05-28,0.25,0.27,9.67,90.33
1987-05-29,0.24,0.27,8.96,91.04
1987-06-01,0.24,0.27,11.13,88.87
1987-06-02,0.24,0.27,11.62,88.38
1987-06-03,0.24,0.27,10.88,89.12
1987-06-04,0.24,0.26,7.87,92.13
1987-06-05,0.23,0.26,11.08,88.92
1987-06-08,0.23,0.25,9.18,90.82
1987-06-09,0.23,0.26,12.19,87.81
1987-06-10,0.22,0.25,15.77,84.23
1987-06-11,0.21,0.22,6.18,93.82
1987-06-12,0.21,0.24,14.93,85.07
1987-06-15,0.21,0.23,8.71,91.29
1987-06-16,0.21,0.24,15.32,84.68
1987-06-17,0.22,0.22,0.22,99.78
1987-06-18,0.22,0.23,1.85,98.15
1987-06-19,0.22,0.24,10.63,89.37
1987-06-22,0.22,0.24,8.84,91.16
1987-06-23,0.22,0.23,3.95,96.05
1987-06-24,0.22,0.25,14.39,85.61
1987-06-25,0.22,0.25,14.67,85.33
1987-06-26,0.22,0.25,14.39,85.61
1987-06-29,0.22,0.25,14.94,85.06
1987-06-30,0.22,0.26,19.89,80.11
1987-07-01,0.22,0.29,33.99,66.01
1987-07-02,0.21,0.27,27.49,72.51
1987-07-06,0.21,0.27,30.75,69.25
1987-07-07,0.19,0.23,18.35,81.65
1987-07-08,0.2,0.22,11.01,88.99
1987-07-09,0.2,0.23,11.55,88.45
1987-07-10,0.21,0.25,23.53,76.47
1987-07-13,0.21,0.26,23.21,76.79
1987-07-14,0.22,0.27,21.42,78.58
1987-07-15,0.22,0.26,19.59,80.41
1987-07-16,0.22,0.26,19.89,80.11
1987-07-17,0.22,0.26,19.59,80.41
1987-07-20,0.21,0.26,22.9,77.1
1987-07-21,0.21,0.26,23.21,76.79
1987-07-22,0.21,0.26,22.28,77.72
1987-07-23,0.21,0.26,25.1,74.9
1987-07-24,0.21,0.27,29.43,70.57
1987-07-27,0.21,0.29,37.69,62.31
1987-07-28,0.21,0.28,35.32,64.68
1987-07-29,0.21,0.27,28.19,71.81
1987-07-30,0.21,0.27,31.43,68.57
1987-07-31,0.2,0.25,27.47,72.53
1987-08-03,0.19,0.19,0.41,99.59
1987-08-04,0.2,0.22,10.42,89.58
1987-08-05,0.21,0.25,23.21,76.79
1987-08-06,0.21,0.27,26.22,73.78
1987-08-07,0.22,0.27,22.92,77.08
1987-08-10,0.22,0.27,22.92,77.08
1987-08-11,0.21,0.27,25.6,74.4
1987-08-12,0.21,0.27,27.49,72.51
1987-08-13,0.22,0.27,23.52,76.48
1987-08-14,0.22,0.27,22.92,77.08
1987-08-17,0.22,0.27,22.04,77.96
1987-08-18,0.22,0.27,24.38,75.62
1987-08-19,0.22,0.27,25.92,74.08
1987-08-20,0.22,0.3,36.2,63.8
1987-08-21,0.23,0.32,42.64,57.36
1987-08-24,0.24,0.32,37.11,62.89
1987-08-25,0.24,0.32,33.53,66.47
1987-08-26,0.24,0.32,32.14,67.86
1987-08-27,0.24,0.31,26.36,73.64
1987-08-28,0.25,0.32,26.92,73.08
1987-08-31,0.25,0.32,29.03,70.97
1987-09-01,0.24,0.3,24.92,75.08
1987-09-02,0.24,0.29,19.43,80.57
1987-09-03,0.24,0.29,19.17,80.83
1987-09-04,0.24,0.27,15.24,84.76
1987-09-08,0.24,0.28,20.75,79.25
1987-09-09,0.24,0.29,21.81,78.19
1987-09-10,0.24,0.28,17.59,82.41
1987-09-11,0.25,0.28,15.82,84.18
1987-09-14,0.25,0.27,8.23,91.77
1987-09-15,0.25,0.27,8.15,91.85
1987-09-16,0.25,0.27,9.2,90.8
1987-09-17,0.25,0.28,14.86,85.14
1987-09-18,0.24,0.27,9.2,90.8
1987-09-21,0.23,0.24,5.2,94.8
1987-09-22,0.24,0.28,16.36,83.64
1987-09-23,0.26,0.28,10.35,89.65
1987-09-24,0.26,0.29,12.42,87.58
1987-09-25,0.26,0.3,13.22,86.78
1987-09-28,0.27,0.3,11.79,88.21
1987-09-29,0.27,0.3,11.36,88.64
1987-09-30,0.28,0.3,8.0,92.0
1987-10-01,0.29,0.32,10.31,89.69
1987-10-02,0.31,0.32,4.84,95.16
1987-10-05,0.33,0.34,0.62,99.38
1987-10-06,0.31,0.32,1.08,98.92
1987-10-07,0.31,0.34,8.47,91.53
1987-10-08,0.3,0.34,9.98,90.02
1987-10-09,0.3,0.35,16.58,83.42
1987-10-12,0.3,0.35,16.99,83.01
1987-10-13,0.31,0.35,13.59,86.41
1987-10-14,0.3,0.34,11.14,88.86
1987-10-15,0.3,0.33,10.4,89.6
1987-10-16,0.27,0.31,14.68,85.32
1987-10-19,0.19,0.25,32.33,67.67
1987-10-20,0.2,0.25,23.61,76.39
1987-10-21,0.24,0.27,10.88,89.12
1987-10-22,0.23,0.26,13.95,86.05
1987-10-23,0.2,0.19,4.53,95.47
1987-10-26,0.17,0.19,17.36,82.64
1987-10-27,0.17,0.21,21.24,78.76
1987-10-28,0.17,0.21,21.24,78.76
1987-10-29,0.2,0.24,17.86,82.14
1987-10-30,0.21,0.26,21.97,78.03
1987-11-02,0.21,0.25,18.08,81.92
1987-11-03,0.2,0.24,17.62,82.38
1987-11-04,0.21,0.24,18.57,81.43
1987-11-05,0.21,0.25,18.64,81.36
1987-11-06,0.2,0.27,34.2,65.8
1987-11-09,0.2,0.27,35.62,64.38
1987-11-10,0.2,0.25,27.47,72.53
1987-11-11,0.21,0.26,24.78,75.22
1987-11-12,0.21,0.27,27.49,72.51
1987-11-13,0.2,0.29,42.33,57.67
1987-11-16,0.2,0.28,40.98,59.02
1987-11-17,0.2,0.27,38.04,61.96
1987-11-18,0.2,0.27,32.8,67.2
1987-11-19,0.2,0.25,29.54,70.46
1987-11-20,0.2,0.26,28.72,71.28
1987-11-23,0.2,0.27,33.49,66.51
1987-11-24,0.2,0.26,28.72,71.28
1987-11-25,0.19,0.25,30.24,69.76
1987-11-27,0.19,0.26,35.12,64.88
1987-11-30,0.19,0.26,36.63,63.37
1987-12-01,0.19,0.25,36.94,63.06
1987-12-02,0.19,0.23,21.37,78.63
1987-12-03,0.17,0.19,14.09,85.91
1987-12-04,0.18,0.23,27.15,72.85
1987-12-07,0.18,0.24,28.56,71.44
1987-12-08,0.2,0.25,25.12,74.88
1987-12-09,0.2,0.24,22.88,77.12
1987-12-10,0.2,0.27,34.2,65.8
1987-12-11,0.2,0.27,32.8,67.2
1987-12-14,0.21,0.27,25.35,74.65
1987-12-15,0.22,0.27,24.12,75.88
1987-12-16,0.23,0.29,26.58,73.42
1987-12-17,0.22,0.28,29.46,70.54
1987-12-18,0.22,0.28,29.46,70.54
1987-12-21,0.22,0.29,33.34,66.66
1987-12-22,0.22,0.29,30.8,69.2
1987-12-23,0.23,0.32,43.31,56.69
1987-12-24,0.23,0.32,43.31,56.69
1987-12-28,0.22,0.29,33.99,66.01
1987-12-29,0.23,0.29,26.0,74.0
1987-12-30,0.24,0.31,31.18,68.82
1987-12-31,0.23,0.29,26.58,73.42
1988-01-04,0.24,0.29,22.63,77.37
1988-01-05,0.24,0.29,20.48,79.52
1988-01-06,0.25,0.29,17.39,82.61
1988-01-07,0.26,0.29,13.51,86.49
1988-01-08,0.24,0.28,17.83,82.17
1988-01-11,0.24,0.27,11.51,88.49
1988-01-12,0.24,0.27,13.72,86.28
1988-01-13,0.24,0.28,16.27,83.73
1988-01-14,0.24,0.27,13.09,86.91
1988-01-15,0.24,0.28,14.25,85.75
1988-01-18,0.24,0.28,17.59,82.41
1988-01-19,0.24,0.27,11.12,88.88
1988-01-20,0.23,0.26,13.23,86.77
1988-01-21,0.23,0.27,15.9,84.1
1988-01-22,0.23,0.26,13.49,86.51
1988-01-25,0.24,0.26,9.67,90.33
1988-01-26,0.23,0.25,9.93,90.07
1988-01-27,0.24,0.25,7.47,92.53
1988-01-28,0.24,0.27,12.82,87.18
1988-01-29,0.24,0.26,9.67,90.33
1988-02-01,0.23,0.26,10.66,89.34
1988-02-02,0.24,0.26,9.67,90.33
1988-02-03,0.22,0.25,13.58,86.42
1988-02-04,0.22,0.23,4.72,95.28
1988-02-05,0.22,0.24,12.24,87.76
1988-02-08,0.22,0.24,11.7,88.3
1988-02-09,0.22,0.26,15.91,84.09
1988-02-10,0.23,0.26,13.75,86.25
1988-02-11,0.23,0.27,16.43,83.57
1988-02-12,0.23,0.27,15.37,84.63
1988-02-16,0.24,0.27,12.23,87.77
1988-02-17,0.24,0.27,10.63,89.37
1988-02-18,0.25,0.27,9.9,90.1
1988-02-19,0.25,0.27,9.85,90.15
1988-02-22,0.25,0.28,14.59,85.41
1988-02-23,0.25,0.28,13.14,86.86
1988-02-24,0.25,0.32,27.95,72.05
1988-02-25,0.25,0.32,31.8,68.2
1988-02-26,0.25,0.32,31.52,68.48
1988-02-29,0.25,0.36,42.89,57.11
1988-03-01,0.25,0.32,29.34,70.66
1988-03-02,0.25,0.32,28.26,71.74
1988-03-03,0.26,0.32,25.1,74.9
1988-03-04,0.26,0.32,25.12,74.88
1988-03-07,0.27,0.32,21.37,78.63
1988-03-08,0.27,0.34,23.97,76.03
1988-03-09,0.27,0.32,18.76,81.24
1988-03-10,0.27,0.3,14.02,85.98
1988-03-11,0.26,0.3,14.48,85.52
1988-03-14,0.27,0.3,12.45,87.55
1988-03-15,0.26,0.29,7.86,92.14
1988-03-16,0.27,0.32,17.39,82.61
1988-03-17,0.27,0.3,12.01,87.99
1988-03-18,0.25,0.27,9.9,90.1
1988-03-21,0.25,0.28,13.39,86.61
1988-03-22,0.26,0.28,10.57,89.43
1988-03-23,0.25,0.27,8.5,91.5
1988-03-24,0.24,0.27,11.13,88.87
1988-03-25,0.24,0.26,8.11,91.89
1988-03-28,0.24,0.24,1.05,98.95
1988-03-29,0.24,0.24,0.39,99.61
1988-03-30,0.23,0.24,2.79,97.21
1988-03-31,0.24,0.27,11.13,88.87
1988-04-04,0.23,0.24,1.86,98.14
1988-04-05,0.24,0.26,8.35,91.65
1988-04-06,0.25,0.26,4.39,95.61
1988-04-07,0.24,0.26,5.99,94.01
1988-04-08,0.25,0.28,14.86,85.14
1988-04-11,0.24,0.27,11.33,88.67
1988-04-12,0.24,0.27,12.62,87.38
1988-04-13,0.24,0.27,12.31,87.69
1988-04-14,0.22,0.27,18.47,81.53
1988-04-15,0.23,0.26,12.7,87.3
1988-04-18,0.23,0.26,11.67,88.33
1988-04-19,0.23,0.26,12.7,87.3
1988-04-20,0.23,0.27,16.96,83.04
1988-04-21,0.23,0.26,12.44,87.56
1988-04-22,0.23,0.27,15.37,84.63
1988-04-25,0.23,0.26,10.91,89.09
1988-04-26,0.24,0.26,9.67,90.33
1988-04-27,0.23,0.26,10.16,89.84
1988-04-28,0.23,0.25,8.19,91.81
1988-04-29,0.23,0.25,9.93,90.07
1988-05-02,0.23,0.26,11.17,88.83
1988-05-03,0.24,0.27,12.82,87.18
1988-05-04,0.24,0.31,28.02,71.98
1988-05-05,0.24,0.29,20.48,79.52
1988-05-06,0.24,0.29,19.95,80.05
1988-05-09,0.24,0.31,27.74,72.26
1988-05-10,0.24,0.29,20.48,79.52
1988-05-11,0.24,0.28,18.35,81.65
1988-05-12,0.24,0.27,13.83,86.17
1988-05-13,0.24,0.27,13.72,86.28
1988-05-16,0.25,0.28,15.57,84.43
1988-05-17,0.25,0.28,16.07,83.93
1988-05-18,0.24,0.27,12.09,87.91
1988-05-19,0.24,0.28,18.1,81.9
1988-05-20,0.24,0.27,13.09,86.91
1988-05-23,0.23,0.26,11.17,88.83
1988-05-24,0.24,0.27,12.32,87.68
1988-05-25,0.24,0.26,9.67,90.33
1988-05-26,0.24,0.26,8.94,91.06
1988-05-27,0.23,0.26,10.16,89.84
1988-05-31,0.25,0.27,9.9,90.1
1988-06-01,0.25,0.27,8.92,91.08
1988-06-02,0.25,0.27,9.38,90.62
1988-06-03,0.25,0.27,8.46,91.54
1988-06-06,0.26,0.29,13.35,86.65
1988-06-07,0.26,0.29,10.51,89.49
1988-06-08,0.26,0.3,15.4,84.6
1988-06-09,0.26,0.3,15.87,84.13
1988-06-10,0.26,0.32,21.39,78.61
1988-06-13,0.26,0.34,27.43,72.57
1988-06-14,0.27,0.34,25.69,74.31
1988-06-15,0.27,0.37,37.79,62.21
1988-06-16,0.27,0.37,38.14,61.86
1988-06-17,0.27,0.37,39.23,60.77
1988-06-20,0.27,0.34,26.19,73.81
1988-06-21,0.27,0.34,23.73,76.27
1988-06-22,0.28,0.38,34.31,65.69
1988-06-23,0.28,0.32,15.16,84.84
1988-06-24,0.28,0.3,9.65,90.35
1988-06-27,0.27,0.3,9.04,90.96
1988-06-28,0.28,0.31,10.37,89.63
1988-06-29,0.28,0.31,10.37,89.63
1988-06-30,0.28,0.31,10.33,89.67
1988-07-01,0.29,0.31,8.71,91.29
1988-07-05,0.29,0.33,10.48,89.52
1988-07-06,0.29,0.31,5.56,94.44
1988-07-07,0.29,0.35,18.63,81.37
1988-07-08,0.29,0.35,19.07,80.93
1988-07-11,0.28,0.33,15.99,84.01
1988-07-12,0.28,0.32,16.77,83.23
1988-07-13,0.28,0.32,14.8,85.2
1988-07-14,0.28,0.32,14.38,85.62
1988-07-15,0.28,0.32,14.18,85.82
1988-07-18,0.29,0.34,18.83,81.17
1988-07-19,0.28,0.32,16.11,83.89
1988-07-20,0.27,0.31,15.67,84.33
1988-07-21,0.26,0.26,2.06,97.94
1988-07-22,0.26,0.26,1.85,98.15
1988-07-25,0.26,0.19,23.86,76.14
1988-07-26,0.25,0.19,20.58,79.42
1988-07-27,0.24,0.19,20.06,79.94
1988-07-28,0.25,0.19,20.92,79.08
1988-07-29,0.25,0.23,8.18,91.82
1988-08-01,0.25,0.23,6.61,93.39
1988-08-02,0.24,0.19,19.89,80.11
1988-08-03,0.24,0.19,18.11,81.89
1988-08-04,0.23,0.19,17.0,83.0
1988-08-05,0.23,0.19,13.9,86.1
1988-08-08,0.23,0.19,13.49,86.51
1988-08-09,0.22,0.19,10.99,89.01
1988-08-10,0.21,0.19,8.78,91.22
1988-08-11,0.22,0.19,10.99,89.01
1988-08-12,0.22,0.19,11.42,88.58
1988-08-15,0.21,0.19,9.23,90.77
1988-08-16,0.22,0.24,7.54,92.46
1988-08-17,0.22,0.23,1.72,98.28
1988-08-18,0.22,0.21,6.43,93.57
1988-08-19,0.21,0.19,8.78,91.22
1988-08-22,0.2,0.19,4.03,95.97
1988-08-23,0.21,0.22,4.83,95.17
1988-08-24,0.22,0.25,16.33,83.67
1988-08-25,0.21,0.26,20.48,79.52
1988-08-26,0.22,0.26,19.01,80.99
1988-08-29,0.22,0.27,22.29,77.71
1988-08-30,0.22,0.27,24.38,75.62
1988-08-31,0.21,0.26,22.28,77.72
1988-09-01,0.21,0.25,22.58,77.42
1988-09-02,0.22,0.27,23.77,76.23
1988-09-06,0.22,0.27,22.58,77.42
1988-09-07,0.22,0.27,23.17,76.83
1988-09-08,0.22,0.27,22.58,77.42
1988-09-09,0.23,0.27,19.51,80.49
1988-09-12,0.23,0.29,27.76,72.24
1988-09-13,0.23,0.29,27.17,72.83
1988-09-14,0.23,0.27,19.51,80.49
1988-09-15,0.22,0.27,21.75,78.25
1988-09-16,0.22,0.27,22.58,77.42
1988-09-19,0.22,0.27,23.17,76.83
1988-09-20,0.23,0.27,19.46,80.54
1988-09-21,0.23,0.29,27.76,72.24
1988-09-22,0.23,0.31,34.19,65.81
1988-09-23,0.23,0.27,20.07,79.93
1988-09-26,0.22,0.27,21.7,78.3
1988-09-27,0.22,0.27,22.58,77.42
1988-09-28,0.22,0.27,20.27,79.73
1988-09-29,0.22,0.26,15.36,84.64
1988-09-30,0.22,0.26,17.02,82.98
1988-10-03,0.22,0.25,16.62,83.38
1988-10-04,0.22,0.25,17.19,82.81
1988-10-05,0.21,0.25,19.23,80.77
1988-10-06,0.21,0.25,19.82,80.18
1988-10-07,0.21,0.25,20.43,79.57
1988-10-10,0.21,0.22,5.1,94.9
1988-10-11,0.21,0.22,4.04,95.96
1988-10-12,0.21,0.22,2.24,97.76
1988-10-13,0.22,0.25,16.33,83.67
1988-10-14,0.22,0.26,19.3,80.7
1988-10-17,0.22,0.27,22.58,77.42
1988-10-18,0.22,0.26,16.46,83.54
1988-10-19,0.23,0.27,19.7,80.3
1988-10-20,0.23,0.27,18.9,81.1
1988-10-21,0.22,0.27,21.76,78.24
1988-10-24,0.22,0.27,22.58,77.42
1988-10-25,0.21,0.27,26.22,73.78
1988-10-26,0.21,0.27,28.13,71.87
1988-10-27,0.21,0.27,28.77,71.23
1988-10-28,0.21,0.27,28.77,71.23
1988-10-31,0.21,0.26,24.78,75.22
1988-11-01,0.21,0.25,22.9,77.1
1988-11-02,0.2,0.21,4.46,95.54
1988-11-03,0.2,0.22,9.55,90.45
1988-11-04,0.2,0.19,0.94,99.06
1988-11-07,0.2,0.19,1.47,98.53
1988-11-08,0.21,0.21,1.5,98.5
1988-11-09,0.21,0.23,7.35,92.65
1988-11-10,0.21,0.23,8.99,91.01
1988-11-11,0.2,0.23,12.14,87.86
1988-11-14,0.21,0.25,23.53,76.47
1988-11-15,0.2,0.25,27.47,72.53
1988-11-16,0.2,0.25,29.54,70.46
1988-11-17,0.19,0.25,30.24,69.76
1988-11-18,0.2,0.25,28.5,71.5
1988-11-21,0.19,0.25,30.24,69.76
1988-11-22,0.19,0.26,32.92,67.08
1988-11-23,0.2,0.27,35.98,64.02
1988-11-25,0.2,0.27,37.45,62.55
1988-11-28,0.2,0.27,35.62,64.38
1988-11-29,0.2,0.26,28.72,71.28
1988-11-30,0.2,0.25,26.8,73.2
1988-12-01,0.21,0.27,30.09,69.91
1988-12-02,0.21,0.27,29.72,70.28
1988-12-05,0.21,0.27,28.77,71.23
1988-12-06,0.21,0.29,38.03,61.97
1988-12-07,0.21,0.29,39.44,60.56
1988-12-08,0.21,0.29,40.15,59.85
1988-12-09,0.21,0.29,40.15,59.85
1988-12-12,0.2,0.27,34.28,65.72
1988-12-13,0.2,0.27,35.15,64.85
1988-12-14,0.2,0.27,31.5,68.5
1988-12-15,0.21,0.28,37.39,62.61
1988-12-16,0.21,0.29,38.03,61.97
1988-12-19,0.21,0.29,35.31,64.69
1988-12-20,0.22,0.3,39.85,60.15
1988-12-21,0.22,0.29,31.43,68.57
1988-12-22,0.22,0.28,29.46,70.54
1988-12-23,0.22,0.29,32.06,67.94
1988-12-27,0.22,0.27,24.71,75.29
1988-12-28,0.22,0.29,31.43,68.57
1988-12-29,0.23,0.31,37.34,62.66
1988-12-30,0.23,0.31,37.34,62.66
1989-01-03,0.23,0.39,73.9,26.1
1989-01-04,0.23,0.39,71.89,28.11
1989-01-05,0.23,0.32,43.53,56.47
1989-01-06,0.22,0.31,37.99,62.01
1989-01-09,0.22,0.29,30.8,69.2
1989-01-10,0.22,0.28,26.89,73.11
1989-01-11,0.22,0.28,25.68,74.32
1989-01-12,0.22,0.27,21.42,78.58
1989-01-13,0.22,0.27,20.03,79.97
1989-01-16,0.22,0.28,24.2,75.8
1989-01-17,0.22,0.27,23.77,76.23
1989-01-18,0.22,0.26,18.72,81.28
1989-01-19,0.23,0.27,19.15,80.85
1989-01-20,0.23,0.27,17.77,82.23
1989-01-23,0.22,0.26,15.36,84.64
1989-01-24,0.22,0.26,15.91,84.09
1989-01-25,0.22,0.27,20.27,79.73
1989-01-26,0.23,0.27,17.26,82.74
1989-01-27,0.23,0.28,21.57,78.43
1989-01-30,0.25,0.31,25.01,74.99
1989-01-31,0.25,0.31,22.66,77.34
1989-02-01,0.25,0.31,23.43,76.57
1989-02-02,0.26,0.31,20.14,79.86
1989-02-03,0.26,0.31,19.89,80.11
1989-02-06,0.26,0.32,26.63,73.37
1989-02-07,0.26,0.36,36.57,63.43
1989-02-08,0.26,0.32,22.58,77.42
1989-02-09,0.27,0.36,33.09,66.91
1989-02-10,0.26,0.32,23.33,76.67
1989-02-13,0.26,0.32,24.1,75.9
1989-02-14,0.26,0.32,25.42,74.58
1989-02-15,0.26,0.32,22.1,77.9
1989-02-16,0.27,0.32,20.42,79.58
1989-02-17,0.26,0.3,12.31,87.69
1989-02-21,0.26,0.28,7.67,92.33
1989-02-22,0.25,0.28,11.03,88.97
1989-02-23,0.26,0.28,10.34,89.66
1989-02-24,0.25,0.27,8.96,91.04
1989-02-27,0.25,0.29,15.47,84.53
1989-02-28,0.25,0.28,9.52,90.48
1989-03-01,0.25,0.28,9.98,90.02
1989-03-02,0.26,0.28,7.26,92.74
1989-03-03,0.26,0.29,11.73,88.27
1989-03-06,0.26,0.29,11.28,88.72
1989-03-07,0.23,0.25,10.9,89.1
1989-03-08,0.22,0.21,4.74,95.26
1989-03-09,0.22,0.19,10.99,89.01
1989-03-10,0.22,0.19,10.99,89.01
1989-03-13,0.22,0.23,3.58,96.42
1989-03-14,0.22,0.23,3.58,96.42
1989-03-15,0.21,0.19,8.33,91.67
1989-03-16,0.22,0.24,9.81,90.19
1989-03-17,0.2,0.19,0.94,99.06
1989-03-20,0.2,0.19,0.94,99.06
1989-03-21,0.21,0.23,7.08,92.92
1989-03-22,0.21,0.22,5.63,94.37
1989-03-23,0.21,0.22,3.01,96.99
1989-03-27,0.21,0.21,0.79,99.21
1989-03-28,0.21,0.25,20.43,79.57
1989-03-29,0.21,0.25,21.04,78.96
1989-03-30,0.21,0.26,22.59,77.41
1989-03-31,0.21,0.26,22.59,77.41
1989-04-03,0.21,0.26,21.67,78.33
1989-04-04,0.21,0.26,22.28,77.72
1989-04-05,0.21,0.27,26.54,73.46
1989-04-06,0.22,0.27,24.38,75.62
1989-04-07,0.22,0.31,42.7,57.3
1989-04-10,0.22,0.31,42.35,57.65
1989-04-11,0.22,0.28,31.04,68.96
1989-04-12,0.2,0.26,27.05,72.95
1989-04-13,0.21,0.25,22.9,77.1
1989-04-14,0.21,0.27,25.35,74.65
1989-04-17,0.22,0.28,28.12,71.88
1989-04-18,0.23,0.29,28.96,71.04
1989-04-19,0.23,0.29,25.14,74.86
1989-04-20,0.24,0.31,29.8,70.2
1989-04-21,0.23,0.29,24.29,75.71
1989-04-24,0.23,0.29,24.58,75.42
1989-04-25,0.23,0.29,25.43,74.57
1989-04-26,0.23,0.27,19.51,80.49
1989-04-27,0.23,0.27,17.87,82.13
1989-04-28,0.24,0.28,20.48,79.52
1989-05-01,0.23,0.27,18.14,81.86
1989-05-02,0.23,0.3,32.73,67.27
1989-05-03,0.23,0.29,27.17,72.83
1989-05-04,0.22,0.27,21.17,78.83
1989-05-05,0.22,0.27,22.58,77.42
1989-05-08,0.22,0.26,18.72,81.28
1989-05-09,0.22,0.26,15.36,84.64
1989-05-10,0.23,0.25,10.95,89.05
1989-05-11,0.23,0.26,13.23,86.77
1989-05-12,0.23,0.26,12.7,87.3
1989-05-15,0.23,0.27,16.43,83.57
1989-05-16,0.24,0.27,14.73,85.27
1989-05-17,0.24,0.27,12.48,87.52
1989-05-18,0.25,0.27,10.79,89.21
1989-05-19,0.25,0.29,17.89,82.11
1989-05-22,0.25,0.31,23.43,76.57
1989-05-23,0.24,0.27,13.97,86.03
1989-05-24,0.24,0.29,19.43,80.57
1989-05-25,0.24,0.31,26.42,73.58
1989-05-26,0.25,0.32,29.62,70.38
1989-05-30,0.25,0.31,23.95,76.05
1989-05-31,0.26,0.31,20.88,79.12
1989-06-01,0.25,0.31,21.89,78.11
1989-06-02,0.25,0.28,15.57,84.43
1989-06-05,0.24,0.27,12.09,87.91
1989-06-06,0.25,0.27,8.74,91.26
1989-06-07,0.25,0.28,11.28,88.72
1989-06-08,0.25,0.28,11.49,88.51
1989-06-09,0.25,0.28,11.49,88.51
1989-06-12,0.25,0.28,12.91,87.09
1989-06-13,0.24,0.28,16.36,83.64
1989-06-14,0.24,0.28,15.36,84.64
1989-06-15,0.24,0.28,17.39,82.61
1989-06-16,0.24,0.27,12.8,87.2
1989-06-19,0.24,0.27,11.13,88.87
1989-06-20,0.23,0.23,0.25,99.75
1989-06-21,0.23,0.24,2.33,97.67
1989-06-22,0.23,0.27,13.13,86.87
1989-06-23,0.23,0.27,15.61,84.39
1989-06-26,0.23,0.24,2.79,97.21
1989-06-27,0.23,0.19,14.5,85.5
1989-06-28,0.22,0.19,12.67,87.33
1989-06-29,0.22,0.19,11.42,88.58
1989-06-30,0.22,0.19,13.09,86.91
1989-07-03,0.23,0.24,7.04,92.96
1989-07-05,0.23,0.25,8.44,91.56
1989-07-06,0.22,0.24,9.58,90.42
1989-07-07,0.23,0.25,11.99,88.01
1989-07-10,0.23,0.26,11.42,88.58
1989-07-11,0.23,0.26,14.28,85.72
1989-07-12,0.23,0.26,14.82,85.18
1989-07-13,0.22,0.25,13.04,86.96
1989-07-14,0.22,0.25,13.58,86.42
1989-07-17,0.23,0.26,14.82,85.18
1989-07-18,0.23,0.27,19.15,80.85
1989-07-19,0.23,0.27,17.77,82.23
1989-07-20,0.23,0.27,18.9,81.1
1989-07-21,0.23,0.27,15.14,84.86
1989-07-24,0.23,0.27,15.37,84.63
1989-07-25,0.22,0.25,15.22,84.78
1989-07-26,0.22,0.27,20.84,79.16
1989-07-27,0.23,0.27,18.59,81.41
1989-07-28,0.23,0.27,17.5,82.5
1989-07-31,0.23,0.27,16.19,83.81
1989-08-01,0.23,0.27,17.5,82.5
1989-08-02,0.23,0.27,17.26,82.74
1989-08-03,0.23,0.27,17.34,82.66
1989-08-04,0.24,0.28,18.1,81.9
1989-08-07,0.24,0.29,18.91,81.09
1989-08-08,0.25,0.29,16.39,83.61
1989-08-09,0.25,0.29,16.89,83.11
1989-08-10,0.25,0.28,15.08,84.92
1989-08-11,0.24,0.27,11.75,88.25
1989-08-14,0.24,0.31,28.3,71.7
1989-08-15,0.24,0.31,27.19,72.81
1989-08-16,0.24,0.27,15.5,84.5
1989-08-17,0.24,0.27,14.22,85.78
1989-08-18,0.24,0.27,12.23,87.77
1989-08-21,0.24,0.27,13.34,86.66
1989-08-22,0.25,0.28,15.32,84.68
1989-08-23,0.25,0.28,13.62,86.38
1989-08-24,0.25,0.27,7.82,92.18
1989-08-25,0.25,0.28,13.15,86.85
1989-08-28,0.25,0.28,12.67,87.33
1989-08-29,0.25,0.28,13.88,86.12
1989-08-30,0.25,0.28,12.44,87.56
1989-08-31,0.25,0.28,13.39,86.61
1989-09-01,0.25,0.29,12.58,87.42
1989-09-05,0.25,0.29,12.35,87.65
1989-09-06,0.25,0.3,18.47,81.53
1989-09-07,0.25,0.28,14.14,85.86
1989-09-08,0.25,0.28,12.69,87.31
1989-09-11,0.25,0.3,20.5,79.5
1989-09-12,0.26,0.29,11.88,88.12
1989-09-13,0.26,0.3,12.76,87.24
1989-09-14,0.27,0.31,15.71,84.29
1989-09-15,0.27,0.3,14.02,85.98
1989-09-18,0.27,0.3,12.67,87.33
1989-09-19,0.26,0.3,12.31,87.69
1989-09-20,0.28,0.3,10.07,89.93
1989-09-21,0.28,0.32,16.04,83.96
1989-09-22,0.28,0.32,14.49,85.51
1989-09-25,0.28,0.32,13.45,86.55
1989-09-26,0.28,0.32,13.02,86.98
1989-09-27,0.28,0.34,18.85,81.15
1989-09-28,0.29,0.34,16.89,83.11
1989-09-29,0.29,0.34,16.04,83.96
1989-10-02,0.29,0.34,14.16,85.84
1989-10-03,0.29,0.35,21.23,78.77
1989-10-04,0.32,0.37,15.4,84.6
1989-10-05,0.34,0.41,20.91,79.09
1989-10-06,0.34,0.41,20.15,79.85
1989-10-09,0.35,0.44,26.93,73.07
1989-10-10,0.34,0.44,27.71,72.29
1989-10-11,0.34,0.4,19.19,80.81
1989-10-12,0.33,0.37,10.61,89.39
1989-10-13,0.31,0.33,5.34,94.66
1989-10-16,0.32,0.34,5.89,94.11
1989-10-17,0.33,0.35,3.73,96.27
1989-10-18,0.34,0.35,1.32,98.68
1989-10-19,0.36,0.36,1.58,98.42
1989-10-20,0.36,0.36,0.39,99.61
1989-10-23,0.35,0.35,1.88,98.12
1989-10-24,0.34,0.32,5.41,94.59
1989-10-25,0.34,0.32,3.91,96.09
1989-10-26,0.33,0.31,4.78,95.22
1989-10-27,0.33,0.31,3.86,96.14
1989-10-30,0.34,0.35,4.41,95.59
1989-10-31,0.35,0.38,9.96,90.04
1989-11-01,0.35,0.38,9.3,90.7
1989-11-02,0.32,0.38,17.89,82.11
1989-11-03,0.33,0.38,14.88,85.12
1989-11-06,0.33,0.38,16.37,83.63
1989-11-07,0.34,0.38,10.98,89.02
1989-11-08,0.35,0.38,7.98,92.02
1989-11-09,0.35,0.38,7.34,92.66
1989-11-10,0.36,0.38,6.38,93.62
1989-11-13,0.37,0.38,2.91,97.09
1989-11-14,0.37,0.38,4.84,95.16
1989-11-15,0.37,0.4,7.15,92.85
1989-11-16,0.37,0.4,8.37,91.63
1989-11-17,0.37,0.38,4.39,95.61
1989-11-20,0.37,0.39,6.51,93.49
1989-11-21,0.37,0.38,2.91,97.09
1989-11-22,0.37,0.42,12.5,87.5
1989-11-24,0.37,0.45,22.01,77.99
1989-11-27,0.37,0.45,23.76,76.24
1989-11-28,0.37,0.44,18.27,81.73
1989-11-29,0.36,0.41,14.43,85.57
1989-11-30,0.37,0.42,13.52,86.48
1989-12-01,0.36,0.38,5.76,94.24
1989-12-04,0.37,0.37,1.21,98.79
1989-12-05,0.37,0.38,3.63,96.37
1989-12-06,0.36,0.35,3.67,96.33
1989-12-07,0.36,0.35,2.52,97.48
1989-12-08,0.36,0.35,1.65,98.35
1989-12-11,0.35,0.35,1.06,98.94
1989-12-12,0.35,0.3,15.24,84.76
1989-12-13,0.34,0.23,32.49,67.51
1989-12-14,0.33,0.23,30.76,69.24
1989-12-15,0.33,0.23,29.86,70.14
1989-12-18,0.33,0.26,20.06,79.94
1989-12-19,0.34,0.35,2.17,97.83
1989-12-20,0.35,0.35,0.76,99.24
1989-12-21,0.35,0.37,4.54,95.46
1989-12-22,0.36,0.38,4.83,95.17
1989-12-26,0.36,0.37,2.1,97.9
1989-12-27,0.37,0.38,4.23,95.77
1989-12-28,0.36,0.38,5.45,94.55
1989-12-29,0.37,0.38,3.33,96.67
1990-01-02,0.38,0.4,5.32,94.68
1990-01-03,0.38,0.4,6.25,93.75
1990-01-04,0.39,0.47,20.31,79.69
1990-01-05,0.38,0.45,19.79,80.21
1990-01-08,0.39,0.47,21.8,78.2
1990-01-09,0.38,0.47,22.13,77.87
1990-01-10,0.37,0.44,16.6,83.4
1990-01-11,0.37,0.42,15.85,84.15
1990-01-12,0.36,0.41,13.6,86.4
1990-01-15,0.36,0.41,13.75,86.25
1990-01-16,0.38,0.41,10.24,89.76
1990-01-17,0.37,0.41,11.96,88.04
1990-01-18,0.4,0.44,8.31,91.69
1990-01-19,0.4,0.43,7.88,92.12
1990-01-22,0.38,0.41,7.95,92.05
1990-01-23,0.38,0.41,9.16,90.84
1990-01-24,0.38,0.41,7.95,92.05
1990-01-25,0.38,0.41,7.95,92.05
1990-01-26,0.38,0.41,7.95,92.05
1990-01-29,0.39,0.41,7.07,92.93
1990-01-30,0.39,0.41,7.22,92.78
1990-01-31,0.39,0.43,9.78,90.22
1990-02-01,0.4,0.44,9.76,90.24
1990-02-02,0.4,0.44,9.76,90.24
1990-02-05,0.4,0.43,7.74,92.26
1990-02-06,0.4,0.44,9.47,90.53
1990-02-07,0.39,0.39,1.96,98.04
1990-02-08,0.4,0.41,3.94,96.06
1990-02-09,0.4,0.45,13.14,86.86
1990-02-12,0.4,0.47,16.98,83.02
1990-02-13,0.4,0.47,16.66,83.34
1990-02-14,0.4,0.47,16.67,83.33
1990-02-15,0.41,0.5,22.75,77.25
1990-02-16,0.41,0.5,21.5,78.5
1990-02-20,0.42,0.54,27.16,72.84
1990-02-21,0.41,0.42,2.74,97.26
1990-02-22,0.41,0.42,2.47,97.53
1990-02-23,0.41,0.44,7.16,92.84
1990-02-26,0.42,0.49,17.52,82.48
1990-02-27,0.41,0.48,14.8,85.2
1990-02-28,0.42,0.49,18.11,81.89
1990-03-01,0.42,0.49,16.64,83.36
1990-03-02,0.44,0.51,16.29,83.71
1990-03-05,0.45,0.51,15.06,84.94
1990-03-06,0.44,0.5,13.74,86.26
1990-03-07,0.43,0.49,13.52,86.48
1990-03-08,0.45,0.49,9.78,90.22
1990-03-09,0.45,0.49,9.52,90.48
1990-03-12,0.46,0.49,7.75,92.25
1990-03-13,0.45,0.51,13.56,86.44
1990-03-14,0.46,0.51,12.26,87.74
1990-03-15,0.47,0.51,9.1,90.9
1990-03-16,0.48,0.51,6.23,93.77
1990-03-19,0.49,0.53,6.93,93.07
1990-03-20,0.48,0.51,6.78,93.22
1990-03-21,0.48,0.51,6.54,93.46
1990-03-22,0.47,0.49,3.63,96.37
1990-03-23,0.47,0.48,3.35,96.65
1990-03-26,0.47,0.48,0.9,99.1
1990-03-27,0.48,0.49,3.68,96.32
1990-03-28,0.47,0.48,2.66,97.34
1990-03-29,0.47,0.47,0.98,99.02
1990-03-30,0.47,0.47,0.87,99.13
1990-04-02,0.47,0.48,0.9,99.1
1990-04-03,0.49,0.49,0.55,99.45
1990-04-04,0.5,0.53,6.13,93.87
1990-04-05,0.48,0.52,7.76,92.24
1990-04-06,0.48,0.51,5.72,94.28
1990-04-09,0.48,0.52,7.76,92.24
1990-04-10,0.5,0.53,5.23,94.77
1990-04-11,0.51,0.56,9.36,90.64
1990-04-12,0.51,0.56,9.96,90.04
1990-04-16,0.51,0.56,9.28,90.72
1990-04-17,0.52,0.56,7.08,92.92
1990-04-18,0.51,0.56,9.14,90.86
1990-04-19,0.5,0.54,7.83,92.17
1990-04-20,0.5,0.54,7.14,92.86
1990-04-23,0.5,0.56,11.28,88.72
1990-04-24,0.49,0.54,10.12,89.88
1990-04-25,0.49,0.54,10.12,89.88
1990-04-26,0.49,0.54,11.32,88.68
1990-04-27,0.48,0.53,11.23,88.77
1990-04-30,0.49,0.54,10.12,89.88
1990-05-01,0.48,0.51,6.08,93.92
1990-05-02,0.49,0.5,0.66,99.34
1990-05-03,0.5,0.53,6.05,93.95
1990-05-04,0.52,0.54,3.43,96.57
1990-05-07,0.54,0.54,0.31,99.69
1990-05-08,0.53,0.54,1.68,98.32
1990-05-09,0.53,0.54,2.41,97.59
1990-05-10,0.55,0.56,2.84,97.16
1990-05-11,0.55,0.56,1.27,98.73
1990-05-14,0.56,0.58,4.28,95.72
1990-05-15,0.55,0.56,2.45,97.55
1990-05-16,0.55,0.58,5.55,94.45
1990-05-17,0.55,0.59,8.35,91.65
1990-05-18,0.58,0.6,3.01,96.99
1990-05-21,0.59,0.65,9.72,90.28
1990-05-22,0.61,0.71,16.72,83.28
1990-05-23,0.64,0.71,9.99,90.01
1990-05-24,0.65,0.71,9.09,90.91
1990-05-25,0.63,0.64,2.15,97.85
1990-05-29,0.64,0.68,7.07,92.93
1990-05-30,0.64,0.68,6.72,93.28
1990-05-31,0.62,0.62,0.84,99.16
1990-06-01,0.64,0.64,0.66,99.34
1990-06-04,0.65,0.64,0.86,99.14
1990-06-05,0.62,0.62,0.32,99.68
1990-06-06,0.62,0.62,0.84,99.16
1990-06-07,0.61,0.62,1.3,98.7
1990-06-08,0.62,0.61,2.66,97.34
1990-06-11,0.63,0.67,6.17,93.83
1990-06-12,0.64,0.68,5.73,94.27
1990-06-13,0.65,0.67,3.4,96.6
1990-06-14,0.64,0.67,4.77,95.23
1990-06-15,0.64,0.67,4.08,95.92
1990-06-18,0.63,0.67,5.64,94.36
1990-06-19,0.63,0.67,5.47,94.53
1990-06-20,0.66,0.71,8.31,91.69
1990-06-21,0.65,0.71,8.67,91.33
1990-06-22,0.64,0.71,10.46,89.54
1990-06-25,0.63,0.71,12.32,87.68
1990-06-26,0.63,0.71,11.86,88.14
1990-06-27,0.65,0.72,12.08,87.92
1990-06-28,0.65,0.71,9.9,90.1
1990-06-29,0.64,0.71,10.1,89.9
1990-07-02,0.62,0.68,9.02,90.98
1990-07-03,0.61,0.66,7.48,92.52
1990-07-05,0.61,0.66,8.57,91.43
1990-07-06,0.62,0.66,7.09,92.91
1990-07-09,0.63,0.71,12.7,87.3
1990-07-10,0.62,0.7,11.7,88.3
1990-07-11,0.64,0.68,6.49,93.51
1990-07-12,0.66,0.71,7.97,92.03
1990-07-13,0.66,0.71,6.68,93.32
1990-07-16,0.67,0.73,8.7,91.3
1990-07-17,0.66,0.72,9.06,90.94
1990-07-18,0.64,0.71,10.1,89.9
1990-07-19,0.65,0.71,9.02,90.98
1990-07-20,0.62,0.7,12.46,87.54
1990-07-23,0.61,0.7,14.41,85.59
1990-07-24,0.59,0.66,11.94,88.06
1990-07-25,0.61,0.67,10.63,89.37
1990-07-26,0.58,0.63,7.44,92.56
1990-07-27,0.58,0.63,7.05,92.95
1990-07-30,0.58,0.63,8.62,91.38
1990-07-31,0.56,0.58,3.14,96.86
1990-08-01,0.57,0.49,12.6,87.4
1990-08-02,0.56,0.49,11.61,88.39
1990-08-03,0.54,0.43,20.33,79.67
1990-08-06,0.51,0.43,16.71,83.29
1990-08-07,0.52,0.43,17.73,82.27
1990-08-08,0.54,0.43,20.65,79.35
1990-08-09,0.55,0.51,6.89,93.11
1990-08-10,0.55,0.54,0.49,99.51
1990-08-13,0.55,0.56,1.4,98.6
1990-08-14,0.54,0.51,5.62,94.38
1990-08-15,0.54,0.56,2.59,97.41
1990-08-16,0.52,0.51,1.8,98.2
1990-08-17,0.51,0.51,0.72,99.28
1990-08-20,0.47,0.47,0.87,99.13
1990-08-21,0.46,0.36,20.54,79.46
1990-08-22,0.45,0.36,19.8,80.2
1990-08-23,0.44,0.36,16.7,83.3
1990-08-24,0.48,0.48,0.91,99.09
1990-08-27,0.51,0.49,4.47,95.53
1990-08-28,0.53,0.49,7.7,92.3
1990-08-29,0.51,0.51,0.16,99.84
1990-08-30,0.51,0.51,0.99,99.01
1990-08-31,0.52,0.53,1.74,98.26
1990-09-04,0.53,0.53,0.51,99.49
1990-09-05,0.5,0.46,7.19,92.81
1990-09-06,0.49,0.48,1.34,98.66
1990-09-07,0.49,0.48,1.76,98.24
1990-09-10,0.47,0.49,4.09,95.91
1990-09-11,0.47,0.49,4.56,95.44
1990-09-12,0.49,0.49,1.03,98.97
1990-09-13,0.49,0.49,1.61,98.39
1990-09-14,0.51,0.49,2.88,97.12
1990-09-17,0.51,0.49,4.47,95.53
1990-09-18,0.52,0.48,8.13,91.87
1990-09-19,0.52,0.54,3.01,96.99
1990-09-20,0.51,0.54,6.89,93.11
1990-09-21,0.51,0.53,3.42,96.58
1990-09-24,0.5,0.5,0.23,99.77
1990-09-25,0.51,0.54,5.79,94.21
1990-09-26,0.51,0.54,5.9,94.1
1990-09-27,0.5,0.54,7.8,92.2
1990-09-28,0.53,0.56,5.29,94.71
1990-10-01,0.57,0.58,2.14,97.86
1990-10-02,0.56,0.56,0.7,99.3
1990-10-03,0.56,0.56,0.89,99.11
1990-10-04,0.54,0.54,0.22,99.78
1990-10-05,0.55,0.54,0.75,99.25
1990-10-08,0.56,0.54,2.63,97.37
1990-10-09,0.53,0.54,1.38,98.62
1990-10-10,0.5,0.54,7.34,92.66
1990-10-11,0.49,0.53,7.88,92.12
1990-10-12,0.48,0.53,9.77,90.23
1990-10-15,0.48,0.51,7.25,92.75
1990-10-16,0.46,0.5,7.34,92.66
1990-10-17,0.48,0.53,10.74,89.26
1990-10-18,0.52,0.53,2.36,97.64
1990-10-19,0.52,0.5,5.43,94.57
1990-10-22,0.54,0.53,2.24,97.76
1990-10-23,0.54,0.53,2.62,97.38
1990-10-24,0.55,0.54,2.3,97.7
1990-10-25,0.55,0.54,1.36,98.64
1990-10-26,0.54,0.53,1.27,98.73
1990-10-29,0.53,0.54,2.19,97.81
1990-10-30,0.54,0.54,0.61,99.39
1990-10-31,0.54,0.56,2.99,97.01
1990-11-01,0.54,0.56,4.46,95.54
1990-11-02,0.55,0.58,5.14,94.86
1990-11-05,0.56,0.6,7.13,92.87
1990-11-06,0.54,0.58,6.37,93.63
1990-11-07,0.54,0.54,0.81,99.19
1990-11-08,0.54,0.54,0.48,99.52
1990-11-09,0.55,0.54,1.36,98.64
1990-11-12,0.58,0.56,4.67,95.33
1990-11-13,0.58,0.61,4.25,95.75
1990-11-14,0.59,0.62,5.92,94.08
1990-11-15,0.57,0.62,7.46,92.54
1990-11-16,0.58,0.62,8.26,91.74
1990-11-19,0.59,0.62,5.92,94.08
1990-11-20,0.58,0.62,6.87,93.13
1990-11-21,0.58,0.62,7.07,92.93
1990-11-23,0.58,0.61,4.07,95.93
1990-11-26,0.59,0.62,3.83,96.17
1990-11-27,0.61,0.64,5.52,94.48
1990-11-28,0.6,0.62,4.6,95.4
1990-11-29,0.6,0.64,6.14,93.86
1990-11-30,0.61,0.64,4.67,95.33
1990-12-03,0.63,0.62,0.35,99.65
1990-12-04,0.63,0.62,1.19,98.81
1990-12-05,0.64,0.62,2.17,97.83
1990-12-06,0.63,0.71,12.1,87.9
1990-12-07,0.63,0.71,12.56,87.44
1990-12-10,0.63,0.69,10.22,89.78
1990-12-11,0.61,0.68,12.15,87.85
1990-12-12,0.61,0.68,11.57,88.43
1990-12-13,0.62,0.68,11.19,88.81
1990-12-14,0.62,0.68,9.87,90.13
1990-12-17,0.63,0.68,8.41,91.59
1990-12-18,0.64,0.7,10.39,89.61
1990-12-19,0.63,0.69,8.93,91.07
1990-12-20,0.64,0.68,7.14,92.86
1990-12-21,0.64,0.67,4.95,95.05
1990-12-24,0.64,0.67,5.12,94.88
1990-12-26,0.63,0.67,5.47,94.53
1990-12-27,0.63,0.67,5.82,94.18
1990-12-28,0.63,0.67,5.47,94.53
1990-12-31,0.64,0.67,5.03,94.97
1991-01-02,0.63,0.69,9.12,90.88
1991-01-03,0.64,0.69,8.39,91.61
1991-01-04,0.64,0.71,10.15,89.85
1991-01-07,0.63,0.67,5.56,94.44
1991-01-08,0.62,0.66,5.85,94.15
1991-01-09,0.63,0.64,2.47,97.53
1991-01-10,0.66,0.68,3.37,96.63
1991-01-11,0.66,0.71,7.79,92.21
1991-01-14,0.65,0.71,9.02,90.98
1991-01-15,0.66,0.71,7.27,92.73
1991-01-16,0.7,0.74,6.56,93.44
1991-01-17,0.71,0.75,5.2,94.8
1991-01-18,0.72,0.75,3.66,96.34
1991-01-21,0.76,0.76,0.51,99.49
1991-01-22,0.75,0.76,1.22,98.78
1991-01-23,0.75,0.76,1.08,98.92
1991-01-24,0.77,0.76,0.6,99.4
1991-01-25,0.76,0.76,0.51,99.49
1991-01-28,0.78,0.81,4.05,95.95
1991-01-29,0.78,0.81,3.76,96.24
1991-01-30,0.81,0.82,0.66,99.34
1991-01-31,0.83,0.81,2.18,97.82
1991-02-01,0.84,0.85,0.21,99.79
1991-02-04,0.84,0.85,0.84,99.16
1991-02-05,0.86,1.0,16.61,83.39
1991-02-06,0.9,1.0,11.65,88.35
1991-02-07,0.87,0.92,5.07,94.93
1991-02-08,0.88,0.91,3.92,96.08
1991-02-11,0.88,0.92,3.81,96.19
1991-02-12,0.87,0.9,3.13,96.87
1991-02-13,0.89,0.91,2.44,97.56
1991-02-14,0.85,0.88,3.48,96.52
1991-02-15,0.87,0.88,0.97,99.03
1991-02-19,0.87,0.88,1.71,98.29
1991-02-20,0.87,0.86,0.55,99.45
1991-02-21,0.85,0.86,1.79,98.21
1991-02-22,0.87,0.86,0.45,99.55
1991-02-25,0.87,0.86,1.24,98.76
1991-02-26,0.86,0.86,0.04,99.96
1991-02-27,0.89,0.86,3.29,96.71
1991-02-28,0.88,0.86,1.89,98.11
1991-03-01,0.9,0.86,3.75,96.25
1991-03-04,0.91,0.86,4.87,95.13
1991-03-05,0.94,0.88,7.11,92.89
1991-03-06,0.91,0.86,5.09,94.91
1991-03-07,0.88,0.86,2.13,97.87
1991-03-08,0.87,0.86,0.7,99.3
1991-03-11,0.84,0.85,1.25,98.75
1991-03-12,0.81,0.82,0.84,99.16
1991-03-13,0.85,0.86,1.28,98.72
1991-03-14,0.83,0.85,2.54,97.46
1991-03-15,0.82,0.83,1.95,98.05
1991-03-18,0.84,0.85,1.25,98.75
1991-03-19,0.84,0.83,0.49,99.51
1991-03-20,0.84,0.85,1.5,98.5
1991-03-21,0.8,0.82,1.9,98.1
1991-03-22,0.79,0.77,2.64,97.36
1991-03-25,0.83,0.77,7.1,92.9
1991-03-26,0.89,0.86,3.18,96.82
1991-03-27,0.91,0.86,5.53,94.47
1991-03-28,0.9,0.86,4.09,95.91
1991-04-01,0.9,0.86,4.28,95.72
1991-04-02,0.95,0.9,5.79,94.21
1991-04-03,0.96,0.88,8.35,91.65
1991-04-04,0.96,1.01,5.23,94.77
1991-04-05,0.93,0.99,6.78,93.22
1991-04-08,0.94,0.99,5.47,94.53
1991-04-09,0.93,0.99,6.54,93.46
1991-04-10,0.91,0.98,7.34,92.66
1991-04-11,0.94,1.0,6.82,93.18
1991-04-12,0.91,0.99,9.52,90.48
1991-04-15,0.96,0.99,3.26,96.74
1991-04-16,0.95,0.98,2.8,97.2
1991-04-17,0.94,0.97,3.14,96.86
1991-04-18,0.93,0.99,6.82,93.18
1991-04-19,0.91,0.97,7.22,92.78
1991-04-22,0.86,0.93,7.48,92.52
1991-04-23,0.86,0.88,2.82,97.18
1991-04-24,0.87,0.93,6.57,93.43
1991-04-25,0.85,0.93,8.95,91.05
1991-04-26,0.85,0.92,7.9,92.1
1991-04-29,0.83,0.88,6.89,93.11
1991-04-30,0.84,0.93,10.87,89.13
1991-05-01,0.85,0.81,5.21,94.79
1991-05-02,0.85,0.82,3.93,96.07
1991-05-03,0.86,0.69,19.97,80.03
1991-05-06,0.87,0.77,11.97,88.03
1991-05-07,0.86,0.77,10.66,89.34
1991-05-08,0.87,0.82,6.26,93.74
1991-05-09,0.9,0.85,4.98,95.02
1991-05-10,0.87,0.86,0.94,99.06
1991-05-13,0.87,0.86,1.3,98.7
1991-05-14,0.86,0.85,0.75,99.25
1991-05-15,0.83,0.85,2.54,97.46
1991-05-16,0.84,0.85,1.12,98.88
1991-05-17,0.84,0.86,2.56,97.44
1991-05-20,0.84,0.86,2.69,97.31
1991-05-21,0.86,0.86,0.21,99.79
1991-05-22,0.9,0.86,4.28,95.72
1991-05-23,0.93,0.88,5.41,94.59
1991-05-24,0.93,0.88,5.84,94.16
1991-05-28,0.94,0.88,5.87,94.13
1991-05-29,0.93,0.99,5.93,94.07
1991-05-30,0.93,0.98,4.67,95.33
1991-05-31,0.93,0.99,7.03,92.97
1991-06-03,0.95,0.99,4.88,95.12
1991-06-04,0.96,1.01,5.92,94.08
1991-06-05,0.95,1.08,13.66,86.34
1991-06-06,0.94,1.05,11.97,88.03
1991-06-07,0.93,1.03,10.01,89.99
1991-06-10,0.94,1.03,9.76,90.24
1991-06-11,0.94,1.06,13.01,86.99
1991-06-12,0.94,1.04,10.49,89.51
1991-06-13,0.94,0.99,5.8,94.2
1991-06-14,0.96,1.03,7.58,92.42
1991-06-17,0.96,1.02,6.36,93.64
1991-06-18,0.94,0.99,5.39,94.61
1991-06-19,0.88,0.94,6.94,93.06
1991-06-20,0.85,0.91,6.2,93.8
1991-06-21,0.87,0.88,1.39,98.61
1991-06-24,0.83,0.8,3.96,96.04
1991-06-25,0.84,0.8,4.57,95.43
1991-06-26,0.85,0.88,3.71,96.29
1991-06-27,0.86,0.92,6.58,93.42
1991-06-28,0.86,0.92,6.38,93.62
1991-07-01,0.91,0.96,6.2,93.8
1991-07-02,0.86,0.93,7.41,92.59
1991-07-03,0.81,0.77,4.92,95.08
1991-07-05,0.78,0.73,6.32,93.68
1991-07-08,0.85,0.82,3.93,96.07
1991-07-09,0.86,0.82,5.17,94.83
1991-07-10,0.83,0.85,2.67,97.33
1991-07-11,0.84,0.86,2.43,97.57
1991-07-12,0.86,0.86,0.21,99.79
1991-07-15,0.89,0.86,2.95,97.05
1991-07-16,0.86,0.86,0.53,99.47
1991-07-17,0.86,0.86,0.16,99.84
1991-07-18,0.85,0.86,1.28,98.72
1991-07-19,0.86,0.86,0.16,99.84
1991-07-22,0.86,0.9,5.14,94.86
1991-07-23,0.84,0.9,6.72,93.28
1991-07-24,0.83,0.91,9.68,90.32
1991-07-25,0.84,0.92,9.25,90.75
1991-07-26,0.9,0.86,4.05,95.95
1991-07-29,0.89,0.86,3.47,96.53
1991-07-30,0.92,0.88,4.47,95.53
1991-07-31,0.93,0.88,5.44,94.56
1991-08-01,0.93,0.88,5.73,94.27
1991-08-02,0.93,0.98,5.02,94.98
1991-08-05,0.92,0.99,8.39,91.61
1991-08-06,0.95,0.99,5.11,94.89
1991-08-07,0.96,1.01,4.99,95.01
1991-08-08,1.0,1.01,1.01,98.99
1991-08-09,1.03,1.07,4.65,95.35
1991-08-12,1.05,1.13,7.25,92.75
1991-08-13,1.05,1.12,7.17,92.83
1991-08-14,1.05,1.12,7.17,92.83
1991-08-15,1.03,1.07,3.56,96.44
1991-08-16,1.04,1.12,7.96,92.04
1991-08-19,1.02,1.06,3.67,96.33
1991-08-20,1.02,1.06,3.35,96.65
1991-08-21,1.07,1.07,0.48,99.52
1991-08-22,1.07,1.07,0.48,99.52
1991-08-23,1.08,1.12,3.53,96.47
1991-08-26,1.08,1.07,0.88,99.12
1991-08-27,1.08,1.11,3.04,96.96
1991-08-28,1.09,1.11,1.98,98.02
1991-08-29,1.09,1.09,0.1,99.9
1991-08-30,1.08,1.07,0.93,99.07
1991-09-03,1.06,1.05,0.97,99.03
1991-09-04,1.05,1.05,0.37,99.63
1991-09-05,1.02,1.03,1.18,98.82
1991-09-06,1.03,1.03,0.87,99.13
1991-09-09,1.03,1.05,1.94,98.06
1991-09-10,1.02,1.05,2.9,97.1
1991-09-11,1.04,0.95,8.72,91.28
1991-09-12,1.09,0.99,8.51,91.49
1991-09-13,1.05,0.98,6.66,93.34
1991-09-16,1.05,0.98,6.66,93.34
1991-09-17,1.07,0.99,7.29,92.71
1991-09-18,1.08,0.99,7.57,92.43
1991-09-19,1.1,0.99,9.17,90.83
1991-09-20,1.1,0.99,9.44,90.56
1991-09-23,1.08,0.99,7.7,92.3
1991-09-24,1.12,1.18,5.48,94.52
1991-09-25,1.11,1.18,6.3,93.7
1991-09-26,1.13,1.2,6.01,93.99
1991-09-27,1.12,1.18,5.7,94.3
1991-09-30,1.13,1.2,6.31,93.69
1991-10-01,1.13,1.23,9.43,90.57
1991-10-02,1.1,1.19,7.75,92.25
1991-10-03,1.11,1.23,10.63,89.37
1991-10-04,1.12,1.18,5.85,94.15
1991-10-07,1.12,1.23,9.38,90.62
1991-10-08,1.13,1.23,8.47,91.53
1991-10-09,1.14,1.22,7.13,92.87
1991-10-10,1.14,1.17,2.39,97.61
1991-10-11,1.14,1.18,4.07,95.93
1991-10-14,1.17,1.18,1.11,98.89
1991-10-15,1.16,1.18,1.59,98.41
1991-10-16,1.15,1.14,1.14,98.86
1991-10-17,1.13,1.14,0.57,99.43
1991-10-18,1.14,1.14,0.27,99.73
1991-10-21,1.16,1.14,1.41,98.59
1991-10-22,1.16,1.18,2.08,97.92
1991-10-23,1.15,1.17,1.83,98.17
1991-10-24,1.15,1.17,1.83,98.17
1991-10-25,1.14,1.19,4.74,95.26
1991-10-28,1.15,1.19,3.87,96.13
1991-10-29,1.15,1.19,3.29,96.71
1991-10-30,1.2,1.23,2.92,97.08
1991-10-31,1.19,1.23,3.12,96.88
1991-11-01,1.18,1.19,1.2,98.8
1991-11-04,1.16,1.19,3.01,96.99
1991-11-05,1.19,1.19,0.06,99.94
1991-11-06,1.21,1.23,2.11,97.89
1991-11-07,1.2,1.23,2.17,97.83
1991-11-08,1.21,1.23,1.63,98.37
1991-11-11,1.24,1.23,0.25,99.75
1991-11-12,1.27,1.25,1.13,98.87
1991-11-13,1.28,1.25,2.23,97.77
1991-11-14,1.26,1.25,0.66,99.34
1991-11-15,1.21,1.17,2.76,97.24
1991-11-18,1.23,1.3,5.55,94.45
1991-11-19,1.22,1.28,4.43,95.57
1991-11-20,1.23,1.28,4.16,95.84
1991-11-21,1.23,1.3,5.55,94.45
1991-11-22,1.22,1.3,6.93,93.07
1991-11-25,1.21,1.33,9.27,90.73
1991-11-26,1.2,1.19,0.81,99.19
1991-11-27,1.21,1.19,1.59,98.41
1991-11-29,1.23,1.33,7.45,92.55
1991-12-02,1.29,1.33,3.16,96.84
1991-12-03,1.29,1.33,3.07,96.93
1991-12-04,1.3,1.33,2.44,97.56
1991-12-05,1.29,1.33,2.65,97.35
1991-12-06,1.32,1.39,5.03,94.97
1991-12-09,1.3,1.37,5.45,94.55
1991-12-10,1.29,1.37,6.15,93.85
1991-12-11,1.28,1.35,5.84,94.16
1991-12-12,1.3,1.37,5.45,94.55
1991-12-13,1.3,1.37,5.89,94.11
1991-12-16,1.3,1.37,5.76,94.24
1991-12-17,1.29,1.39,7.48,92.52
1991-12-18,1.31,1.39,6.44,93.56
1991-12-19,1.3,1.37,5.12,94.88
1991-12-20,1.31,1.35,3.27,96.73
1991-12-23,1.36,1.37,1.18,98.82
1991-12-24,1.35,1.37,1.23,98.77
1991-12-26,1.37,1.37,0.12,99.88
1991-12-27,1.4,1.37,2.14,97.86
1991-12-30,1.41,1.43,1.72,98.28
1991-12-31,1.41,1.45,2.85,97.15
1992-01-02,1.45,1.49,2.82,97.18
1992-01-03,1.43,1.45,1.39,98.61
1992-01-06,1.48,1.45,1.66,98.34
1992-01-07,1.52,1.68,10.14,89.86
1992-01-08,1.58,1.68,6.37,93.63
1992-01-09,1.62,1.68,3.87,96.13
1992-01-10,1.59,1.64,3.41,96.59
1992-01-13,1.61,1.64,1.89,98.11
1992-01-14,1.63,1.64,0.99,99.01
1992-01-15,1.67,1.68,0.51,99.49
1992-01-16,1.62,1.59,1.76,98.24
1992-01-17,1.61,1.58,1.62,98.38
1992-01-20,1.56,1.56,0.38,99.62
1992-01-21,1.52,1.54,1.85,98.15
1992-01-22,1.59,1.58,0.89,99.11
1992-01-23,1.59,1.58,0.49,99.51
1992-01-24,1.58,1.59,0.21,99.79
1992-01-27,1.53,1.56,1.76,98.24
1992-01-28,1.53,1.55,0.94,99.06
1992-01-29,1.58,1.55,2.1,97.9
1992-01-30,1.57,1.56,0.61,99.39
1992-01-31,1.53,1.51,0.83,99.17
1992-02-03,1.59,1.55,2.5,97.5
1992-02-04,1.58,1.51,4.21,95.79
1992-02-05,1.62,1.56,3.54,96.46
1992-02-06,1.6,1.56,2.78,97.22
1992-02-07,1.6,1.56,2.39,97.61
1992-02-10,1.58,1.56,1.44,98.56
1992-02-11,1.56,1.55,0.51,99.49
1992-02-12,1.6,1.63,1.93,98.07
1992-02-13,1.56,1.55,0.51,99.49
1992-02-14,1.5,1.55,2.85,97.15
1992-02-18,1.5,1.55,3.07,96.93
1992-02-19,1.46,1.5,2.42,97.58
1992-02-20,1.49,1.51,1.49,98.51
1992-02-21,1.45,1.52,4.51,95.49
1992-02-24,1.46,1.43,2.12,97.88
1992-02-25,1.47,1.48,0.64,99.36
1992-02-26,1.55,1.51,2.35,97.65
1992-02-27,1.59,1.54,2.85,97.15
1992-02-28,1.57,1.55,1.31,98.69
1992-03-02,1.56,1.56,0.21,99.79
1992-03-03,1.56,1.56,0.41,99.59
1992-03-04,1.56,1.55,0.51,99.49
1992-03-05,1.54,1.56,1.23,98.77
1992-03-06,1.5,1.56,3.8,96.2
1992-03-09,1.51,1.56,3.15,96.85
1992-03-10,1.55,1.59,2.57,97.43
1992-03-11,1.53,1.56,2.08,97.92
1992-03-12,1.54,1.6,3.87,96.13
1992-03-13,1.54,1.59,3.21,96.79
1992-03-16,1.58,1.6,1.62,98.38
1992-03-17,1.63,1.59,2.43,97.57
1992-03-18,1.6,1.56,2.87,97.13
1992-03-19,1.62,1.57,3.14,96.86
1992-03-20,1.63,1.65,1.42,98.58
1992-03-23,1.63,1.65,1.42,98.58
1992-03-24,1.62,1.65,2.21,97.79
1992-03-25,1.63,1.67,2.49,97.51
1992-03-26,1.59,1.67,5.0,95.0
1992-03-27,1.54,1.63,5.72,94.28
1992-03-30,1.52,1.62,6.1,93.9
1992-03-31,1.5,1.62,7.44,92.56
1992-04-01,1.53,1.56,1.86,98.14
1992-04-02,1.49,1.55,4.17,95.83
1992-04-03,1.49,1.51,1.49,98.51
1992-04-06,1.54,1.51,1.64,98.36
1992-04-07,1.47,1.45,1.84,98.16
1992-04-08,1.49,1.45,2.89,97.11
1992-04-09,1.52,1.51,0.62,99.38
1992-04-10,1.47,1.43,3.07,96.93
1992-04-13,1.49,1.5,0.28,99.72
1992-04-14,1.49,1.48,0.44,99.56
1992-04-15,1.64,1.56,4.76,95.24
1992-04-16,1.62,1.51,6.97,93.03
1992-04-20,1.5,1.51,0.54,99.46
1992-04-21,1.47,1.49,1.05,98.95
1992-04-22,1.49,1.48,0.98,99.02
1992-04-23,1.47,1.49,1.37,98.63
1992-04-24,1.43,1.46,2.09,97.91
1992-04-27,1.44,1.44,0.03,99.97
1992-04-28,1.38,1.49,7.58,92.42
1992-04-29,1.41,1.46,2.89,97.11
1992-04-30,1.4,1.42,1.56,98.44
1992-05-01,1.44,1.47,1.51,98.49
1992-05-04,1.45,1.46,0.52,99.48
1992-05-05,1.48,1.52,2.53,97.47
1992-05-06,1.47,1.43,3.07,96.93
1992-05-07,1.46,1.43,2.23,97.77
1992-05-08,1.45,1.51,3.56,96.44
1992-05-11,1.45,1.51,4.01,95.99
1992-05-12,1.45,1.49,2.64,97.36
1992-05-13,1.43,1.51,5.17,94.83
1992-05-14,1.41,1.51,7.07,92.93
1992-05-15,1.4,1.49,6.6,93.4
1992-05-18,1.43,1.54,7.83,92.17
1992-05-19,1.45,1.52,4.28,95.72
1992-05-20,1.48,1.56,5.32,94.68
1992-05-21,1.48,1.52,2.38,97.62
1992-05-22,1.47,1.52,3.19,96.81
1992-05-26,1.47,1.51,2.66,97.34
1992-05-27,1.46,1.51,3.11,96.89
1992-05-28,1.51,1.54,2.17,97.83
1992-05-29,1.54,1.56,1.62,98.38
1992-06-01,1.58,1.58,0.04,99.96
1992-06-02,1.56,1.56,0.07,99.93
1992-06-03,1.56,1.58,1.06,98.94
1992-06-04,1.56,1.59,2.35,97.65
1992-06-05,1.54,1.58,2.85,97.15
1992-06-08,1.5,1.54,2.82,97.18
1992-06-09,1.46,1.52,3.86,96.14
1992-06-10,1.43,1.47,3.07,96.93
1992-06-11,1.37,1.46,6.71,93.29
1992-06-12,1.43,1.51,5.4,94.6
1992-06-15,1.44,1.46,0.86,99.14
1992-06-16,1.39,1.44,3.81,96.19
1992-06-17,1.38,1.41,2.49,97.51
1992-06-18,1.38,1.43,3.75,96.25
1992-06-19,1.4,1.39,0.74,99.26
1992-06-22,1.41,1.43,0.95,99.05
1992-06-23,1.4,1.42,1.49,98.51
1992-06-24,1.38,1.42,3.24,96.76
1992-06-25,1.33,1.39,4.22,95.78
1992-06-26,1.27,1.38,8.55,91.45
1992-06-29,1.38,1.44,4.53,95.47
1992-06-30,1.33,1.42,6.64,93.36
1992-07-01,1.37,1.47,6.73,93.27
1992-07-02,1.33,1.42,6.83,93.17
1992-07-06,1.32,1.23,6.93,93.07
1992-07-07,1.3,1.28,0.98,99.02
1992-07-08,1.31,1.3,0.61,99.39
1992-07-09,1.31,1.32,0.12,99.88
1992-07-10,1.32,1.3,1.86,98.14
1992-07-13,1.33,1.29,3.42,96.58
1992-07-14,1.35,1.32,2.87,97.13
1992-07-15,1.36,1.33,2.57,97.43
1992-07-16,1.38,1.33,3.58,96.42
1992-07-17,1.34,1.33,0.88,99.12
1992-07-20,1.32,1.28,2.77,97.23
1992-07-21,1.37,1.33,2.91,97.09
1992-07-22,1.33,1.32,1.31,98.69
1992-07-23,1.35,1.33,1.89,98.11
1992-07-24,1.39,1.35,2.29,97.71
1992-07-27,1.39,1.37,1.36,98.64
1992-07-28,1.41,1.37,2.69,97.31
1992-07-29,1.41,1.37,2.69,97.31
1992-07-30,1.39,1.35,2.79,97.21
1992-07-31,1.39,1.36,1.84,98.16
1992-08-03,1.4,1.33,5.58,94.42
1992-08-04,1.41,1.33,5.74,94.26
1992-08-05,1.37,1.33,3.25,96.75
1992-08-06,1.36,1.33,2.57,97.43
1992-08-07,1.35,1.33,1.54,98.46
1992-08-10,1.35,1.32,2.53,97.47
1992-08-11,1.36,1.33,2.44,97.56
1992-08-12,1.35,1.33,1.89,98.11
1992-08-13,1.35,1.28,5.0,95.0
1992-08-14,1.35,1.28,5.16,94.84
1992-08-17,1.32,1.15,13.04,86.96
1992-08-18,1.32,1.15,13.04,86.96
1992-08-19,1.32,1.19,9.76,90.24
1992-08-20,1.34,1.28,4.32,95.68
1992-08-21,1.33,1.2,9.7,90.3
1992-08-24,1.31,1.15,12.41,87.59
1992-08-25,1.34,1.28,4.32,95.68
1992-08-26,1.36,1.33,2.74,97.26
1992-08-27,1.4,1.37,2.61,97.39
1992-08-28,1.42,1.37,3.18,96.82
1992-08-31,1.42,1.37,3.75,96.25
1992-09-01,1.42,1.37,3.35,96.65
1992-09-02,1.44,1.37,4.47,95.53
1992-09-03,1.46,1.39,4.73,95.27
1992-09-04,1.45,1.4,3.02,96.98
1992-09-08,1.46,1.4,3.97,96.03
1992-09-09,1.49,1.64,10.39,89.61
1992-09-10,1.5,1.64,9.17,90.83
1992-09-11,1.5,1.65,10.16,89.84
1992-09-14,1.56,1.68,7.78,92.22
1992-09-15,1.55,1.64,6.27,93.73
1992-09-16,1.53,1.62,5.84,94.16
1992-09-17,1.55,1.59,3.22,96.78
1992-09-18,1.52,1.57,3.46,96.54
1992-09-21,1.51,1.56,3.6,96.4
1992-09-22,1.48,1.54,4.25,95.75
1992-09-23,1.51,1.54,2.44,97.56
1992-09-24,1.53,1.54,1.0,99.0
1992-09-25,1.5,1.52,1.08,98.92
1992-09-28,1.47,1.52,3.41,96.59
1992-09-29,1.5,1.52,1.12,98.88
1992-09-30,1.53,1.52,1.08,98.92
1992-10-01,1.52,1.52,0.01,99.99
1992-10-02,1.5,1.47,1.84,98.16
1992-10-05,1.56,1.54,1.06,98.94
1992-10-06,1.57,1.54,1.96,98.04
1992-10-07,1.55,1.54,0.3,99.7
1992-10-08,1.59,1.54,3.03,96.97
1992-10-09,1.57,1.54,1.85,98.15
1992-10-12,1.6,1.58,1.13,98.87
1992-10-13,1.6,1.59,1.18,98.82
1992-10-14,1.59,1.56,2.03,97.97
1992-10-15,1.61,1.6,0.74,99.26
1992-10-16,1.63,1.66,2.25,97.75
1992-10-19,1.67,1.73,3.58,96.42
1992-10-20,1.67,1.73,3.21,96.79
1992-10-21,1.71,1.73,1.14,98.86
1992-10-22,1.71,1.78,3.86,96.14
1992-10-23,1.69,1.73,2.34,97.66
1992-10-26,1.71,1.73,1.03,98.97
1992-10-27,1.68,1.71,2.31,97.69
1992-10-28,1.69,1.67,0.79,99.21
1992-10-29,1.71,1.73,1.14,98.86
1992-10-30,1.69,1.67,1.41,98.59
1992-11-02,1.71,1.67,2.04,97.96
1992-11-03,1.68,1.67,0.85,99.15
1992-11-04,1.69,1.65,1.83,98.17
1992-11-05,1.75,1.67,4.43,95.57
1992-11-06,1.77,1.67,5.66,94.34
1992-11-09,1.75,1.75,0.24,99.76
1992-11-10,1.77,1.73,2.4,97.6
1992-11-11,1.79,1.75,1.76,98.24
1992-11-12,1.78,1.77,0.84,99.16
1992-11-13,1.78,1.75,1.24,98.76
1992-11-16,1.77,1.77,0.29,99.71
1992-11-17,1.71,1.73,0.75,99.25
1992-11-18,1.75,1.73,1.47,98.53
1992-11-19,1.79,1.77,1.37,98.63
1992-11-20,1.81,1.77,2.4,97.6
1992-11-23,1.69,1.73,2.45,97.55
1992-11-24,1.74,1.73,0.94,99.06
1992-11-25,1.74,1.73,0.5,99.5
1992-11-27,1.75,1.68,4.07,95.93
1992-11-30,1.77,1.73,2.63,97.37
1992-12-01,1.77,1.73,2.63,97.37
1992-12-02,1.73,1.72,0.72,99.28
1992-12-03,1.75,1.72,1.67,98.33
1992-12-04,1.75,1.72,1.81,98.19
1992-12-07,1.78,1.73,2.89,97.11
1992-12-08,1.76,1.73,1.98,98.02
1992-12-09,1.75,1.73,1.44,98.56
1992-12-10,1.7,1.68,0.74,99.26
1992-12-11,1.65,1.61,1.88,98.12
1992-12-14,1.66,1.72,3.41,96.59
1992-12-15,1.65,1.67,1.25,98.75
1992-12-16,1.66,1.68,1.55,98.45
1992-12-17,1.71,1.72,0.1,99.9
1992-12-18,1.71,1.68,1.84,98.16
1992-12-21,1.72,1.7,1.42,98.58
1992-12-22,1.67,1.7,1.67,98.33
1992-12-23,1.66,1.68,1.26,98.74
1992-12-24,1.66,1.68,1.26,98.74
1992-12-28,1.67,1.61,3.14,96.86
1992-12-29,1.65,1.61,2.02,97.98
1992-12-30,1.64,1.61,1.31,98.69
1992-12-31,1.63,1.68,3.48,96.52
1993-01-04,1.62,1.62,0.29,99.71
1993-01-05,1.65,1.63,1.21,98.79
1993-01-06,1.7,1.66,2.02,97.98
1993-01-07,1.66,1.63,2.06,97.94
1993-01-08,1.66,1.58,4.59,95.41
1993-01-11,1.7,1.62,4.77,95.23
1993-01-12,1.71,1.73,1.03,98.97
1993-01-13,1.74,1.77,1.61,98.39
1993-01-14,1.74,1.77,1.61,98.39
1993-01-15,1.71,1.73,1.0,99.0
1993-01-18,1.7,1.73,1.56,98.44
1993-01-19,1.68,1.73,2.57,97.43
1993-01-20,1.68,1.74,3.16,96.84
1993-01-21,1.7,1.77,3.59,96.41
1993-01-22,1.7,1.77,3.74,96.26
1993-01-25,1.69,1.73,2.42,97.58
1993-01-26,1.68,1.72,2.38,97.62
1993-01-27,1.64,1.72,4.46,95.54
1993-01-28,1.66,1.73,4.22,95.78
1993-01-29,1.65,1.68,2.13,97.87
1993-02-01,1.67,1.68,0.97,99.03
1993-02-02,1.7,1.68,0.74,99.26
1993-02-03,1.68,1.68,0.03,99.97
1993-02-04,1.62,1.51,6.43,93.57
1993-02-05,1.7,1.63,3.98,96.02
1993-02-08,1.63,1.62,1.02,98.98
1993-02-09,1.6,1.58,0.89,99.11
1993-02-10,1.63,1.58,2.77,97.23
1993-02-11,1.62,1.58,2.49,97.51
1993-02-12,1.59,1.58,0.59,99.41
1993-02-16,1.53,1.57,2.63,97.37
1993-02-17,1.53,1.58,3.59,96.41
1993-02-18,1.55,1.58,1.84,98.16
1993-02-19,1.52,1.58,4.24,95.76
1993-02-22,1.46,1.51,3.63,96.37
1993-02-23,1.51,1.57,3.44,96.56
1993-02-24,1.6,1.62,1.2,98.8
1993-02-25,1.61,1.63,1.28,98.72
1993-02-26,1.59,1.58,0.3,99.7
1993-03-01,1.55,1.6,3.07,96.93
1993-03-02,1.61,1.63,0.98,99.02
1993-03-03,1.61,1.63,0.83,99.17
1993-03-04,1.6,1.62,1.35,98.65
1993-03-05,1.58,1.63,3.27,96.73
1993-03-08,1.59,1.63,2.15,97.85
1993-03-09,1.6,1.63,1.4,98.6
1993-03-10,1.62,1.63,0.5,99.5
1993-03-11,1.65,1.67,1.16,98.84
1993-03-12,1.7,1.73,2.27,97.73
1993-03-15,1.67,1.71,2.75,97.25
1993-03-16,1.67,1.65,0.99,99.01
1993-03-17,1.63,1.63,0.09,99.91
1993-03-18,1.62,1.63,0.24,99.76
1993-03-19,1.6,1.63,1.4,98.6
1993-03-22,1.59,1.62,1.8,98.2
1993-03-23,1.58,1.62,2.11,97.89
1993-03-24,1.64,1.63,0.95,99.05
1993-03-25,1.66,1.67,0.14,99.86
1993-03-26,1.65,1.63,1.38,98.62
1993-03-29,1.66,1.63,1.81,98.19
1993-03-30,1.73,1.67,3.85,96.15
1993-03-31,1.76,1.67,5.41,94.59
1993-04-01,1.77,1.65,6.58,93.42
1993-04-02,1.71,1.63,4.78,95.22
1993-04-05,1.74,1.63,6.64,93.36
1993-04-06,1.71,1.65,3.2,96.8
1993-04-07,1.72,1.75,2.05,97.95
1993-04-08,1.7,1.75,3.48,96.52
1993-04-12,1.72,1.77,2.88,97.12
1993-04-13,1.69,1.75,3.63,96.37
1993-04-14,1.7,1.73,1.85,98.15
1993-04-15,1.66,1.73,4.07,95.93
1993-04-16,1.66,1.73,4.22,95.78
1993-04-19,1.66,1.73,4.22,95.78
1993-04-20,1.65,1.58,4.17,95.83
1993-04-21,1.62,1.48,8.66,91.34
1993-04-22,1.59,1.43,9.94,90.06
1993-04-23,1.55,1.43,7.86,92.14
1993-04-26,1.53,1.43,6.71,93.29
1993-04-27,1.57,1.48,6.03,93.97
1993-04-28,1.64,1.58,3.34,96.66
1993-04-29,1.63,1.58,2.77,97.23
1993-04-30,1.63,1.58,2.77,97.23
1993-05-03,1.64,1.59,3.16,96.84
1993-05-04,1.68,1.62,3.55,96.45
1993-05-05,1.7,1.63,4.28,95.72
1993-05-06,1.66,1.63,2.06,97.94
1993-05-07,1.66,1.63,1.78,98.22
1993-05-10,1.7,1.63,4.12,95.88
1993-05-11,1.67,1.63,2.65,97.35
1993-05-12,1.64,1.63,0.95,99.05
1993-05-13,1.63,1.65,1.32,98.68
1993-05-14,1.63,1.67,2.34,97.66
1993-05-17,1.65,1.65,0.44,99.56
1993-05-18,1.69,1.63,3.47,96.53
1993-05-19,1.76,1.67,5.08,94.92
1993-05-20,1.79,1.71,4.35,95.65
1993-05-21,1.76,1.77,0.23,99.77
1993-05-24,1.75,1.75,0.03,99.97
1993-05-25,1.74,1.73,0.63,99.37
1993-05-26,1.81,1.77,2.34,97.66
1993-05-27,1.79,1.77,1.5,98.5
1993-05-28,1.76,1.73,2.14,97.86
1993-06-01,1.83,1.77,3.36,96.64
1993-06-02,1.82,1.81,0.52,99.48
1993-06-03,1.8,1.78,1.02,98.98
1993-06-04,1.79,1.77,1.05,98.95
1993-06-07,1.78,1.77,0.57,99.43
1993-06-08,1.76,1.73,1.74,98.26
1993-06-09,1.73,1.72,1.0,99.0
1993-06-10,1.74,1.7,2.09,97.91
1993-06-11,1.7,1.7,0.18,99.82
1993-06-14,1.76,1.73,1.71,98.29
1993-06-15,1.76,1.73,1.98,98.02
1993-06-16,1.74,1.68,3.18,96.82
1993-06-17,1.73,1.68,2.78,97.22
1993-06-18,1.67,1.68,0.97,99.03
1993-06-21,1.69,1.61,4.78,95.22
1993-06-22,1.68,1.59,5.36,94.64
1993-06-23,1.69,1.61,4.37,95.63
1993-06-24,1.69,1.61,4.24,95.76
1993-06-25,1.69,1.67,1.18,98.82
1993-06-28,1.72,1.72,0.17,99.83
1993-06-29,1.7,1.72,1.23,98.77
1993-06-30,1.68,1.68,0.39,99.61
1993-07-01,1.66,1.7,2.4,97.6
1993-07-02,1.66,1.61,2.87,97.13
1993-07-06,1.64,1.59,3.16,96.84
1993-07-07,1.59,1.53,3.81,96.19
1993-07-08,1.62,1.61,0.15,99.85
1993-07-09,1.61,1.58,1.77,98.23
1993-07-12,1.6,1.51,5.03,94.97
1993-07-13,1.58,1.51,3.89,96.11
1993-07-14,1.6,1.57,2.39,97.61
1993-07-15,1.59,1.54,2.86,97.14
1993-07-16,1.55,1.51,2.41,97.59
1993-07-19,1.5,1.43,4.79,95.21
1993-07-20,1.53,1.51,1.65,98.35
1993-07-21,1.5,1.48,1.86,98.14
1993-07-22,1.48,1.48,0.12,99.88
1993-07-23,1.48,1.42,4.18,95.82
1993-07-26,1.49,1.46,2.22,97.78
1993-07-27,1.44,1.39,3.46,96.54
1993-07-28,1.49,1.43,4.37,95.63
1993-07-29,1.5,1.46,2.72,97.28
1993-07-30,1.41,1.4,1.01,98.99
1993-08-02,1.39,1.38,0.61,99.39
1993-08-03,1.39,1.34,3.7,96.3
1993-08-04,1.39,1.37,1.45,98.55
1993-08-05,1.42,1.42,0.14,99.86
1993-08-06,1.4,1.42,1.91,98.09
1993-08-09,1.39,1.43,2.68,97.32
1993-08-10,1.35,1.43,5.57,94.43
1993-08-11,1.38,1.47,6.81,93.19
1993-08-12,1.41,1.49,5.64,94.36
1993-08-13,1.43,1.51,5.05,94.95
1993-08-16,1.48,1.52,2.42,97.58
1993-08-17,1.47,1.52,3.08,96.92
1993-08-18,1.47,1.51,2.33,97.67
1993-08-19,1.41,1.52,7.24,92.76
1993-08-20,1.45,1.54,6.3,93.7
1993-08-23,1.47,1.54,5.27,94.73
1993-08-24,1.45,1.52,4.91,95.09
1993-08-25,1.41,1.52,7.24,92.76
1993-08-26,1.37,1.32,4.22,95.78
1993-08-27,1.37,1.32,3.88,96.12
1993-08-30,1.38,1.33,4.08,95.92
1993-08-31,1.43,1.52,5.96,94.04
1993-09-01,1.46,1.52,3.71,96.29
1993-09-02,1.46,1.52,3.92,96.08
1993-09-03,1.44,1.51,4.36,95.64
1993-09-07,1.42,1.51,5.75,94.25
1993-09-08,1.42,1.49,4.93,95.07
1993-09-09,1.45,1.52,4.39,95.61
1993-09-10,1.49,1.52,2.09,97.91
1993-09-13,1.45,1.52,4.26,95.74
1993-09-14,1.43,1.52,5.82,94.18
1993-09-15,1.46,1.52,4.05,95.95
1993-09-16,1.45,1.54,6.65,93.35
1993-09-17,1.45,1.56,7.46,92.54
1993-09-20,1.44,1.54,7.18,92.82
1993-09-21,1.45,1.52,4.78,95.22
1993-09-22,1.47,1.52,3.08,96.92
1993-09-23,1.5,1.52,1.08,98.92
1993-09-24,1.52,1.56,2.09,97.91
1993-09-27,1.57,1.58,0.87,99.13
1993-09-28,1.6,1.58,1.23,98.77
1993-09-29,1.58,1.56,1.24,98.76
1993-09-30,1.57,1.56,1.0,99.0
1993-10-01,1.56,1.56,0.03,99.97
1993-10-04,1.57,1.58,0.41,99.59
1993-10-05,1.59,1.58,0.34,99.66
1993-10-06,1.62,1.68,4.21,95.79
1993-10-07,1.6,1.66,3.89,96.11
1993-10-08,1.61,1.71,6.03,93.97
1993-10-11,1.6,1.66,4.04,95.96
1993-10-12,1.6,1.66,3.74,96.26
1993-10-13,1.59,1.6,1.11,98.89
1993-10-14,1.56,1.56,0.39,99.61
1993-10-15,1.54,1.55,0.62,99.38
1993-10-18,1.58,1.55,2.1,97.9
1993-10-19,1.53,1.51,0.93,99.07
1993-10-20,1.54,1.55,0.31,99.69
1993-10-21,1.51,1.53,1.1,98.9
1993-10-22,1.53,1.53,0.0,100.0
1993-10-25,1.53,1.52,0.9,99.1
1993-10-26,1.51,1.45,4.52,95.48
1993-10-27,1.52,1.51,0.46,99.54
1993-10-28,1.5,1.45,3.91,96.09
1993-10-29,1.53,1.51,0.77,99.23
1993-11-01,1.54,1.51,1.7,98.3
1993-11-02,1.53,1.51,0.93,99.07
1993-11-03,1.5,1.51,1.28,98.72
1993-11-04,1.46,1.5,2.68,97.32
1993-11-05,1.5,1.5,0.25,99.75
1993-11-08,1.5,1.53,2.3,97.7
1993-11-09,1.49,1.5,0.39,99.61
1993-11-10,1.55,1.54,0.64,99.36
1993-11-11,1.55,1.54,0.91,99.09
1993-11-12,1.56,1.54,1.22,98.78
1993-11-15,1.53,1.54,0.47,99.53
1993-11-16,1.57,1.54,1.7,98.3
1993-11-17,1.54,1.56,1.34,98.66
1993-11-18,1.53,1.54,0.79,99.21
1993-11-19,1.53,1.54,0.94,99.06
1993-11-22,1.47,1.5,2.37,97.63
1993-11-23,1.47,1.53,3.78,96.22
1993-11-24,1.5,1.54,2.67,97.33
1993-11-26,1.5,1.54,2.38,97.62
1993-11-29,1.51,1.54,1.74,98.26
1993-11-30,1.52,1.54,1.1,98.9
1993-12-01,1.55,1.54,0.76,99.24
1993-12-02,1.58,1.54,2.41,97.59
1993-12-03,1.63,1.59,2.91,97.09
1993-12-06,1.62,1.59,1.91,98.09
1993-12-07,1.63,1.59,2.62,97.38
1993-12-08,1.59,1.56,2.03,97.97
1993-12-09,1.55,1.56,0.87,99.13
1993-12-10,1.56,1.56,0.05,99.95
1993-12-13,1.55,1.6,3.07,96.93
1993-12-14,1.52,1.56,2.25,97.75
1993-12-15,1.52,1.56,2.61,97.39
1993-12-16,1.52,1.56,2.29,97.71
1993-12-17,1.53,1.56,1.65,98.35
1993-12-20,1.56,1.56,0.24,99.76
1993-12-21,1.57,1.56,0.81,99.19
1993-12-22,1.55,1.55,0.16,99.84
1993-12-23,1.54,1.45,6.14,93.86
1993-12-27,1.53,1.45,5.7,94.3
1993-12-28,1.58,1.51,3.92,96.08
1993-12-29,1.55,1.53,1.38,98.62
1993-12-30,1.55,1.56,0.72,99.28
1993-12-31,1.54,1.55,0.78,99.22
1994-01-03,1.53,1.55,1.41,98.59
1994-01-04,1.53,1.56,1.65,98.35
1994-01-05,1.57,1.59,1.22,98.78
1994-01-06,1.61,1.6,0.53,99.47
1994-01-07,1.62,1.6,1.26,98.74
1994-01-10,1.63,1.67,2.04,97.96
1994-01-11,1.62,1.65,1.91,98.09
1994-01-12,1.63,1.67,2.69,97.31
1994-01-13,1.63,1.68,3.59,96.41
1994-01-14,1.63,1.72,5.72,94.28
1994-01-17,1.61,1.65,2.51,97.49
1994-01-18,1.61,1.67,3.75,96.25
1994-01-19,1.59,1.65,4.36,95.64
1994-01-20,1.64,1.72,4.96,95.04
1994-01-21,1.64,1.73,5.53,94.47
1994-01-24,1.62,1.67,2.99,97.01
1994-01-25,1.62,1.65,2.06,97.94
1994-01-26,1.6,1.63,1.43,98.57
1994-01-27,1.6,1.62,0.74,99.26
1994-01-28,1.62,1.62,0.0,100.0
1994-01-31,1.62,1.63,0.39,99.61
1994-02-01,1.62,1.63,0.39,99.61
1994-02-02,1.6,1.6,0.0,100.0
1994-02-03,1.61,1.62,0.45,99.55
1994-02-04,1.55,1.58,2.31,97.69
1994-02-07,1.54,1.57,1.84,98.16
1994-02-08,1.5,1.54,3.0,97.0
1994-02-09,1.52,1.43,5.84,94.16
1994-02-10,1.51,1.43,5.54,94.46
1994-02-11,1.5,1.43,4.79,95.21
1994-02-14,1.51,1.36,9.82,90.18
1994-02-15,1.52,1.45,4.82,95.18
1994-02-16,1.5,1.44,4.07,95.93
1994-02-17,1.5,1.36,9.25,90.75
1994-02-18,1.52,1.45,5.11,94.89
1994-02-22,1.51,1.44,4.98,95.02
1994-02-23,1.54,1.51,1.85,98.15
1994-02-24,1.52,1.5,1.58,98.42
1994-02-25,1.54,1.56,1.03,98.97
1994-02-28,1.57,1.56,0.85,99.15
1994-03-01,1.59,1.62,1.88,98.12
1994-03-02,1.58,1.6,1.36,98.64
1994-03-03,1.54,1.56,0.99,99.01
1994-03-04,1.54,1.57,1.64,98.36
1994-03-07,1.55,1.56,0.68,99.32
1994-03-08,1.54,1.56,1.03,98.97
1994-03-09,1.54,1.59,2.94,97.06
1994-03-10,1.54,1.59,2.94,97.06
1994-03-11,1.56,1.56,0.06,99.94
1994-03-14,1.6,1.6,0.36,99.64
1994-03-15,1.62,1.6,0.82,99.18
1994-03-16,1.61,1.66,3.01,96.99
1994-03-17,1.61,1.67,3.91,96.09
1994-03-18,1.61,1.67,3.24,96.76
1994-03-21,1.59,1.63,2.65,97.35
1994-03-22,1.61,1.65,2.51,97.49
1994-03-23,1.64,1.73,5.53,94.47
1994-03-24,1.66,1.78,6.84,93.16
1994-03-25,1.67,1.78,6.53,93.47
1994-03-28,1.65,1.73,5.27,94.73
1994-03-29,1.57,1.63,3.58,96.42
1994-03-30,1.59,1.63,2.15,97.85
1994-03-31,1.61,1.63,0.8,99.2
1994-04-04,1.61,1.63,1.13,98.87
1994-04-05,1.67,1.63,2.65,97.35
1994-04-06,1.7,1.65,2.38,97.62
1994-04-07,1.71,1.67,2.51,97.49
1994-04-08,1.66,1.63,1.78,98.22
1994-04-11,1.66,1.66,0.23,99.77
1994-04-12,1.61,1.63,0.83,99.17
1994-04-13,1.62,1.62,0.0,100.0
1994-04-14,1.6,1.6,0.15,99.85
1994-04-15,1.62,1.62,0.0,100.0
1994-04-18,1.58,1.6,1.21,98.79
1994-04-19,1.68,1.65,1.41,98.59
1994-04-20,1.7,1.67,2.23,97.77
1994-04-21,1.74,1.67,4.37,95.63
1994-04-22,1.75,1.67,4.3,95.7
1994-04-25,1.79,1.67,6.67,93.33
1994-04-26,1.81,1.77,2.34,97.66
1994-04-28,1.75,1.73,1.58,98.42
1994-04-29,1.76,1.75,0.44,99.56
1994-05-02,1.82,1.77,2.6,97.4
1994-05-03,1.78,1.77,0.52,99.48
1994-05-04,1.81,1.81,0.13,99.87
1994-05-05,1.8,1.81,0.92,99.08
1994-05-06,1.76,1.77,0.23,99.77
1994-05-09,1.76,1.78,1.53,98.47
1994-05-10,1.79,1.77,1.37,98.63
1994-05-11,1.78,1.75,1.5,98.5
1994-05-12,1.8,1.73,4.08,95.92
1994-05-13,1.84,1.75,4.56,95.44
1994-05-16,1.81,1.73,4.56,95.44
1994-05-17,1.8,1.73,4.18,95.82
1994-05-18,1.85,1.75,5.12,94.88
1994-05-19,1.87,1.77,5.75,94.25
1994-05-20,1.86,1.73,7.27,92.73
1994-05-23,1.93,1.81,5.81,94.19
1994-05-24,1.95,1.78,8.4,91.6
1994-05-25,2.0,1.83,8.34,91.66
1994-05-26,1.98,1.87,5.35,94.65
1994-05-27,2.0,2.1,5.35,94.65
1994-05-31,2.05,2.1,2.72,97.28
1994-06-01,2.02,2.06,2.04,97.96
1994-06-02,1.99,2.05,3.2,96.8
1994-06-03,2.01,2.04,1.34,98.66
1994-06-06,2.08,2.23,7.29,92.71
1994-06-07,2.04,2.13,4.52,95.48
1994-06-08,1.98,2.06,3.8,96.2
1994-06-09,1.99,2.06,3.31,96.69
1994-06-10,2.0,2.07,3.28,96.72
1994-06-13,2.01,2.06,2.09,97.91
1994-06-14,2.04,2.11,3.25,96.75
1994-06-15,2.07,2.08,0.6,99.4
1994-06-16,2.04,1.95,4.25,95.75
1994-06-17,2.02,1.95,3.21,96.79
1994-06-20,2.04,1.95,4.12,95.88
1994-06-21,2.0,1.95,2.52,97.48
1994-06-22,1.96,1.94,0.95,99.05
1994-06-23,1.91,1.91,0.02,99.98
1994-06-24,1.89,1.81,3.83,96.17
1994-06-27,1.98,1.93,2.51,97.49
1994-06-28,1.95,1.94,0.59,99.41
1994-06-29,1.96,1.94,0.71,99.29
1994-06-30,1.97,1.94,1.19,98.81
1994-07-01,1.91,1.91,0.23,99.77
1994-07-05,1.87,1.84,1.6,98.4
1994-07-06,1.84,1.8,2.02,97.98
1994-07-07,1.92,1.91,0.48,99.52
1994-07-08,1.89,1.91,1.28,98.72
1994-07-11,1.84,1.84,0.08,99.92
1994-07-12,1.83,1.89,3.52,96.48
1994-07-13,1.89,1.94,3.05,96.95
1994-07-14,1.86,1.94,4.63,95.37
1994-07-15,1.85,1.94,4.9,95.1
1994-07-18,1.92,1.94,1.01,98.99
1994-07-19,1.91,1.94,1.76,98.24
1994-07-20,1.84,1.91,3.64,96.36
1994-07-21,1.82,1.91,4.99,95.01
1994-07-22,1.93,1.95,1.46,98.54
1994-07-25,1.95,1.95,0.19,99.81
1994-07-26,1.92,1.73,10.03,89.97
1994-07-27,1.89,1.72,9.0,91.0
1994-07-28,1.89,1.73,8.41,91.59
1994-07-29,1.96,1.75,10.58,89.42
1994-08-01,2.03,2.0,1.69,98.31
1994-08-02,2.01,1.98,1.52,98.48
1994-08-03,2.03,1.99,1.98,98.02
1994-08-04,2.01,1.99,0.81,99.19
1994-08-05,2.0,1.95,2.32,97.68
1994-08-08,2.02,1.98,1.87,98.13
1994-08-09,2.04,2.04,0.16,99.84
1994-08-10,2.06,2.06,0.08,99.92
1994-08-11,2.1,2.18,3.55,96.45
1994-08-12,2.1,2.17,2.95,97.05
1994-08-15,2.07,2.17,4.49,95.51
1994-08-16,2.09,2.19,4.56,95.44
1994-08-17,2.13,2.23,4.65,95.35
1994-08-18,2.11,2.18,3.09,96.91
1994-08-19,2.09,2.11,1.08,98.92
1994-08-22,2.08,2.11,1.24,98.76
1994-08-23,2.11,2.12,0.21,99.79
1994-08-24,2.12,2.17,2.03,97.97
1994-08-25,2.14,2.19,2.11,97.89
1994-08-26,2.17,2.19,0.88,99.12
1994-08-29,2.17,2.18,0.46,99.54
1994-08-30,2.22,2.19,1.71,98.29
1994-08-31,2.21,2.3,3.68,96.32
1994-09-01,2.14,2.24,4.71,95.29
1994-09-02,2.13,2.08,2.54,97.46
1994-09-06,2.13,2.08,2.54,97.46
1994-09-07,2.17,2.08,4.04,95.96
1994-09-08,2.21,2.12,4.01,95.99
1994-09-09,2.17,2.27,4.59,95.41
1994-09-12,2.14,2.24,4.69,95.31
1994-09-13,2.19,2.27,3.34,96.66
1994-09-14,2.2,2.25,2.42,97.58
1994-09-15,2.22,2.27,2.12,97.88
1994-09-16,2.17,2.24,3.33,96.67
1994-09-19,2.17,2.24,3.33,96.67
1994-09-20,2.13,2.19,2.87,97.13
1994-09-21,2.18,2.23,2.15,97.85
1994-09-22,2.17,2.24,3.11,96.89
1994-09-23,2.13,2.24,4.95,95.05
1994-09-26,2.12,2.24,5.78,94.22
1994-09-27,2.15,2.24,4.02,95.98
1994-09-28,2.17,2.23,2.6,97.4
1994-09-29,2.15,2.08,3.38,96.62
1994-09-30,2.14,2.08,2.73,97.27
1994-10-03,2.13,2.04,4.38,95.62
1994-10-04,2.1,2.04,2.86,97.14
1994-10-05,2.11,2.02,4.54,95.46
1994-10-06,2.08,2.04,1.97,98.03
1994-10-07,2.07,2.04,1.74,98.26
1994-10-10,2.09,2.21,6.02,93.98
1994-10-11,2.13,2.04,4.03,95.97
1994-10-12,2.14,2.07,3.46,96.54
1994-10-13,2.18,2.08,4.67,95.33
1994-10-14,2.13,2.08,2.41,97.59
1994-10-17,2.1,2.05,2.29,97.71
1994-10-18,2.16,2.08,3.59,96.41
1994-10-19,2.2,2.08,5.26,94.74
1994-10-20,2.27,2.28,0.28,99.72
1994-10-21,2.26,2.28,0.7,99.3
1994-10-24,2.24,2.28,1.82,98.18
1994-10-25,2.27,2.28,0.43,99.57
1994-10-26,2.32,2.34,0.91,99.09
1994-10-27,2.35,2.34,0.11,99.89
1994-10-28,2.37,2.34,0.92,99.08
1994-10-31,2.4,2.34,2.29,97.71
1994-11-01,2.39,2.34,1.9,98.1
1994-11-02,2.4,2.34,2.29,97.71
1994-11-03,2.39,2.39,0.04,99.96
1994-11-04,2.34,2.34,0.09,99.91
1994-11-07,2.36,2.34,0.52,99.48
1994-11-08,2.42,2.34,3.25,96.75
1994-11-09,2.43,2.34,3.52,96.48
1994-11-10,2.43,2.34,3.35,96.65
1994-11-11,2.37,2.28,3.7,96.3
1994-11-14,2.46,2.33,5.33,94.67
1994-11-15,2.46,2.28,7.15,92.85
1994-11-16,2.46,2.28,7.48,92.52
1994-11-17,2.45,2.57,4.97,95.03
1994-11-18,2.44,2.54,4.04,95.96
1994-11-21,2.42,2.54,5.09,94.91
1994-11-22,2.36,2.53,7.16,92.84
1994-11-23,2.34,2.53,8.03,91.97
1994-11-25,2.37,2.54,7.2,92.8
1994-11-28,2.41,2.54,5.27,94.73
1994-11-29,2.44,2.54,4.06,95.94
1994-11-30,2.4,2.53,5.67,94.33
1994-12-01,2.38,2.53,6.2,93.8
1994-12-02,2.41,2.54,5.5,94.5
1994-12-05,2.41,2.51,4.25,95.75
1994-12-06,2.41,2.51,4.14,95.86
1994-12-07,2.4,2.5,4.07,95.93
1994-12-08,2.38,2.5,4.91,95.09
1994-12-09,2.4,2.53,5.25,94.75
1994-12-12,2.4,2.54,5.71,94.29
1994-12-13,2.39,2.54,6.34,93.66
1994-12-14,2.41,2.58,7.19,92.81
1994-12-15,2.42,2.54,5.06,94.94
1994-12-16,2.41,2.54,5.29,94.71
1994-12-19,2.39,2.5,4.7,95.3
1994-12-20,2.28,2.43,6.5,93.5
1994-12-21,2.34,2.53,8.03,91.97
1994-12-22,2.31,2.5,8.15,91.85
1994-12-23,2.32,2.5,7.71,92.29
1994-12-27,2.31,2.19,5.17,94.83
1994-12-28,2.32,2.19,5.56,94.44
1994-12-29,2.35,2.23,5.39,94.61
1994-12-30,2.33,2.19,5.75,94.25
1995-01-03,2.29,2.19,4.29,95.71
1995-01-04,2.31,2.19,4.98,95.02
1995-01-05,2.27,2.16,5.08,94.92
1995-01-06,2.31,2.19,4.98,95.02
1995-01-09,2.3,2.19,4.39,95.61
1995-01-10,2.32,2.23,4.13,95.87
1995-01-11,2.34,2.24,4.27,95.73
1995-01-12,2.33,2.24,4.05,95.95
1995-01-13,2.39,2.27,5.2,94.8
1995-01-16,2.44,2.28,6.52,93.48
1995-01-17,2.46,2.3,6.75,93.25
1995-01-18,2.48,2.63,6.08,93.92
1995-01-19,2.42,2.54,5.06,94.94
1995-01-20,2.35,2.54,8.28,91.72
1995-01-23,2.39,2.57,7.37,92.63
1995-01-24,2.36,2.54,7.6,92.4
1995-01-25,2.35,2.54,8.04,91.96
1995-01-26,2.28,2.23,2.33,97.67
1995-01-27,2.28,2.24,1.84,98.16
1995-01-30,2.25,2.21,1.62,98.38
1995-01-31,2.26,2.21,2.24,97.76
1995-02-01,2.25,2.21,1.83,98.17
1995-02-02,2.25,2.18,3.12,96.88
1995-02-03,2.29,2.13,7.18,92.82
1995-02-06,2.32,2.18,6.1,93.9
1995-02-07,2.32,2.13,8.51,91.49
1995-02-08,2.36,2.21,6.19,93.81
1995-02-09,2.36,2.24,5.02,94.98
1995-02-10,2.36,2.23,5.67,94.33
1995-02-13,2.36,2.24,5.21,94.79
1995-02-14,2.36,2.24,5.02,94.98
1995-02-15,2.31,2.24,3.28,96.72
1995-02-16,2.32,2.24,3.48,96.52
1995-02-17,2.3,2.27,1.48,98.52
1995-02-21,2.28,2.24,1.64,98.36
1995-02-22,2.34,2.28,2.53,97.47
1995-02-23,2.35,2.28,2.73,97.27
1995-02-24,2.33,2.24,4.07,95.93
1995-02-27,2.35,2.24,4.85,95.15
1995-02-28,2.4,2.28,5.09,94.91
1995-03-01,2.41,2.27,5.95,94.05
1995-03-02,2.43,2.27,6.69,93.31
1995-03-03,2.42,2.27,6.51,93.49
1995-03-06,2.45,2.28,7.03,92.97
1995-03-07,2.49,2.6,4.41,95.59
1995-03-08,2.61,2.74,4.96,95.04
1995-03-09,2.59,2.69,4.03,95.97
1995-03-10,2.61,2.74,4.86,95.14
1995-03-13,2.63,2.77,5.55,94.45
1995-03-14,2.73,2.77,1.51,98.49
1995-03-15,2.69,2.72,1.15,98.85
1995-03-16,2.67,2.72,1.69,98.31
1995-03-17,2.66,2.94,10.33,89.67
1995-03-20,2.71,2.94,8.49,91.51
1995-03-21,2.68,2.95,9.89,90.11
1995-03-22,2.7,2.95,9.12,90.88
1995-03-23,2.77,2.99,7.9,92.1
1995-03-24,2.81,2.99,6.26,93.74
1995-03-27,2.78,2.91,4.68,95.32
1995-03-28,2.8,2.94,4.94,95.06
1995-03-29,2.75,2.89,5.18,94.82
1995-03-30,2.75,2.89,5.37,94.63
1995-03-31,2.71,2.84,4.89,95.11
1995-04-03,2.67,2.81,5.56,94.44
1995-04-04,2.66,2.83,6.38,93.62
1995-04-05,2.69,2.84,5.66,94.34
1995-04-06,2.67,2.84,6.6,93.4
1995-04-07,2.65,2.83,6.76,93.24
1995-04-10,2.7,2.84,5.19,94.81
1995-04-11,2.75,2.84,3.46,96.54
1995-04-12,2.73,2.83,3.78,96.22
1995-04-13,2.76,2.83,2.53,97.47
1995-04-17,2.95,2.89,1.78,98.22
1995-04-18,2.92,2.88,1.39,98.61
1995-04-19,2.9,2.89,0.17,99.83
1995-04-20,2.87,2.88,0.58,99.42
1995-04-21,2.86,2.89,1.33,98.67
1995-04-24,2.96,2.96,0.01,99.99
1995-04-25,3.05,2.96,2.8,97.2
1995-04-26,3.03,2.96,2.35,97.65
1995-04-27,2.99,2.96,1.1,98.9
1995-04-28,3.11,3.0,3.54,96.46
1995-05-01,3.13,2.96,5.32,94.68
1995-05-02,3.03,2.9,4.29,95.71
1995-05-03,3.08,2.94,4.47,95.53
1995-05-04,3.1,2.94,5.2,94.8
1995-05-05,3.05,2.84,6.74,93.26
1995-05-08,3.04,2.84,6.6,93.4
1995-05-09,3.04,2.88,5.17,94.83
1995-05-10,3.02,2.88,4.5,95.5
1995-05-11,3.1,2.9,6.43,93.57
1995-05-12,3.08,2.84,7.61,92.39
1995-05-15,3.1,3.27,5.47,94.53
1995-05-16,3.23,3.32,2.66,97.34
1995-05-17,3.28,3.37,2.79,97.21
1995-05-18,3.22,3.27,1.33,98.67
1995-05-19,3.25,3.31,1.7,98.3
1995-05-22,3.32,3.39,1.89,98.11
1995-05-23,3.37,3.39,0.45,99.55
1995-05-24,3.33,3.32,0.24,99.76
1995-05-25,3.4,3.39,0.39,99.61
1995-05-26,3.33,3.37,1.03,98.97
1995-05-30,3.16,3.27,3.31,96.69
1995-05-31,3.23,3.31,2.53,97.47
1995-06-01,3.2,3.27,1.93,98.07
1995-06-02,3.17,3.27,3.17,96.83
1995-06-05,3.23,3.27,1.18,98.82
1995-06-06,3.17,3.26,2.82,97.18
1995-06-07,3.2,3.26,1.75,98.25
1995-06-08,3.2,3.27,1.95,98.05
1995-06-09,3.23,3.27,1.04,98.96
1995-06-12,3.19,3.23,1.18,98.82
1995-06-13,3.19,3.22,0.86,99.14
1995-06-14,3.19,3.22,0.94,99.06
1995-06-15,3.23,3.22,0.33,99.67
1995-06-16,3.31,3.27,1.42,98.58
1995-06-19,3.42,3.38,1.2,98.8
1995-06-20,3.48,3.38,2.89,97.11
1995-06-21,3.45,3.37,2.32,97.68
1995-06-22,3.5,3.39,3.24,96.76
1995-06-23,3.47,3.37,2.99,97.01
1995-06-26,3.42,3.38,1.23,98.77
1995-06-27,3.31,3.27,1.3,98.7
1995-06-28,3.35,3.31,1.19,98.81
1995-06-29,3.4,3.46,1.7,98.3
1995-06-30,3.44,3.48,1.09,98.91
1995-07-03,3.46,3.48,0.46,99.54
1995-07-05,3.45,3.48,0.74,99.26
1995-07-06,3.53,3.52,0.3,99.7
1995-07-07,3.64,3.52,3.3,96.7
1995-07-10,3.77,3.52,6.48,93.52
1995-07-11,3.68,3.46,5.81,94.19
1995-07-12,3.8,3.49,8.21,91.79
1995-07-13,3.81,3.48,8.76,91.24
1995-07-14,3.95,3.78,4.33,95.67
1995-07-17,4.15,3.82,8.01,91.99
1995-07-18,3.88,3.77,2.84,97.16
1995-07-19,3.6,3.66,1.58,98.42
1995-07-20,3.66,3.66,0.14,99.86
1995-07-21,3.5,3.61,2.9,97.1
1995-07-24,3.57,3.61,1.11,98.89
1995-07-25,3.67,3.66,0.4,99.6
1995-07-26,3.66,3.66,0.0,100.0
1995-07-27,3.68,3.66,0.51,99.49
1995-07-28,3.53,3.65,3.34,96.66
1995-07-31,3.45,3.65,5.76,94.24
1995-08-01,3.41,3.61,5.97,94.03
1995-08-02,3.39,3.61,6.56,93.44
1995-08-03,3.47,3.6,3.59,96.41
1995-08-04,3.58,3.54,0.89,99.11
1995-08-07,3.57,3.61,1.3,98.7
1995-08-08,3.56,3.66,2.68,97.32
1995-08-09,3.68,3.66,0.51,99.49
1995-08-10,3.59,3.66,2.0,98.0
1995-08-11,3.68,3.66,0.53,99.47
1995-08-14,3.76,3.66,2.78,97.22
1995-08-15,3.75,3.66,2.41,97.59
1995-08-16,3.76,3.66,2.78,97.22
1995-08-17,3.78,3.72,1.61,98.39
1995-08-18,3.7,3.72,0.42,99.58
1995-08-21,3.6,3.7,2.72,97.28
1995-08-22,3.78,3.76,0.67,99.33
1995-08-23,3.73,3.71,0.51,99.49
1995-08-24,3.66,3.66,0.13,99.87
1995-08-25,3.59,3.66,1.73,98.27
1995-08-28,3.43,3.65,6.28,93.72
1995-08-29,3.5,3.63,3.7,96.3
1995-08-30,3.55,3.66,2.95,97.05
1995-08-31,3.52,3.63,3.0,97.0
1995-09-01,3.42,3.57,4.55,95.45
1995-09-05,3.62,3.65,0.75,99.25
1995-09-06,3.56,3.63,1.9,98.1
1995-09-07,3.6,3.65,1.15,98.85
1995-09-08,3.64,3.66,0.53,99.47
1995-09-11,3.72,3.66,1.66,98.34
1995-09-12,3.67,3.65,0.56,99.44
1995-09-13,3.66,3.65,0.43,99.57
1995-09-14,3.61,3.66,1.19,98.81
1995-09-15,3.56,3.66,2.75,97.25
1995-09-18,3.5,3.66,4.35,95.65
1995-09-19,3.55,3.66,2.88,97.12
1995-09-20,3.55,3.66,3.09,96.91
1995-09-21,3.45,3.65,5.62,94.38
1995-09-22,3.42,3.66,6.97,93.03
1995-09-25,3.44,3.61,5.1,94.9
1995-09-26,3.36,3.36,0.03,99.97
1995-09-27,3.38,3.31,1.98,98.02
1995-09-28,3.49,3.38,3.1,96.9
1995-09-29,3.45,3.3,4.21,95.79
1995-10-02,3.36,3.3,1.77,98.23
1995-10-03,3.39,3.31,2.26,97.74
1995-10-04,3.28,3.3,0.65,99.35
1995-10-05,3.33,3.38,1.33,98.67
1995-10-06,3.27,3.36,2.73,97.27
1995-10-09,3.17,3.28,3.62,96.38
1995-10-10,3.19,3.3,3.51,96.49
1995-10-11,3.3,3.38,2.52,97.48
1995-10-12,3.34,3.41,2.19,97.81
1995-10-13,3.29,3.39,3.31,96.69
1995-10-16,3.3,3.41,3.22,96.78
1995-10-17,3.47,3.42,1.42,98.58
1995-10-18,3.64,3.42,6.07,93.93
1995-10-19,3.69,3.46,6.05,93.95
1995-10-20,3.64,3.47,4.5,95.5
1995-10-23,3.67,3.47,5.36,94.64
1995-10-24,3.71,3.54,4.7,95.3
1995-10-25,3.65,3.48,4.71,95.29
1995-10-26,3.73,3.54,5.19,94.81
1995-10-27,3.81,3.84,0.93,99.07
1995-10-30,3.91,3.89,0.52,99.48
1995-10-31,3.81,3.78,0.86,99.14
1995-11-01,3.75,3.73,0.53,99.47
1995-11-02,3.81,3.78,0.86,99.14
1995-11-03,3.79,3.77,0.41,99.59
1995-11-06,3.71,3.7,0.31,99.69
1995-11-07,3.54,3.65,2.92,97.08
1995-11-08,3.63,3.65,0.49,99.51
1995-11-09,3.77,3.66,3.04,96.96
1995-11-10,3.69,3.66,0.9,99.1
1995-11-13,3.67,3.66,0.32,99.68
1995-11-14,3.58,3.65,1.82,98.18
1995-11-15,3.58,3.65,1.82,98.18
1995-11-16,3.42,3.6,5.03,94.97
1995-11-17,3.33,3.5,5.06,94.94
1995-11-20,3.28,3.51,7.02,92.98
1995-11-21,3.35,3.31,1.28,98.72
1995-11-22,3.33,3.3,0.79,99.21
1995-11-24,3.35,3.31,1.28,98.72
1995-11-27,3.32,3.31,0.44,99.56
1995-11-28,3.49,3.42,1.82,98.18
1995-11-29,3.42,3.38,1.21,98.79
1995-11-30,3.32,3.3,0.5,99.5
1995-12-01,3.29,3.3,0.51,99.49
1995-12-04,3.35,3.36,0.39,99.61
1995-12-05,3.28,3.36,2.58,97.42
1995-12-06,3.45,3.41,1.2,98.8
1995-12-07,3.45,3.42,0.74,99.26
1995-12-08,3.6,3.46,3.81,96.19
1995-12-11,3.55,3.46,2.39,97.61
1995-12-12,3.48,3.42,1.71,98.29
1995-12-13,3.49,3.42,2.11,97.89
1995-12-14,3.38,3.42,1.22,98.78
1995-12-15,3.37,3.42,1.65,98.35
1995-12-18,3.31,3.38,2.07,97.93
1995-12-19,3.46,3.42,1.15,98.85
1995-12-20,3.32,3.42,3.11,96.89
1995-12-21,3.43,3.42,0.2,99.8
1995-12-22,3.45,3.42,0.74,99.26
1995-12-26,3.44,3.42,0.48,99.52
1995-12-27,3.39,3.41,0.75,99.25
1995-12-28,3.33,3.41,2.48,97.52
1995-12-29,3.34,3.38,1.05,98.95
1996-01-02,3.42,3.39,0.72,99.28
1996-01-03,3.31,3.38,2.06,97.94
1996-01-04,3.33,3.38,1.64,98.36
1996-01-05,3.29,3.41,3.67,96.33
1996-01-08,3.29,3.41,3.82,96.18
1996-01-09,3.05,3.38,10.58,89.42
1996-01-10,3.14,3.18,1.47,98.53
1996-01-11,3.3,3.27,1.0,99.0
1996-01-12,3.27,3.23,1.18,98.82
1996-01-15,3.14,3.21,2.0,98.0
1996-01-16,3.29,3.26,1.04,98.96
1996-01-17,3.23,3.26,0.7,99.3
1996-01-18,3.34,3.27,2.13,97.87
1996-01-19,3.5,3.27,6.65,93.35
1996-01-22,3.5,3.42,2.36,97.64
1996-01-23,3.41,3.42,0.37,99.63
1996-01-24,3.48,3.42,1.56,98.44
1996-01-25,3.4,3.42,0.51,99.49
1996-01-26,3.45,3.42,0.74,99.26
1996-01-29,3.44,3.48,1.09,98.91
1996-01-30,3.46,3.47,0.43,99.57
1996-01-31,3.52,3.46,1.73,98.27
1996-02-01,3.59,3.47,3.1,96.9
1996-02-02,3.54,3.52,0.57,99.43
1996-02-05,3.7,3.54,4.45,95.55
1996-02-06,3.68,3.54,3.66,96.34
1996-02-07,3.69,3.52,4.55,95.45
1996-02-08,3.77,3.48,7.6,92.4
1996-02-09,3.81,3.76,1.48,98.52
1996-02-12,3.79,3.78,0.36,99.64
1996-02-13,3.79,3.78,0.49,99.51
1996-02-14,3.76,3.82,1.51,98.49
1996-02-15,3.75,3.78,0.65,99.35
1996-02-16,3.73,3.78,1.29,98.71
1996-02-20,3.72,3.77,1.37,98.63
1996-02-21,3.8,3.77,0.79,99.21
1996-02-22,3.9,3.78,3.28,96.72
1996-02-23,3.94,3.82,3.12,96.88
1996-02-26,3.83,3.9,1.87,98.13
1996-02-27,3.81,3.9,2.38,97.62
1996-02-28,3.81,3.9,2.38,97.62
1996-02-29,3.76,3.86,2.79,97.21
1996-03-01,3.64,3.82,5.0,95.0
1996-03-04,3.67,3.82,4.18,95.82
1996-03-05,3.74,3.85,3.08,96.92
1996-03-06,3.69,3.85,4.28,95.72
1996-03-07,3.71,3.85,3.94,96.06
1996-03-08,3.62,3.85,6.33,93.67
1996-03-11,3.68,3.65,0.81,99.19
1996-03-12,3.65,3.61,0.95,99.05
1996-03-13,3.84,3.85,0.27,99.73
1996-03-14,3.79,3.84,1.09,98.91
1996-03-15,3.9,3.86,0.91,99.09
1996-03-18,4.01,3.9,2.61,97.39
1996-03-19,4.07,3.9,4.09,95.91
1996-03-20,3.99,3.9,2.03,97.97
1996-03-21,3.84,3.9,1.55,98.45
1996-03-22,3.85,3.86,0.3,99.7
1996-03-25,3.8,3.86,1.57,98.43
1996-03-26,3.91,3.9,0.24,99.76
1996-03-27,3.9,3.86,1.05,98.95
1996-03-28,3.89,3.9,0.25,99.75
1996-03-29,3.93,3.9,0.6,99.4
1996-04-01,3.91,3.92,0.06,99.94
1996-04-02,3.99,3.86,3.06,96.94
1996-04-03,3.98,3.9,1.91,98.09
1996-04-04,3.98,3.86,2.81,97.19
1996-04-08,3.95,3.85,2.51,97.49
1996-04-09,3.87,3.8,1.77,98.23
1996-04-10,3.87,3.82,1.33,98.67
1996-04-11,3.85,3.86,0.31,99.69
1996-04-12,3.85,3.86,0.31,99.69
1996-04-15,3.94,3.92,0.68,99.32
1996-04-16,4.01,3.9,2.61,97.39
1996-04-17,4.04,3.92,2.95,97.05
1996-04-18,4.15,3.98,4.11,95.89
1996-04-19,4.18,3.98,4.76,95.24
1996-04-22,4.29,4.03,6.28,93.72
1996-04-23,4.29,3.98,7.15,92.85
1996-04-24,4.25,3.98,6.36,93.64
1996-04-25,4.29,4.35,1.4,98.6
1996-04-26,4.32,4.35,0.73,99.27
1996-04-29,4.29,4.47,4.24,95.76
1996-04-30,4.31,4.47,3.66,96.34
1996-05-01,4.39,4.47,2.02,97.98
1996-05-02,4.25,4.35,2.42,97.58
1996-05-03,4.22,4.29,1.66,98.34
1996-05-06,4.26,4.29,0.86,99.14
1996-05-07,4.31,4.29,0.36,99.64
1996-05-08,4.35,4.29,1.47,98.53
1996-05-09,4.32,4.28,1.1,98.9
1996-05-10,4.38,4.23,3.22,96.78
1996-05-13,4.52,4.29,5.11,94.89
1996-05-14,4.53,4.34,4.34,95.66
1996-05-15,4.48,4.28,4.56,95.44
1996-05-16,4.46,4.27,4.32,95.68
1996-05-17,4.46,4.28,4.05,95.95
1996-05-20,4.45,4.28,3.85,96.15
1996-05-21,4.39,4.24,3.42,96.58
1996-05-22,4.45,4.29,3.56,96.44
1996-05-23,4.51,4.35,3.56,96.44
1996-05-24,4.51,4.34,3.94,96.06
1996-05-28,4.47,4.28,4.26,95.74
1996-05-29,4.46,4.28,4.16,95.84
1996-05-30,4.5,4.29,4.81,95.19
1996-05-31,4.52,4.29,5.21,94.79
1996-06-03,4.51,4.24,6.07,93.93
1996-06-04,4.49,4.22,5.92,94.08
1996-06-05,4.6,4.28,7.13,92.87
1996-06-06,4.56,4.28,6.31,93.69
1996-06-07,4.62,4.29,7.16,92.84
1996-06-10,4.59,4.28,6.94,93.06
1996-06-11,4.65,4.93,6.07,93.93
1996-06-12,4.76,4.94,3.67,96.33
1996-06-13,4.75,4.92,3.58,96.42
1996-06-14,4.69,4.87,3.92,96.08
1996-06-17,4.75,4.93,3.85,96.15
1996-06-18,4.66,4.87,4.45,95.55
1996-06-19,4.64,4.85,4.58,95.42
1996-06-20,4.64,4.82,3.85,96.15
1996-06-21,4.72,4.87,3.19,96.81
1996-06-24,4.73,4.87,3.1,96.9
1996-06-25,4.65,4.82,3.65,96.35
1996-06-26,4.59,4.82,4.94,95.06
1996-06-27,4.57,4.81,5.19,94.81
1996-06-28,4.58,4.82,5.27,94.73
1996-07-01,4.66,4.82,3.38,96.62
1996-07-02,4.63,4.77,3.01,96.99
1996-07-03,4.61,4.77,3.44,96.56
1996-07-05,4.51,4.77,5.84,94.16
1996-07-08,4.58,4.77,4.14,95.86
1996-07-09,4.57,4.79,4.77,95.23
1996-07-10,4.55,4.79,5.21,94.79
1996-07-11,4.36,4.7,7.85,92.15
1996-07-12,4.28,4.62,7.86,92.14
1996-07-15,4.21,4.62,9.57,90.43
1996-07-16,4.39,4.77,8.59,91.41
1996-07-17,4.46,4.22,5.31,94.69
1996-07-18,4.57,4.82,5.49,94.51
1996-07-19,4.61,4.82,4.52,95.48
1996-07-22,4.56,4.81,5.35,94.65
1996-07-23,4.27,4.19,1.87,98.13
1996-07-24,4.37,4.2,4.0,96.0
1996-07-25,4.51,4.24,6.17,93.83
1996-07-26,4.54,4.24,6.66,93.34
1996-07-29,4.45,4.22,5.11,94.89
1996-07-30,4.52,4.24,6.27,93.73
1996-07-31,4.49,4.24,5.67,94.33
1996-08-01,4.59,4.86,5.71,94.29
1996-08-02,4.7,4.87,3.73,96.27
1996-08-05,4.64,4.85,4.58,95.42
1996-08-06,4.72,4.86,2.84,97.16
1996-08-07,4.75,4.82,1.35,98.65
1996-08-08,4.77,4.82,0.95,99.05
1996-08-09,4.74,4.82,1.56,98.44
1996-08-12,4.77,4.94,3.46,96.54
1996-08-13,4.7,4.89,3.89,96.11
1996-08-14,4.76,4.87,2.36,97.64
1996-08-15,4.77,4.87,2.16,97.84
1996-08-16,4.73,4.92,3.9,96.1
1996-08-19,4.7,4.87,3.5,96.5
1996-08-20,4.7,4.87,3.61,96.39
1996-08-21,4.7,4.86,3.25,96.75
1996-08-22,4.76,4.82,1.15,98.85
1996-08-23,4.69,4.82,2.6,97.4
1996-08-26,4.68,4.81,2.68,97.32
1996-08-27,4.75,4.82,1.36,98.64
1996-08-28,4.79,4.82,0.66,99.34
1996-08-29,4.73,4.82,1.87,98.13
1996-08-30,4.67,4.77,2.28,97.72
1996-09-03,4.7,4.82,2.49,97.51
1996-09-04,4.7,4.81,2.26,97.74
1996-09-05,4.63,4.77,3.12,96.88
1996-09-06,4.67,4.81,2.99,97.01
1996-09-09,4.76,4.82,1.26,98.74
1996-09-10,4.74,4.82,1.67,98.33
1996-09-11,4.77,4.82,1.06,98.94
1996-09-12,4.9,4.86,0.86,99.14
1996-09-13,4.99,4.92,1.46,98.54
1996-09-16,5.01,4.93,1.58,98.42
1996-09-17,5.1,4.93,3.24,96.76
1996-09-18,5.2,4.94,5.06,94.94
1996-09-19,5.25,4.98,5.1,94.9
1996-09-20,5.26,5.06,3.92,96.08
1996-09-23,5.25,5.05,3.69,96.31
1996-09-24,5.21,5.17,0.89,99.11
1996-09-25,5.17,5.22,0.96,99.04
1996-09-26,5.03,5.08,1.03,98.97
1996-09-27,5.12,5.08,0.75,99.25
1996-09-30,5.02,5.03,0.17,99.83
1996-10-01,5.03,5.0,0.72,99.28
1996-10-02,5.13,4.98,2.89,97.11
1996-10-03,5.1,4.89,4.24,95.76
1996-10-04,5.19,4.98,4.04,95.96
1996-10-07,5.24,4.89,6.68,93.32
1996-10-08,5.16,4.89,5.2,94.8
1996-10-09,5.12,5.68,10.79,89.21
1996-10-10,5.09,5.59,9.68,90.32
1996-10-11,5.22,5.63,7.83,92.17
1996-10-14,5.2,5.63,8.22,91.78
1996-10-15,5.29,5.7,7.81,92.19
1996-10-16,5.26,5.8,10.34,89.66
1996-10-17,5.16,5.63,9.12,90.88
1996-10-18,5.13,5.63,9.72,90.28
1996-10-21,5.1,5.63,10.34,89.66
1996-10-22,5.05,5.62,11.37,88.63
1996-10-23,5.12,4.82,5.98,94.02
1996-10-24,5.2,4.82,7.45,92.55
1996-10-25,5.2,4.82,7.32,92.68
1996-10-28,5.2,4.82,7.45,92.55
1996-10-29,5.16,4.82,6.59,93.41
1996-10-30,5.19,4.82,7.2,92.8
1996-10-31,5.23,4.82,7.87,92.13
1996-11-01,5.23,4.82,7.95,92.05
1996-11-04,5.26,4.81,8.58,91.42
1996-11-05,5.39,5.8,7.61,92.39
1996-11-06,5.5,5.91,7.45,92.55
1996-11-07,5.47,5.91,8.2,91.8
1996-11-08,5.47,5.91,8.2,91.8
1996-11-11,5.47,6.03,10.24,89.76
1996-11-12,5.4,5.91,9.5,90.5
1996-11-13,5.52,5.91,7.08,92.92
1996-11-14,5.7,5.96,4.5,95.5
1996-11-15,5.68,5.91,4.2,95.8
1996-11-18,5.73,6.03,5.3,94.7
1996-11-19,5.94,6.04,1.74,98.26
1996-11-20,5.84,5.91,1.31,98.69
1996-11-21,5.73,5.9,2.92,97.08
1996-11-22,5.73,5.9,2.84,97.16
1996-11-25,5.85,5.9,0.83,99.17
1996-11-26,5.86,5.85,0.06,99.94
1996-11-27,5.92,5.91,0.26,99.74
1996-11-29,5.98,5.91,1.06,98.94
1996-12-02,6.01,5.91,1.61,98.39
1996-12-03,5.89,5.9,0.05,99.95
1996-12-04,5.84,5.81,0.44,99.56
1996-12-05,5.83,5.7,2.14,97.86
1996-12-06,5.82,5.7,2.06,97.94
1996-12-09,6.23,5.87,5.83,94.17
1996-12-10,6.24,5.81,6.82,93.18
1996-12-11,6.35,5.97,5.95,94.05
1996-12-12,6.17,5.93,3.96,96.04
1996-12-13,6.09,5.91,3.06,96.94
1996-12-16,5.85,5.73,2.08,97.92
1996-12-17,6.09,5.76,5.27,94.73
1996-12-18,6.29,6.66,5.74,94.26
1996-12-19,6.47,6.66,2.93,97.07
1996-12-20,6.37,6.59,3.48,96.52
1996-12-23,6.38,6.67,4.5,95.5
1996-12-24,6.47,6.71,3.75,96.25
1996-12-26,6.51,6.71,2.99,97.01
1996-12-27,6.42,6.7,4.43,95.57
1996-12-30,6.36,6.52,2.49,97.51
1996-12-31,6.29,6.52,3.58,96.42
1997-01-02,6.22,6.51,4.67,95.33
1997-01-03,6.45,6.56,1.73,98.27
1997-01-06,6.43,6.66,3.54,96.46
1997-01-07,6.48,6.76,4.45,95.55
1997-01-08,6.35,6.6,3.91,96.09
1997-01-09,6.28,6.52,3.89,96.11
1997-01-10,6.42,6.52,1.58,98.42
1997-01-13,6.38,6.52,2.19,97.81
1997-01-14,6.5,6.52,0.24,99.76
1997-01-15,6.45,6.52,1.13,98.87
1997-01-16,6.55,6.52,0.49,99.51
1997-01-17,6.64,6.56,1.19,98.81
1997-01-20,6.91,6.72,2.79,97.21
1997-01-21,7.24,6.77,6.46,93.54
1997-01-22,7.42,6.84,7.82,92.18
1997-01-23,7.22,6.76,6.3,93.7
1997-01-24,7.31,6.77,7.4,92.6
1997-01-27,7.32,6.77,7.58,92.42
1997-01-28,7.29,6.77,7.07,92.93
1997-01-29,7.41,6.81,8.04,91.96
1997-01-30,7.7,6.84,11.24,88.76
1997-01-31,7.77,7.67,1.26,98.74
1997-02-03,7.8,8.44,8.27,91.73
1997-02-04,7.86,8.45,7.51,92.49
1997-02-05,7.49,8.32,11.03,88.97
1997-02-06,7.4,8.27,11.71,88.29
1997-02-07,7.65,8.27,8.1,91.9
1997-02-10,7.45,8.08,8.46,91.54
1997-02-11,7.5,8.08,7.64,92.36
1997-02-12,7.61,8.21,7.94,92.06
1997-02-13,7.62,7.34,3.59,96.41
1997-02-14,7.46,7.31,2.02,97.98
1997-02-18,7.42,7.31,1.52,98.48
1997-02-19,7.43,7.5,1.01,98.99
1997-02-20,7.26,7.26,0.07,99.93
1997-02-21,7.24,7.22,0.2,99.8
1997-02-24,7.63,7.49,1.78,98.22
1997-02-25,7.58,7.48,1.38,98.62
1997-02-26,7.64,7.5,1.76,98.24
1997-02-27,7.32,7.5,2.46,97.54
1997-02-28,7.43,7.49,0.86,99.14
1997-03-03,7.58,7.5,1.02,98.98
1997-03-04,7.55,7.5,0.64,99.36
1997-03-05,7.68,7.31,4.93,95.07
1997-03-06,7.45,7.29,2.04,97.96
1997-03-07,7.37,7.31,0.88,99.12
1997-03-10,7.62,7.88,3.48,96.52
1997-03-11,7.49,7.88,5.19,94.81
1997-03-12,7.52,7.92,5.31,94.69
1997-03-13,7.59,7.92,4.39,95.61
1997-03-14,7.54,7.88,4.53,95.47
1997-03-17,7.66,7.88,2.97,97.03
1997-03-18,7.59,8.08,6.47,93.53
1997-03-19,7.37,8.08,9.63,90.37
1997-03-20,7.31,8.07,10.34,89.66
1997-03-21,7.16,7.46,4.15,95.85
1997-03-24,6.87,7.19,4.76,95.24
1997-03-25,6.88,6.4,6.98,93.02
1997-03-26,7.18,6.49,9.58,90.42
1997-03-27,7.14,6.51,8.87,91.13
1997-03-31,6.99,6.41,8.28,91.72
1997-04-01,7.1,6.48,8.85,91.15
1997-04-02,7.01,6.48,7.61,92.39
1997-04-03,7.25,6.48,10.57,89.43
1997-04-04,7.18,6.48,9.76,90.24
1997-04-07,7.3,6.48,11.27,88.73
1997-04-08,7.48,6.52,12.9,87.1
1997-04-09,7.47,7.31,2.14,97.86
1997-04-10,7.37,7.31,0.88,99.12
1997-04-11,7.24,7.31,0.95,99.05
1997-04-14,7.42,7.49,0.95,99.05
1997-04-15,7.4,7.49,1.21,98.79
1997-04-16,7.48,7.39,1.32,98.68
1997-04-17,7.48,7.44,0.45,99.55
1997-04-18,8.2,7.6,7.34,92.66
1997-04-21,8.2,8.91,8.61,91.39
1997-04-22,8.43,8.97,6.48,93.52
1997-04-23,8.77,9.02,2.87,97.13
1997-04-24,8.69,9.22,6.04,93.96
1997-04-25,8.66,9.15,5.65,94.35
1997-04-28,8.75,9.14,4.49,95.51
1997-04-29,9.07,9.22,1.69,98.31
1997-04-30,9.26,9.22,0.38,99.62
1997-05-01,9.22,9.26,0.4,99.6
1997-05-02,9.2,9.26,0.61,99.39
1997-05-05,9.16,9.22,0.71,99.29
1997-05-06,8.94,9.15,2.33,97.67
1997-05-07,8.8,9.1,3.45,96.55
1997-05-08,8.87,9.04,1.98,98.02
1997-05-09,8.89,9.08,2.1,97.9
1997-05-12,9.0,9.07,0.77,99.23
1997-05-13,8.97,8.89,0.88,99.12
1997-05-14,8.83,8.85,0.28,99.72
1997-05-15,8.92,8.89,0.36,99.64
1997-05-16,8.79,8.85,0.66,99.34
1997-05-19,8.77,8.81,0.43,99.57
1997-05-20,9.08,8.84,2.58,97.42
1997-05-21,9.17,8.85,3.47,96.53
1997-05-22,9.19,8.85,3.67,96.33
1997-05-23,9.36,9.35,0.12,99.88
1997-05-27,9.65,9.17,4.97,95.03
1997-05-28,9.59,9.17,4.34,95.66
1997-05-29,9.59,9.17,4.34,95.66
1997-05-30,9.45,9.07,4.0,96.0
1997-06-02,9.48,9.06,4.35,95.65
1997-06-03,9.2,9.07,1.44,98.56
1997-06-04,9.08,8.89,2.08,97.92
1997-06-05,9.18,9.07,1.29,98.71
1997-06-06,9.45,9.7,2.65,97.35
1997-06-09,9.53,9.74,2.23,97.77
1997-06-10,9.51,9.65,1.48,98.52
1997-06-11,9.68,10.01,3.5,96.5
1997-06-12,9.68,10.01,3.5,96.5
1997-06-13,9.88,10.05,1.76,98.24
1997-06-16,10.01,10.0,0.06,99.94
1997-06-17,10.22,10.06,1.64,98.36
1997-06-18,9.92,9.88,0.41,99.59
1997-06-19,9.85,10.0,1.53,98.47
1997-06-20,9.89,10.0,1.09,98.91
1997-06-23,9.76,10.05,3.01,96.99
1997-06-24,10.06,10.16,0.98,99.02
1997-06-25,9.94,10.06,1.19,98.81
1997-06-26,9.77,9.88,1.1,98.9
1997-06-27,9.71,9.84,1.29,98.71
1997-06-30,9.63,9.84,2.19,97.81
1997-07-01,9.52,9.83,3.25,96.75
1997-07-02,9.78,9.84,0.6,99.4
1997-07-03,9.87,9.84,0.32,99.68
1997-07-07,9.87,9.83,0.39,99.61
1997-07-08,10.0,9.83,1.71,98.29
1997-07-09,9.96,9.84,1.23,98.77
1997-07-10,9.89,9.84,0.56,99.44
1997-07-11,9.88,9.84,0.47,99.53
1997-07-14,10.36,10.05,2.96,97.04
1997-07-15,10.55,10.01,5.07,94.93
1997-07-16,11.31,10.64,5.88,94.12
1997-07-17,11.39,10.76,5.52,94.48
1997-07-18,10.7,10.51,1.85,98.15
1997-07-21,10.36,10.45,0.93,99.07
1997-07-22,10.98,10.62,3.24,96.76
1997-07-23,10.78,10.54,2.18,97.82
1997-07-24,10.51,10.4,1.04,98.96
1997-07-25,10.55,10.4,1.4,98.6
1997-07-28,10.44,10.34,0.97,99.03
1997-07-29,10.66,10.64,0.23,99.77
1997-07-30,10.75,10.76,0.09,99.91
1997-07-31,10.77,10.76,0.09,99.91
1997-08-01,10.71,10.57,1.35,98.65
1997-08-04,10.78,10.57,2.01,97.99
1997-08-05,10.92,10.43,4.43,95.57
1997-08-06,10.93,10.42,4.66,95.34
1997-08-07,10.97,11.73,7.0,93.0
1997-08-08,10.67,11.8,10.65,89.35
1997-08-11,10.53,11.51,9.33,90.67
1997-08-12,10.36,10.93,5.45,94.55
1997-08-13,10.37,10.43,0.67,99.33
1997-08-14,10.38,10.43,0.53,99.47
1997-08-15,10.12,10.39,2.59,97.41
1997-08-18,10.2,10.18,0.23,99.77
1997-08-19,10.58,10.43,1.33,98.67
1997-08-20,10.71,10.51,1.88,98.12
1997-08-21,10.5,10.43,0.66,99.34
1997-08-22,10.46,10.41,0.47,99.53
1997-08-25,10.4,10.39,0.13,99.87
1997-08-26,10.28,10.24,0.39,99.61
1997-08-27,10.25,10.21,0.36,99.64
1997-08-28,10.06,10.24,1.83,98.17
1997-08-29,10.07,10.26,1.9,98.1
1997-09-02,10.45,10.34,1.11,98.89
1997-09-03,10.4,10.34,0.65,99.35
1997-09-04,10.53,10.57,0.39,99.61
1997-09-05,10.46,10.64,1.67,98.33
1997-09-08,10.61,10.76,1.39,98.61
1997-09-09,10.63,10.51,1.13,98.87
1997-09-10,10.29,10.39,0.88,99.12
1997-09-11,10.42,10.51,0.81,99.19
1997-09-12,10.51,10.51,0.01,99.99
1997-09-15,9.96,10.26,3.07,96.93
1997-09-16,10.39,10.34,0.52,99.48
1997-09-17,10.15,10.34,1.86,98.14
1997-09-18,10.08,10.34,2.59,97.41
1997-09-19,10.3,10.34,0.36,99.64
1997-09-22,10.16,10.3,1.37,98.63
1997-09-23,10.32,10.31,0.16,99.84
1997-09-24,10.09,10.28,1.87,98.13
1997-09-25,10.11,10.3,1.8,98.2
1997-09-26,10.16,10.28,1.16,98.84
1997-09-29,10.25,10.3,0.47,99.53
1997-09-30,10.08,10.22,1.38,98.62
1997-10-01,10.2,10.22,0.2,99.8
1997-10-02,10.15,10.22,0.72,99.28
1997-10-03,10.28,10.3,0.18,99.82
1997-10-06,10.29,10.23,0.62,99.38
1997-10-07,10.4,10.35,0.56,99.44
1997-10-08,10.59,10.55,0.41,99.59
1997-10-09,10.58,10.44,1.34,98.66
1997-10-10,10.4,10.37,0.24,99.76
1997-10-13,10.42,10.31,1.07,98.93
1997-10-14,10.41,10.51,0.93,99.07
1997-10-15,10.34,10.41,0.64,99.36
1997-10-16,10.2,10.31,1.03,98.97
1997-10-17,10.08,10.3,2.18,97.82
1997-10-20,10.1,10.31,2.0,98.0
1997-10-21,10.55,10.5,0.5,99.5
1997-10-22,10.34,10.31,0.3,99.7
1997-10-23,10.33,10.31,0.25,99.75
1997-10-24,10.31,10.31,0.07,99.93
1997-10-27,9.82,10.19,3.76,96.24
1997-10-28,10.16,10.19,0.25,99.75
1997-10-29,9.97,10.19,2.16,97.84
1997-10-30,9.8,10.19,3.95,96.05
1997-10-31,9.9,10.19,2.85,97.15
1997-11-03,10.22,10.24,0.17,99.83
1997-11-04,10.23,10.26,0.32,99.68
1997-11-05,10.18,10.23,0.54,99.46
1997-11-06,10.06,10.23,1.68,98.32
1997-11-07,10.02,10.23,2.07,97.93
1997-11-10,9.92,10.19,2.7,97.3
1997-11-11,9.95,10.19,2.36,97.64
1997-11-12,9.84,10.19,3.5,96.5
1997-11-13,10.02,10.22,1.96,98.04
1997-11-14,10.16,10.27,1.11,98.89
1997-11-17,10.28,10.23,0.44,99.56
1997-11-18,10.21,10.27,0.59,99.41
1997-11-19,10.29,10.45,1.53,98.47
1997-11-20,10.43,10.45,0.18,99.82
1997-11-21,10.5,10.39,1.05,98.95
1997-11-24,10.32,10.23,0.9,99.1
1997-11-25,10.59,10.42,1.57,98.43
1997-11-26,10.78,10.59,1.77,98.23
1997-11-28,10.78,10.68,0.89,99.11
1997-12-01,10.96,10.76,1.78,98.22
1997-12-02,10.84,10.95,1.01,98.99
1997-12-03,11.02,11.02,0.01,99.99
1997-12-04,10.86,10.94,0.74,99.26
1997-12-05,10.9,10.88,0.17,99.83
1997-12-08,11.13,10.94,1.75,98.25
1997-12-09,10.99,11.51,4.69,95.31
1997-12-10,10.84,11.39,5.06,94.94
1997-12-11,10.59,11.19,5.65,94.35
1997-12-12,10.42,11.13,6.85,93.15
1997-12-15,10.37,10.51,1.32,98.68
1997-12-16,10.59,10.51,0.82,99.18
1997-12-17,10.33,10.39,0.51,99.49
1997-12-18,9.97,10.24,2.72,97.28
1997-12-19,9.8,10.14,3.42,96.58
1997-12-22,9.68,10.06,3.97,96.03
1997-12-23,9.39,9.98,6.23,93.77
1997-12-24,9.06,9.9,9.3,90.7
1997-12-26,9.2,9.9,7.66,92.34
1997-12-29,9.62,9.95,3.43,96.57
1997-12-30,9.92,10.04,1.2,98.8
1997-12-31,9.85,10.04,1.99,98.01
1998-01-02,9.99,9.79,1.95,98.05
1998-01-05,9.93,9.83,1.06,98.94
1998-01-06,9.99,9.84,1.46,98.54
1998-01-07,9.87,9.79,0.77,99.23
1998-01-08,9.94,9.83,1.15,98.85
1998-01-09,9.68,9.84,1.74,98.26
1998-01-12,9.87,9.84,0.27,99.73
1998-01-13,10.07,9.91,1.58,98.42
1998-01-14,9.99,10.03,0.42,99.58
1998-01-15,10.08,10.16,0.77,99.23
1998-01-16,10.3,10.16,1.4,98.6
1998-01-20,10.5,10.52,0.18,99.82
1998-01-21,10.44,10.43,0.02,99.98
1998-01-22,10.56,10.49,0.69,99.31
1998-01-23,10.53,10.5,0.31,99.69
1998-01-26,10.8,10.6,1.81,98.19
1998-01-27,11.06,10.69,3.39,96.61
1998-01-28,11.35,11.02,2.89,97.11
1998-01-29,11.29,11.02,2.41,97.59
1998-01-30,11.37,11.1,2.34,97.66
1998-02-02,11.8,11.71,0.71,99.29
1998-02-03,11.88,11.72,1.27,98.73
1998-02-04,11.95,12.3,2.96,97.04
1998-02-05,11.84,12.31,3.96,96.04
1998-02-06,12.05,12.31,2.19,97.81
1998-02-09,11.98,12.31,2.78,97.22
1998-02-10,12.13,12.31,1.47,98.53
1998-02-11,12.11,12.32,1.73,98.27
1998-02-12,12.09,12.32,1.85,98.15
1998-02-13,12.0,12.23,1.96,98.04
1998-02-17,11.76,12.01,2.1,97.9
1998-02-18,11.78,11.93,1.24,98.76
1998-02-19,11.8,12.0,1.72,98.28
1998-02-20,11.82,11.97,1.31,98.69
1998-02-23,12.44,12.01,3.45,96.55
1998-02-24,12.51,12.01,4.04,95.96
1998-02-25,12.94,12.16,6.05,93.95
1998-02-26,13.03,12.19,6.42,93.58
1998-02-27,12.91,12.15,5.89,94.11
1998-03-02,12.69,12.01,5.41,94.59
1998-03-03,12.87,12.01,6.74,93.26
1998-03-04,12.54,12.14,3.18,96.82
1998-03-05,12.2,12.01,1.51,98.49
1998-03-06,12.61,12.21,3.14,96.86
1998-03-09,12.13,12.08,0.43,99.57
1998-03-10,12.42,12.14,2.21,97.79
1998-03-11,12.29,12.14,1.23,98.77
1998-03-12,12.47,12.14,2.66,97.34
1998-03-13,12.55,12.67,0.95,99.05
1998-03-16,12.49,12.67,1.41,98.59
1998-03-17,12.25,12.55,2.47,97.53
1998-03-18,12.46,12.57,0.91,99.09
1998-03-19,12.49,12.6,0.83,99.17
1998-03-20,12.47,12.6,1.06,98.94
1998-03-23,12.78,12.67,0.86,99.14
1998-03-24,12.94,12.8,1.1,98.9
1998-03-25,13.53,13.09,3.24,96.76
1998-03-26,13.45,12.97,3.53,96.47
1998-03-27,13.38,13.16,1.67,98.33
1998-03-30,13.4,13.15,1.88,98.12
1998-03-31,13.64,13.23,2.97,97.03
1998-04-01,13.77,13.87,0.69,99.31
1998-04-02,13.91,13.91,0.04,99.96
1998-04-03,14.17,13.93,1.67,98.33
1998-04-06,13.7,13.83,0.94,99.06
1998-04-07,13.29,13.61,2.39,97.61
1998-04-08,13.55,13.68,0.96,99.04
1998-04-09,13.56,13.68,0.89,99.11
1998-04-13,13.5,13.6,0.71,99.29
1998-04-14,13.47,13.54,0.51,99.49
1998-04-15,13.92,13.48,3.21,96.79
1998-04-16,13.97,14.28,2.22,97.78
1998-04-17,14.04,14.28,1.73,98.27
1998-04-20,14.42,14.36,0.39,99.61
1998-04-21,14.46,14.33,0.89,99.11
1998-04-22,15.07,14.45,4.09,95.91
1998-04-23,14.4,14.15,1.69,98.31
1998-04-24,14.04,14.03,0.08,99.92
1998-04-27,13.76,14.03,1.93,98.07
1998-04-28,13.69,14.15,3.37,96.63
1998-04-29,13.79,14.09,2.16,97.84
1998-04-30,13.73,14.03,2.14,97.86
1998-05-01,13.66,14.03,2.71,97.29
1998-05-04,13.42,14.03,4.53,95.47
1998-05-05,13.37,13.9,3.99,96.01
1998-05-06,13.16,13.9,5.65,94.35
1998-05-07,12.7,13.63,7.28,92.72
1998-05-08,13.07,13.63,4.31,95.69
1998-05-11,12.84,13.62,6.12,93.88
1998-05-12,13.06,13.54,3.72,96.28
1998-05-13,13.25,13.63,2.89,97.11
1998-05-14,13.55,13.26,2.14,97.86
1998-05-15,13.63,13.35,2.03,97.97
1998-05-18,13.11,13.23,0.88,99.12
1998-05-19,13.18,13.23,0.37,99.63
1998-05-20,13.07,12.55,3.96,96.04
1998-05-21,13.16,13.26,0.73,99.27
1998-05-22,13.04,13.27,1.82,98.18
1998-05-26,12.74,13.22,3.79,96.21
1998-05-27,13.1,13.35,1.85,98.15
1998-05-28,13.15,13.48,2.46,97.54
1998-05-29,12.92,13.35,3.28,96.72
1998-06-01,12.76,13.35,4.59,95.41
1998-06-02,13.03,13.35,2.45,97.55
1998-06-03,12.85,13.27,3.33,96.67
1998-06-04,13.11,13.26,1.1,98.9
1998-06-05,13.14,13.25,0.79,99.21
1998-06-08,13.06,13.35,2.22,97.78
1998-06-09,13.27,13.35,0.61,99.39
1998-06-10,13.1,13.35,1.85,98.15
1998-06-11,13.0,13.32,2.49,97.51
1998-06-12,13.07,13.35,2.15,97.85
1998-06-15,13.09,13.48,2.91,97.09
1998-06-16,13.69,13.6,0.69,99.31
1998-06-17,13.87,13.61,1.9,98.1
1998-06-18,13.89,13.77,0.89,99.11
1998-06-19,14.43,13.91,3.6,96.4
1998-06-22,14.6,13.91,4.74,95.26
1998-06-23,15.35,14.66,4.47,95.53
1998-06-24,15.99,14.68,8.18,91.82
1998-06-25,15.47,14.78,4.48,95.52
1998-06-26,15.91,14.81,6.94,93.06
1998-06-29,16.37,15.27,6.72,93.28
1998-06-30,16.51,15.33,7.17,92.83
1998-07-01,16.67,15.77,5.4,94.6
1998-07-02,16.34,15.93,2.53,97.47
1998-07-06,16.43,16.28,0.92,99.08
1998-07-07,16.45,16.43,0.1,99.9
1998-07-08,16.74,16.43,1.86,98.14
1998-07-09,16.91,16.43,2.86,97.14
1998-07-10,17.25,16.58,3.87,96.13
1998-07-13,17.91,16.89,5.7,94.3
1998-07-14,17.75,16.94,4.59,95.41
1998-07-15,17.88,17.37,2.89,97.11
1998-07-16,17.88,17.66,1.25,98.75
1998-07-17,17.97,18.01,0.23,99.77
1998-07-20,17.83,17.78,0.26,99.74
1998-07-21,17.19,17.55,2.08,97.92
1998-07-22,17.79,17.68,0.62,99.38
1998-07-23,17.22,17.62,2.36,97.64
1998-07-24,17.34,17.67,1.92,98.08
1998-07-27,17.79,17.81,0.1,99.9
1998-07-28,17.1,17.51,2.37,97.63
1998-07-29,16.87,17.2,2.0,98.0
1998-07-30,17.28,17.27,0.11,99.89
1998-07-31,16.75,16.94,1.12,98.88
1998-08-03,16.52,16.94,2.52,97.48
1998-08-04,15.92,16.7,4.88,95.12
1998-08-05,15.89,16.43,3.37,96.63
1998-08-06,16.28,16.39,0.67,99.33
1998-08-07,16.13,16.2,0.45,99.55
1998-08-10,15.91,16.14,1.4,98.6
1998-08-11,15.76,15.94,1.14,98.86
1998-08-12,16.01,16.1,0.57,99.43
1998-08-13,15.84,15.98,0.89,99.11
1998-08-14,15.88,15.87,0.06,99.94
1998-08-17,16.35,16.07,1.72,98.28
1998-08-18,16.95,16.4,3.25,96.75
1998-08-19,16.85,16.24,3.57,96.43
1998-08-20,17.15,16.54,3.56,96.44
1998-08-21,16.86,16.54,1.88,98.12
1998-08-24,16.82,16.72,0.59,99.41
1998-08-25,17.19,16.95,1.4,98.6
1998-08-26,17.15,16.96,1.11,98.89
1998-08-27,16.65,16.82,1.07,98.93
1998-08-28,16.04,16.62,3.62,96.38
1998-08-31,14.62,16.35,11.87,88.13
1998-09-01,15.43,16.28,5.55,94.45
1998-09-02,15.32,16.18,5.59,94.41
1998-09-03,15.12,15.9,5.17,94.83
1998-09-04,14.72,15.58,5.83,94.17
1998-09-08,15.54,15.62,0.51,99.49
1998-09-09,15.58,15.62,0.23,99.77
1998-09-10,15.35,15.44,0.59,99.41
1998-09-11,15.88,15.64,1.53,98.47
1998-09-14,16.15,15.68,2.89,97.11
1998-09-15,16.5,15.73,4.71,95.29
1998-09-16,16.48,15.73,4.6,95.4
1998-09-17,15.99,15.73,1.65,98.35
1998-09-18,16.06,16.06,0.02,99.98
1998-09-21,16.44,16.46,0.16,99.84
1998-09-22,16.64,16.42,1.33,98.67
1998-09-23,17.31,16.81,2.88,97.12
1998-09-24,16.78,16.73,0.32,99.68
1998-09-25,17.23,16.88,2.03,97.97
1998-09-28,16.96,16.86,0.57,99.43
1998-09-29,17.2,16.97,1.31,98.69
1998-09-30,16.77,16.96,1.14,98.86
1998-10-01,15.86,16.62,4.8,95.2
1998-10-02,15.87,16.51,4.06,95.94
1998-10-05,15.42,16.17,4.91,95.09
1998-10-06,14.87,15.76,5.94,94.06
1998-10-07,14.34,15.76,9.88,90.12
1998-10-08,13.89,15.52,11.74,88.26
1998-10-09,14.76,15.57,5.51,94.49
1998-10-12,15.2,15.23,0.18,99.82
1998-10-13,14.69,14.59,0.73,99.27
1998-10-14,15.27,14.86,2.64,97.36
1998-10-15,16.07,15.08,6.14,93.86
1998-10-16,16.01,15.1,5.7,94.3
1998-10-19,15.68,15.23,2.92,97.08
1998-10-20,15.27,15.23,0.32,99.68
1998-10-21,16.22,15.49,4.48,95.52
1998-10-22,16.76,15.62,6.81,93.19
1998-10-23,16.21,15.9,1.9,98.1
1998-10-26,16.31,16.09,1.35,98.65
1998-10-27,16.07,16.09,0.17,99.83
1998-10-28,16.1,16.17,0.44,99.56
1998-10-29,16.25,16.31,0.41,99.59
1998-10-30,16.13,16.19,0.35,99.65
1998-11-02,16.12,16.42,1.82,98.18
1998-11-03,16.03,16.19,1.0,99.0
1998-11-04,16.07,16.06,0.1,99.9
1998-11-05,16.21,16.06,0.92,99.08
1998-11-06,16.66,16.31,2.06,97.94
1998-11-09,16.87,16.59,1.6,98.4
1998-11-10,17.07,16.69,2.24,97.76
1998-11-11,16.92,16.4,3.11,96.89
1998-11-12,16.57,16.46,0.64,99.36
1998-11-13,16.76,16.6,0.95,99.05
1998-11-16,16.58,16.81,1.39,98.61
1998-11-17,17.05,17.06,0.08,99.92
1998-11-18,16.72,16.82,0.61,99.39
1998-11-19,17.03,16.93,0.55,99.45
1998-11-20,17.31,17.06,1.46,98.54
1998-11-23,18.16,17.48,3.72,96.28
1998-11-24,18.54,17.58,5.19,94.81
1998-11-25,18.93,17.82,5.85,94.15
1998-11-27,19.51,18.45,5.47,94.53
1998-11-30,18.59,18.17,2.24,97.76
1998-12-01,19.73,18.66,5.43,94.57
1998-12-02,19.31,18.87,2.3,97.7
1998-12-03,18.61,18.74,0.72,99.28
1998-12-04,19.41,19.04,1.88,98.12
1998-12-07,20.35,19.28,5.25,94.75
1998-12-08,19.99,19.1,4.42,95.58
1998-12-09,20.36,19.7,3.24,96.76
1998-12-10,20.05,19.9,0.71,99.29
1998-12-11,20.42,19.9,2.52,97.48
1998-12-14,19.49,19.91,2.15,97.85
1998-12-15,20.09,19.91,0.9,99.1
1998-12-16,20.38,19.96,2.05,97.95
1998-12-17,20.47,19.89,2.84,97.16
1998-12-18,21.0,20.2,3.81,96.19
1998-12-21,21.4,20.52,4.09,95.91
1998-12-22,21.09,20.52,2.71,97.29
1998-12-23,21.87,21.27,2.76,97.24
1998-12-24,21.6,21.09,2.36,97.64
1998-12-28,21.69,21.39,1.42,98.58
1998-12-29,21.41,21.43,0.09,99.91
1998-12-30,21.18,21.51,1.54,98.46
1998-12-31,21.13,21.55,1.97,98.03
1999-01-04,21.48,21.71,1.07,98.93
1999-01-05,22.32,22.27,0.24,99.76
1999-01-06,23.05,22.27,3.37,96.63
1999-01-07,22.93,22.12,3.56,96.44
1999-01-08,22.84,22.32,2.27,97.73
1999-01-11,22.47,22.19,1.29,98.71
1999-01-12,21.66,22.29,2.89,97.11
1999-01-13,21.91,22.48,2.57,97.43
1999-01-14,21.6,22.1,2.32,97.68
1999-01-15,22.82,22.06,3.32,96.68
1999-01-19,23.71,22.4,5.53,94.47
1999-01-20,24.78,22.88,7.65,92.35
1999-01-21,24.12,23.39,3.04,96.96
1999-01-22,23.81,23.21,2.52,97.48
1999-01-25,24.66,23.56,4.46,95.54
1999-01-26,26.14,23.82,8.87,91.13
1999-01-27,25.69,23.92,6.89,93.11
1999-01-28,26.51,24.6,7.22,92.78
1999-01-29,26.66,25.16,5.62,94.38
1999-02-01,26.35,25.6,2.85,97.15
1999-02-02,25.54,25.6,0.23,99.77
1999-02-03,25.42,26.03,2.42,97.58
1999-02-04,24.24,25.56,5.48,94.52
1999-02-05,24.38,25.39,4.16,95.84
1999-02-08,25.18,25.39,0.85,99.15
1999-02-09,24.39,24.89,2.06,97.94
1999-02-10,24.47,24.65,0.74,99.26
1999-02-11,24.8,24.88,0.35,99.65
1999-02-12,24.04,24.36,1.34,98.66
1999-02-16,23.81,23.77,0.15,99.85
1999-02-17,22.85,23.66,3.52,96.48
1999-02-18,22.21,23.53,5.94,94.06
1999-02-19,22.51,23.09,2.58,97.42
1999-02-22,22.67,22.68,0.02,99.98
1999-02-23,23.68,23.1,2.47,97.53
1999-02-24,23.29,22.97,1.37,98.63
1999-02-25,23.39,23.43,0.19,99.81
1999-02-26,22.87,22.94,0.27,99.73
1999-03-01,23.12,22.6,2.25,97.75
1999-03-02,22.64,22.66,0.11,99.89
1999-03-03,22.8,22.66,0.61,99.39
1999-03-04,23.2,22.78,1.78,98.22
1999-03-05,23.61,22.63,4.14,95.86
1999-03-08,24.23,23.43,3.29,96.71
1999-03-09,24.65,24.22,1.78,98.22
1999-03-10,24.59,24.5,0.37,99.63
1999-03-11,24.6,24.5,0.41,99.59
1999-03-12,24.41,24.23,0.71,99.29
1999-03-15,25.27,24.36,3.61,96.39
1999-03-16,25.76,25.12,2.5,97.5
1999-03-17,25.46,25.11,1.4,98.6
1999-03-18,26.27,26.31,0.13,99.87
1999-03-19,26.08,25.85,0.88,99.12
1999-03-22,26.33,26.44,0.4,99.6
1999-03-23,25.38,26.11,2.88,97.12
1999-03-24,26.09,26.11,0.08,99.92
1999-03-25,27.42,26.27,4.17,95.83
1999-03-26,27.14,27.02,0.43,99.57
1999-03-29,28.15,27.02,4.01,95.99
1999-03-30,28.34,27.02,4.64,95.36
1999-03-31,27.31,27.11,0.75,99.25
1999-04-01,28.24,27.39,3.03,96.97
1999-04-05,28.93,27.98,3.28,96.72
1999-04-06,28.66,28.13,1.85,98.15
1999-04-07,28.44,28.13,1.06,98.94
1999-04-08,28.82,28.27,1.89,98.11
1999-04-09,28.72,28.63,0.3,99.7
1999-04-12,28.34,28.37,0.09,99.91
1999-04-13,27.46,28.37,3.29,96.71
1999-04-14,26.17,27.92,6.69,93.31
1999-04-15,27.08,27.73,2.39,97.61
1999-04-16,26.4,27.71,4.96,95.04
1999-04-19,24.68,26.64,7.94,92.06
1999-04-20,25.33,26.64,5.18,94.82
1999-04-21,24.99,26.36,5.49,94.51
1999-04-22,25.88,25.78,0.39,99.61
1999-04-23,26.21,25.65,2.14,97.86
1999-04-26,26.82,25.57,4.65,95.35
1999-04-27,25.6,25.29,1.19,98.81
1999-04-28,25.03,25.05,0.11,99.89
1999-04-29,25.01,25.05,0.19,99.81
1999-04-30,24.78,25.17,1.57,98.43
1999-05-03,24.34,25.23,3.67,96.33
1999-05-04,23.79,24.53,3.12,96.88
1999-05-05,24.11,24.17,0.23,99.77
1999-05-06,23.75,23.84,0.37,99.63
1999-05-07,24.09,24.36,1.1,98.9
1999-05-10,24.28,24.24,0.18,99.82
1999-05-11,24.34,24.36,0.07,99.93
1999-05-12,24.53,24.02,2.08,97.92
1999-05-13,24.11,23.66,1.88,98.12
1999-05-14,23.43,23.53,0.43,99.57
1999-05-17,24.11,23.46,2.69,97.31
1999-05-18,23.98,23.66,1.33,98.67
1999-05-19,24.17,23.79,1.55,98.45
1999-05-20,23.9,23.74,0.68,99.32
1999-05-21,23.64,23.81,0.72,99.28
1999-05-24,23.54,23.92,1.62,98.38
1999-05-25,23.24,23.74,2.17,97.83
1999-05-26,23.92,24.09,0.72,99.28
1999-05-27,23.88,23.92,0.17,99.83
1999-05-28,24.59,23.72,3.54,96.46
1999-06-01,23.92,23.41,2.14,97.86
1999-06-02,23.9,23.9,0.01,99.99
1999-06-03,23.27,23.76,2.08,97.92
1999-06-04,24.25,24.28,0.13,99.87
1999-06-07,24.45,24.19,1.1,98.9
1999-06-08,24.19,24.05,0.59,99.41
1999-06-09,25.08,24.32,3.03,96.97
1999-06-10,24.34,24.23,0.45,99.55
1999-06-11,23.81,24.05,1.0,99.0
1999-06-14,23.64,24.05,1.74,98.26
1999-06-15,23.67,24.19,2.16,97.84
1999-06-16,24.68,24.29,1.58,98.42
1999-06-17,25.25,24.59,2.64,97.36
1999-06-18,25.9,24.58,5.11,94.89
1999-06-21,27.1,25.6,5.55,94.45
1999-06-22,26.36,25.07,4.9,95.1
1999-06-23,26.21,25.34,3.3,96.7
1999-06-24,25.79,25.56,0.87,99.13
1999-06-25,25.88,25.56,1.27,98.73
1999-06-28,26.44,26.49,0.19,99.81
1999-06-29,26.82,26.47,1.28,98.72
1999-06-30,27.48,27.02,1.69,98.31
1999-07-01,27.79,27.62,0.6,99.4
1999-07-02,28.04,28.09,0.2,99.8
1999-07-06,27.29,27.39,0.35,99.65
1999-07-07,28.13,27.96,0.59,99.41
1999-07-08,28.21,27.97,0.85,99.15
1999-07-09,28.42,28.32,0.36,99.64
1999-07-12,28.7,27.86,2.93,97.07
1999-07-13,28.53,28.4,0.47,99.53
1999-07-14,28.93,28.61,1.1,98.9
1999-07-15,28.76,29.57,2.84,97.16
1999-07-16,30.3,29.64,2.18,97.82
1999-07-19,29.98,29.54,1.47,98.53
1999-07-20,28.44,28.51,0.25,99.75
1999-07-21,28.85,28.5,1.23,98.77
1999-07-22,27.75,27.97,0.78,99.22
1999-07-23,27.5,27.75,0.91,99.09
1999-07-26,26.7,27.75,3.93,96.07
1999-07-27,27.06,27.65,2.17,97.83
1999-07-28,27.43,27.75,1.19,98.81
1999-07-29,26.49,27.2,2.69,97.31
1999-07-30,26.15,26.93,2.98,97.02
1999-08-02,25.85,26.63,3.04,96.96
1999-08-03,25.83,26.41,2.25,97.75
1999-08-04,25.88,26.11,0.88,99.12
1999-08-05,26.13,25.86,1.02,98.98
1999-08-06,25.94,25.29,2.51,97.49
1999-08-09,25.54,25.37,0.65,99.35
1999-08-10,25.27,25.29,0.06,99.94
1999-08-11,25.65,25.04,2.4,97.6
1999-08-12,24.91,25.01,0.39,99.61
1999-08-13,25.81,25.64,0.67,99.33
1999-08-16,25.69,25.42,1.07,98.93
1999-08-17,25.77,25.17,2.33,97.67
1999-08-18,25.9,25.65,0.97,99.03
1999-08-19,25.54,25.64,0.37,99.63
1999-08-20,25.41,25.75,1.36,98.64
1999-08-23,26.34,26.3,0.17,99.83
1999-08-24,28.09,26.78,4.66,95.34
1999-08-25,29.04,27.04,6.9,93.1
1999-08-26,28.84,27.04,6.23,93.77
1999-08-27,28.42,27.41,3.56,96.44
1999-08-30,28.11,27.91,0.73,99.27
1999-08-31,28.21,28.13,0.26,99.74
1999-09-01,28.15,28.46,1.09,98.91
1999-09-02,27.98,28.47,1.76,98.24
1999-09-03,29.22,28.7,1.78,98.22
1999-09-07,28.72,28.99,0.95,99.05
1999-09-08,28.11,28.52,1.45,98.55
1999-09-09,28.66,28.99,1.15,98.85
1999-09-10,28.95,29.05,0.36,99.64
1999-09-13,28.61,28.72,0.39,99.61
1999-09-14,28.97,28.91,0.2,99.8
1999-09-15,28.23,28.23,0.0,100.0
1999-09-16,28.64,28.35,1.03,98.97
1999-09-17,29.39,28.91,1.63,98.37
1999-09-20,29.73,29.9,0.58,99.42
1999-09-21,28.84,29.64,2.79,97.21
1999-09-22,29.27,29.73,1.56,98.44
1999-09-23,27.79,29.17,4.98,95.02
1999-09-24,27.71,28.14,1.56,98.44
1999-09-27,27.86,27.75,0.4,99.6
1999-09-28,28.07,27.97,0.38,99.62
1999-09-29,27.27,27.57,1.08,98.92
1999-09-30,27.6,27.57,0.1,99.9
1999-10-01,27.42,27.64,0.78,99.22
1999-10-04,28.21,27.75,1.61,98.39
1999-10-05,27.98,27.41,2.02,97.98
1999-10-06,28.55,27.41,3.98,96.02
1999-10-07,28.57,27.39,4.13,95.87
1999-10-08,28.93,27.39,5.33,94.67
1999-10-11,28.74,27.78,3.35,96.65
1999-10-12,28.21,27.62,2.07,97.93
1999-10-13,27.75,27.97,0.78,99.22
1999-10-14,27.64,27.78,0.51,99.49
1999-10-15,26.84,27.57,2.73,97.27
1999-10-18,26.78,27.49,2.66,97.34
1999-10-19,26.3,27.2,3.43,96.57
1999-10-20,28.11,27.73,1.37,98.63
1999-10-21,28.36,27.82,1.91,98.09
1999-10-22,28.24,27.45,2.82,97.18
1999-10-25,28.17,27.55,2.18,97.82
1999-10-26,28.15,27.15,3.55,96.45
1999-10-27,27.69,27.03,2.38,97.62
1999-10-28,27.39,26.93,1.68,98.32
1999-10-29,28.21,27.39,2.9,97.1
1999-11-01,28.15,27.41,2.62,97.38
1999-11-02,28.21,27.88,1.16,98.84
1999-11-03,28.04,27.88,0.55,99.45
1999-11-04,27.96,28.14,0.66,99.34
1999-11-05,27.9,28.14,0.86,99.14
1999-11-08,27.41,28.14,2.69,97.31
1999-11-09,27.08,26.63,1.67,98.33
1999-11-10,26.55,26.4,0.58,99.42
1999-11-11,27.31,26.56,2.76,97.24
1999-11-12,27.18,26.48,2.57,97.43
1999-11-15,26.51,26.22,1.09,98.91
1999-11-16,26.61,26.43,0.66,99.34
1999-11-17,25.9,26.22,1.24,98.76
1999-11-18,25.88,25.86,0.07,99.93
1999-11-19,26.21,25.98,0.86,99.14
1999-11-22,27.37,26.58,2.89,97.11
1999-11-23,27.31,26.12,4.37,95.63
1999-11-24,27.94,26.42,5.46,94.54
1999-11-26,27.77,26.8,3.48,96.52
1999-11-29,27.48,27.1,1.4,98.6
1999-11-30,27.74,27.24,1.82,98.18
1999-12-01,28.4,28.12,0.99,99.01
1999-12-02,28.89,28.0,3.09,96.91
1999-12-03,29.29,28.22,3.67,96.33
1999-12-06,29.08,28.69,1.34,98.66
1999-12-07,28.34,28.52,0.63,99.37
1999-12-08,27.96,28.74,2.79,97.21
1999-12-09,28.26,28.99,2.58,97.42
1999-12-10,28.61,28.99,1.36,98.64
1999-12-13,29.44,28.74,2.4,97.6
1999-12-14,30.07,29.05,3.39,96.61
1999-12-15,33.04,30.48,7.76,92.24
1999-12-16,34.64,31.37,9.46,90.54
1999-12-17,35.12,32.33,7.95,92.05
1999-12-20,34.36,32.09,6.61,93.39
1999-12-21,35.31,32.37,8.34,91.66
1999-12-22,35.83,33.31,7.02,92.98
1999-12-23,35.79,34.61,3.3,96.7
1999-12-27,36.3,34.74,4.31,95.69
1999-12-28,35.81,36.5,1.94,98.06
1999-12-29,35.94,36.56,1.72,98.28
1999-12-30,35.84,36.68,2.33,97.67
1999-12-31,35.58,36.67,3.07,96.93
2000-01-03,35.52,36.54,2.87,97.13
2000-01-04,34.32,35.87,4.52,95.48
2000-01-05,34.68,35.3,1.79,98.21
2000-01-06,33.52,34.24,2.15,97.85
2000-01-07,33.96,34.24,0.83,99.17
2000-01-10,34.21,34.76,1.62,98.38
2000-01-11,33.33,33.08,0.76,99.24
2000-01-12,32.24,32.75,1.56,98.44
2000-01-13,32.85,32.85,0.01,99.99
2000-01-14,34.21,33.21,2.9,97.1
2000-01-18,35.14,33.68,4.16,95.84
2000-01-19,32.61,32.17,1.34,98.66
2000-01-20,32.3,32.16,0.45,99.55
2000-01-21,31.62,31.99,1.17,98.83
2000-01-24,30.85,31.87,3.3,96.7
2000-01-25,31.33,32.24,2.89,97.11
2000-01-26,30.28,31.87,5.25,94.75
2000-01-27,30.09,30.78,2.29,97.71
2000-01-28,29.94,30.54,2.02,97.98
2000-01-31,29.83,30.54,2.41,97.59
2000-02-01,31.37,31.12,0.78,99.22
2000-02-02,30.72,31.15,1.4,98.6
2000-02-03,31.58,31.15,1.35,98.65
2000-02-04,32.47,31.12,4.15,95.85
2000-02-07,32.49,30.91,4.88,95.12
2000-02-08,33.5,31.73,5.3,94.7
2000-02-09,31.69,31.15,1.71,98.29
2000-02-10,32.3,31.64,2.04,97.96
2000-02-11,30.45,31.18,2.37,97.63
2000-02-14,30.36,31.15,2.61,97.39
2000-02-15,30.04,31.18,3.8,96.2
2000-02-16,29.75,31.18,4.79,95.21
2000-02-17,30.36,31.57,3.97,96.03
2000-02-18,28.97,31.15,7.53,92.47
2000-02-22,28.59,29.96,4.82,95.18
2000-02-23,28.72,30.12,4.86,95.14
2000-02-24,28.87,29.84,3.35,96.65
2000-02-25,27.83,29.22,5.01,94.99
2000-02-28,27.9,29.23,4.76,95.24
2000-02-29,27.24,27.91,2.47,97.53
2000-03-01,27.67,28.27,2.15,97.85
2000-03-02,28.45,27.73,2.56,97.44
2000-03-03,29.29,28.32,3.32,96.68
2000-03-06,27.62,27.92,1.1,98.9
2000-03-07,28.3,27.89,1.45,98.55
2000-03-08,29.12,28.21,3.13,96.87
2000-03-09,30.47,28.53,6.38,93.62
2000-03-10,30.78,29.33,4.71,95.29
2000-03-13,29.86,29.16,2.37,97.63
2000-03-14,28.99,28.89,0.32,99.68
2000-03-15,29.06,29.47,1.39,98.61
2000-03-16,29.06,29.73,2.29,97.71
2000-03-17,30.28,29.9,1.26,98.74
2000-03-20,29.67,29.9,0.77,99.23
2000-03-21,31.31,30.11,3.82,96.18
2000-03-22,31.46,30.87,1.9,98.1
2000-03-23,34.09,31.26,8.29,91.71
2000-03-24,34.03,32.14,5.56,94.44
2000-03-27,31.71,30.98,2.3,97.7
2000-03-28,31.79,30.98,2.53,97.47
2000-03-29,32.66,30.97,5.17,94.83
2000-03-30,31.5,31.64,0.45,99.55
2000-03-31,32.38,31.93,1.4,98.6
2000-04-03,27.69,30.21,9.09,90.91
2000-04-04,26.99,30.21,11.93,88.07
2000-04-05,26.32,29.85,13.39,86.61
2000-04-06,26.21,28.68,9.43,90.57
2000-04-07,27.14,28.9,6.47,93.53
2000-04-10,26.23,28.49,8.64,91.36
2000-04-11,25.56,27.74,8.53,91.47
2000-04-12,24.19,26.97,11.5,88.5
2000-04-13,24.15,25.89,7.2,92.8
2000-04-14,22.59,25.48,12.8,87.2
2000-04-17,23.12,24.49,5.92,94.08
2000-04-18,24.55,23.63,3.76,96.24
2000-04-19,23.98,23.48,2.09,97.91
2000-04-20,24.05,23.12,3.9,96.1
2000-04-24,20.3,23.12,13.86,86.14
2000-04-25,21.14,22.58,6.83,93.17
2000-04-26,20.72,21.78,5.11,94.89
2000-04-27,21.27,21.76,2.26,97.74
2000-04-28,21.26,21.15,0.48,99.52
2000-05-01,22.38,21.31,4.75,95.25
2000-05-02,21.29,21.26,0.18,99.82
2000-05-03,21.5,21.43,0.35,99.65
2000-05-04,21.46,21.43,0.18,99.82
2000-05-05,21.67,21.77,0.47,99.53
2000-05-08,21.27,21.66,1.8,98.2
2000-05-09,20.66,21.08,2.0,98.0
2000-05-10,20.17,21.08,4.5,95.5
2000-05-11,20.68,21.26,2.76,97.24
2000-05-12,20.97,21.93,4.6,95.4
2000-05-15,21.14,21.73,2.8,97.2
2000-05-16,21.18,21.75,2.71,97.29
2000-05-17,20.63,21.22,2.86,97.14
2000-05-18,20.17,20.95,3.85,96.15
2000-05-19,19.83,20.47,3.23,96.77
2000-05-22,19.56,20.5,4.82,95.18
2000-05-23,19.26,19.91,3.38,96.62
2000-05-24,19.98,20.19,1.05,98.95
2000-05-25,18.74,19.51,4.1,95.9
2000-05-26,18.72,19.12,2.15,97.85
2000-05-30,19.31,19.53,1.12,98.88
2000-05-31,19.06,19.28,1.14,98.86
2000-06-01,19.67,19.24,2.21,97.79
2000-06-02,20.21,19.37,4.15,95.85
2000-06-05,20.38,19.37,4.96,95.04
2000-06-06,21.22,19.68,7.23,92.77
2000-06-07,21.48,19.89,7.41,92.59
2000-06-08,20.97,20.1,4.16,95.84
2000-06-09,20.97,20.14,3.97,96.03
2000-06-12,20.38,20.52,0.7,99.3
2000-06-13,20.68,20.56,0.58,99.42
2000-06-14,21.48,20.99,2.29,97.71
2000-06-15,22.06,21.55,2.31,97.69
2000-06-16,22.11,21.55,2.56,97.44
2000-06-19,22.45,21.89,2.51,97.49
2000-06-20,22.84,22.36,2.1,97.9
2000-06-21,24.59,22.71,7.66,92.34
2000-06-22,24.34,23.21,4.65,95.35
2000-06-23,23.67,22.88,3.34,96.66
2000-06-26,24.23,23.51,2.95,97.05
2000-06-27,24.02,23.56,1.91,98.09
2000-06-28,24.05,24.31,1.07,98.93
2000-06-29,23.52,24.36,3.57,96.43
2000-06-30,24.38,24.87,2.03,97.97
2000-07-03,24.38,24.78,1.66,98.34
2000-07-05,23.92,24.85,3.89,96.11
2000-07-06,24.66,25.09,1.72,98.28
2000-07-07,24.99,25.16,0.71,99.29
2000-07-10,24.21,25.06,3.5,96.5
2000-07-11,24.11,24.88,3.2,96.8
2000-07-12,24.47,24.46,0.04,99.96
2000-07-13,24.36,24.65,1.21,98.79
2000-07-14,24.05,24.36,1.27,98.73
2000-07-17,23.83,23.92,0.4,99.6
2000-07-18,23.92,24.03,0.45,99.55
2000-07-19,22.28,23.46,5.29,94.71
2000-07-20,22.8,23.43,2.79,97.21
2000-07-21,22.04,22.74,3.17,96.83
2000-07-24,21.5,22.72,5.66,94.34
2000-07-25,21.03,22.41,6.56,93.44
2000-07-26,20.66,21.8,5.49,94.51
2000-07-27,21.14,21.62,2.28,97.72
2000-07-28,21.24,21.71,2.23,97.77
2000-07-31,21.27,21.04,1.1,98.9
2000-08-01,20.93,20.94,0.06,99.94
2000-08-02,21.14,20.78,1.71,98.29
2000-08-03,21.41,20.9,2.38,97.62
2000-08-04,21.06,20.78,1.37,98.63
2000-08-07,21.33,20.79,2.53,97.47
2000-08-08,22.59,21.61,4.32,95.68
2000-08-09,22.63,21.55,4.76,95.24
2000-08-10,22.13,21.61,2.34,97.66
2000-08-11,22.07,21.76,1.41,98.59
2000-08-14,22.0,21.97,0.12,99.88
2000-08-15,21.83,21.96,0.61,99.39
2000-08-16,21.64,21.91,1.24,98.76
2000-08-17,21.81,22.0,0.86,99.14
2000-08-18,21.64,21.93,1.35,98.65
2000-08-21,21.52,22.0,2.2,97.8
2000-08-22,21.71,22.0,1.31,98.69
2000-08-23,21.56,21.79,1.06,98.94
2000-08-24,21.67,22.0,1.48,98.52
2000-08-25,21.52,21.84,1.47,98.53
2000-08-28,21.73,20.91,3.79,96.21
2000-08-29,21.62,20.79,3.85,96.15
2000-08-30,21.33,20.8,2.49,97.51
2000-08-31,21.27,20.8,2.23,97.77
2000-09-01,21.39,21.04,1.64,98.36
2000-09-05,21.37,21.02,1.62,98.38
2000-09-06,21.16,21.02,0.64,99.36
2000-09-07,21.35,21.02,1.53,98.47
2000-09-08,21.12,20.9,1.04,98.96
2000-09-11,20.97,20.83,0.66,99.34
2000-09-12,20.76,20.5,1.25,98.75
2000-09-13,20.8,20.51,1.36,98.64
2000-09-14,20.06,20.4,1.7,98.3
2000-09-15,19.56,20.27,3.63,96.37
2000-09-18,19.2,19.83,3.31,96.69
2000-09-19,19.81,19.91,0.49,99.51
2000-09-20,19.58,19.48,0.51,99.49
2000-09-21,19.56,19.49,0.37,99.63
2000-09-22,19.27,19.02,1.31,98.69
2000-09-25,18.66,18.92,1.39,98.61
2000-09-26,19.1,18.78,1.69,98.31
2000-09-27,18.47,18.68,1.11,98.89
2000-09-28,18.68,18.75,0.35,99.65
2000-09-29,18.38,18.14,1.33,98.67
2000-10-02,18.02,18.06,0.21,99.79
2000-10-03,17.24,17.9,3.88,96.12
2000-10-04,16.89,17.9,5.97,94.03
2000-10-05,16.87,17.65,4.61,95.39
2000-10-06,16.93,17.46,3.1,96.9
2000-10-09,16.51,16.9,2.37,97.63
2000-10-10,16.63,16.9,1.67,98.33
2000-10-11,16.99,16.8,1.1,98.9
2000-10-12,16.57,16.8,1.39,98.61
2000-10-13,16.38,16.59,1.31,98.69
2000-10-16,15.35,16.34,6.45,93.55
2000-10-17,15.37,16.28,5.93,94.07
2000-10-18,15.77,16.01,1.55,98.45
2000-10-19,18.86,17.04,9.65,90.35
2000-10-20,19.86,17.39,12.46,87.54
2000-10-23,18.93,17.39,8.14,91.86
2000-10-24,18.74,17.39,7.21,92.79
2000-10-25,18.66,17.49,6.27,93.73
2000-10-26,19.64,17.76,9.57,90.43
2000-10-27,20.63,18.43,10.65,89.35
2000-10-30,21.05,18.83,10.55,89.45
2000-10-31,20.99,19.32,7.96,92.04
2000-11-01,21.22,19.69,7.19,92.81
2000-11-02,21.43,20.42,4.72,95.28
2000-11-03,20.8,20.83,0.15,99.85
2000-11-06,21.18,21.21,0.17,99.83
2000-11-07,21.48,21.91,2.0,98.0
2000-11-08,21.16,21.12,0.19,99.81
2000-11-09,21.6,20.99,2.8,97.2
2000-11-10,20.53,20.88,1.67,98.33
2000-11-13,20.25,20.88,3.11,96.89
2000-11-14,20.97,21.43,2.18,97.82
2000-11-15,21.35,21.4,0.22,99.78
2000-11-16,21.01,21.32,1.47,98.53
2000-11-17,21.05,21.18,0.63,99.37
2000-11-20,20.47,20.96,2.37,97.63
2000-11-21,20.65,20.96,1.52,98.48
2000-11-22,20.8,20.96,0.78,99.22
2000-11-24,21.31,21.32,0.02,99.98
2000-11-27,21.54,21.32,1.04,98.96
2000-11-28,20.42,20.84,2.09,97.91
2000-11-29,19.83,20.78,4.79,95.21
2000-11-30,17.48,19.81,13.29,86.71
2000-12-01,17.26,19.41,12.5,87.5
2000-12-04,17.2,19.04,10.72,89.28
2000-12-05,18.25,18.63,2.1,97.9
2000-12-06,17.27,18.29,5.9,94.1
2000-12-07,16.19,17.86,10.31,89.69
2000-12-08,16.59,17.68,6.59,93.41
2000-12-11,17.69,17.57,0.68,99.32
2000-12-12,17.79,17.24,3.07,96.93
2000-12-13,17.45,17.0,2.55,97.45
2000-12-14,16.91,16.81,0.62,99.38
2000-12-15,14.99,16.71,11.49,88.51
2000-12-18,14.57,16.35,12.24,87.76
2000-12-19,13.66,15.99,17.11,82.89
2000-12-20,12.65,15.75,24.56,75.44
2000-12-21,13.24,15.53,17.35,82.65
2000-12-22,14.15,15.47,9.33,90.67
2000-12-26,14.28,14.35,0.47,99.53
2000-12-27,14.15,14.44,2.03,97.97
2000-12-28,13.58,14.54,7.08,92.92
2000-12-29,13.22,14.15,7.06,92.94
2001-01-02,13.22,14.06,6.41,93.59
2001-01-03,14.61,14.25,2.46,97.54
2001-01-04,14.76,14.46,2.04,97.96
2001-01-05,14.97,14.49,3.18,96.82
2001-01-08,14.91,14.76,1.03,98.97
2001-01-09,15.79,14.89,5.71,94.29
2001-01-10,16.11,15.09,6.32,93.68
2001-01-11,16.76,15.35,8.44,91.56
2001-01-12,16.3,15.24,6.49,93.51
2001-01-16,16.02,15.43,3.69,96.31
2001-01-17,16.13,15.83,1.9,98.1
2001-01-18,16.91,16.31,3.53,96.47
2001-01-19,18.59,16.57,10.84,89.16
2001-01-22,18.32,16.93,7.58,92.42
2001-01-23,18.46,17.4,5.72,94.28
2001-01-24,19.18,17.64,8.0,92.0
2001-01-25,18.84,17.92,4.86,95.14
2001-01-26,19.5,18.35,5.92,94.08
2001-01-29,19.66,18.62,5.29,94.71
2001-01-30,19.31,19.11,1.04,98.96
2001-01-31,18.61,18.9,1.56,98.44
2001-02-01,19.01,19.14,0.71,99.29
2001-02-02,18.53,19.14,3.3,96.7
2001-02-05,18.87,19.32,2.37,97.63
2001-02-06,19.06,19.71,3.38,96.62
2001-02-07,19.71,19.51,1.04,98.96
2001-02-08,18.97,19.13,0.82,99.18
2001-02-09,18.02,18.52,2.76,97.24
2001-02-12,17.9,18.44,3.02,96.98
2001-02-13,17.73,18.26,2.98,97.02
2001-02-14,17.79,18.31,2.95,97.05
2001-02-15,17.92,18.08,0.87,99.13
2001-02-16,17.46,17.66,1.11,98.89
2001-02-20,17.03,17.67,3.76,96.24
2001-02-21,17.14,17.8,3.83,96.17
2001-02-22,16.82,17.27,2.69,97.31
2001-02-23,17.29,17.57,1.58,98.42
2001-02-26,18.15,17.49,3.62,96.38
2001-02-27,18.09,17.26,4.6,95.4
2001-02-28,17.98,17.0,5.42,94.58
2001-03-01,18.09,17.21,4.88,95.12
2001-03-02,17.27,17.26,0.08,99.92
2001-03-05,17.5,17.39,0.65,99.35
2001-03-06,18.11,17.75,2.02,97.98
2001-03-07,18.49,17.92,3.11,96.89
2001-03-08,18.06,17.71,1.91,98.09
2001-03-09,17.27,17.88,3.48,96.52
2001-03-12,15.83,17.59,11.15,88.85
2001-03-13,16.51,17.41,5.44,94.56
2001-03-14,16.46,17.38,5.62,94.38
2001-03-15,16.36,16.77,2.53,97.47
2001-03-16,16.63,16.69,0.39,99.61
2001-03-19,16.55,16.5,0.32,99.68
2001-03-20,16.06,16.31,1.56,98.44
2001-03-21,15.26,16.14,5.77,94.23
2001-03-22,16.46,16.32,0.81,99.19
2001-03-23,17.24,16.53,4.11,95.89
2001-03-26,17.08,16.37,4.16,95.84
2001-03-27,17.75,16.37,7.76,92.24
2001-03-28,16.93,16.37,3.3,96.7
2001-03-29,16.87,16.45,2.54,97.46
2001-03-30,16.67,16.9,1.42,98.58
2001-04-02,17.01,16.83,1.02,98.98
2001-04-03,16.27,16.63,2.26,97.74
2001-04-04,15.83,16.43,3.78,96.22
2001-04-05,17.29,16.78,2.95,97.05
2001-04-06,17.12,16.78,1.98,98.02
2001-04-09,17.42,16.9,2.95,97.05
2001-04-10,18.19,17.14,5.76,94.24
2001-04-11,18.3,17.23,5.82,94.18
2001-04-12,18.95,17.5,7.62,92.38
2001-04-16,18.52,17.67,4.63,95.37
2001-04-17,18.73,17.73,5.35,94.65
2001-04-18,19.94,18.44,7.51,92.49
2001-04-19,20.73,18.88,8.97,91.03
2001-04-20,21.03,19.29,8.26,91.74
2001-04-23,20.8,19.44,6.53,93.47
2001-04-24,20.58,19.8,3.81,96.19
2001-04-25,21.24,20.2,4.87,95.13
2001-04-26,21.07,20.58,2.29,97.71
2001-04-27,20.45,20.6,0.71,99.29
2001-04-30,20.65,20.39,1.26,98.74
2001-05-01,21.38,20.85,2.51,97.49
2001-05-02,21.26,20.98,1.33,98.67
2001-05-03,20.88,20.99,0.49,99.51
2001-05-04,21.56,21.27,1.34,98.66
2001-05-07,21.75,21.27,2.21,97.79
2001-05-08,21.96,21.75,0.97,99.03
2001-05-09,21.45,21.38,0.32,99.68
2001-05-10,21.33,21.32,0.07,99.93
2001-05-11,21.15,21.32,0.8,99.2
2001-05-14,20.94,21.44,2.37,97.63
2001-05-15,20.8,21.08,1.33,98.67
2001-05-16,21.08,21.3,1.06,98.94
2001-05-17,20.77,21.44,3.2,96.8
2001-05-18,20.75,21.18,2.07,97.93
2001-05-21,20.96,20.96,0.01,99.99
2001-05-22,21.43,21.18,1.16,98.84
2001-05-23,21.24,21.32,0.36,99.64
2001-05-24,21.86,20.88,4.46,95.54
2001-05-25,21.61,21.13,2.23,97.77
2001-05-29,21.43,20.86,2.71,97.29
2001-05-30,21.08,20.97,0.53,99.47
2001-05-31,21.08,20.97,0.52,99.48
2001-06-01,21.43,21.33,0.49,99.51
2001-06-04,21.57,21.4,0.8,99.2
2001-06-05,22.12,21.77,1.59,98.41
2001-06-06,22.05,21.68,1.7,98.3
2001-06-07,22.45,22.03,1.88,98.12
2001-06-08,22.3,22.15,0.69,99.31
2001-06-11,21.98,21.84,0.62,99.38
2001-06-12,21.97,21.8,0.76,99.24
2001-06-13,21.54,21.82,1.29,98.71
2001-06-14,21.0,21.28,1.35,98.65
2001-06-15,20.73,21.19,2.22,97.78
2001-06-18,20.38,21.04,3.23,96.77
2001-06-19,20.51,21.09,2.81,97.19
2001-06-20,21.15,21.3,0.72,99.28
2001-06-21,21.28,21.24,0.19,99.81
2001-06-22,20.97,21.09,0.53,99.47
2001-06-25,20.98,20.63,1.69,98.31
2001-06-26,21.37,20.97,1.89,98.11
2001-06-27,21.68,20.9,3.58,96.42
2001-06-28,22.17,21.24,4.17,95.83
2001-06-29,22.25,21.44,3.6,96.4
2001-07-02,21.51,21.09,1.99,98.01
2001-07-03,21.47,21.24,1.08,98.92
2001-07-05,20.88,21.24,1.75,98.25
2001-07-06,20.13,21.09,4.75,95.25
2001-07-09,20.02,20.96,4.71,95.29
2001-07-10,19.65,20.83,6.02,93.98
2001-07-11,20.26,20.83,2.8,97.2
2001-07-12,21.82,20.88,4.3,95.7
2001-07-13,21.74,20.95,3.64,96.36
2001-07-16,21.69,20.88,3.73,96.27
2001-07-17,21.89,21.0,4.07,95.93
2001-07-18,21.5,21.23,1.28,98.72
2001-07-19,22.11,21.24,3.94,96.06
2001-07-20,21.08,20.97,0.53,99.47
2001-07-23,20.44,20.97,2.57,97.43
2001-07-24,20.21,20.83,3.08,96.92
2001-07-25,20.56,21.03,2.28,97.72
2001-07-26,20.29,20.74,2.22,97.78
2001-07-27,19.95,20.68,3.65,96.35
2001-07-30,20.05,20.88,4.14,95.86
2001-07-31,20.17,20.68,2.52,97.48
2001-08-01,20.26,19.95,1.5,98.5
2001-08-02,20.55,20.27,1.39,98.61
2001-08-03,20.38,19.89,2.4,97.6
2001-08-06,20.15,19.66,2.46,97.54
2001-08-07,20.22,20.19,0.15,99.85
2001-08-08,19.76,19.83,0.35,99.65
2001-08-09,19.81,19.95,0.71,99.29
2001-08-10,19.97,20.11,0.73,99.27
2001-08-13,20.06,20.17,0.54,99.46
2001-08-14,19.71,19.65,0.31,99.69
2001-08-15,19.26,19.43,0.87,99.13
2001-08-16,19.69,20.0,1.56,98.44
2001-08-17,18.86,19.22,1.93,98.07
2001-08-20,19.11,19.28,0.9,99.1
2001-08-21,18.52,19.04,2.81,97.19
2001-08-22,18.49,18.75,1.43,98.57
2001-08-23,18.02,18.61,3.29,96.71
2001-08-24,18.91,19.04,0.71,99.29
2001-08-27,18.99,18.5,2.57,97.43
2001-08-28,18.51,18.43,0.44,99.56
2001-08-29,18.36,18.35,0.06,99.94
2001-08-30,17.35,18.09,4.24,95.76
2001-08-31,17.38,18.09,4.04,95.96
2001-09-04,17.1,17.84,4.34,95.66
2001-09-05,17.6,18.04,2.55,97.45
2001-09-06,17.07,17.27,1.18,98.82
2001-09-07,16.88,17.06,1.05,98.95
2001-09-10,17.55,17.15,2.27,97.73
2001-09-17,16.12,16.91,4.88,95.12
2001-09-18,16.55,16.79,1.4,98.6
2001-09-19,16.42,16.75,2.02,97.98
2001-09-20,15.47,16.32,5.51,94.49
2001-09-21,15.15,16.01,5.72,94.28
2001-09-24,15.85,15.98,0.84,99.16
2001-09-25,15.63,15.79,0.98,99.02
2001-09-26,15.32,15.87,3.62,96.38
2001-09-27,15.22,15.83,4.01,95.99
2001-09-28,15.59,15.96,2.33,97.67
2001-10-01,15.78,15.92,0.88,99.12
2001-10-02,16.17,16.04,0.78,99.22
2001-10-03,17.14,16.22,5.33,94.67
2001-10-04,17.2,16.14,6.16,93.84
2001-10-05,17.59,16.7,5.03,94.97
2001-10-08,17.69,16.87,4.61,95.39
2001-10-09,16.63,16.54,0.52,99.48
2001-10-10,16.92,16.87,0.26,99.74
2001-10-11,17.16,17.11,0.29,99.71
2001-10-12,17.18,16.99,1.13,98.87
2001-10-15,17.69,17.37,1.85,98.15
2001-10-16,17.81,17.7,0.62,99.38
2001-10-17,17.07,17.47,2.29,97.71
2001-10-18,17.29,17.74,2.55,97.45
2001-10-19,17.64,17.83,1.04,98.96
2001-10-22,18.33,18.0,1.79,98.21
2001-10-23,18.41,17.94,2.6,97.4
2001-10-24,18.69,18.04,3.46,96.54
2001-10-25,19.06,18.12,4.95,95.05
2001-10-26,18.95,18.24,3.75,96.25
2001-10-29,18.17,18.38,1.14,98.86
2001-10-30,17.94,18.62,3.8,96.2
2001-10-31,17.72,18.49,4.32,95.68
2001-11-01,18.84,18.64,1.11,98.89
2001-11-02,18.71,18.56,0.81,99.19
2001-11-05,19.28,18.69,3.08,96.92
2001-11-06,19.74,18.91,4.18,95.82
2001-11-07,19.58,19.15,2.19,97.81
2001-11-08,19.63,19.07,2.83,97.17
2001-11-09,19.87,19.28,2.96,97.04
2001-11-12,20.05,19.61,2.16,97.84
2001-11-13,20.69,19.9,3.8,96.2
2001-11-14,20.1,19.7,1.97,98.03
2001-11-15,20.15,19.77,1.9,98.1
2001-11-16,20.04,20.27,1.19,98.81
2001-11-19,20.28,20.29,0.06,99.94
2001-11-20,19.93,20.29,1.79,98.21
2001-11-21,19.52,19.97,2.31,97.69
2001-11-23,19.72,20.07,1.76,98.24
2001-11-26,19.85,20.35,2.54,97.46
2001-11-27,19.42,19.93,2.6,97.4
2001-11-28,19.14,19.54,2.12,97.88
2001-11-29,19.76,19.76,0.01,99.99
2001-11-30,19.57,19.59,0.12,99.88
2001-12-03,19.74,19.59,0.74,99.26
2001-12-04,20.11,19.54,2.83,97.17
2001-12-05,20.75,20.04,3.44,96.56
2001-12-06,20.92,20.04,4.21,95.79
2001-12-07,20.67,20.04,3.06,96.94
2001-12-10,20.44,19.83,2.96,97.04
2001-12-11,20.51,20.42,0.44,99.56
2001-12-12,20.71,20.63,0.39,99.61
2001-12-13,20.19,20.36,0.8,99.2
2001-12-14,20.55,20.56,0.02,99.98
2001-12-17,21.02,20.79,1.09,98.91
2001-12-18,21.11,21.27,0.77,99.23
2001-12-19,21.18,21.31,0.63,99.37
2001-12-20,20.34,20.95,2.97,97.03
2001-12-21,20.58,20.98,1.95,98.05
2001-12-24,20.5,20.88,1.86,98.14
2001-12-26,20.62,20.68,0.27,99.73
2001-12-27,20.68,20.57,0.5,99.5
2001-12-28,20.68,20.74,0.29,99.71
2001-12-31,20.19,20.57,1.9,98.1
2002-01-02,20.43,20.68,1.22,98.78
2002-01-03,21.1,20.88,1.02,98.98
2002-01-04,21.0,20.99,0.02,99.98
2002-01-07,20.89,20.88,0.06,99.94
2002-01-08,21.14,20.74,1.9,98.1
2002-01-09,20.94,20.6,1.63,98.37
2002-01-10,21.11,20.68,2.05,97.95
2002-01-11,20.91,20.98,0.36,99.64
2002-01-14,20.87,20.88,0.08,99.92
2002-01-15,21.19,20.99,0.96,99.04
2002-01-16,20.68,20.74,0.29,99.71
2002-01-17,21.29,20.95,1.6,98.4
2002-01-18,20.14,20.52,1.89,98.11
2002-01-22,19.64,20.52,4.48,95.52
2002-01-23,19.42,20.34,4.72,95.28
2002-01-24,19.69,19.88,0.99,99.01
2002-01-25,19.44,19.7,1.34,98.66
2002-01-28,19.45,19.27,0.93,99.07
2002-01-29,18.99,19.03,0.19,99.81
2002-01-30,19.15,19.04,0.58,99.42
2002-01-31,19.41,19.15,1.34,98.66
2002-02-01,19.09,18.8,1.56,98.44
2002-02-04,18.63,18.8,0.92,99.08
2002-02-05,18.63,18.75,0.62,99.38
2002-02-06,18.41,18.71,1.66,98.34
2002-02-07,18.22,18.61,2.11,97.89
2002-02-08,18.48,18.1,2.09,97.91
2002-02-11,18.63,18.29,1.82,98.18
2002-02-12,18.33,18.28,0.24,99.76
2002-02-13,18.84,18.45,2.06,97.94
2002-02-14,18.8,18.45,1.83,98.17
2002-02-15,18.35,18.27,0.46,99.54
2002-02-19,17.96,18.27,1.74,98.26
2002-02-20,18.25,18.42,0.92,99.08
2002-02-21,17.69,18.12,2.44,97.56
2002-02-22,17.67,18.13,2.59,97.41
2002-02-25,18.0,18.23,1.26,98.74
2002-02-26,17.84,17.98,0.77,99.23
2002-02-27,17.79,18.05,1.42,98.58
2002-02-28,17.78,18.16,2.16,97.84
2002-03-01,18.7,18.08,3.34,96.66
2002-03-04,19.29,18.21,5.61,94.39
2002-03-05,19.22,18.87,1.83,98.17
2002-03-06,19.39,18.77,3.19,96.81
2002-03-07,19.11,18.7,2.14,97.86
2002-03-08,19.49,19.13,1.82,98.18
2002-03-11,19.61,19.34,1.35,98.65
2002-03-12,19.06,19.06,0.01,99.99
2002-03-13,18.92,19.26,1.77,98.23
2002-03-14,18.66,19.45,4.24,95.76
2002-03-15,19.04,19.74,3.64,96.36
2002-03-18,18.94,19.46,2.76,97.24
2002-03-19,18.96,19.55,3.09,96.91
2002-03-20,18.31,19.28,5.27,94.73
2002-03-21,18.7,19.14,2.37,97.63
2002-03-22,18.42,18.75,1.77,98.23
2002-03-25,18.05,18.27,1.22,98.78
2002-03-26,18.0,18.1,0.54,99.46
2002-03-27,18.11,18.35,1.3,98.7
2002-03-28,18.38,18.28,0.51,99.49
2002-04-01,18.4,18.03,1.99,98.01
2002-04-02,17.46,17.94,2.8,97.2
2002-04-03,17.17,17.65,2.84,97.16
2002-04-04,17.2,17.66,2.66,97.34
2002-04-05,17.03,17.18,0.89,99.11
2002-04-08,17.44,17.3,0.76,99.24
2002-04-09,16.72,17.05,1.97,98.03
2002-04-10,17.16,17.13,0.13,99.87
2002-04-11,16.7,16.97,1.62,98.38
2002-04-12,17.04,17.06,0.07,99.93
2002-04-15,16.97,16.86,0.63,99.37
2002-04-16,17.62,17.12,2.82,97.18
2002-04-17,17.26,16.92,1.95,98.05
2002-04-18,17.18,16.85,1.89,98.11
2002-04-19,17.43,16.85,3.31,96.69
2002-04-22,16.94,17.04,0.57,99.43
2002-04-23,16.45,16.92,2.84,97.16
2002-04-24,16.16,16.69,3.28,96.72
2002-04-25,16.37,16.87,3.03,96.97
2002-04-26,15.69,16.34,4.15,95.85
2002-04-29,15.92,16.55,3.94,96.06
2002-04-30,15.93,16.28,2.23,97.77
2002-05-01,16.07,16.28,1.27,98.73
2002-05-02,15.61,16.04,2.8,97.2
2002-05-03,15.1,15.95,5.59,94.41
2002-05-06,14.82,15.79,6.6,93.4
2002-05-07,15.08,15.66,3.91,96.09
2002-05-08,16.75,16.05,4.19,95.81
2002-05-09,15.88,15.89,0.06,99.94
2002-05-10,15.25,15.62,2.39,97.61
2002-05-13,16.06,15.77,1.76,98.24
2002-05-14,16.72,15.94,4.68,95.32
2002-05-15,16.68,16.16,3.17,96.83
2002-05-16,16.99,16.32,3.93,96.07
2002-05-17,17.07,16.61,2.74,97.26
2002-05-20,16.46,16.54,0.49,99.51
2002-05-21,15.9,16.33,2.71,97.29
2002-05-22,16.36,16.4,0.21,99.79
2002-05-23,16.71,16.73,0.16,99.84
2002-05-24,16.23,16.57,2.08,97.92
2002-05-28,15.94,16.5,3.49,96.51
2002-05-29,15.86,16.24,2.39,97.61
2002-05-30,16.04,16.44,2.48,97.52
2002-05-31,15.51,16.06,3.51,96.49
2002-06-03,15.06,15.79,4.88,95.12
2002-06-04,15.23,15.7,3.09,96.91
2002-06-05,15.74,15.79,0.33,99.67
2002-06-06,15.82,15.62,1.26,98.74
2002-06-07,15.84,15.62,1.41,98.59
2002-06-10,16.1,15.73,2.3,97.7
2002-06-11,16.02,15.88,0.87,99.13
2002-06-12,16.92,16.01,5.41,94.59
2002-06-13,16.52,15.88,3.89,96.11
2002-06-14,16.84,16.01,4.91,95.09
2002-06-17,16.97,16.41,3.29,96.71
2002-06-18,17.06,16.51,3.22,96.78
2002-06-19,16.57,16.42,0.85,99.15
2002-06-20,16.49,16.59,0.62,99.38
2002-06-21,15.93,16.59,4.12,95.88
2002-06-24,16.5,16.6,0.58,99.42
2002-06-25,16.14,16.4,1.61,98.39
2002-06-26,16.5,16.46,0.19,99.81
2002-06-27,16.74,16.62,0.71,99.29
2002-06-28,16.67,16.61,0.37,99.63
2002-07-01,16.05,16.33,1.79,98.21
2002-07-02,15.68,16.03,2.29,97.71
2002-07-03,15.8,16.14,2.15,97.85
2002-07-05,16.71,16.33,2.27,97.73
2002-07-08,16.13,16.14,0.06,99.94
2002-07-09,16.21,16.14,0.48,99.52
2002-07-10,15.92,16.18,1.63,98.37
2002-07-11,16.12,16.23,0.64,99.36
2002-07-12,15.8,16.06,1.62,98.38
2002-07-15,15.79,15.86,0.48,99.52
2002-07-16,15.62,15.9,1.83,98.17
2002-07-17,15.85,15.65,1.26,98.74
2002-07-18,15.57,15.58,0.02,99.98
2002-07-19,15.1,15.46,2.34,97.66
2002-07-22,14.48,15.42,6.48,93.52
2002-07-23,13.11,14.79,12.88,87.12
2002-07-24,14.09,14.86,5.5,94.5
2002-07-25,13.05,14.13,8.28,91.72
2002-07-26,13.82,14.25,3.11,96.89
2002-07-29,14.7,14.49,1.42,98.58
2002-07-30,14.66,14.56,0.66,99.34
2002-07-31,14.62,14.49,0.87,99.13
2002-08-01,13.94,14.49,3.97,96.03
2002-08-02,13.53,14.42,6.54,93.46
2002-08-05,13.41,14.42,7.54,92.46
2002-08-06,13.92,14.45,3.84,96.16
2002-08-07,14.35,14.49,0.94,99.06
2002-08-08,14.9,14.68,1.49,98.51
2002-08-09,14.66,14.68,0.13,99.87
2002-08-12,14.77,14.94,1.13,98.87
2002-08-13,14.34,14.68,2.39,97.61
2002-08-14,15.15,15.02,0.86,99.14
2002-08-15,15.17,14.94,1.52,98.48
2002-08-16,15.24,14.77,3.05,96.95
2002-08-19,15.85,14.98,5.48,94.52
2002-08-20,15.55,15.22,2.14,97.86
2002-08-21,15.93,15.52,2.61,97.39
2002-08-22,16.22,15.82,2.44,97.56
2002-08-23,15.91,15.79,0.76,99.24
2002-08-26,15.88,16.13,1.62,98.38
2002-08-27,15.49,15.91,2.68,97.32
2002-08-28,15.05,15.65,4.03,95.97
2002-08-29,15.41,15.78,2.39,97.61
2002-08-30,14.96,15.65,4.66,95.34
2002-09-03,14.33,15.65,9.25,90.75
2002-09-04,14.69,15.5,5.49,94.51
2002-09-05,13.99,15.42,10.24,89.76
2002-09-06,14.57,15.15,3.97,96.03
2002-09-09,14.84,14.86,0.14,99.86
2002-09-10,15.17,14.98,1.24,98.76
2002-09-11,14.8,14.49,2.1,97.9
2002-09-12,14.37,14.31,0.38,99.62
2002-09-13,14.6,14.49,0.73,99.27
2002-09-16,14.56,14.49,0.46,99.54
2002-09-17,14.41,14.49,0.57,99.43
2002-09-18,14.55,14.53,0.16,99.84
2002-09-19,14.38,14.45,0.48,99.52
2002-09-20,14.46,14.53,0.45,99.55
2002-09-23,13.78,14.53,5.4,94.6
2002-09-24,13.91,14.45,3.91,96.09
2002-09-25,14.17,14.51,2.4,97.6
2002-09-26,14.08,14.4,2.27,97.73
2002-09-27,13.79,14.19,2.88,97.12
2002-09-30,13.33,13.54,1.6,98.4
2002-10-01,14.09,13.9,1.3,98.7
2002-10-02,13.9,13.95,0.39,99.61
2002-10-03,13.65,13.9,1.85,98.15
2002-10-04,13.34,13.72,2.9,97.1
2002-10-07,13.42,13.9,3.58,96.42
2002-10-08,13.71,13.9,1.42,98.58
2002-10-09,13.41,13.9,3.72,96.28
2002-10-10,14.13,14.0,0.93,99.07
2002-10-11,14.89,14.28,4.11,95.89
2002-10-14,15.02,14.28,4.93,95.07
2002-10-15,15.93,14.84,6.85,93.15
2002-10-16,15.36,14.94,2.77,97.23
2002-10-17,15.47,14.95,3.38,96.62
2002-10-18,16.2,15.17,6.36,93.64
2002-10-21,16.0,15.06,5.89,94.11
2002-10-22,15.75,15.06,4.36,95.64
2002-10-23,16.21,15.57,3.95,96.05
2002-10-24,15.61,15.64,0.19,99.81
2002-10-25,16.05,15.76,1.8,98.2
2002-10-28,15.83,16.02,1.22,98.78
2002-10-29,15.87,16.11,1.54,98.46
2002-10-30,16.18,16.02,0.99,99.01
2002-10-31,16.29,15.95,2.09,97.91
2002-11-01,16.15,16.12,0.19,99.81
2002-11-04,17.1,16.27,4.82,95.18
2002-11-05,17.27,16.44,4.82,95.18
2002-11-06,17.38,16.54,4.83,95.17
2002-11-07,17.07,16.31,4.43,95.57
2002-11-08,16.79,16.19,3.59,96.41
2002-11-11,16.41,16.29,0.74,99.26
2002-11-12,16.61,16.61,0.01,99.99
2002-11-13,16.87,16.94,0.43,99.57
2002-11-14,17.37,17.09,1.61,98.39
2002-11-15,17.28,17.1,1.02,98.98
2002-11-18,17.02,17.15,0.76,99.24
2002-11-19,16.72,17.01,1.76,98.24
2002-11-20,17.25,17.11,0.83,99.17
2002-11-21,17.63,17.38,1.38,98.62
2002-11-22,17.74,17.15,3.32,96.68
2002-11-25,17.74,17.47,1.53,98.47
2002-11-26,17.34,17.2,0.79,99.21
2002-11-27,17.7,17.47,1.28,98.72
2002-11-29,17.58,17.57,0.03,99.97
2002-12-02,17.58,17.9,1.85,98.15
2002-12-03,17.28,17.68,2.29,97.71
2002-12-04,17.23,17.6,2.15,97.85
2002-12-05,16.86,17.13,1.55,98.45
2002-12-06,16.9,17.14,1.4,98.6
2002-12-09,16.31,16.94,3.84,96.16
2002-12-10,16.46,17.05,3.58,96.42
2002-12-11,16.66,16.94,1.69,98.31
2002-12-12,16.51,16.51,0.01,99.99
2002-12-13,16.0,16.34,2.15,97.85
2002-12-16,16.6,16.39,1.26,98.74
2002-12-17,16.57,16.32,1.5,98.5
2002-12-18,16.31,16.13,1.13,98.87
2002-12-19,16.18,16.04,0.87,99.13
2002-12-20,16.16,15.94,1.38,98.62
2002-12-23,16.46,16.14,1.94,98.06
2002-12-24,16.4,16.14,1.62,98.38
2002-12-26,16.27,16.14,0.82,99.18
2002-12-27,16.14,16.14,0.04,99.96
2002-12-30,16.07,16.24,1.06,98.94
2002-12-31,15.75,16.14,2.42,97.58
2003-01-02,16.37,16.24,0.77,99.23
2003-01-03,16.39,16.4,0.05,99.95
2003-01-06,16.69,16.67,0.12,99.88
2003-01-07,17.0,16.61,2.33,97.67
2003-01-08,16.53,16.4,0.78,99.22
2003-01-09,17.01,16.71,1.77,98.23
2003-01-10,17.04,16.71,1.97,98.03
2003-01-13,17.18,16.84,2.01,97.99
2003-01-14,17.36,16.96,2.3,97.7
2003-01-15,17.15,16.95,1.15,98.85
2003-01-16,16.87,16.96,0.57,99.43
2003-01-17,15.68,16.46,4.97,95.03
2003-01-21,15.64,16.35,4.52,95.48
2003-01-22,15.54,16.32,4.99,95.01
2003-01-23,15.93,16.24,1.97,98.03
2003-01-24,15.19,16.07,5.79,94.21
2003-01-27,14.98,15.61,4.15,95.85
2003-01-28,14.88,15.42,3.65,96.35
2003-01-29,15.21,15.58,2.44,97.56
2003-01-30,14.7,15.26,3.8,96.2
2003-01-31,14.46,14.86,2.78,97.22
2003-02-03,14.8,14.91,0.78,99.22
2003-02-04,14.42,14.5,0.56,99.44
2003-02-05,14.31,14.5,1.33,98.67
2003-02-06,14.45,14.17,1.93,98.07
2003-02-07,14.19,14.22,0.17,99.83
2003-02-10,14.44,14.46,0.14,99.86
2003-02-11,14.15,14.31,1.15,98.85
2003-02-12,14.15,14.21,0.41,99.59
2003-02-13,14.32,14.46,0.96,99.04
2003-02-14,14.72,14.57,1.02,98.98
2003-02-18,15.21,14.78,2.81,97.19
2003-02-19,15.0,14.62,2.55,97.45
2003-02-20,14.76,14.72,0.25,99.75
2003-02-21,15.06,14.68,2.5,97.5
2003-02-24,14.72,14.92,1.4,98.6
2003-02-25,14.79,14.98,1.31,98.69
2003-02-26,14.44,14.92,3.37,96.63
2003-02-27,14.42,14.9,3.32,96.68
2003-02-28,14.49,14.92,2.94,97.06
2003-03-03,14.39,14.49,0.66,99.34
2003-03-04,14.11,14.49,2.71,97.29
2003-03-05,14.33,14.49,1.09,98.91
2003-03-06,14.23,14.49,1.83,98.17
2003-03-07,14.41,14.42,0.07,99.93
2003-03-10,14.03,14.09,0.42,99.58
2003-03-11,13.94,14.09,1.08,98.92
2003-03-12,14.3,14.4,0.68,99.32
2003-03-13,15.08,14.51,3.78,96.22
2003-03-14,15.2,14.64,3.67,96.33
2003-03-17,15.85,14.95,5.71,94.29
2003-03-18,15.92,15.2,4.51,95.49
2003-03-19,16.09,15.21,5.5,94.5
2003-03-20,16.05,15.2,5.28,94.72
2003-03-21,16.25,15.58,4.11,95.89
2003-03-24,15.46,15.64,1.15,98.85
2003-03-25,15.59,15.64,0.32,99.68
2003-03-26,15.44,15.95,3.34,96.66
2003-03-27,15.31,15.91,3.9,96.1
2003-03-28,15.08,15.92,5.54,94.46
2003-03-31,14.8,15.91,7.46,92.54
2003-04-01,14.89,15.78,6.01,93.99
2003-04-02,15.73,15.78,0.36,99.64
2003-04-03,15.73,15.78,0.32,99.68
2003-04-04,15.34,15.46,0.75,99.25
2003-04-07,15.39,15.46,0.43,99.57
2003-04-08,15.64,15.5,0.91,99.09
2003-04-09,15.02,15.42,2.66,97.34
2003-04-10,15.03,15.33,1.96,98.04
2003-04-11,14.8,15.42,4.23,95.77
2003-04-14,15.14,15.5,2.37,97.63
2003-04-15,15.04,15.5,3.04,96.96
2003-04-16,15.24,15.31,0.45,99.55
2003-04-17,15.59,15.43,1.01,98.99
2003-04-21,15.41,15.43,0.13,99.87
2003-04-22,15.75,15.56,1.21,98.79
2003-04-23,15.73,15.31,2.67,97.33
2003-04-24,15.59,15.57,0.09,99.91
2003-04-25,15.42,15.65,1.51,98.49
2003-04-28,15.74,15.71,0.15,99.85
2003-04-29,15.77,15.65,0.77,99.23
2003-04-30,15.63,15.91,1.75,98.25
2003-05-01,15.73,15.91,1.15,98.85
2003-05-02,15.96,16.13,1.1,98.9
2003-05-05,15.81,15.92,0.68,99.32
2003-05-06,16.12,16.23,0.64,99.36
2003-05-07,15.89,16.06,1.05,98.95
2003-05-08,15.74,15.86,0.8,99.2
2003-05-09,16.12,16.24,0.73,99.27
2003-05-12,16.02,16.04,0.15,99.85
2003-05-13,15.89,16.04,0.96,99.04
2003-05-14,15.66,15.98,2.02,97.98
2003-05-15,15.77,16.11,2.17,97.83
2003-05-16,15.63,15.98,2.22,97.78
2003-05-19,15.14,15.75,4.04,95.96
2003-05-20,15.06,15.75,4.59,95.41
2003-05-21,14.69,15.26,3.89,96.11
2003-05-22,14.77,15.23,3.13,96.87
2003-05-23,14.81,15.23,2.87,97.13
2003-05-27,15.16,14.92,1.59,98.41
2003-05-28,14.92,14.92,0.06,99.94
2003-05-29,14.92,14.77,1.01,98.99
2003-05-30,15.05,14.67,2.54,97.46
2003-06-02,15.07,14.63,2.87,97.13
2003-06-03,15.21,14.83,2.54,97.46
2003-06-04,15.21,14.86,2.27,97.73
2003-06-05,14.73,14.63,0.65,99.35
2003-06-06,14.47,14.63,1.06,98.94
2003-06-09,14.52,14.46,0.44,99.56
2003-06-10,15.09,14.72,2.43,97.57
2003-06-11,15.21,14.98,1.54,98.46
2003-06-12,15.28,14.98,1.98,98.02
2003-06-13,15.07,14.78,1.9,98.1
2003-06-16,15.52,15.22,1.95,98.05
2003-06-17,15.87,15.43,2.81,97.19
2003-06-18,15.94,15.64,1.88,98.12
2003-06-19,15.94,15.64,1.91,98.09
2003-06-20,16.1,15.64,2.85,97.15
2003-06-23,15.76,15.78,0.13,99.87
2003-06-24,15.71,15.78,0.44,99.56
2003-06-25,15.44,15.91,3.0,97.0
2003-06-26,15.74,16.08,2.11,97.89
2003-06-27,15.67,16.0,2.11,97.89
2003-06-30,15.68,15.91,1.47,98.53
2003-07-01,15.99,16.13,0.9,99.1
2003-07-02,16.44,16.33,0.65,99.35
2003-07-03,16.2,16.32,0.7,99.3
2003-07-07,16.77,16.41,2.15,97.85
2003-07-08,16.94,16.42,3.08,96.92
2003-07-09,16.8,16.32,2.81,97.19
2003-07-10,16.45,16.19,1.61,98.39
2003-07-11,16.7,16.19,3.06,96.94
2003-07-14,16.75,16.44,1.84,98.16
2003-07-15,16.67,16.8,0.73,99.27
2003-07-16,16.83,16.93,0.6,99.4
2003-07-17,16.32,16.57,1.52,98.48
2003-07-18,16.44,16.69,1.53,98.47
2003-07-21,15.92,16.5,3.63,96.37
2003-07-22,16.13,16.44,1.92,98.08
2003-07-23,16.17,16.28,0.69,99.31
2003-07-24,15.9,16.28,2.43,97.57
2003-07-25,16.44,16.18,1.59,98.41
2003-07-28,16.27,16.07,1.23,98.77
2003-07-29,16.18,16.07,0.71,99.29
2003-07-30,16.04,16.18,0.88,99.12
2003-07-31,16.15,16.07,0.48,99.52
2003-08-01,16.0,15.79,1.29,98.71
2003-08-04,16.01,15.79,1.33,98.67
2003-08-05,15.69,15.61,0.53,99.47
2003-08-06,15.68,15.79,0.7,99.3
2003-08-07,15.72,15.76,0.24,99.76
2003-08-08,15.64,15.87,1.46,98.54
2003-08-11,15.66,15.79,0.86,99.14
2003-08-12,15.73,15.79,0.39,99.61
2003-08-13,15.65,15.87,1.38,98.62
2003-08-14,15.67,15.52,0.98,99.02
2003-08-15,15.62,15.48,0.9,99.1
2003-08-18,15.71,15.56,0.96,99.04
2003-08-19,16.28,16.11,1.02,98.98
2003-08-20,16.17,16.02,0.92,99.08
2003-08-21,16.04,15.85,1.24,98.76
2003-08-22,16.03,15.85,1.16,98.84
2003-08-25,16.2,16.21,0.05,99.95
2003-08-26,16.25,16.4,0.96,99.04
2003-08-27,16.15,16.26,0.68,99.32
2003-08-28,16.21,16.4,1.19,98.81
2003-08-29,16.21,16.39,1.07,98.93
2003-09-02,16.67,16.52,0.87,99.13
2003-09-03,17.3,16.99,1.8,98.2
2003-09-04,17.38,17.03,2.05,97.95
2003-09-05,17.35,17.17,1.05,98.95
2003-09-08,17.63,17.17,2.62,97.38
2003-09-09,17.35,17.12,1.29,98.71
2003-09-10,16.84,16.95,0.62,99.38
2003-09-11,17.02,17.09,0.38,99.62
2003-09-12,17.33,17.5,1.01,98.99
2003-09-15,17.34,17.4,0.35,99.65
2003-09-16,17.67,17.75,0.44,99.56
2003-09-17,17.43,17.71,1.63,98.37
2003-09-18,18.04,17.8,1.3,98.7
2003-09-19,18.32,17.9,2.3,97.7
2003-09-22,17.77,17.66,0.62,99.38
2003-09-23,18.1,17.61,2.68,97.32
2003-09-24,17.4,17.47,0.37,99.63
2003-09-25,17.27,17.4,0.79,99.21
2003-09-26,17.24,17.25,0.07,99.93
2003-09-29,17.63,17.61,0.13,99.87
2003-09-30,17.0,17.47,2.75,97.25
2003-10-01,17.44,17.61,0.96,99.04
2003-10-02,17.43,17.36,0.36,99.64
2003-10-03,17.78,17.66,0.65,99.35
2003-10-06,17.85,17.63,1.23,98.77
2003-10-07,17.82,17.77,0.28,99.72
2003-10-08,17.62,17.41,1.2,98.8
2003-10-09,17.69,17.29,2.27,97.73
2003-10-10,17.68,17.57,0.63,99.37
2003-10-13,17.6,17.29,1.73,98.27
2003-10-14,17.54,17.93,2.27,97.73
2003-10-15,17.87,18.16,1.61,98.39
2003-10-16,17.97,18.24,1.51,98.49
2003-10-17,17.79,18.08,1.63,98.37
2003-10-20,18.05,18.47,2.36,97.64
2003-10-21,18.05,18.38,1.86,98.14
2003-10-22,17.76,18.15,2.15,97.85
2003-10-23,17.78,17.94,0.91,99.09
2003-10-24,16.36,17.26,5.47,94.53
2003-10-27,16.55,16.96,2.53,97.47
2003-10-28,16.72,17.05,1.92,98.08
2003-10-29,16.44,16.53,0.55,99.45
2003-10-30,16.06,16.45,2.42,97.58
2003-10-31,16.07,16.26,1.16,98.84
2003-11-03,16.4,16.29,0.7,99.3
2003-11-04,16.03,16.13,0.62,99.38
2003-11-05,16.05,15.99,0.39,99.61
2003-11-06,16.13,16.02,0.69,99.31
2003-11-07,16.05,15.94,0.69,99.31
2003-11-10,15.99,15.86,0.79,99.21
2003-11-11,15.86,15.86,0.02,99.98
2003-11-12,15.97,15.91,0.41,99.59
2003-11-13,15.8,16.14,2.15,97.85
2003-11-14,15.68,15.88,1.29,98.71
2003-11-17,15.46,15.79,2.14,97.86
2003-11-18,15.46,15.7,1.5,98.5
2003-11-19,15.59,15.62,0.19,99.81
2003-11-20,15.43,15.52,0.58,99.42
2003-11-21,15.44,15.34,0.65,99.35
2003-11-24,15.82,15.69,0.82,99.18
2003-11-25,15.62,15.61,0.02,99.98
2003-11-26,15.65,15.58,0.44,99.56
2003-11-28,15.81,15.69,0.75,99.25
2003-12-01,15.89,15.76,0.79,99.21
2003-12-02,15.78,15.76,0.09,99.91
2003-12-03,15.78,15.65,0.86,99.14
2003-12-04,16.11,15.97,0.84,99.16
2003-12-05,15.97,15.97,0.0,100.0
2003-12-08,16.13,16.24,0.64,99.36
2003-12-09,16.22,16.25,0.18,99.82
2003-12-10,16.35,16.25,0.61,99.39
2003-12-11,16.36,16.39,0.16,99.84
2003-12-12,16.39,16.57,1.1,98.9
2003-12-15,16.44,16.5,0.38,99.62
2003-12-16,16.64,16.67,0.18,99.82
2003-12-17,16.63,16.62,0.01,99.99
2003-12-18,16.85,16.9,0.31,99.69
2003-12-19,16.82,16.91,0.52,99.48
2003-12-22,16.71,16.99,1.65,98.35
2003-12-23,16.69,17.13,2.62,97.38
2003-12-24,16.63,17.14,3.08,96.92
2003-12-26,16.73,17.23,2.99,97.01
2003-12-29,16.88,17.42,3.17,96.83
2003-12-30,16.92,17.42,2.95,97.05
2003-12-31,16.83,17.33,2.95,97.05
2004-01-02,16.88,17.33,2.71,97.29
2004-01-05,17.3,17.42,0.68,99.32
2004-01-06,17.36,17.56,1.13,98.87
2004-01-07,17.35,17.48,0.8,99.2
2004-01-08,17.31,17.48,0.98,99.02
2004-01-09,17.01,17.35,2.04,97.96
2004-01-12,16.95,17.08,0.78,99.22
2004-01-13,16.87,17.08,1.3,98.7
2004-01-14,17.03,17.25,1.29,98.71
2004-01-15,16.93,17.2,1.59,98.41
2004-01-16,17.1,17.3,1.18,98.82
2004-01-20,17.28,17.3,0.14,99.86
2004-01-21,17.4,17.3,0.57,99.43
2004-01-22,17.22,17.3,0.46,99.54
2004-01-23,17.51,17.4,0.61,99.39
2004-01-26,17.71,17.39,1.78,98.22
2004-01-27,17.37,17.09,1.62,98.38
2004-01-28,17.04,16.87,0.98,99.02
2004-01-29,17.16,16.92,1.41,98.59
2004-01-30,17.0,17.09,0.51,99.49
2004-02-02,16.85,17.3,2.66,97.34
2004-02-03,16.78,17.2,2.52,97.48
2004-02-04,16.61,17.01,2.4,97.6
2004-02-05,16.58,16.75,1.06,98.94
2004-02-06,16.65,16.67,0.11,99.89
2004-02-09,16.54,16.6,0.39,99.61
2004-02-10,16.61,16.54,0.45,99.55
2004-02-11,16.69,16.62,0.45,99.55
2004-02-12,16.57,16.49,0.46,99.54
2004-02-13,16.35,16.15,1.19,98.81
2004-02-17,16.59,16.24,2.14,97.86
2004-02-18,16.46,16.34,0.75,99.25
2004-02-19,16.27,16.2,0.41,99.59
2004-02-20,16.34,16.05,1.75,98.25
2004-02-23,16.36,16.15,1.31,98.69
2004-02-24,16.53,16.31,1.34,98.66
2004-02-25,16.42,16.35,0.41,99.59
2004-02-26,16.29,16.2,0.56,99.44
2004-02-27,16.31,16.14,1.08,98.92
2004-03-01,16.42,16.21,1.26,98.74
2004-03-02,16.23,16.13,0.57,99.43
2004-03-03,16.21,16.1,0.71,99.29
2004-03-04,16.21,16.13,0.49,99.51
2004-03-05,16.2,16.21,0.05,99.95
2004-03-08,15.88,15.91,0.16,99.84
2004-03-09,15.81,15.87,0.37,99.63
2004-03-10,15.6,15.87,1.76,98.24
2004-03-11,15.43,15.52,0.59,99.41
2004-03-12,15.61,15.6,0.05,99.95
2004-03-15,15.47,15.34,0.85,99.15
2004-03-16,15.48,15.34,0.92,99.08
2004-03-17,15.45,15.34,0.73,99.27
2004-03-18,15.3,15.3,0.04,99.96
2004-03-19,15.14,15.3,1.01,98.99
2004-03-22,15.06,15.3,1.55,98.45
2004-03-23,14.85,14.95,0.68,99.32
2004-03-24,15.01,14.95,0.39,99.61
2004-03-25,15.49,14.92,3.68,96.32
2004-03-26,15.39,14.86,3.44,96.56
2004-03-29,15.56,14.94,4.02,95.98
2004-03-30,15.49,15.22,1.75,98.25
2004-03-31,15.33,15.22,0.69,99.31
2004-04-01,15.42,15.5,0.5,99.5
2004-04-02,15.89,15.78,0.7,99.3
2004-04-05,15.96,16.0,0.29,99.71
2004-04-06,15.86,15.93,0.44,99.56
2004-04-07,15.73,15.93,1.26,98.74
2004-04-08,15.67,16.06,2.49,97.51
2004-04-12,15.75,16.1,2.27,97.73
2004-04-13,15.65,16.14,3.13,96.87
2004-04-14,15.68,16.31,3.99,96.01
2004-04-15,15.51,15.98,3.06,96.94
2004-04-16,15.47,15.8,2.16,97.84
2004-04-19,15.7,15.86,1.07,98.93
2004-04-20,15.57,15.8,1.47,98.53
2004-04-21,15.65,15.93,1.82,98.18
2004-04-22,15.96,16.07,0.71,99.29
2004-04-23,16.93,16.23,4.17,95.83
2004-04-26,16.75,16.13,3.68,96.32
2004-04-27,16.74,16.24,2.99,97.01
2004-04-28,16.33,16.1,1.42,98.58
2004-04-29,16.28,16.1,1.12,98.88
2004-04-30,16.07,16.08,0.12,99.88
2004-05-03,16.2,16.19,0.09,99.91
2004-05-04,16.19,16.15,0.23,99.77
2004-05-05,16.17,16.28,0.66,99.34
2004-05-06,16.06,16.28,1.35,98.65
2004-05-07,15.85,16.02,1.09,98.91
2004-05-10,15.94,16.15,1.31,98.69
2004-05-11,15.95,16.08,0.85,99.15
2004-05-12,15.95,16.02,0.46,99.54
2004-05-13,16.05,15.52,3.3,96.7
2004-05-14,15.9,15.52,2.41,97.59
2004-05-17,15.7,15.52,1.18,98.82
2004-05-18,15.88,15.7,1.14,98.86
2004-05-19,15.75,15.63,0.75,99.25
2004-05-20,15.82,15.81,0.04,99.96
2004-05-21,15.92,15.79,0.79,99.21
2004-05-24,15.84,15.79,0.29,99.71
2004-05-25,16.05,15.87,1.12,98.88
2004-05-26,16.07,16.02,0.3,99.7
2004-05-27,16.1,16.16,0.37,99.63
2004-05-28,16.13,16.15,0.15,99.85
2004-06-01,16.05,16.08,0.19,99.81
2004-06-02,16.07,16.08,0.12,99.88
2004-06-03,15.92,15.87,0.32,99.68
2004-06-04,15.96,16.02,0.43,99.57
2004-06-07,16.25,16.47,1.32,98.68
2004-06-08,16.36,16.39,0.21,99.79
2004-06-09,16.28,16.47,1.17,98.83
2004-06-10,16.46,16.48,0.14,99.86
2004-06-14,16.54,16.48,0.34,99.66
2004-06-15,16.85,16.84,0.1,99.9
2004-06-16,16.8,16.76,0.22,99.78
2004-06-17,17.07,16.88,1.13,98.87
2004-06-18,17.43,17.05,2.17,97.83
2004-06-21,17.43,17.08,2.02,97.98
2004-06-22,17.39,17.1,1.68,98.32
2004-06-23,17.4,17.24,0.92,99.08
2004-06-24,17.46,17.38,0.43,99.57
2004-06-25,17.57,17.38,1.06,98.94
2004-06-28,17.39,17.42,0.19,99.81
2004-06-29,17.52,17.61,0.5,99.5
2004-06-30,17.56,17.96,2.25,97.75
2004-07-01,17.6,18.05,2.52,97.48
2004-07-02,17.57,17.97,2.32,97.68
2004-07-06,17.23,17.66,2.53,97.47
2004-07-07,17.28,17.68,2.3,97.7
2004-07-08,16.99,17.21,1.28,98.72
2004-07-09,17.13,16.96,1.01,98.99
2004-07-12,17.15,16.96,1.12,98.88
2004-07-13,16.97,16.88,0.54,99.46
2004-07-14,17.3,17.21,0.48,99.52
2004-07-15,17.14,17.02,0.66,99.34
2004-07-16,16.9,16.89,0.02,99.98
2004-07-19,17.19,17.14,0.26,99.74
2004-07-20,17.41,17.21,1.15,98.85
2004-07-21,17.74,17.5,1.4,98.6
2004-07-22,17.83,17.23,3.36,96.64
2004-07-23,17.23,16.69,3.18,96.82
2004-07-26,17.62,17.07,3.12,96.88
2004-07-27,17.49,17.23,1.46,98.54
2004-07-28,17.57,17.46,0.63,99.37
2004-07-29,17.51,17.73,1.26,98.74
2004-07-30,17.52,17.69,1.0,99.0
2004-08-02,17.54,17.77,1.31,98.69
2004-08-03,17.26,17.46,1.18,98.82
2004-08-04,17.25,17.63,2.18,97.82
2004-08-05,16.93,17.47,3.18,96.82
2004-08-06,16.69,17.12,2.59,97.41
2004-08-09,16.71,16.88,0.99,99.01
2004-08-10,17.04,16.88,0.97,99.03
2004-08-11,16.85,16.8,0.34,99.66
2004-08-12,16.53,16.88,2.12,97.88
2004-08-13,16.61,16.75,0.83,99.17
2004-08-16,16.66,16.51,0.89,99.11
2004-08-17,16.63,16.47,0.97,99.03
2004-08-18,16.88,16.59,1.74,98.26
2004-08-19,16.67,16.51,0.99,99.01
2004-08-20,16.72,16.35,2.23,97.77
2004-08-23,16.8,16.48,1.89,98.11
2004-08-24,16.8,16.48,1.89,98.11
2004-08-25,16.99,16.81,1.07,98.93
2004-08-26,16.92,17.01,0.55,99.45
2004-08-27,16.93,17.16,1.35,98.65
2004-08-30,16.84,16.78,0.34,99.66
2004-08-31,16.84,16.93,0.58,99.42
2004-09-01,16.89,17.43,3.21,96.79
2004-09-02,17.03,17.44,2.39,97.61
2004-09-03,16.72,17.0,1.66,98.34
2004-09-07,16.87,17.2,1.96,98.04
2004-09-08,16.81,16.85,0.24,99.76
2004-09-09,16.82,17.11,1.72,98.28
2004-09-10,16.95,17.01,0.36,99.64
2004-09-13,16.8,16.76,0.29,99.71
2004-09-14,16.92,16.95,0.15,99.85
2004-09-15,16.77,16.5,1.62,98.38
2004-09-16,16.81,16.54,1.62,98.38
2004-09-17,16.96,16.76,1.23,98.77
2004-09-20,16.96,16.95,0.11,99.89
2004-09-21,16.81,16.69,0.69,99.31
2004-09-22,16.72,16.54,1.11,98.89
2004-09-23,16.87,16.54,1.94,98.06
2004-09-24,16.83,16.9,0.4,99.6
2004-09-27,16.77,16.54,1.36,98.64
2004-09-28,16.82,16.76,0.36,99.64
2004-09-29,17.01,16.96,0.26,99.74
2004-09-30,17.05,16.95,0.61,99.39
2004-10-01,17.42,17.25,0.97,99.03
2004-10-04,17.34,17.12,1.25,98.75
2004-10-05,17.5,17.34,0.89,99.11
2004-10-06,17.59,17.63,0.19,99.81
2004-10-07,17.37,17.39,0.13,99.87
2004-10-08,17.26,17.56,1.76,98.24
2004-10-11,17.3,17.77,2.68,97.32
2004-10-12,17.29,17.8,2.99,97.01
2004-10-13,17.29,17.68,2.26,97.74
2004-10-14,17.14,17.61,2.71,97.29
2004-10-15,17.26,17.77,2.93,97.07
2004-10-18,17.52,17.8,1.61,98.39
2004-10-19,17.38,17.66,1.64,98.36
2004-10-20,17.7,17.8,0.58,99.42
2004-10-21,17.61,17.5,0.63,99.37
2004-10-22,17.11,17.14,0.23,99.77
2004-10-25,17.04,16.96,0.48,99.52
2004-10-26,17.21,17.01,1.13,98.87
2004-10-27,17.36,17.36,0.02,99.98
2004-10-28,17.27,17.09,1.04,98.96
2004-10-29,17.25,17.03,1.26,98.74
2004-11-01,17.32,17.09,1.29,98.71
2004-11-02,17.41,17.23,1.05,98.95
2004-11-03,17.56,17.31,1.41,98.59
2004-11-04,17.88,17.56,1.8,98.2
2004-11-05,18.07,17.83,1.35,98.65
2004-11-08,18.06,17.93,0.67,99.33
2004-11-09,18.36,17.93,2.31,97.69
2004-11-10,18.33,18.05,1.54,98.46
2004-11-11,18.49,18.29,1.05,98.95
2004-11-12,18.48,18.43,0.27,99.73
2004-11-15,18.83,18.43,2.09,97.91
2004-11-16,18.64,18.35,1.57,98.43
2004-11-17,18.67,18.63,0.22,99.78
2004-11-18,18.61,19.07,2.47,97.53
2004-11-19,18.46,18.95,2.64,97.36
2004-11-22,18.32,18.91,3.23,96.77
2004-11-23,18.23,19.07,4.61,95.39
2004-11-24,18.31,18.94,3.42,96.58
2004-11-26,18.28,18.84,3.04,96.96
2004-11-29,18.4,18.94,2.92,97.08
2004-11-30,18.43,18.64,1.14,98.86
2004-12-01,18.73,18.94,1.14,98.86
2004-12-02,18.62,18.78,0.85,99.15
2004-12-03,18.72,18.84,0.69,99.31
2004-12-06,18.78,18.57,1.11,98.89
2004-12-07,18.61,18.57,0.16,99.84
2004-12-08,18.8,18.78,0.15,99.85
2004-12-09,18.72,18.78,0.33,99.67
2004-12-10,18.61,18.78,0.88,99.12
2004-12-13,18.73,18.94,1.14,98.86
2004-12-14,18.72,19.08,1.92,98.08
2004-12-15,18.63,18.69,0.32,99.68
2004-12-16,18.67,18.69,0.14,99.86
2004-12-17,18.53,18.53,0.02,99.98
2004-12-20,18.52,18.53,0.02,99.98
2004-12-21,18.61,18.17,2.34,97.66
2004-12-22,18.54,18.22,1.72,98.28
2004-12-23,18.56,18.17,2.12,97.88
2004-12-27,18.45,18.09,2.0,98.0
2004-12-28,18.52,18.47,0.3,99.7
2004-12-29,18.49,18.1,2.1,97.9
2004-12-30,18.39,18.1,1.59,98.41
2004-12-31,18.36,18.09,1.52,98.48
2005-01-03,18.38,17.94,2.4,97.6
2005-01-04,18.45,18.1,1.88,98.12
2005-01-05,18.41,18.09,1.74,98.26
2005-01-06,18.39,17.94,2.4,97.6
2005-01-07,18.33,18.09,1.34,98.66
2005-01-10,18.42,18.42,0.0,100.0
2005-01-11,18.37,18.1,1.48,98.52
2005-01-12,18.41,18.04,1.98,98.02
2005-01-13,18.06,17.66,2.21,97.79
2005-01-14,17.95,17.67,1.6,98.4
2005-01-18,18.09,17.69,2.19,97.81
2005-01-19,17.86,17.66,1.12,98.88
2005-01-20,17.77,17.67,0.61,99.39
2005-01-21,17.63,17.58,0.25,99.75
2005-01-24,17.64,17.58,0.33,99.67
2005-01-25,17.88,17.31,3.19,96.81
2005-01-26,17.88,17.4,2.65,97.35
2005-01-27,17.95,17.45,2.74,97.26
2005-01-28,17.99,17.61,2.16,97.84
2005-01-31,18.06,17.6,2.57,97.43
2005-02-01,18.14,17.67,2.57,97.43
2005-02-02,18.19,17.79,2.18,97.82
2005-02-03,17.99,17.94,0.27,99.73
2005-02-04,18.09,18.15,0.31,99.69
2005-02-07,17.98,17.79,1.06,98.94
2005-02-08,18.03,18.59,3.1,96.9
2005-02-09,17.92,18.47,3.05,96.95
2005-02-10,17.91,18.63,4.02,95.98
2005-02-11,17.85,18.53,3.83,96.17
2005-02-14,17.88,17.95,0.38,99.62
2005-02-15,17.88,17.95,0.38,99.62
2005-02-16,17.78,17.61,0.96,99.04
2005-02-17,17.68,17.39,1.65,98.35
2005-02-18,17.57,17.3,1.49,98.51
2005-02-22,17.39,17.2,1.1,98.9
2005-02-23,17.37,16.97,2.29,97.71
2005-02-24,17.49,17.07,2.4,97.6
2005-02-25,17.41,16.97,2.49,97.51
2005-02-28,17.35,16.87,2.73,97.27
2005-03-01,17.43,16.87,3.19,96.81
2005-03-02,17.41,16.87,3.12,96.88
2005-03-03,17.35,16.87,2.77,97.23
2005-03-04,17.35,16.87,2.77,97.23
2005-03-07,17.56,17.06,2.87,97.13
2005-03-08,17.51,17.07,2.52,97.48
2005-03-09,17.45,17.05,2.32,97.68
2005-03-10,17.53,17.31,1.28,98.72
2005-03-11,17.3,17.12,1.01,98.99
2005-03-14,17.31,17.31,0.02,99.98
2005-03-15,17.17,17.19,0.1,99.9
2005-03-16,16.98,16.96,0.1,99.9
2005-03-17,16.92,16.96,0.27,99.73
2005-03-18,16.76,16.79,0.21,99.79
2005-03-21,16.68,16.43,1.53,98.47
2005-03-22,16.54,16.44,0.6,99.4
2005-03-23,16.67,16.33,2.03,97.97
2005-03-24,16.74,16.34,2.4,97.6
2005-03-28,16.68,16.12,3.37,96.63
2005-03-29,16.49,16.12,2.24,97.76
2005-03-30,16.66,16.2,2.73,97.27
2005-03-31,16.66,16.12,3.25,96.75
2005-04-01,16.63,16.13,3.0,97.0
2005-04-04,16.7,16.25,2.73,97.27
2005-04-05,16.87,16.48,2.31,97.69
2005-04-06,17.01,16.81,1.18,98.82
2005-04-07,17.3,17.11,1.11,98.89
2005-04-08,17.19,17.11,0.47,99.53
2005-04-11,17.21,17.25,0.21,99.79
2005-04-12,17.46,17.53,0.45,99.55
2005-04-13,17.26,17.44,1.02,98.98
2005-04-14,17.13,17.3,1.03,98.97
2005-04-15,16.86,17.13,1.61,98.39
2005-04-18,16.99,17.3,1.81,98.19
2005-04-19,16.98,17.2,1.31,98.69
2005-04-20,16.77,17.0,1.36,98.64
2005-04-21,17.43,17.4,0.14,99.86
2005-04-22,17.22,17.21,0.05,99.95
2005-04-25,17.23,17.11,0.71,99.29
2005-04-26,17.07,17.09,0.1,99.9
2005-04-27,17.23,17.03,1.18,98.82
2005-04-28,16.86,16.87,0.08,99.92
2005-04-29,17.44,17.23,1.24,98.76
2005-05-02,17.39,17.03,2.12,97.88
2005-05-03,17.48,17.23,1.47,98.53
2005-05-04,17.38,17.23,0.88,99.12
2005-05-05,17.39,17.61,1.23,98.77
2005-05-06,17.39,17.56,1.02,98.98
2005-05-09,17.31,17.56,1.46,98.54
2005-05-10,17.17,17.56,2.32,97.68
2005-05-11,17.17,17.14,0.2,99.8
2005-05-12,17.24,17.36,0.71,99.29
2005-05-13,17.44,17.5,0.31,99.69
2005-05-16,17.63,17.68,0.29,99.71
2005-05-17,17.61,17.61,0.02,99.98
2005-05-18,17.77,18.06,1.6,98.4
2005-05-19,17.93,17.97,0.24,99.76
2005-05-20,17.8,17.93,0.74,99.26
2005-05-23,17.88,18.04,0.89,99.11
2005-05-24,17.81,18.07,1.48,98.52
2005-05-25,17.78,18.04,1.44,98.56
2005-05-26,17.91,18.38,2.62,97.38
2005-05-27,18.03,18.47,2.45,97.55
2005-05-31,17.84,18.46,3.47,96.53
2005-06-01,17.85,18.46,3.43,96.57
2005-06-02,17.84,18.46,3.49,96.51
2005-06-03,17.59,18.08,2.78,97.22
2005-06-06,17.55,17.77,1.27,98.73
2005-06-07,17.64,17.94,1.67,98.33
2005-06-08,17.57,17.6,0.21,99.79
2005-06-09,17.64,17.54,0.6,99.4
2005-06-10,17.59,17.59,0.02,99.98
2005-06-13,17.5,17.4,0.6,99.4
2005-06-14,17.54,17.54,0.02,99.98
2005-06-15,17.47,17.24,1.33,98.67
2005-06-16,17.32,17.05,1.55,98.45
2005-06-17,17.32,16.96,2.04,97.96
2005-06-20,17.37,16.94,2.48,97.52
2005-06-21,17.39,16.96,2.51,97.49
2005-06-22,17.34,16.96,2.2,97.8
2005-06-23,17.5,17.31,1.13,98.87
2005-06-24,17.32,17.12,1.12,98.88
2005-06-27,17.32,17.06,1.53,98.47
2005-06-28,17.34,17.12,1.24,98.76
2005-06-29,17.35,17.06,1.69,98.31
2005-06-30,17.18,16.96,1.25,98.75
2005-07-01,17.09,16.96,0.73,99.27
2005-07-05,17.28,17.12,0.88,99.12
2005-07-06,17.08,17.05,0.22,99.78
2005-07-07,17.05,16.96,0.51,99.49
2005-07-08,17.35,17.36,0.06,99.94
2005-07-11,17.49,17.66,0.99,99.01
2005-07-12,17.71,17.73,0.11,99.89
2005-07-13,17.75,17.83,0.47,99.53
2005-07-14,17.96,17.83,0.73,99.27
2005-07-15,17.84,17.93,0.55,99.45
2005-07-18,17.67,17.73,0.35,99.65
2005-07-19,18.09,18.07,0.11,99.89
2005-07-20,18.11,18.15,0.23,99.77
2005-07-21,18.29,18.25,0.22,99.78
2005-07-22,17.76,18.02,1.44,98.56
2005-07-25,17.77,17.95,1.04,98.96
2005-07-26,17.66,18.02,2.0,98.0
2005-07-27,17.79,18.03,1.35,98.65
2005-07-28,17.81,18.19,2.13,97.87
2005-07-29,17.71,18.08,2.06,97.94
2005-08-01,17.93,18.08,0.84,99.16
2005-08-02,18.54,18.26,1.55,98.45
2005-08-03,18.85,18.38,2.5,97.5
2005-08-04,18.89,18.38,2.72,97.28
2005-08-05,19.2,18.53,3.46,96.54
2005-08-08,18.76,18.31,2.44,97.56
2005-08-09,18.92,18.69,1.21,98.79
2005-08-10,18.64,18.52,0.64,99.36
2005-08-11,18.86,18.82,0.19,99.81
2005-08-12,18.71,19.07,1.93,98.07
2005-08-15,18.82,19.07,1.36,98.64
2005-08-16,18.55,18.94,2.09,97.91
2005-08-17,18.69,18.94,1.29,98.71
2005-08-18,18.6,18.95,1.85,98.15
2005-08-19,18.53,18.87,1.82,98.18
2005-08-22,18.67,18.64,0.16,99.84
2005-08-23,18.64,18.75,0.57,99.43
2005-08-24,18.6,18.42,0.95,99.05
2005-08-25,18.75,18.24,2.74,97.26
2005-08-26,18.71,18.57,0.71,99.29
2005-08-29,18.83,18.68,0.83,99.17
2005-08-30,18.85,19.03,0.93,99.07
2005-08-31,18.99,18.96,0.16,99.84
2005-09-01,18.87,18.96,0.5,99.5
2005-09-02,18.74,18.68,0.35,99.65
2005-09-06,18.73,19.03,1.6,98.4
2005-09-07,18.62,18.65,0.15,99.85
2005-09-08,18.46,18.6,0.79,99.21
2005-09-09,18.44,18.6,0.9,99.1
2005-09-12,18.46,18.42,0.2,99.8
2005-09-13,18.37,18.42,0.29,99.71
2005-09-14,18.25,18.27,0.11,99.89
2005-09-15,18.22,17.94,1.57,98.43
2005-09-16,18.08,17.9,1.04,98.96
2005-09-19,18.04,17.58,2.5,97.5
2005-09-20,17.92,17.58,1.9,98.1
2005-09-21,17.68,17.58,0.55,99.45
2005-09-22,17.58,17.2,2.13,97.87
2005-09-23,17.53,17.2,1.86,98.14
2005-09-26,17.53,17.2,1.86,98.14
2005-09-27,17.58,17.2,2.13,97.87
2005-09-28,17.81,17.2,3.39,96.61
2005-09-29,17.99,17.4,3.3,96.7
2005-09-30,17.85,17.08,4.32,95.68
2005-10-03,17.69,17.3,2.21,97.79
2005-10-04,17.33,17.27,0.35,99.65
2005-10-05,17.11,16.97,0.8,99.2
2005-10-06,17.15,16.94,1.27,98.73
2005-10-07,17.06,16.94,0.71,99.29
2005-10-10,16.97,16.94,0.18,99.82
2005-10-11,16.93,16.96,0.15,99.85
2005-10-12,16.86,16.96,0.6,99.4
2005-10-13,17.06,17.12,0.39,99.61
2005-10-14,17.11,17.12,0.06,99.94
2005-10-17,17.02,16.78,1.41,98.59
2005-10-18,17.04,16.96,0.51,99.49
2005-10-19,17.4,16.79,3.53,96.47
2005-10-20,17.2,16.79,2.36,97.64
2005-10-21,17.19,16.61,3.35,96.65
2005-10-24,17.41,17.53,0.66,99.34
2005-10-25,17.36,17.73,2.13,97.87
2005-10-26,17.42,17.73,1.8,98.2
2005-10-27,17.24,17.66,2.48,97.52
2005-10-28,17.71,17.97,1.47,98.53
2005-10-31,17.83,18.05,1.26,98.74
2005-11-01,18.01,18.06,0.29,99.71
2005-11-02,18.35,18.09,1.42,98.58
2005-11-03,18.34,18.14,1.08,98.92
2005-11-04,18.49,18.32,0.93,99.07
2005-11-07,18.74,18.35,2.08,97.92
2005-11-08,18.76,18.55,1.15,98.85
2005-11-09,18.7,18.62,0.42,99.58
2005-11-10,18.79,19.0,1.13,98.87
2005-11-11,18.92,19.07,0.75,99.25
2005-11-14,18.99,19.32,1.75,98.25
2005-11-15,19.13,19.32,0.97,99.03
2005-11-16,19.3,19.35,0.27,99.73
2005-11-17,19.46,19.35,0.55,99.45
2005-11-18,19.53,19.54,0.04,99.96
2005-11-21,19.59,19.54,0.28,99.72
2005-11-22,19.42,19.83,2.1,97.9
2005-11-23,19.42,19.83,2.07,97.93
2005-11-25,19.31,20.0,3.54,96.46
2005-11-28,19.31,19.95,3.36,96.64
2005-11-29,19.26,19.88,3.24,96.76
2005-11-30,19.26,19.96,3.66,96.34
2005-12-01,19.4,19.96,2.89,97.11
2005-12-02,19.49,19.96,2.44,97.56
2005-12-05,19.38,19.87,2.58,97.42
2005-12-06,19.26,19.58,1.62,98.38
2005-12-07,19.31,19.44,0.68,99.32
2005-12-08,19.26,19.03,1.19,98.81
2005-12-09,19.28,18.96,1.63,98.37
2005-12-12,19.1,18.74,1.89,98.11
2005-12-13,18.87,18.7,0.9,99.1
2005-12-14,18.85,18.7,0.8,99.2
2005-12-15,18.73,18.7,0.18,99.82
2005-12-16,18.71,18.41,1.64,98.36
2005-12-19,18.67,18.08,3.13,96.87
2005-12-20,18.69,18.09,3.19,96.81
2005-12-21,18.6,18.02,3.1,96.9
2005-12-22,18.5,18.02,2.59,97.41
2005-12-23,18.53,18.02,2.78,97.22
2005-12-27,18.41,18.02,2.11,97.89
2005-12-28,18.36,18.02,1.85,98.15
2005-12-29,18.28,18.02,1.41,98.59
2005-12-30,18.19,18.02,0.95,99.05
2006-01-03,18.67,18.27,2.16,97.84
2006-01-04,18.76,18.6,0.85,99.15
2006-01-05,18.78,18.68,0.53,99.47
2006-01-06,18.72,18.82,0.54,99.46
2006-01-09,18.69,18.76,0.39,99.61
2006-01-10,18.78,18.96,0.95,99.05
2006-01-11,18.99,19.07,0.46,99.54
2006-01-12,18.88,19.04,0.84,99.16
2006-01-13,18.92,19.14,1.18,98.82
2006-01-17,18.78,19.03,1.34,98.66
2006-01-18,18.67,19.03,1.95,98.05
2006-01-19,18.8,19.13,1.76,98.24
2006-01-20,18.37,18.82,2.44,97.56
2006-01-23,18.33,18.96,3.44,96.56
2006-01-24,18.28,18.35,0.36,99.64
2006-01-25,18.37,18.35,0.1,99.9
2006-01-26,18.44,18.42,0.08,99.92
2006-01-27,19.33,19.13,1.06,98.94
2006-01-30,19.48,19.26,1.13,98.87
2006-01-31,19.58,19.01,2.93,97.07
2006-02-01,19.51,19.13,1.95,98.05
2006-02-02,19.26,19.03,1.18,98.82
2006-02-03,19.16,18.96,1.03,98.97
2006-02-06,18.9,18.82,0.42,99.58
2006-02-07,18.74,18.82,0.43,99.57
2006-02-08,18.72,19.09,1.94,98.06
2006-02-09,18.55,19.29,3.99,96.01
2006-02-10,18.57,19.29,3.87,96.13
2006-02-13,18.36,19.15,4.29,95.71
2006-02-14,18.54,18.96,2.27,97.73
2006-02-15,18.76,18.96,1.05,98.95
2006-02-16,18.71,18.28,2.3,97.7
2006-02-17,18.64,18.12,2.77,97.23
2006-02-21,18.53,18.02,2.74,97.26
2006-02-22,18.65,18.12,2.85,97.15
2006-02-23,18.61,18.13,2.59,97.41
2006-02-24,18.59,18.22,1.99,98.01
2006-02-27,18.88,18.76,0.65,99.35
2006-02-28,18.76,18.82,0.35,99.65
2006-03-01,18.95,19.03,0.44,99.56
2006-03-02,18.83,19.03,1.08,98.92
2006-03-03,18.8,19.03,1.23,98.77
2006-03-06,18.78,19.14,1.89,98.11
2006-03-07,18.89,19.13,1.26,98.74
2006-03-08,19.02,19.03,0.04,99.96
2006-03-09,18.85,18.96,0.6,99.4
2006-03-10,18.97,19.13,0.85,99.15
2006-03-13,18.92,19.13,1.08,98.92
2006-03-14,19.01,19.13,0.63,99.37
2006-03-15,19.1,19.26,0.84,99.16
2006-03-16,19.04,19.47,2.26,97.74
2006-03-17,19.2,19.13,0.36,99.64
2006-03-20,19.47,19.35,0.62,99.38
2006-03-21,19.36,19.14,1.16,98.84
2006-03-22,18.95,18.96,0.05,99.95
2006-03-23,18.74,18.76,0.09,99.91
2006-03-24,18.85,18.82,0.17,99.83
2006-03-27,18.85,18.76,0.5,99.5
2006-03-28,18.78,18.6,0.92,99.08
2006-03-29,18.86,18.82,0.21,99.79
2006-03-30,19.01,18.82,0.98,99.02
2006-03-31,18.99,18.82,0.91,99.09
2006-04-03,19.24,18.96,1.44,98.56
2006-04-04,19.29,19.29,0.04,99.96
2006-04-05,19.36,19.64,1.44,98.56
2006-04-06,19.24,19.44,1.03,98.97
2006-04-07,19.02,19.03,0.07,99.93
2006-04-10,19.05,19.09,0.21,99.79
2006-04-11,18.94,19.37,2.3,97.7
2006-04-12,18.99,19.65,3.51,96.49
2006-04-13,18.9,19.44,2.86,97.14
2006-04-17,18.74,19.22,2.58,97.42
2006-04-18,19.0,19.64,3.38,96.62
2006-04-19,18.87,19.44,3.01,96.99
2006-04-20,18.87,19.22,1.86,98.14
2006-04-21,18.95,19.37,2.23,97.77
2006-04-24,18.92,19.03,0.59,99.41
2006-04-25,18.92,18.6,1.74,98.26
2006-04-26,18.92,18.54,1.97,98.03
2006-04-27,19.02,18.81,1.1,98.9
2006-04-28,16.86,17.99,6.73,93.27
2006-05-01,16.96,17.36,2.39,97.61
2006-05-02,16.76,16.85,0.51,99.49
2006-05-03,16.17,16.39,1.32,98.68
2006-05-04,16.36,16.23,0.8,99.2
2006-05-05,16.61,16.19,2.57,97.43
2006-05-08,16.56,16.19,2.28,97.72
2006-05-09,16.49,16.19,1.82,98.18
2006-05-10,16.59,16.18,2.51,97.49
2006-05-11,16.21,16.18,0.2,99.8
2006-05-12,16.17,16.01,0.99,99.01
2006-05-15,16.22,16.0,1.38,98.62
2006-05-16,16.12,16.0,0.78,99.22
2006-05-17,15.93,15.98,0.33,99.67
2006-05-18,16.0,16.07,0.44,99.56
2006-05-19,15.81,16.12,1.97,98.03
2006-05-22,16.03,16.18,0.89,99.11
2006-05-23,15.97,16.24,1.72,98.28
2006-05-24,16.47,16.4,0.41,99.59
2006-05-25,16.64,16.4,1.42,98.58
2006-05-26,16.62,16.4,1.34,98.66
2006-05-30,16.22,16.21,0.08,99.92
2006-05-31,15.87,16.13,1.65,98.35
2006-06-01,15.99,16.21,1.36,98.64
2006-06-02,15.95,16.21,1.63,98.37
2006-06-05,15.77,16.09,2.04,97.96
2006-06-06,15.51,16.07,3.61,96.39
2006-06-07,15.45,15.79,2.25,97.75
2006-06-08,15.49,15.79,1.93,98.07
2006-06-09,15.36,15.64,1.79,98.21
2006-06-12,15.21,15.52,2.02,97.98
2006-06-13,15.07,15.38,2.06,97.94
2006-06-14,15.33,15.35,0.08,99.92
2006-06-15,15.47,15.34,0.84,99.16
2006-06-16,15.49,15.35,0.91,99.09
2006-06-19,15.8,15.22,3.66,96.34
2006-06-20,15.81,15.46,2.24,97.76
2006-06-21,16.17,15.52,4.06,95.94
2006-06-22,16.03,15.46,3.61,96.39
2006-06-23,15.77,15.8,0.23,99.77
2006-06-26,15.99,16.06,0.41,99.59
2006-06-27,16.02,16.06,0.23,99.77
2006-06-28,16.23,16.23,0.01,99.99
2006-06-29,16.45,16.56,0.68,99.32
2006-06-30,16.33,16.56,1.44,98.56
2006-07-03,16.61,16.64,0.2,99.8
2006-07-05,16.36,16.5,0.86,99.14
2006-07-06,16.45,16.5,0.3,99.7
2006-07-07,16.33,16.41,0.5,99.5
2006-07-10,16.47,16.39,0.46,99.54
2006-07-11,16.19,16.26,0.42,99.58
2006-07-12,15.87,15.97,0.67,99.33
2006-07-13,15.6,15.83,1.45,98.55
2006-07-14,15.62,15.92,1.89,98.11
2006-07-17,15.75,15.87,0.73,99.27
2006-07-18,15.94,16.02,0.55,99.45
2006-07-19,16.4,16.08,1.91,98.09
2006-07-20,16.01,15.84,1.06,98.94
2006-07-21,16.73,16.08,3.84,96.16
2006-07-24,16.82,16.08,4.36,95.64
2006-07-25,16.97,16.46,3.0,97.0
2006-07-26,17.08,16.47,3.54,96.46
2006-07-27,16.73,16.4,1.98,98.02
2006-07-28,16.99,16.61,2.28,97.72
2006-07-31,16.86,16.64,1.3,98.7
2006-08-01,16.81,16.82,0.06,99.94
2006-08-02,17.03,17.16,0.78,99.22
2006-08-03,16.97,17.15,1.08,98.92
2006-08-04,17.02,17.34,1.85,98.15
2006-08-07,16.97,17.25,1.63,98.37
2006-08-08,17.06,17.25,1.13,98.87
2006-08-09,17.13,17.75,3.65,96.35
2006-08-10,17.14,17.52,2.21,97.79
2006-08-11,17.12,17.43,1.82,98.18
2006-08-14,17.19,17.42,1.35,98.65
2006-08-15,17.32,17.47,0.9,99.1
2006-08-16,17.37,17.8,2.49,97.51
2006-08-17,17.37,17.71,1.94,98.06
2006-08-18,18.14,18.05,0.5,99.5
2006-08-21,18.37,18.08,1.57,98.43
2006-08-22,18.02,17.9,0.68,99.32
2006-08-23,18.06,18.09,0.21,99.79
2006-08-24,18.1,18.09,0.06,99.94
2006-08-25,18.18,18.24,0.31,99.69
2006-08-28,18.25,18.24,0.08,99.92
2006-08-29,18.17,18.47,1.64,98.36
2006-08-30,18.15,18.85,3.89,96.11
2006-08-31,18.08,18.85,4.3,95.7
2006-09-01,18.17,18.85,3.73,96.27
2006-09-05,18.01,18.76,4.16,95.84
2006-09-06,18.01,18.76,4.13,95.87
2006-09-07,17.89,18.62,4.13,95.87
2006-09-08,18.01,18.1,0.53,99.47
2006-09-11,18.22,18.1,0.67,99.33
2006-09-12,18.24,18.56,1.76,98.24
2006-09-13,18.27,18.56,1.57,98.43
2006-09-14,18.52,18.76,1.32,98.68
2006-09-15,18.89,18.91,0.12,99.88
2006-09-18,18.84,18.83,0.06,99.94
2006-09-19,18.89,18.91,0.11,99.89
2006-09-20,19.12,18.95,0.88,99.12
2006-09-21,18.92,18.91,0.08,99.92
2006-09-22,18.75,19.05,1.57,98.43
2006-09-25,18.96,19.16,1.09,98.91
2006-09-26,19.13,19.16,0.17,99.83
2006-09-27,19.3,19.43,0.65,99.35
2006-09-28,19.27,19.42,0.79,99.21
2006-09-29,19.24,19.35,0.59,99.41
2006-10-02,19.24,19.68,2.24,97.76
2006-10-03,19.25,19.96,3.7,96.3
2006-10-04,19.65,20.0,1.76,98.24
2006-10-05,19.64,19.96,1.63,98.37
2006-10-06,19.6,19.84,1.21,98.79
2006-10-09,19.5,19.88,1.96,98.04
2006-10-10,19.48,19.74,1.37,98.63
2006-10-11,19.37,19.87,2.6,97.4
2006-10-12,19.85,20.21,1.81,98.19
2006-10-13,19.95,20.21,1.27,98.73
2006-10-16,20.01,20.17,0.77,99.23
2006-10-17,20.0,20.04,0.2,99.8
2006-10-18,20.06,20.2,0.68,99.32
2006-10-19,19.9,20.29,1.96,98.04
2006-10-20,20.0,20.29,1.45,98.55
2006-10-23,20.01,20.29,1.38,98.62
2006-10-24,19.89,19.97,0.39,99.61
2006-10-25,19.91,20.08,0.85,99.15
2006-10-26,19.94,20.14,0.99,99.01
2006-10-27,19.93,20.27,1.72,98.28
2006-10-30,20.07,20.46,1.96,98.04
2006-10-31,20.19,20.69,2.46,97.54
2006-11-01,20.26,20.46,0.97,99.03
2006-11-02,20.24,20.27,0.17,99.83
2006-11-03,20.21,20.14,0.35,99.65
2006-11-06,20.28,20.24,0.22,99.78
2006-11-07,20.36,20.65,1.44,98.56
2006-11-08,20.38,21.0,3.02,96.98
2006-11-09,20.58,21.08,2.41,97.59
2006-11-10,20.57,21.08,2.48,97.52
2006-11-13,20.64,20.83,0.92,99.08
2006-11-14,20.63,21.24,2.98,97.02
2006-11-15,20.55,21.23,3.32,96.68
2006-11-16,20.8,21.29,2.37,97.63
2006-11-17,20.75,21.33,2.79,97.21
2006-11-20,21.1,21.7,2.86,97.14
2006-11-21,21.12,21.65,2.53,97.47
2006-11-22,21.12,21.7,2.76,97.24
2006-11-24,21.0,21.62,2.95,97.05
2006-11-27,20.81,21.21,1.93,98.07
2006-11-28,20.74,20.99,1.2,98.8
2006-11-29,20.87,21.2,1.6,98.4
2006-11-30,20.72,21.32,2.88,97.12
2006-12-01,20.55,20.68,0.62,99.38
2006-12-04,20.7,20.74,0.2,99.8
2006-12-05,20.56,20.68,0.59,99.41
2006-12-06,20.46,20.6,0.67,99.33
2006-12-07,20.36,20.27,0.46,99.54
2006-12-08,20.75,20.74,0.04,99.96
2006-12-11,20.85,20.52,1.56,98.44
2006-12-12,20.77,20.34,2.07,97.93
2006-12-13,20.86,20.23,3.01,96.99
2006-12-14,21.22,20.88,1.61,98.39
2006-12-15,21.31,20.99,1.48,98.52
2006-12-18,21.1,20.95,0.69,99.31
2006-12-19,21.17,20.95,1.03,98.97
2006-12-20,21.24,20.99,1.15,98.85
2006-12-21,21.16,21.1,0.3,99.7
2006-12-22,20.92,21.32,1.9,98.1
2006-12-26,21.17,21.44,1.29,98.71
2006-12-27,21.19,21.64,2.16,97.84
2006-12-28,21.16,21.75,2.78,97.22
2006-12-29,21.07,21.39,1.52,98.48
2007-01-03,21.07,21.38,1.48,98.52
2007-01-04,21.04,21.38,1.65,98.35
2007-01-05,20.92,21.18,1.24,98.76
2007-01-08,21.12,21.01,0.55,99.45
2007-01-09,21.14,20.96,0.87,99.13
2007-01-10,20.93,20.96,0.13,99.87
2007-01-11,21.67,21.43,1.1,98.9
2007-01-12,22.03,21.64,1.74,98.26
2007-01-16,21.99,21.76,1.06,98.94
2007-01-17,21.95,22.03,0.39,99.61
2007-01-18,21.88,21.77,0.49,99.51
2007-01-19,21.96,21.95,0.02,99.98
2007-01-22,21.68,21.55,0.58,99.42
2007-01-23,21.7,21.69,0.04,99.96
2007-01-24,21.94,22.06,0.52,99.48
2007-01-25,21.49,21.8,1.43,98.57
2007-01-26,21.6,21.84,1.13,98.87
2007-01-29,21.55,21.8,1.16,98.84
2007-01-30,21.51,21.8,1.33,98.67
2007-01-31,21.78,22.05,1.25,98.75
2007-02-01,21.57,21.44,0.57,99.43
2007-02-02,21.31,20.91,1.85,98.15
2007-02-05,20.9,20.79,0.54,99.46
2007-02-06,20.83,20.62,0.99,99.01
2007-02-07,20.73,20.5,1.1,98.9
2007-02-08,20.65,20.46,0.93,99.07
2007-02-09,20.45,20.35,0.48,99.52
2007-02-12,20.42,20.34,0.39,99.61
2007-02-13,20.55,20.28,1.28,98.72
2007-02-14,20.82,20.63,0.94,99.06
2007-02-15,20.86,20.06,3.83,96.17
2007-02-16,20.35,19.94,2.05,97.95
2007-02-20,20.42,19.94,2.36,97.64
2007-02-21,20.79,19.95,4.01,95.99
2007-02-22,20.81,20.19,3.0,97.0
2007-02-23,20.47,20.13,1.65,98.35
2007-02-26,20.59,20.52,0.31,99.69
2007-02-27,19.74,19.95,1.08,98.92
2007-02-28,19.95,20.04,0.47,99.53
2007-03-01,19.89,19.91,0.1,99.9
2007-03-02,19.66,19.84,0.92,99.08
2007-03-05,19.51,19.76,1.29,98.71
2007-03-06,19.71,19.46,1.29,98.71
2007-03-07,19.55,19.04,2.62,97.38
2007-03-08,19.35,19.03,1.66,98.34
2007-03-09,19.33,19.15,0.89,99.11
2007-03-12,19.43,19.22,1.1,98.9
2007-03-13,18.92,18.92,0.0,100.0
2007-03-14,19.4,18.8,3.14,96.86
2007-03-15,19.32,18.91,2.13,97.87
2007-03-16,19.36,18.8,2.89,97.11
2007-03-19,19.71,19.52,0.94,99.06
2007-03-20,19.72,19.37,1.77,98.23
2007-03-21,20.2,19.73,2.34,97.66
2007-03-22,20.02,19.79,1.14,98.86
2007-03-23,19.84,19.73,0.6,99.4
2007-03-26,19.99,19.97,0.07,99.93
2007-03-27,19.63,19.83,1.02,98.98
2007-03-28,19.57,19.97,2.02,97.98
2007-03-29,19.65,19.97,1.62,98.38
2007-03-30,19.74,19.97,1.18,98.82
2007-04-02,19.65,20.15,2.56,97.44
2007-04-03,19.74,20.04,1.52,98.48
2007-04-04,20.18,20.27,0.45,99.55
2007-04-05,20.22,20.27,0.28,99.72
2007-04-09,20.23,20.14,0.48,99.52
2007-04-10,20.11,20.04,0.37,99.63
2007-04-11,19.91,19.51,1.98,98.02
2007-04-12,20.21,20.36,0.71,99.29
2007-04-13,20.26,20.52,1.29,98.71
2007-04-16,20.35,20.42,0.38,99.62
2007-04-17,20.43,20.84,2.02,97.98
2007-04-18,20.25,20.66,2.0,98.0
2007-04-19,20.32,20.66,1.68,98.32
2007-04-20,20.55,20.84,1.4,98.6
2007-04-23,20.38,20.66,1.37,98.63
2007-04-24,20.39,20.66,1.33,98.67
2007-04-25,20.53,20.52,0.04,99.96
2007-04-26,20.61,20.52,0.42,99.58
2007-04-27,21.33,20.97,1.72,98.28
2007-04-30,21.2,20.84,1.71,98.29
2007-05-01,21.53,21.2,1.54,98.46
2007-05-02,21.68,21.33,1.61,98.39
2007-05-03,21.93,21.63,1.4,98.6
2007-05-04,21.64,21.39,1.16,98.84
2007-05-07,21.75,21.39,1.64,98.36
2007-05-08,21.78,21.98,0.94,99.06
2007-05-09,21.8,21.98,0.84,99.16
2007-05-10,21.66,21.82,0.77,99.23
2007-05-11,21.88,22.3,1.92,98.08
2007-05-14,21.93,22.54,2.76,97.24
2007-05-15,21.95,22.47,2.36,97.64
2007-05-16,22.08,22.47,1.8,98.2
2007-05-17,22.01,22.06,0.21,99.79
2007-05-18,21.9,22.46,2.52,97.48
2007-05-21,22.06,22.27,0.95,99.05
2007-05-22,21.81,21.82,0.07,99.93
2007-05-23,21.73,22.05,1.49,98.51
2007-05-24,21.44,22.05,2.87,97.13
2007-05-25,21.66,21.54,0.56,99.44
2007-05-29,21.88,21.68,0.89,99.11
2007-05-30,22.1,21.89,0.98,99.02
2007-05-31,21.81,21.82,0.07,99.93
2007-06-01,21.73,21.42,1.44,98.56
2007-06-04,21.83,21.44,1.75,98.25
2007-06-05,21.73,21.37,1.63,98.37
2007-06-06,21.52,21.19,1.54,98.46
2007-06-07,21.05,20.91,0.63,99.37
2007-06-08,21.35,21.19,0.76,99.24
2007-06-11,21.33,21.12,1.0,99.0
2007-06-12,21.21,21.19,0.09,99.91
2007-06-13,21.59,21.28,1.44,98.56
2007-06-14,21.68,21.56,0.55,99.45
2007-06-15,21.66,21.43,1.1,98.9
2007-06-18,21.68,21.09,2.72,97.28
2007-06-19,21.64,20.9,3.41,96.59
2007-06-20,21.32,21.02,1.4,98.6
2007-06-21,21.47,21.21,1.23,98.77
2007-06-22,20.95,20.81,0.66,99.34
2007-06-25,20.95,20.87,0.38,99.62
2007-06-26,20.97,20.9,0.34,99.66
2007-06-27,21.22,21.44,1.04,98.96
2007-06-28,21.19,21.09,0.51,99.49
2007-06-29,20.94,20.96,0.09,99.91
2007-07-02,21.13,21.24,0.53,99.47
2007-07-03,21.33,21.09,1.14,98.86
2007-07-05,21.31,20.9,1.9,98.1
2007-07-06,21.29,20.9,1.83,98.17
2007-07-09,21.22,20.9,1.51,98.49
2007-07-10,20.84,20.69,0.7,99.3
2007-07-11,20.95,20.97,0.08,99.92
2007-07-12,21.36,21.24,0.57,99.43
2007-07-13,21.19,21.44,1.21,98.79
2007-07-16,21.34,21.5,0.76,99.24
2007-07-17,21.87,21.75,0.53,99.47
2007-07-18,21.97,21.57,1.83,98.17
2007-07-19,22.39,22.03,1.61,98.39
2007-07-20,22.14,22.03,0.5,99.5
2007-07-23,22.16,21.77,1.76,98.24
2007-07-24,21.88,21.55,1.54,98.46
2007-07-25,21.82,21.63,0.86,99.14
2007-07-26,21.3,21.59,1.36,98.64
2007-07-27,20.88,21.37,2.35,97.65
2007-07-30,20.89,21.59,3.36,96.64
2007-07-31,20.6,21.21,2.96,97.04
2007-08-01,20.82,21.09,1.31,98.69
2007-08-02,20.97,21.13,0.77,99.23
2007-08-03,20.58,20.9,1.59,98.41
2007-08-06,20.99,20.72,1.3,98.7
2007-08-07,21.0,20.64,1.7,98.3
2007-08-08,21.32,20.58,3.45,96.55
2007-08-09,20.82,20.4,2.0,98.0
2007-08-10,20.4,20.38,0.07,99.93
2007-08-13,20.34,19.96,1.86,98.14
2007-08-14,20.16,19.94,1.09,98.91
2007-08-15,20.04,19.95,0.42,99.58
2007-08-16,19.83,20.13,1.52,98.48
2007-08-17,20.14,20.34,0.98,99.02
2007-08-20,20.15,20.23,0.39,99.61
2007-08-21,20.01,19.84,0.86,99.14
2007-08-22,20.12,19.76,1.78,98.22
2007-08-23,20.18,20.0,0.9,99.1
2007-08-24,20.54,19.98,2.73,97.27
2007-08-27,20.31,19.91,1.97,98.03
2007-08-28,19.91,19.51,2.03,97.97
2007-08-29,20.38,20.0,1.9,98.1
2007-08-30,20.28,20.25,0.16,99.84
2007-08-31,20.48,20.31,0.83,99.17
2007-09-04,20.54,20.65,0.54,99.46
2007-09-05,20.31,20.59,1.37,98.63
2007-09-06,20.61,20.7,0.4,99.6
2007-09-07,20.28,20.45,0.83,99.17
2007-09-10,20.31,20.45,0.69,99.31
2007-09-11,20.63,20.69,0.29,99.71
2007-09-12,20.63,20.65,0.13,99.87
2007-09-13,20.79,20.98,0.92,99.08
2007-09-14,20.71,20.88,0.85,99.15
2007-09-17,20.48,20.88,1.94,98.06
2007-09-18,20.63,21.0,1.83,98.17
2007-09-19,20.44,20.74,1.47,98.53
2007-09-20,20.26,20.38,0.59,99.41
2007-09-21,20.43,20.38,0.21,99.79
2007-09-24,20.73,20.45,1.35,98.65
2007-09-25,21.08,20.58,2.37,97.63
2007-09-26,21.03,20.52,2.43,97.57
2007-09-27,21.03,20.78,1.16,98.84
2007-09-28,21.0,20.78,1.09,98.91
2007-10-01,21.23,21.0,1.05,98.95
2007-10-02,21.18,20.99,0.87,99.13
2007-10-03,21.0,20.88,0.56,99.44
2007-10-04,21.18,21.43,1.16,98.84
2007-10-05,21.28,21.75,2.21,97.79
2007-10-08,21.28,21.64,1.73,98.27
2007-10-09,21.46,21.83,1.72,98.28
2007-10-10,21.55,22.14,2.7,97.3
2007-10-11,21.33,21.95,2.92,97.08
2007-10-12,21.51,21.95,2.04,97.96
2007-10-15,21.42,21.55,0.61,99.39
2007-10-16,21.62,21.77,0.68,99.32
2007-10-17,22.16,22.14,0.07,99.93
2007-10-18,22.22,22.22,0.0,100.0
2007-10-19,21.51,21.73,1.02,98.98
2007-10-22,21.75,21.84,0.4,99.6
2007-10-23,22.03,22.06,0.12,99.88
2007-10-24,22.28,22.06,1.01,98.99
2007-10-25,22.81,22.31,2.17,97.83
2007-10-26,24.98,22.9,8.3,91.7
2007-10-29,24.65,22.75,7.71,92.29
2007-10-30,25.36,23.26,8.27,91.73
2007-10-31,26.25,24.48,6.74,93.26
2007-11-01,26.42,24.53,7.16,92.84
2007-11-02,26.42,24.71,6.49,93.51
2007-11-05,26.19,25.38,3.07,96.93
2007-11-06,25.96,25.65,1.19,98.81
2007-11-07,25.33,25.6,1.1,98.9
2007-11-08,24.77,25.6,3.37,96.63
2007-11-09,24.05,25.16,4.61,95.39
2007-11-12,23.8,25.06,5.28,94.72
2007-11-13,24.65,25.07,1.69,98.31
2007-11-14,24.27,25.01,3.05,96.95
2007-11-15,24.15,24.36,0.86,99.14
2007-11-16,24.39,24.38,0.02,99.98
2007-11-19,24.29,24.17,0.49,99.51
2007-11-20,24.74,23.88,3.45,96.55
2007-11-21,24.49,23.66,3.38,96.62
2007-11-23,24.4,23.68,2.95,97.05
2007-11-26,23.59,23.64,0.25,99.75
2007-11-27,23.65,23.64,0.02,99.98
2007-11-28,24.11,24.09,0.06,99.94
2007-11-29,24.03,24.24,0.88,99.12
2007-11-30,24.04,24.22,0.77,99.23
2007-12-03,23.55,23.92,1.59,98.41
2007-12-04,23.44,23.34,0.45,99.55
2007-12-05,24.43,24.24,0.76,99.24
2007-12-06,24.72,24.34,1.5,98.5
2007-12-07,24.7,24.25,1.81,98.19
2007-12-10,24.87,24.34,2.09,97.91
2007-12-11,24.39,23.95,1.84,98.16
2007-12-12,24.66,24.55,0.44,99.56
2007-12-13,25.19,24.91,1.14,98.86
2007-12-14,25.26,25.57,1.24,98.76
2007-12-17,24.6,25.08,1.94,98.06
2007-12-18,24.85,24.91,0.22,99.78
2007-12-19,24.89,25.08,0.77,99.23
2007-12-20,25.41,25.09,1.26,98.74
2007-12-21,25.8,25.55,0.95,99.05
2007-12-24,26.17,25.85,1.2,98.8
2007-12-26,26.19,25.68,1.94,98.06
2007-12-27,25.73,25.59,0.56,99.44
2007-12-28,25.84,26.5,2.55,97.45
2007-12-31,25.47,26.32,3.37,96.63
2008-01-02,25.19,26.46,5.04,94.96
2008-01-03,25.3,26.32,4.04,95.96
2008-01-04,24.59,25.75,4.71,95.29
2008-01-07,24.76,25.75,4.02,95.98
2008-01-08,23.93,24.77,3.52,96.48
2008-01-09,24.64,25.0,1.46,98.54
2008-01-10,24.56,24.38,0.73,99.27
2008-01-11,24.26,24.12,0.58,99.42
2008-01-14,24.6,24.04,2.26,97.74
2008-01-15,24.32,23.68,2.63,97.37
2008-01-16,23.77,23.67,0.44,99.56
2008-01-17,23.69,23.23,1.91,98.09
2008-01-18,23.61,23.21,1.71,98.29
2008-01-22,22.86,23.18,1.38,98.62
2008-01-23,22.84,22.7,0.62,99.38
2008-01-24,23.79,23.1,2.89,97.11
2008-01-25,23.56,22.94,2.66,97.34
2008-01-28,23.41,22.29,4.75,95.25
2008-01-29,23.32,22.63,2.96,97.04
2008-01-30,23.03,21.93,4.79,95.21
2008-01-31,23.32,22.17,4.94,95.06
2008-02-01,21.78,21.92,0.61,99.39
2008-02-04,21.6,21.8,0.94,99.06
2008-02-05,20.8,21.62,3.98,96.02
2008-02-06,20.4,21.04,3.1,96.9
2008-02-07,20.12,20.94,4.12,95.88
2008-02-08,20.43,20.86,2.09,97.91
2008-02-11,20.18,20.78,2.95,97.05
2008-02-12,20.27,20.34,0.33,99.67
2008-02-13,20.72,20.22,2.38,97.62
2008-02-14,20.39,20.11,1.34,98.66
2008-02-15,20.33,20.11,1.06,98.94
2008-02-19,20.23,20.11,0.57,99.43
2008-02-20,20.27,20.11,0.74,99.26
2008-02-21,20.18,20.11,0.32,99.68
2008-02-22,19.88,19.86,0.11,99.89
2008-02-25,19.99,19.66,1.65,98.35
2008-02-26,20.38,20.1,1.39,98.61
2008-02-27,20.29,20.25,0.21,99.79
2008-02-28,20.06,20.25,0.97,99.03
2008-02-29,19.53,19.76,1.17,98.83
2008-03-03,19.38,19.76,1.96,98.04
2008-03-04,19.81,19.61,1.02,98.98
2008-03-05,20.19,19.59,2.97,97.03
2008-03-06,19.8,19.58,1.09,98.91
2008-03-07,20.01,19.71,1.51,98.49
2008-03-10,20.14,19.87,1.37,98.63
2008-03-11,21.03,20.14,4.23,95.77
2008-03-12,20.56,20.07,2.39,97.61
2008-03-13,20.55,20.14,2.03,97.97
2008-03-14,20.08,20.31,1.18,98.82
2008-03-17,20.32,20.25,0.35,99.65
2008-03-18,21.13,20.52,2.87,97.13
2008-03-19,20.55,20.45,0.48,99.52
2008-03-20,20.95,20.56,1.86,98.14
2008-03-24,20.95,20.71,1.15,98.85
2008-03-25,20.93,20.99,0.31,99.69
2008-03-26,20.51,20.88,1.81,98.19
2008-03-27,20.14,20.88,3.66,96.34
2008-03-28,20.04,20.74,3.49,96.51
2008-03-31,20.38,20.74,1.77,98.23
2008-04-01,21.18,20.74,2.09,97.91
2008-04-02,20.94,20.88,0.28,99.72
2008-04-03,20.83,20.82,0.03,99.97
2008-04-04,20.94,20.98,0.2,99.8
2008-04-07,20.94,20.95,0.04,99.96
2008-04-08,20.65,20.52,0.59,99.41
2008-04-09,20.75,21.32,2.75,97.25
2008-04-10,20.9,21.12,1.01,98.99
2008-04-11,20.31,20.4,0.43,99.57
2008-04-14,20.15,20.34,0.94,99.06
2008-04-15,20.29,20.57,1.4,98.6
2008-04-16,20.79,20.95,0.76,99.24
2008-04-17,20.98,20.99,0.04,99.96
2008-04-18,21.54,21.1,2.08,97.92
2008-04-21,21.85,20.98,3.95,96.05
2008-04-22,21.72,20.99,3.37,96.63
2008-04-23,22.59,21.39,5.3,94.7
2008-04-24,22.84,22.02,3.57,96.43
2008-04-25,21.42,21.43,0.05,99.95
2008-04-28,20.82,21.29,2.28,97.72
2008-04-29,20.57,21.12,2.67,97.33
2008-04-30,20.48,21.01,2.57,97.43
2008-05-01,21.11,21.38,1.29,98.71
2008-05-02,21.0,20.95,0.24,99.76
2008-05-05,20.88,20.88,0.01,99.99
2008-05-06,21.33,20.88,2.1,97.9
2008-05-07,20.98,20.74,1.12,98.88
2008-05-08,21.02,20.52,2.36,97.64
2008-05-09,21.11,20.52,2.76,97.24
2008-05-12,21.54,20.69,3.93,96.07
2008-05-13,21.46,20.79,3.15,96.85
2008-05-14,21.57,20.64,4.33,95.67
2008-05-15,21.95,21.51,1.99,98.01
2008-05-16,21.62,21.55,0.28,99.72
2008-05-19,21.23,21.67,2.04,97.96
2008-05-20,20.73,21.56,4.03,95.97
2008-05-21,20.36,20.9,2.63,97.37
2008-05-22,20.52,20.96,2.14,97.86
2008-05-23,20.22,20.84,3.09,96.91
2008-05-27,20.5,20.78,1.35,98.65
2008-05-28,20.31,20.78,2.29,97.71
2008-05-29,20.41,20.84,2.15,97.85
2008-05-30,20.41,20.34,0.35,99.65
2008-06-02,20.04,19.94,0.5,99.5
2008-06-03,19.68,19.94,1.28,98.72
2008-06-04,19.85,19.64,1.05,98.95
2008-06-05,20.4,19.53,4.28,95.72
2008-06-06,19.81,19.51,1.54,98.46
2008-06-09,19.97,19.36,3.04,96.96
2008-06-10,20.1,19.59,2.53,97.47
2008-06-11,19.55,19.53,0.1,99.9
2008-06-12,20.35,19.87,2.4,97.6
2008-06-13,20.95,20.14,3.9,96.1
2008-06-16,20.85,20.07,3.76,96.24
2008-06-17,20.76,20.07,3.32,96.68
2008-06-18,20.51,19.93,2.85,97.15
2008-06-19,20.85,20.45,1.91,98.09
2008-06-20,20.35,20.45,0.52,99.48
2008-06-23,20.16,20.45,1.46,98.54
2008-06-24,19.99,20.45,2.3,97.7
2008-06-25,20.43,20.45,0.06,99.94
2008-06-26,20.0,20.45,2.22,97.78
2008-06-27,19.91,20.38,2.35,97.65
2008-06-30,19.83,20.05,1.1,98.9
2008-07-01,19.37,20.15,4.06,95.94
2008-07-02,18.65,19.43,4.15,95.85
2008-07-03,18.73,18.92,1.06,98.94
2008-07-07,18.76,18.92,0.86,99.14
2008-07-08,18.63,18.68,0.25,99.75
2008-07-09,18.19,18.61,2.33,97.67
2008-07-10,18.34,18.61,1.44,98.56
2008-07-11,18.2,18.61,2.25,97.75
2008-07-14,18.13,17.99,0.74,99.26
2008-07-15,18.85,18.35,2.65,97.35
2008-07-16,19.65,18.56,5.56,94.44
2008-07-17,19.84,18.84,5.02,94.98
2008-07-18,18.64,18.43,1.13,98.87
2008-07-21,18.48,18.38,0.55,99.45
2008-07-22,18.6,18.27,1.77,98.23
2008-07-23,19.05,18.74,1.62,98.38
2008-07-24,18.34,18.38,0.26,99.74
2008-07-25,18.86,18.82,0.18,99.82
2008-07-28,18.38,18.76,2.07,97.93
2008-07-29,18.82,18.96,0.75,99.25
2008-07-30,18.91,18.96,0.29,99.71
2008-07-31,18.54,18.9,1.95,98.05
2008-08-01,18.34,18.82,2.65,97.35
2008-08-04,18.22,18.6,2.1,97.9
2008-08-05,18.89,18.6,1.52,98.48
2008-08-06,19.48,18.65,4.23,95.77
2008-08-07,19.74,19.13,3.11,96.89
2008-08-08,20.28,19.3,4.83,95.17
2008-08-11,20.11,19.22,4.43,95.57
2008-08-12,20.27,19.21,5.23,94.77
2008-08-13,20.12,19.96,0.78,99.22
2008-08-14,20.12,19.93,0.95,99.05
2008-08-15,20.04,20.04,0.04,99.96
2008-08-18,19.96,20.2,1.24,98.76
2008-08-19,19.77,20.07,1.5,98.5
2008-08-20,19.75,20.21,2.31,97.69
2008-08-21,19.67,20.67,5.08,94.92
2008-08-22,20.15,21.0,4.23,95.77
2008-08-25,20.02,20.76,3.73,96.27
2008-08-26,19.73,20.36,3.15,96.85
2008-08-27,19.94,20.36,2.07,97.93
2008-08-28,20.22,20.15,0.32,99.68
2008-08-29,19.75,20.0,1.27,98.73
2008-09-02,19.61,19.74,0.67,99.33
2008-09-03,19.47,19.36,0.56,99.44
2008-09-04,19.07,19.04,0.14,99.86
2008-09-05,18.56,18.96,2.13,97.87
2008-09-08,18.9,18.96,0.33,99.67
2008-09-09,18.89,19.04,0.82,99.18
2008-09-10,19.13,19.18,0.25,99.75
2008-09-11,19.78,19.52,1.36,98.64
2008-09-12,19.99,19.16,4.11,95.89
2008-09-15,19.41,19.01,2.05,97.95
2008-09-16,18.81,19.11,1.63,98.37
2008-09-17,17.78,18.44,3.7,96.3
2008-09-18,18.28,18.22,0.3,99.7
2008-09-19,18.21,18.3,0.51,99.49
2008-09-22,18.38,18.2,0.98,99.02
2008-09-23,18.41,18.2,1.13,98.87
2008-09-24,18.61,18.38,1.22,98.78
2008-09-25,19.26,18.81,2.32,97.68
2008-09-26,19.83,18.81,5.14,94.86
2008-09-29,18.1,18.38,1.58,98.42
2008-09-30,19.31,18.6,3.68,96.32
2008-10-01,19.16,18.38,4.06,95.94
2008-10-02,19.0,18.63,1.9,98.1
2008-10-03,19.05,18.71,1.78,98.22
2008-10-06,18.03,18.63,3.38,96.62
2008-10-07,16.81,18.63,10.81,89.19
2008-10-08,16.65,18.01,8.16,91.84
2008-10-09,16.14,17.86,10.67,89.33
2008-10-10,15.56,17.07,9.69,90.31
2008-10-13,18.45,17.7,4.08,95.92
2008-10-14,17.44,16.96,2.74,97.26
2008-10-15,16.4,16.71,1.92,98.08
2008-10-16,17.5,16.77,4.22,95.78
2008-10-17,17.32,16.94,2.15,97.85
2008-10-20,17.89,16.9,5.55,94.45
2008-10-21,16.9,16.71,1.14,98.86
2008-10-22,15.58,16.62,6.66,93.34
2008-10-23,16.15,16.7,3.37,96.63
2008-10-24,15.89,16.38,3.1,96.9
2008-10-27,15.33,16.31,6.38,93.62
2008-10-28,16.72,16.52,1.16,98.84
2008-10-29,16.64,16.52,0.73,99.27
2008-10-30,16.38,16.73,2.16,97.84
2008-10-31,16.16,16.21,0.33,99.67
2008-11-03,16.37,16.32,0.29,99.71
2008-11-04,17.03,16.68,2.05,97.95
2008-11-05,15.98,16.21,1.47,98.53
2008-11-06,15.11,16.24,7.48,92.52
2008-11-07,15.56,16.24,4.38,95.62
2008-11-10,15.41,16.14,4.68,95.32
2008-11-11,15.34,16.33,6.47,93.53
2008-11-12,14.69,15.79,7.52,92.48
2008-11-13,15.38,15.95,3.73,96.27
2008-11-14,14.52,15.73,8.33,91.67
2008-11-17,13.98,15.3,9.43,90.57
2008-11-18,14.29,14.98,4.81,95.19
2008-11-19,13.33,14.59,9.47,90.53
2008-11-20,12.77,14.21,11.28,88.72
2008-11-21,14.34,14.49,1.09,98.91
2008-11-24,15.07,14.49,3.84,96.16
2008-11-25,14.56,14.56,0.02,99.98
2008-11-26,14.93,14.76,1.13,98.87
2008-11-28,14.73,14.6,0.87,99.13
2008-12-01,13.56,14.49,6.89,93.11
2008-12-02,13.95,14.49,3.82,96.18
2008-12-03,14.48,14.68,1.43,98.57
2008-12-04,13.92,14.49,4.04,95.96
2008-12-05,14.48,14.68,1.43,98.57
2008-12-08,15.31,14.81,3.23,96.77
2008-12-09,15.01,14.74,1.76,98.24
2008-12-10,15.02,14.94,0.52,99.48
2008-12-11,14.17,14.81,4.53,95.47
2008-12-12,14.1,14.68,4.1,95.9
2008-12-15,13.87,14.45,4.19,95.81
2008-12-16,14.65,14.68,0.22,99.78
2008-12-17,14.32,14.53,1.43,98.57
2008-12-18,14.06,14.53,3.32,96.68
2008-12-19,13.93,14.57,4.63,95.37
2008-12-22,13.97,14.51,3.87,96.13
2008-12-23,14.05,14.44,2.81,97.19
2008-12-24,13.97,14.51,3.92,96.08
2008-12-26,13.94,13.95,0.12,99.88
2008-12-29,13.81,13.62,1.39,98.61
2008-12-30,14.09,13.87,1.57,98.43
2008-12-31,14.16,13.9,1.83,98.17
2009-01-02,14.81,14.28,3.59,96.41
2009-01-05,14.95,14.77,1.22,98.78
2009-01-06,15.12,14.94,1.24,98.76
2009-01-07,14.21,14.42,1.42,98.58
2009-01-08,14.66,14.55,0.75,99.25
2009-01-09,14.22,14.49,1.87,98.13
2009-01-12,14.18,14.55,2.57,97.43
2009-01-13,14.44,14.62,1.23,98.77
2009-01-14,13.91,14.49,4.17,95.83
2009-01-15,14.02,14.03,0.06,99.94
2009-01-16,14.36,14.09,1.9,98.1
2009-01-20,13.46,14.0,4.0,96.0
2009-01-21,14.12,14.03,0.66,99.34
2009-01-22,12.47,13.9,11.54,88.46
2009-01-23,12.53,13.66,9.0,91.0
2009-01-26,12.84,13.81,7.53,92.47
2009-01-27,12.87,13.07,1.58,98.42
2009-01-28,13.14,13.34,1.47,98.53
2009-01-29,12.82,13.14,2.5,97.5
2009-01-30,12.46,13.14,5.43,94.57
2009-02-02,12.99,13.31,2.5,97.5
2009-02-03,13.48,13.26,1.61,98.39
2009-02-04,13.57,13.35,1.64,98.36
2009-02-05,13.87,13.35,3.76,96.24
2009-02-06,14.32,13.35,6.79,93.21
2009-02-09,14.16,14.15,0.06,99.94
2009-02-10,13.7,13.95,1.88,98.12
2009-02-11,14.0,14.36,2.61,97.39
2009-02-12,14.03,14.36,2.35,97.65
2009-02-13,13.91,14.29,2.76,97.24
2009-02-17,13.27,13.41,1.04,98.96
2009-02-18,13.29,13.35,0.41,99.59
2009-02-19,13.14,13.41,2.05,97.95
2009-02-20,13.2,13.54,2.58,97.42
2009-02-23,12.62,13.27,5.15,94.85
2009-02-24,12.59,13.22,5.0,95.0
2009-02-25,12.44,13.04,4.86,95.14
2009-02-26,12.04,12.9,7.11,92.89
2009-02-27,11.85,12.19,2.87,97.13
2009-03-02,11.58,12.19,5.21,94.79
2009-03-03,11.65,11.84,1.68,98.32
2009-03-04,11.82,11.84,0.17,99.83
2009-03-05,11.2,11.84,5.74,94.26
2009-03-06,11.21,11.84,5.67,94.33
2009-03-09,11.11,11.19,0.68,99.32
2009-03-10,12.09,11.37,5.94,94.06
2009-03-11,12.55,12.24,2.48,97.52
2009-03-12,12.48,12.23,2.0,98.0
2009-03-13,12.21,12.26,0.35,99.65
2009-03-16,11.92,11.58,2.83,97.17
2009-03-17,12.4,11.67,5.84,94.16
2009-03-18,12.44,11.73,5.69,94.31
2009-03-19,12.57,12.47,0.84,99.16
2009-03-20,12.51,12.58,0.54,99.46
2009-03-23,13.45,12.75,5.16,94.84
2009-03-24,13.15,12.59,4.25,95.75
2009-03-25,13.12,12.81,2.31,97.69
2009-03-26,13.81,13.16,4.75,95.25
2009-03-27,13.3,13.09,1.54,98.46
2009-03-30,12.82,12.8,0.18,99.82
2009-03-31,13.48,12.83,4.76,95.24
2009-04-01,14.16,13.68,3.45,96.55
2009-04-02,14.15,13.68,3.31,96.69
2009-04-03,13.75,13.68,0.53,99.47
2009-04-06,13.76,13.61,1.09,98.91
2009-04-07,13.76,13.61,1.09,98.91
2009-04-08,14.08,13.65,3.05,96.95
2009-04-09,14.43,13.68,5.18,94.82
2009-04-13,14.37,13.6,5.36,94.64
2009-04-14,14.19,14.28,0.6,99.4
2009-04-15,13.81,14.15,2.48,97.52
2009-04-16,14.49,14.15,2.34,97.66
2009-04-17,14.08,14.15,0.5,99.5
2009-04-20,13.65,14.15,3.69,96.31
2009-04-21,13.92,14.09,1.24,98.76
2009-04-22,13.78,13.95,1.29,98.71
2009-04-23,13.88,13.95,0.54,99.46
2009-04-24,15.34,14.36,6.37,93.63
2009-04-27,14.96,14.28,4.57,95.43
2009-04-28,14.62,14.15,3.18,96.82
2009-04-29,14.85,14.15,4.71,95.29
2009-04-30,14.86,14.11,5.04,94.96
2009-05-01,14.85,14.11,4.94,95.06
2009-05-04,14.81,14.64,1.13,98.87
2009-05-05,14.52,14.64,0.87,99.13
2009-05-06,14.52,14.51,0.02,99.98
2009-05-07,14.17,14.51,2.41,97.59
2009-05-08,14.25,14.64,2.79,97.21
2009-05-11,14.17,14.11,0.42,99.58
2009-05-12,14.59,14.77,1.21,98.79
2009-05-13,14.49,14.64,1.07,98.93
2009-05-14,14.71,14.37,2.37,97.63
2009-05-15,14.83,14.49,2.31,97.69
2009-05-18,15.11,14.77,2.27,97.73
2009-05-19,14.99,14.74,1.66,98.34
2009-05-20,15.04,14.94,0.67,99.33
2009-05-21,14.63,14.81,1.22,98.78
2009-05-22,14.58,14.81,1.58,98.42
2009-05-26,15.02,15.02,0.04,99.96
2009-05-27,14.86,14.97,0.75,99.25
2009-05-28,15.1,15.22,0.8,99.2
2009-05-29,15.42,15.31,0.75,99.25
2009-06-01,15.8,15.79,0.04,99.96
2009-06-02,15.8,15.73,0.43,99.57
2009-06-03,16.04,15.79,1.56,98.44
2009-06-04,16.11,16.14,0.15,99.85
2009-06-05,16.34,16.14,1.25,98.75
2009-06-08,16.28,16.08,1.23,98.77
2009-06-09,16.3,16.14,0.98,99.02
2009-06-10,16.65,16.14,3.05,96.95
2009-06-11,16.85,16.66,1.18,98.82
2009-06-12,17.22,16.65,3.35,96.65
2009-06-15,17.29,16.74,3.15,96.85
2009-06-16,17.31,16.74,3.28,96.72
2009-06-17,17.48,17.02,2.64,97.36
2009-06-18,17.35,17.12,1.29,98.71
2009-06-19,17.77,17.27,2.82,97.18
2009-06-22,17.19,17.24,0.29,99.71
2009-06-23,17.23,17.23,0.01,99.99
2009-06-24,17.33,17.42,0.54,99.46
2009-06-25,17.56,17.52,0.26,99.74
2009-06-26,17.24,17.65,2.41,97.59
2009-06-29,17.61,17.71,0.55,99.45
2009-06-30,17.55,17.58,0.21,99.79
2009-07-01,17.75,17.58,0.92,99.08
2009-07-02,17.25,17.27,0.08,99.92
2009-07-06,17.13,17.12,0.04,99.96
2009-07-07,16.63,16.99,2.18,97.82
2009-07-08,16.65,16.94,1.71,98.29
2009-07-09,16.57,16.94,2.25,97.75
2009-07-10,16.53,16.78,1.52,98.48
2009-07-13,17.15,17.2,0.32,99.68
2009-07-14,17.06,16.85,1.23,98.77
2009-07-15,17.81,17.2,3.39,96.61
2009-07-16,18.04,17.29,4.14,95.86
2009-07-17,17.93,17.33,3.36,96.64
2009-07-20,18.11,17.57,2.97,97.03
2009-07-21,18.33,17.83,2.72,97.28
2009-07-22,18.31,17.73,3.14,96.86
2009-07-23,18.87,18.24,3.31,96.69
2009-07-24,17.31,17.63,1.83,98.17
2009-07-27,17.06,17.66,3.54,96.46
2009-07-28,17.33,17.73,2.35,97.65
2009-07-29,17.57,17.78,1.17,98.83
2009-07-30,17.58,17.83,1.45,98.55
2009-07-31,17.36,17.53,0.94,99.06
2009-08-03,17.59,17.66,0.42,99.58
2009-08-04,17.55,17.36,1.09,98.91
2009-08-05,17.58,17.41,0.94,99.06
2009-08-06,17.32,17.29,0.14,99.86
2009-08-07,17.39,17.28,0.63,99.37
2009-08-10,17.29,17.15,0.81,99.19
2009-08-11,17.07,17.16,0.52,99.48
2009-08-12,17.37,17.07,1.74,98.26
2009-08-13,17.44,17.71,1.55,98.45
2009-08-14,17.49,17.93,2.55,97.45
2009-08-17,17.16,17.41,1.44,98.56
2009-08-18,17.5,17.57,0.35,99.65
2009-08-19,17.56,17.57,0.05,99.95
2009-08-20,17.57,17.77,1.12,98.88
2009-08-21,18.12,17.93,1.03,98.97
2009-08-24,18.29,18.12,0.94,99.06
2009-08-25,18.29,18.03,1.44,98.56
2009-08-26,18.22,18.23,0.03,99.97
2009-08-27,18.33,18.46,0.71,99.29
2009-08-28,18.32,18.47,0.81,99.19
2009-08-31,18.3,18.93,3.44,96.56
2009-09-01,17.82,18.57,4.22,95.78
2009-09-02,17.71,18.53,4.59,95.41
2009-09-03,17.9,18.53,3.51,96.49
2009-09-04,18.28,18.85,3.14,96.86
2009-09-08,18.43,18.84,2.25,97.75
2009-09-09,18.4,18.76,1.99,98.01
2009-09-10,18.56,18.84,1.51,98.49
2009-09-11,18.45,18.59,0.72,99.28
2009-09-14,18.56,18.59,0.15,99.85
2009-09-15,18.71,18.69,0.11,99.89
2009-09-16,18.71,18.69,0.11,99.89
2009-09-17,18.78,18.69,0.47,99.53
2009-09-18,18.75,18.94,1.02,98.98
2009-09-21,18.78,18.94,0.86,99.14
2009-09-22,19.13,19.32,0.96,99.04
2009-09-23,19.09,19.32,1.21,98.79
2009-09-24,19.26,19.5,1.27,98.73
2009-09-25,18.97,19.34,1.98,98.02
2009-09-28,19.17,19.34,0.88,99.12
2009-09-29,19.12,19.34,1.19,98.81
2009-09-30,19.09,19.59,2.61,97.39
2009-10-01,18.47,19.15,3.67,96.33
2009-10-02,18.53,19.09,3.0,97.0
2009-10-05,18.29,18.42,0.71,99.29
2009-10-06,18.64,18.76,0.64,99.36
2009-10-07,18.63,18.65,0.1,99.9
2009-10-08,19.06,18.96,0.5,99.5
2009-10-09,18.97,18.96,0.03,99.97
2009-10-12,19.09,18.76,1.75,98.25
2009-10-13,19.16,18.82,1.76,98.24
2009-10-14,19.27,18.82,2.33,97.67
2009-10-15,19.83,19.56,1.37,98.63
2009-10-16,19.67,19.35,1.61,98.39
2009-10-19,19.57,19.64,0.38,99.62
2009-10-20,19.58,19.64,0.35,99.65
2009-10-21,19.73,20.01,1.42,98.58
2009-10-22,19.74,20.01,1.39,98.61
2009-10-23,20.8,20.44,1.73,98.27
2009-10-26,21.29,20.44,3.99,96.01
2009-10-27,21.22,20.61,2.88,97.12
2009-10-28,20.8,20.22,2.81,97.19
2009-10-29,20.95,20.61,1.6,98.4
2009-10-30,20.59,20.45,0.64,99.36
2009-11-02,20.7,20.84,0.69,99.31
2009-11-03,20.44,20.63,0.93,99.07
2009-11-04,20.83,20.96,0.63,99.37
2009-11-05,21.13,21.19,0.26,99.74
2009-11-06,21.17,21.39,1.04,98.96
2009-11-09,21.52,21.39,0.6,99.4
2009-11-10,21.54,21.83,1.36,98.64
2009-11-11,21.62,21.83,0.98,99.02
2009-11-12,21.8,21.64,0.72,99.28
2009-11-13,22.0,21.43,2.58,97.42
2009-11-16,21.93,21.55,1.74,98.26
2009-11-17,22.37,22.18,0.85,99.15
2009-11-18,22.45,22.38,0.3,99.7
2009-11-19,22.2,22.59,1.75,98.25
2009-11-20,22.09,22.54,2.06,97.94
2009-11-23,22.32,22.89,2.52,97.48
2009-11-24,22.3,23.4,4.92,95.08
2009-11-25,22.21,23.13,4.12,95.88
2009-11-27,21.79,22.65,3.95,96.05
2009-11-30,21.93,22.48,2.49,97.51
2009-12-01,22.38,22.86,2.15,97.85
2009-12-02,22.2,22.65,1.99,98.01
2009-12-03,22.24,22.58,1.53,98.47
2009-12-04,22.35,22.58,1.03,98.97
2009-12-07,22.21,22.52,1.37,98.63
2009-12-08,22.05,22.16,0.5,99.5
2009-12-09,22.15,22.16,0.03,99.97
2009-12-10,22.27,22.38,0.47,99.53
2009-12-11,22.26,22.52,1.16,98.84
2009-12-14,22.45,22.52,0.29,99.71
2009-12-15,22.38,22.38,0.03,99.97
2009-12-16,22.44,22.52,0.32,99.68
2009-12-17,22.07,22.58,2.32,97.68
2009-12-18,22.64,22.77,0.57,99.43
2009-12-21,22.76,22.58,0.76,99.24
2009-12-22,22.98,22.97,0.04,99.96
2009-12-23,23.06,22.97,0.36,99.64
2009-12-24,23.11,22.97,0.62,99.38
2009-12-28,23.24,23.41,0.72,99.28
2009-12-29,23.41,23.78,1.62,98.38
2009-12-30,23.08,23.35,1.15,98.85
2009-12-31,22.73,23.27,2.4,97.6
2010-01-04,23.08,23.46,1.64,98.36
2010-01-05,23.08,23.44,1.56,98.44
2010-01-06,22.94,23.44,2.14,97.86
2010-01-07,22.7,23.2,2.2,97.8
2010-01-08,22.86,22.97,0.46,99.54
2010-01-11,22.57,22.51,0.26,99.74
2010-01-12,22.42,22.36,0.29,99.71
2010-01-13,22.63,22.36,1.21,98.79
2010-01-14,23.08,22.57,2.21,97.79
2010-01-15,23.01,22.51,2.16,97.84
2010-01-19,23.19,22.51,2.92,97.08
2010-01-20,22.81,22.23,2.55,97.45
2010-01-21,22.38,22.17,0.91,99.09
2010-01-22,21.59,22.02,1.99,98.01
2010-01-25,21.86,21.79,0.34,99.66
2010-01-26,22.0,21.85,0.68,99.32
2010-01-27,22.12,22.0,0.57,99.43
2010-01-28,21.74,22.0,1.17,98.83
2010-01-29,21.01,21.02,0.04,99.96
2010-02-01,21.18,21.16,0.13,99.87
2010-02-02,21.22,21.0,1.02,98.98
2010-02-03,21.35,20.88,2.18,97.82
2010-02-04,20.76,20.53,1.11,98.89
2010-02-05,20.89,20.61,1.36,98.64
2010-02-08,20.67,20.42,1.21,98.79
2010-02-09,20.89,20.52,1.74,98.26
2010-02-10,20.87,20.54,1.6,98.4
2010-02-11,20.97,20.93,0.2,99.8
2010-02-12,20.83,20.69,0.64,99.36
2010-02-16,21.24,20.9,1.57,98.43
2010-02-17,21.42,20.9,2.4,97.6
2010-02-18,21.7,21.24,2.12,97.88
2010-02-19,21.55,21.55,0.01,99.99
2010-02-22,21.52,21.51,0.05,99.95
2010-02-23,21.22,21.43,0.96,99.04
2010-02-24,21.45,21.41,0.16,99.84
2010-02-25,21.42,21.67,1.17,98.83
2010-02-26,21.48,21.66,0.87,99.13
2010-03-01,21.74,22.14,1.85,98.15
2010-03-02,21.32,21.79,2.18,97.82
2010-03-03,21.32,21.62,1.41,98.59
2010-03-04,21.45,21.64,0.91,99.09
2010-03-05,21.42,21.68,1.2,98.8
2010-03-08,21.45,21.56,0.55,99.45
2010-03-09,21.57,21.56,0.05,99.95
2010-03-10,21.7,21.43,1.27,98.73
2010-03-11,21.86,21.63,1.04,98.96
2010-03-12,21.93,21.84,0.4,99.6
2010-03-15,21.94,22.31,1.7,98.3
2010-03-16,22.0,22.24,1.07,98.93
2010-03-17,22.2,22.32,0.55,99.45
2010-03-18,22.18,22.31,0.6,99.4
2010-03-19,22.17,22.27,0.47,99.53
2010-03-22,22.17,22.68,2.27,97.73
2010-03-23,22.38,22.68,1.31,98.69
2010-03-24,22.21,22.92,3.2,96.8
2010-03-25,22.48,23.58,4.9,95.1
2010-03-26,22.22,23.23,4.57,95.43
2010-03-29,22.17,22.97,3.63,96.37
2010-03-30,22.3,22.97,3.01,96.99
2010-03-31,21.94,22.38,1.98,98.02
2010-04-01,21.84,22.23,1.77,98.23
2010-04-05,21.93,22.38,2.05,97.95
2010-04-06,21.96,22.31,1.59,98.41
2010-04-07,21.99,22.16,0.78,99.22
2010-04-08,22.41,21.93,2.17,97.83
2010-04-09,22.73,22.17,2.47,97.53
2010-04-12,22.71,22.17,2.4,97.6
2010-04-13,22.81,22.71,0.43,99.57
2010-04-14,23.09,22.97,0.5,99.5
2010-04-15,23.13,22.86,1.15,98.85
2010-04-16,22.98,22.97,0.02,99.98
2010-04-19,23.25,23.23,0.08,99.92
2010-04-20,23.49,23.43,0.25,99.75
2010-04-21,23.47,24.03,2.37,97.63
2010-04-22,23.51,23.6,0.35,99.65
2010-04-23,23.19,23.59,1.7,98.3
2010-04-26,23.31,23.66,1.54,98.46
2010-04-27,23.11,23.52,1.79,98.21
2010-04-28,23.16,23.38,0.99,99.01
2010-04-29,23.22,23.15,0.3,99.7
2010-04-30,22.88,22.89,0.06,99.94
2010-05-03,23.12,23.27,0.67,99.33
2010-05-04,22.57,22.66,0.41,99.59
2010-05-05,22.36,22.51,0.68,99.32
2010-05-06,21.71,21.79,0.35,99.65
2010-05-07,21.13,21.8,3.15,96.85
2010-05-10,21.68,21.74,0.28,99.72
2010-05-11,21.63,21.15,2.23,97.77
2010-05-12,22.05,21.19,3.92,96.08
2010-05-13,21.9,21.3,2.75,97.25
2010-05-14,21.67,21.08,2.74,97.26
2010-05-17,21.68,21.08,2.78,97.22
2010-05-18,21.52,21.08,2.06,97.94
2010-05-19,21.25,21.06,0.89,99.11
2010-05-20,20.4,20.87,2.33,97.67
2010-05-21,20.2,20.7,2.51,97.49
2010-05-24,19.77,20.54,3.9,96.1
2010-05-25,19.62,20.42,4.09,95.91
2010-05-26,18.82,19.87,5.57,94.43
2010-05-27,19.57,19.74,0.88,99.12
2010-05-28,19.41,19.12,1.54,98.46
2010-06-01,19.48,19.12,1.84,98.16
2010-06-02,19.91,18.88,5.18,94.82
2010-06-03,20.21,18.89,6.52,93.48
2010-06-04,19.41,18.88,2.72,97.28
2010-06-07,19.03,18.88,0.8,99.2
2010-06-08,18.9,18.78,0.6,99.4
2010-06-09,18.65,18.78,0.68,99.32
2010-06-10,18.81,18.97,0.86,99.14
2010-06-11,19.31,19.25,0.3,99.7
2010-06-14,19.19,19.37,0.94,99.06
2010-06-15,20.0,19.73,1.38,98.62
2010-06-16,19.81,19.84,0.15,99.85
2010-06-17,19.84,19.73,0.59,99.41
2010-06-18,19.9,19.73,0.86,99.14
2010-06-21,19.53,19.59,0.3,99.7
2010-06-22,19.39,19.61,1.14,98.86
2010-06-23,19.05,19.28,1.23,98.77
2010-06-24,18.81,19.43,3.26,96.74
2010-06-25,18.46,19.18,3.91,96.09
2010-06-28,18.29,19.18,4.85,95.15
2010-06-29,17.54,18.96,8.11,91.89
2010-06-30,17.32,18.1,4.55,95.45
2010-07-01,17.43,18.06,3.6,96.4
2010-07-02,17.51,17.84,1.87,98.13
2010-07-06,17.92,17.74,1.02,98.98
2010-07-07,18.29,17.46,4.54,95.46
2010-07-08,18.37,17.47,4.88,95.12
2010-07-09,18.26,17.46,4.42,95.58
2010-07-12,18.68,17.81,4.66,95.34
2010-07-13,18.91,18.38,2.82,97.18
2010-07-14,19.14,18.6,2.86,97.14
2010-07-15,19.2,18.73,2.4,97.6
2010-07-16,18.73,18.95,1.2,98.8
2010-07-19,18.99,19.02,0.19,99.81
2010-07-20,19.17,19.35,0.92,99.08
2010-07-21,18.9,19.35,2.36,97.64
2010-07-22,19.44,19.38,0.32,99.68
2010-07-23,19.42,19.35,0.37,99.63
2010-07-26,19.64,19.35,1.48,98.52
2010-07-27,19.69,19.7,0.09,99.91
2010-07-28,19.53,19.9,1.93,98.07
2010-07-29,19.59,19.99,2.04,97.96
2010-07-30,19.42,19.82,2.06,97.94
2010-08-02,19.81,19.93,0.56,99.44
2010-08-03,19.69,19.72,0.19,99.81
2010-08-04,19.36,19.52,0.8,99.2
2010-08-05,19.09,19.65,2.94,97.06
2010-08-06,19.23,19.62,2.07,97.93
2010-08-09,19.27,19.49,1.11,98.89
2010-08-10,18.87,19.42,2.96,97.04
2010-08-11,18.71,18.93,1.21,98.79
2010-08-12,18.43,18.72,1.56,98.44
2010-08-13,18.36,18.68,1.72,98.28
2010-08-16,18.44,18.42,0.09,99.91
2010-08-17,18.69,18.29,2.17,97.83
2010-08-18,18.78,18.3,2.54,97.46
2010-08-19,18.49,18.29,1.09,98.91
2010-08-20,18.33,17.99,1.85,98.15
2010-08-23,18.37,18.05,1.71,98.29
2010-08-24,18.19,18.06,0.68,99.32
2010-08-25,18.23,18.1,0.72,99.28
2010-08-26,18.02,17.99,0.16,99.84
2010-08-27,18.1,18.09,0.07,99.93
2010-08-30,17.88,17.94,0.29,99.71
2010-08-31,17.76,17.69,0.39,99.61
2010-09-01,18.08,18.05,0.16,99.84
2010-09-02,18.11,18.17,0.32,99.68
2010-09-03,18.38,18.32,0.28,99.72
2010-09-07,18.13,17.91,1.17,98.83
2010-09-08,18.1,17.84,1.48,98.52
2010-09-09,18.16,18.05,0.61,99.39
2010-09-10,18.04,18.05,0.05,99.95
2010-09-13,19.0,18.69,1.59,98.41
2010-09-14,18.94,18.71,1.22,98.78
2010-09-15,19.0,18.71,1.57,98.43
2010-09-16,19.16,18.91,1.33,98.67
2010-09-17,19.08,19.01,0.37,99.63
2010-09-20,19.24,19.35,0.58,99.42
2010-09-21,19.03,19.35,1.69,98.31
2010-09-22,18.62,19.06,2.35,97.65
2010-09-23,18.48,19.02,2.92,97.08
2010-09-24,18.75,19.02,1.47,98.53
2010-09-27,18.71,19.13,2.24,97.76
2010-09-28,18.67,19.13,2.45,97.55
2010-09-29,18.53,19.03,2.67,97.33
2010-09-30,18.53,19.03,2.71,97.29
2010-10-01,18.44,18.27,0.94,99.06
2010-10-04,18.09,18.13,0.22,99.78
2010-10-05,18.42,18.35,0.4,99.6
2010-10-06,18.48,18.09,2.15,97.85
2010-10-07,18.56,18.24,1.73,98.27
2010-10-08,18.59,18.27,1.71,98.29
2010-10-11,18.6,18.42,0.98,99.02
2010-10-12,18.78,18.96,0.94,99.06
2010-10-13,19.17,19.27,0.5,99.5
2010-10-14,19.09,19.06,0.13,99.87
2010-10-15,19.32,19.26,0.32,99.68
2010-10-18,19.53,19.34,0.98,99.02
2010-10-19,18.99,19.03,0.21,99.79
2010-10-20,19.15,19.13,0.1,99.9
2010-10-21,19.23,19.14,0.47,99.53
2010-10-22,19.2,19.67,2.46,97.54
2010-10-25,19.06,19.75,3.66,96.34
2010-10-26,19.59,19.96,1.85,98.15
2010-10-27,19.71,19.96,1.3,98.7
2010-10-28,19.88,19.96,0.41,99.59
2010-10-29,20.18,20.04,0.66,99.34
2010-11-01,20.39,20.04,1.69,98.31
2010-11-02,20.72,20.04,3.27,96.73
2010-11-03,20.45,20.04,2.02,97.98
2010-11-04,20.53,20.38,0.75,99.25
2010-11-05,20.31,20.14,0.86,99.14
2010-11-08,20.28,20.46,0.88,99.12
2010-11-09,20.39,20.46,0.35,99.65
2010-11-10,20.38,20.46,0.38,99.62
2010-11-11,20.18,20.66,2.36,97.64
2010-11-12,19.87,20.53,3.32,96.68
2010-11-15,19.82,20.36,2.7,97.3
2010-11-16,19.65,20.15,2.59,97.41
2010-11-17,19.46,19.88,2.15,97.85
2010-11-18,19.67,19.82,0.75,99.25
2010-11-19,19.55,19.43,0.65,99.35
2010-11-22,19.58,18.92,3.37,96.63
2010-11-23,19.12,18.92,1.03,98.97
2010-11-24,19.31,18.92,2.0,98.0
2010-11-26,19.22,18.99,1.22,98.78
2010-11-29,19.27,18.96,1.6,98.4
2010-11-30,19.23,18.85,1.94,98.06
2010-12-01,19.82,19.11,3.56,96.44
2010-12-02,20.47,19.73,3.63,96.37
2010-12-03,20.57,19.89,3.28,96.72
2010-12-06,20.43,19.89,2.63,97.37
2010-12-07,20.45,20.15,1.48,98.52
2010-12-08,20.73,20.45,1.31,98.69
2010-12-09,20.61,20.27,1.64,98.36
2010-12-10,20.81,20.84,0.14,99.86
2010-12-13,20.74,20.76,0.1,99.9
2010-12-14,21.02,21.28,1.23,98.77
2010-12-15,21.2,21.7,2.36,97.64
2010-12-16,21.3,21.71,1.9,98.1
2010-12-17,21.24,21.7,2.18,97.82
2010-12-20,21.17,21.7,2.51,97.49
2010-12-21,21.37,21.63,1.21,98.79
2010-12-22,21.46,21.89,2.03,97.97
2010-12-23,21.54,21.83,1.34,98.66
2010-12-27,21.37,21.83,2.17,97.83
2010-12-28,21.32,21.71,1.81,98.19
2010-12-29,21.29,21.77,2.23,97.77
2010-12-30,21.2,21.77,2.67,97.33
2010-12-31,21.24,21.73,2.26,97.74
2011-01-03,21.3,21.93,2.97,97.03
2011-01-04,21.38,21.73,1.61,98.39
2011-01-05,21.31,21.44,0.59,99.41
2011-01-06,21.94,21.78,0.73,99.27
2011-01-07,21.77,21.66,0.51,99.49
2011-01-10,21.48,21.51,0.15,99.85
2011-01-11,21.4,21.3,0.43,99.57
2011-01-12,21.73,21.51,1.01,98.99
2011-01-13,21.46,21.24,1.0,99.0
2011-01-14,21.54,21.44,0.45,99.55
2011-01-18,21.81,21.55,1.19,98.81
2011-01-19,21.67,21.51,0.73,99.27
2011-01-20,21.58,21.63,0.25,99.75
2011-01-21,21.33,21.43,0.46,99.54
2011-01-24,21.6,21.56,0.17,99.83
2011-01-25,21.66,21.56,0.42,99.58
2011-01-26,21.91,21.64,1.2,98.8
2011-01-27,21.97,21.43,2.5,97.5
2011-01-28,21.12,21.02,0.47,99.53
2011-01-31,21.11,21.09,0.1,99.9
2011-02-01,21.3,21.24,0.3,99.7
2011-02-02,21.27,20.97,1.4,98.6
2011-02-03,21.05,20.97,0.36,99.64
2011-02-04,21.14,20.97,0.79,99.21
2011-02-07,21.46,21.09,1.76,98.24
2011-02-08,21.53,21.16,1.7,98.3
2011-02-09,21.29,21.09,0.95,99.05
2011-02-10,20.93,21.21,1.32,98.68
2011-02-11,20.74,20.75,0.05,99.95
2011-02-14,20.73,20.69,0.16,99.84
2011-02-15,20.64,20.38,1.25,98.75
2011-02-16,20.69,20.36,1.57,98.43
2011-02-17,20.83,20.86,0.12,99.88
2011-02-18,20.72,20.78,0.28,99.72
2011-02-22,20.36,19.94,2.08,97.92
2011-02-23,20.36,19.95,2.0,98.0
2011-02-24,20.5,20.27,1.12,98.88
2011-02-25,20.33,19.95,1.85,98.15
2011-02-28,20.35,19.83,2.54,97.46
2011-03-01,20.03,19.83,0.98,99.02
2011-03-02,19.97,19.83,0.67,99.33
2011-03-03,20.06,19.91,0.77,99.23
2011-03-04,19.87,19.61,1.31,98.69
2011-03-07,19.69,19.41,1.45,98.55
2011-03-08,19.84,19.53,1.58,98.42
2011-03-09,19.82,19.51,1.58,98.42
2011-03-10,19.46,19.31,0.75,99.25
2011-03-11,19.66,19.03,3.23,96.77
2011-03-14,19.67,19.04,3.19,96.81
2011-03-15,19.44,19.03,2.13,97.87
2011-03-16,18.98,18.92,0.3,99.7
2011-03-17,18.97,18.68,1.55,98.45
2011-03-18,18.99,18.68,1.63,98.37
2011-03-21,19.39,19.03,1.86,98.14
2011-03-22,19.37,19.11,1.34,98.66
2011-03-23,19.56,19.18,1.89,98.11
2011-03-24,19.76,19.44,1.62,98.38
2011-03-25,19.62,19.52,0.47,99.53
2011-03-28,19.46,19.25,1.05,98.95
2011-03-29,19.52,19.37,0.76,99.24
2011-03-30,19.61,19.73,0.6,99.4
2011-03-31,19.44,19.34,0.53,99.47
2011-04-01,19.51,19.32,0.99,99.01
2011-04-04,19.56,19.62,0.32,99.68
2011-04-05,19.74,20.18,2.23,97.77
2011-04-06,20.02,20.18,0.81,99.19
2011-04-07,20.06,20.22,0.77,99.23
2011-04-08,19.96,20.27,1.57,98.43
2011-04-11,19.89,20.15,1.29,98.71
2011-04-12,19.63,19.83,1.02,98.98
2011-04-13,19.62,19.61,0.05,99.95
2011-04-14,19.46,19.61,0.77,99.23
2011-04-15,19.42,19.74,1.61,98.39
2011-04-18,19.2,19.41,1.1,98.9
2011-04-19,19.26,19.36,0.54,99.46
2011-04-20,19.72,19.72,0.0,100.0
2011-04-21,19.54,19.52,0.12,99.88
2011-04-25,19.61,19.52,0.47,99.53
2011-04-26,20.05,19.79,1.29,98.71
2011-04-27,20.2,19.73,2.34,97.66
2011-04-28,20.45,19.79,3.22,96.78
2011-04-29,19.85,19.77,0.39,99.61
2011-05-02,19.65,19.37,1.42,98.58
2011-05-03,19.76,19.59,0.89,99.11
2011-05-04,19.95,19.73,1.14,98.86
2011-05-05,19.75,19.73,0.11,99.89
2011-05-06,19.81,19.75,0.27,99.73
2011-05-09,19.78,19.83,0.25,99.75
2011-05-10,19.65,20.04,1.95,98.05
2011-05-11,19.42,19.61,1.01,98.99
2011-05-12,19.39,19.66,1.42,98.58
2011-05-13,19.16,19.25,0.45,99.55
2011-05-16,18.81,18.71,0.54,99.46
2011-05-17,18.9,18.68,1.15,98.85
2011-05-18,19.03,18.61,2.21,97.79
2011-05-19,19.05,18.73,1.71,98.29
2011-05-20,18.87,18.73,0.78,99.22
2011-05-23,18.63,18.61,0.1,99.9
2011-05-24,18.61,18.61,0.02,99.98
2011-05-25,18.64,18.61,0.18,99.82
2011-05-26,19.01,18.72,1.52,98.48
2011-05-27,19.08,18.9,0.94,99.06
2011-05-31,19.27,19.12,0.8,99.2
2011-06-01,18.83,18.96,0.72,99.28
2011-06-02,18.67,18.6,0.38,99.62
2011-06-03,18.43,18.6,0.91,99.09
2011-06-06,18.5,18.6,0.54,99.46
2011-06-07,18.54,18.49,0.3,99.7
2011-06-08,18.45,18.27,0.98,99.02
2011-06-09,18.47,18.27,1.06,98.94
2011-06-10,18.27,18.27,0.02,99.98
2011-06-13,18.53,18.68,0.81,99.19
2011-06-14,18.67,18.82,0.84,99.16
2011-06-15,18.3,18.6,1.69,98.31
2011-06-16,18.5,18.42,0.41,99.59
2011-06-17,18.7,18.49,1.12,98.88
2011-06-20,18.86,18.49,1.97,98.03
2011-06-21,19.08,18.96,0.63,99.37
2011-06-22,19.0,19.03,0.17,99.83
2011-06-23,18.98,19.14,0.83,99.17
2011-06-24,18.73,18.96,1.25,98.75
2011-06-27,19.42,19.26,0.83,99.17
2011-06-28,19.88,19.34,2.72,97.28
2011-06-29,19.74,19.27,2.42,97.58
2011-06-30,20.04,19.35,3.44,96.56
2011-07-01,20.05,19.43,3.12,96.88
2011-07-05,20.06,20.04,0.1,99.9
2011-07-06,20.29,20.3,0.04,99.96
2011-07-07,20.63,20.35,1.37,98.63
2011-07-08,20.75,20.55,0.97,99.03
2011-07-11,20.52,20.52,0.0,100.0
2011-07-12,20.45,20.84,1.91,98.09
2011-07-13,20.52,20.91,1.88,98.12
2011-07-14,20.4,20.98,2.82,97.18
2011-07-15,20.64,21.21,2.76,97.24
2011-07-18,20.49,21.27,3.78,96.22
2011-07-19,21.22,21.27,0.23,99.77
2011-07-20,20.85,21.19,1.6,98.4
2011-07-21,20.89,21.08,0.94,99.06
2011-07-22,21.22,21.31,0.44,99.56
2011-07-25,21.51,21.39,0.57,99.43
2011-07-26,21.64,21.39,1.15,98.85
2011-07-27,21.06,20.95,0.54,99.46
2011-07-28,21.36,20.95,1.94,98.06
2011-07-29,21.12,20.95,0.8,99.2
2011-08-01,21.02,20.95,0.32,99.68
2011-08-02,20.65,20.74,0.42,99.58
2011-08-03,20.75,20.88,0.65,99.35
2011-08-04,19.99,20.41,2.08,97.92
2011-08-05,19.79,20.41,3.11,96.89
2011-08-08,18.87,19.91,5.51,94.49
2011-08-09,19.71,19.91,1.01,98.99
2011-08-10,18.65,19.04,2.1,97.9
2011-08-11,19.41,19.28,0.69,99.31
2011-08-12,19.34,18.91,2.25,97.75
2011-08-15,19.66,19.03,3.18,96.82
2011-08-16,19.66,19.18,2.42,97.58
2011-08-17,19.58,19.02,2.86,97.14
2011-08-18,19.13,18.97,0.83,99.17
2011-08-19,18.65,18.8,0.77,99.23
2011-08-22,18.6,18.91,1.67,98.33
2011-08-23,19.17,19.11,0.3,99.7
2011-08-24,19.31,19.3,0.07,99.93
2011-08-25,19.06,19.3,1.28,98.72
2011-08-26,19.58,19.72,0.72,99.28
2011-08-29,20.04,19.66,1.92,98.08
2011-08-30,20.34,20.13,1.03,98.97
2011-08-31,20.63,20.02,2.94,97.06
2011-09-01,20.33,19.89,2.14,97.86
2011-09-02,20.01,19.97,0.19,99.81
2011-09-06,19.78,19.83,0.24,99.76
2011-09-07,20.16,20.04,0.62,99.38
2011-09-08,20.33,20.15,0.91,99.09
2011-09-09,19.96,20.63,3.32,96.68
2011-09-12,20.08,20.66,2.9,97.1
2011-09-13,20.2,20.52,1.62,98.38
2011-09-14,20.55,20.63,0.36,99.64
2011-09-15,20.93,20.84,0.44,99.56
2011-09-16,21.03,20.76,1.29,98.71
2011-09-19,21.1,20.65,2.12,97.88
2011-09-20,20.92,20.52,1.92,98.08
2011-09-21,20.16,20.23,0.36,99.64
2011-09-22,19.44,19.95,2.63,97.37
2011-09-23,19.44,20.01,2.97,97.03
2011-09-26,19.73,20.15,2.15,97.85
2011-09-27,19.91,20.05,0.7,99.3
2011-09-28,19.84,20.0,0.81,99.19
2011-09-29,19.74,19.66,0.39,99.61
2011-09-30,19.3,19.43,0.66,99.34
2011-10-03,19.02,19.28,1.34,98.66
2011-10-04,19.65,19.43,1.13,98.87
2011-10-05,20.08,19.43,3.23,96.77
2011-10-06,20.43,19.37,5.19,94.81
2011-10-07,20.36,19.25,5.44,94.56
2011-10-10,20.89,19.83,5.08,94.92
2011-10-11,20.94,20.07,4.14,95.86
2011-10-12,20.91,20.45,2.17,97.83
2011-10-13,21.08,20.84,1.12,98.88
2011-10-14,21.15,21.1,0.25,99.75
2011-10-17,20.92,21.1,0.82,99.18
2011-10-18,21.18,21.31,0.61,99.39
2011-10-19,21.04,21.21,0.8,99.2
2011-10-20,20.97,21.83,4.1,95.9
2011-10-21,21.06,22.09,4.86,95.14
2011-10-24,21.09,22.06,4.61,95.39
2011-10-25,20.79,21.53,3.55,96.45
2011-10-26,20.62,21.32,3.37,96.63
2011-10-27,21.13,21.1,0.18,99.82
2011-10-28,20.92,20.74,0.87,99.13
2011-10-31,20.65,20.52,0.62,99.38
2011-11-01,20.16,20.27,0.55,99.45
2011-11-02,20.17,20.13,0.21,99.79
2011-11-03,20.58,20.4,0.88,99.12
2011-11-04,20.36,20.4,0.18,99.82
2011-11-07,20.78,20.52,1.25,98.75
2011-11-08,21.06,20.74,1.53,98.47
2011-11-09,20.32,20.41,0.43,99.57
2011-11-10,20.38,20.41,0.12,99.88
2011-11-11,20.87,20.6,1.31,98.69
2011-11-14,20.75,20.68,0.36,99.64
2011-11-15,20.89,20.88,0.06,99.94
2011-11-16,20.37,20.4,0.12,99.88
2011-11-17,19.96,20.34,1.92,98.08
2011-11-18,19.77,20.34,2.89,97.11
2011-11-21,19.53,20.41,4.46,95.54
2011-11-22,19.37,19.95,2.97,97.03
2011-11-23,19.12,19.54,2.19,97.81
2011-11-25,18.99,19.61,3.25,96.75
2011-11-28,19.43,19.22,1.1,98.9
2011-11-29,19.41,19.03,1.98,98.02
2011-11-30,19.99,19.61,1.87,98.13
2011-12-01,19.75,19.5,1.3,98.7
2011-12-02,19.71,18.97,3.71,96.29
2011-12-05,20.08,19.24,4.19,95.81
2011-12-06,20.05,19.18,4.32,95.68
2011-12-07,20.0,19.61,1.95,98.05
2011-12-08,19.85,19.77,0.4,99.6
2011-12-09,20.08,19.97,0.55,99.45
2011-12-12,19.93,20.04,0.53,99.47
2011-12-13,20.13,20.14,0.04,99.96
2011-12-14,20.0,20.27,1.37,98.63
2011-12-15,19.97,20.38,2.03,97.97
2011-12-16,20.32,20.27,0.2,99.8
2011-12-19,19.95,20.05,0.5,99.5
2011-12-20,20.34,20.04,1.48,98.52
2011-12-21,20.13,20.04,0.45,99.55
2011-12-22,20.17,20.04,0.64,99.36
2011-12-23,20.34,20.36,0.08,99.92
2011-12-27,20.35,20.38,0.18,99.82
2011-12-28,20.18,20.36,0.9,99.1
2011-12-29,20.33,20.46,0.62,99.38
2011-12-30,20.28,20.49,1.0,99.0
2012-01-03,20.92,21.09,0.81,99.19
2012-01-04,21.41,21.39,0.11,99.89
2012-01-05,21.63,21.39,1.09,98.91
2012-01-06,21.96,21.55,1.9,98.1
2012-01-09,21.68,21.31,1.68,98.32
2012-01-10,21.75,21.55,0.95,99.05
2012-01-11,21.66,21.83,0.78,99.22
2012-01-12,21.88,22.06,0.83,99.17
2012-01-13,22.07,22.06,0.06,99.94
2012-01-17,22.08,22.06,0.1,99.9
2012-01-18,22.06,22.37,1.43,98.57
2012-01-19,21.97,22.54,2.58,97.42
2012-01-20,23.21,22.83,1.64,98.36
2012-01-23,23.23,22.92,1.35,98.65
2012-01-24,22.93,22.57,1.54,98.46
2012-01-25,23.1,22.67,1.85,98.15
2012-01-26,23.05,23.26,0.89,99.11
2012-01-27,22.84,22.88,0.18,99.82
2012-01-30,23.14,23.43,1.28,98.72
2012-01-31,23.07,23.31,1.02,98.98
2012-02-01,23.36,23.5,0.6,99.4
2012-02-02,23.4,23.43,0.13,99.87
2012-02-03,23.63,23.65,0.08,99.92
2012-02-06,23.6,24.14,2.29,97.71
2012-02-07,23.72,24.61,3.77,96.23
2012-02-08,23.96,25.05,4.56,95.44
2012-02-09,24.04,24.37,1.35,98.65
2012-02-10,23.83,23.96,0.53,99.47
2012-02-13,23.89,24.45,2.32,97.68
2012-02-14,23.79,24.19,1.66,98.34
2012-02-15,23.64,23.97,1.41,98.59
2012-02-16,24.61,25.05,1.78,98.22
2012-02-17,24.58,24.7,0.49,99.51
2012-02-21,24.73,25.05,1.3,98.7
2012-02-22,24.59,24.94,1.41,98.59
2012-02-23,24.67,24.99,1.27,98.73
2012-02-24,24.76,24.99,0.91,99.09
2012-02-27,24.66,24.99,1.33,98.67
2012-02-28,25.07,25.55,1.93,98.07
2012-02-29,24.96,25.47,2.01,97.99
2012-03-01,25.4,25.55,0.59,99.41
2012-03-02,25.23,25.55,1.25,98.75
2012-03-05,25.01,25.31,1.19,98.81
2012-03-06,24.82,25.29,1.88,98.12
2012-03-07,25.04,25.63,2.32,97.68
2012-03-08,25.18,25.08,0.39,99.61
2012-03-09,25.16,25.08,0.33,99.67
2012-03-12,25.2,25.59,1.53,98.47
2012-03-13,25.7,26.07,1.47,98.53
2012-03-14,25.77,26.07,1.16,98.84
2012-03-15,25.84,26.07,0.92,99.08
2012-03-16,25.64,25.82,0.69,99.31
2012-03-19,25.33,25.39,0.24,99.76
2012-03-20,25.16,25.33,0.65,99.35
2012-03-21,25.1,24.89,0.83,99.17
2012-03-22,25.17,25.0,0.69,99.31
2012-03-23,25.18,25.33,0.59,99.41
2012-03-26,25.63,25.82,0.72,99.28
2012-03-27,25.58,25.59,0.04,99.96
2012-03-28,25.32,25.33,0.03,99.97
2012-03-29,25.26,25.19,0.31,99.69
2012-03-30,25.37,25.33,0.19,99.81
2012-04-02,25.4,25.64,0.94,99.06
2012-04-03,25.12,25.28,0.63,99.37
2012-04-04,24.55,24.14,1.64,98.36
2012-04-05,24.79,24.37,1.7,98.3
2012-04-09,24.46,24.37,0.37,99.63
2012-04-10,23.97,24.19,0.94,99.06
2012-04-11,23.87,23.68,0.79,99.21
2012-04-12,24.37,24.12,1.03,98.97
2012-04-13,24.23,24.04,0.78,99.22
2012-04-16,24.45,23.68,3.12,96.88
2012-04-17,24.73,24.12,2.47,97.53
2012-04-18,24.49,24.12,1.53,98.47
2012-04-19,24.39,24.04,1.42,98.58
2012-04-20,25.5,24.68,3.23,96.77
2012-04-23,25.26,24.49,3.07,96.93
2012-04-24,25.11,24.68,1.71,98.29
2012-04-25,25.33,25.04,1.15,98.85
2012-04-26,25.26,24.88,1.49,98.51
2012-04-27,25.15,24.91,0.98,99.02
2012-04-30,25.18,25.31,0.49,99.51
2012-05-01,25.18,25.49,1.24,98.76
2012-05-02,25.01,25.59,2.3,97.7
2012-05-03,24.98,25.59,2.43,97.57
2012-05-04,24.37,25.0,2.58,97.42
2012-05-07,24.11,24.71,2.48,97.52
2012-05-08,23.99,24.26,1.14,98.86
2012-05-09,24.19,24.38,0.77,99.23
2012-05-10,24.18,23.55,2.6,97.4
2012-05-11,24.51,23.86,2.64,97.36
2012-05-14,24.13,23.68,1.86,98.14
2012-05-15,23.92,23.55,1.54,98.46
2012-05-16,23.67,23.55,0.52,99.48
2012-05-17,23.53,23.12,1.76,98.24
2012-05-18,23.17,23.09,0.35,99.65
2012-05-21,23.55,23.19,1.55,98.45
2012-05-22,23.56,23.21,1.49,98.51
2012-05-23,23.05,22.68,1.59,98.41
2012-05-24,23.01,22.72,1.28,98.72
2012-05-25,23.01,22.74,1.18,98.82
2012-05-29,23.4,23.25,0.65,99.35
2012-05-30,23.23,22.96,1.15,98.85
2012-05-31,23.11,22.91,0.85,99.15
2012-06-01,22.52,22.6,0.35,99.65
2012-06-04,22.6,22.7,0.43,99.57
2012-06-05,22.57,22.41,0.73,99.27
2012-06-06,23.24,22.58,2.81,97.19
2012-06-07,23.14,22.58,2.41,97.59
2012-06-08,23.47,22.95,2.21,97.79
2012-06-11,22.88,22.4,2.1,97.9
2012-06-12,23.19,22.58,2.61,97.39
2012-06-13,23.06,23.07,0.01,99.99
2012-06-14,23.23,23.2,0.1,99.9
2012-06-15,23.77,23.4,1.54,98.46
2012-06-18,23.62,23.2,1.78,98.22
2012-06-19,24.3,23.64,2.72,97.28
2012-06-20,24.49,24.17,1.3,98.7
2012-06-21,23.86,24.06,0.84,99.16
2012-06-22,24.3,24.19,0.48,99.52
2012-06-25,23.65,23.96,1.31,98.69
2012-06-26,23.77,23.76,0.04,99.96
2012-06-27,23.89,23.79,0.42,99.58
2012-06-28,23.68,24.05,1.55,98.45
2012-06-29,24.22,24.46,1.0,99.0
2012-07-02,24.19,24.45,1.05,98.95
2012-07-03,24.35,24.46,0.44,99.56
2012-07-05,24.3,24.45,0.59,99.41
2012-07-06,23.9,24.05,0.61,99.39
2012-07-09,23.75,24.05,1.24,98.76
2012-07-10,23.54,23.69,0.63,99.37
2012-07-11,23.2,23.4,0.89,99.11
2012-07-12,22.67,23.45,3.46,96.54
2012-07-13,23.27,23.54,1.17,98.83
2012-07-16,23.31,23.39,0.34,99.66
2012-07-17,23.48,23.39,0.4,99.6
2012-07-18,24.11,23.63,1.96,98.04
2012-07-19,24.28,23.79,2.04,97.96
2012-07-20,23.85,23.39,1.93,98.07
2012-07-23,23.18,23.2,0.1,99.9
2012-07-24,23.08,22.97,0.45,99.55
2012-07-25,22.82,22.91,0.39,99.61
2012-07-26,23.09,23.26,0.75,99.25
2012-07-27,23.56,23.49,0.28,99.72
2012-07-30,23.47,23.49,0.12,99.88
2012-07-31,23.33,23.56,0.97,99.03
2012-08-01,23.28,23.79,2.16,97.84
2012-08-02,23.11,23.49,1.66,98.34
2012-08-03,23.55,23.7,0.61,99.39
2012-08-06,23.71,23.7,0.07,99.93
2012-08-07,23.96,23.49,1.93,98.07
2012-08-08,24.01,23.39,2.6,97.4
2012-08-09,24.15,23.76,1.61,98.39
2012-08-10,24.08,24.19,0.44,99.56
2012-08-13,24.06,24.86,3.32,96.68
2012-08-14,24.01,24.94,3.87,96.13
2012-08-15,24.07,24.94,3.62,96.38
2012-08-16,24.53,24.94,1.67,98.33
2012-08-17,24.63,25.19,2.29,97.71
2012-08-20,24.5,25.19,2.82,97.18
2012-08-21,24.55,25.59,4.24,95.76
2012-08-22,24.34,25.85,6.23,93.77
2012-08-23,24.12,24.89,3.23,96.77
2012-08-24,24.35,25.14,3.22,96.78
2012-08-27,24.46,24.94,1.97,98.03
2012-08-28,24.41,24.95,2.21,97.79
2012-08-29,24.43,24.78,1.44,98.56
2012-08-30,24.16,24.5,1.41,98.59
2012-08-31,24.56,24.9,1.39,98.61
2012-09-04,24.22,24.64,1.75,98.25
2012-09-05,24.22,24.64,1.75,98.25
2012-09-06,24.98,24.73,1.01,98.99
2012-09-07,24.67,24.5,0.66,99.34
2012-09-10,24.48,24.5,0.09,99.91
2012-09-11,24.54,24.5,0.14,99.86
2012-09-12,24.53,24.64,0.46,99.54
2012-09-13,24.66,24.9,0.97,99.03
2012-09-14,24.87,24.91,0.14,99.86
2012-09-17,24.87,24.78,0.38,99.62
2012-09-18,24.85,24.78,0.28,99.72
2012-09-19,24.74,24.75,0.02,99.98
2012-09-20,25.06,25.16,0.39,99.61
2012-09-21,24.86,24.75,0.43,99.57
2012-09-24,24.53,24.75,0.9,99.1
2012-09-25,24.22,24.55,1.36,98.64
2012-09-26,24.04,23.68,1.5,98.5
2012-09-27,24.04,23.91,0.53,99.47
2012-09-28,23.72,23.68,0.15,99.85
2012-10-01,23.5,23.67,0.7,99.3
2012-10-02,23.64,23.25,1.65,98.35
2012-10-03,23.8,23.36,1.83,98.17
2012-10-04,23.93,23.25,2.86,97.14
2012-10-05,23.79,23.23,2.34,97.66
2012-10-08,23.73,23.23,2.11,97.89
2012-10-09,23.33,23.18,0.67,99.33
2012-10-10,23.1,23.09,0.01,99.99
2012-10-11,23.07,22.6,2.03,97.97
2012-10-12,23.27,22.69,2.5,97.5
2012-10-15,23.52,22.97,2.32,97.68
2012-10-16,23.5,23.17,1.41,98.59
2012-10-17,23.58,23.2,1.61,98.39
2012-10-18,23.51,23.39,0.52,99.48
2012-10-19,22.82,23.05,0.99,99.01
2012-10-22,22.31,22.72,1.82,98.18
2012-10-23,22.35,22.37,0.05,99.95
2012-10-24,22.23,21.8,1.96,98.04
2012-10-25,22.22,21.8,1.89,98.11
2012-10-26,22.48,21.92,2.51,97.49
2012-10-31,22.74,22.4,1.52,98.48
2012-11-01,23.53,22.98,2.31,97.69
2012-11-02,23.51,22.98,2.24,97.76
2012-11-05,23.61,22.95,2.79,97.21
2012-11-06,23.8,22.95,3.54,96.46
2012-11-07,23.17,22.58,2.55,97.45
2012-11-08,22.96,22.96,0.02,99.98
2012-11-09,22.98,22.97,0.01,99.99
2012-11-12,22.49,23.39,3.99,96.01
2012-11-13,21.77,22.97,5.54,94.46
2012-11-14,21.57,22.4,3.87,96.13
2012-11-15,21.42,22.4,4.57,95.43
2012-11-16,21.31,22.22,4.29,95.71
2012-11-19,21.48,22.07,2.77,97.23
2012-11-20,21.46,21.87,1.9,98.1
2012-11-21,21.65,21.04,2.86,97.14
2012-11-23,22.26,21.26,4.5,95.5
2012-11-26,22.01,21.08,4.23,95.77
2012-11-27,21.76,21.02,3.39,96.61
2012-11-28,21.98,21.26,3.31,96.69
2012-11-29,21.65,21.08,2.66,97.34
2012-11-30,21.39,20.93,2.14,97.86
2012-12-03,21.24,21.04,0.91,99.09
2012-12-04,21.19,21.32,0.62,99.38
2012-12-05,21.43,21.55,0.58,99.42
2012-12-06,21.48,21.53,0.26,99.74
2012-12-07,21.26,21.36,0.48,99.52
2012-12-10,21.65,21.5,0.66,99.34
2012-12-11,21.95,21.8,0.7,99.3
2012-12-12,21.89,21.84,0.23,99.77
2012-12-13,21.78,21.36,1.92,98.08
2012-12-14,21.54,21.26,1.33,98.67
2012-12-17,21.77,21.59,0.85,99.15
2012-12-18,22.14,21.78,1.66,98.34
2012-12-19,21.94,21.84,0.48,99.52
2012-12-20,22.24,22.05,0.85,99.15
2012-12-21,22.06,21.96,0.43,99.57
2012-12-24,21.74,21.91,0.75,99.25
2012-12-26,21.58,21.7,0.54,99.46
2012-12-27,21.66,21.93,1.23,98.77
2012-12-28,21.33,21.68,1.63,98.37
2012-12-31,21.46,21.51,0.23,99.77
2013-01-02,22.19,21.73,2.08,97.92
2013-01-03,21.89,21.7,0.9,99.1
2013-01-04,21.49,21.37,0.52,99.48
2013-01-07,21.44,21.53,0.39,99.61
2013-01-08,21.33,21.37,0.19,99.81
2013-01-09,21.45,21.19,1.23,98.77
2013-01-10,21.26,21.19,0.34,99.66
2013-01-11,21.56,21.19,1.71,98.29
2013-01-14,21.61,21.21,1.84,98.16
2013-01-15,21.86,21.43,2.0,98.0
2013-01-16,21.73,21.43,1.38,98.62
2013-01-17,21.89,21.56,1.51,98.49
2013-01-18,21.89,21.83,0.29,99.71
2013-01-22,21.81,21.8,0.08,99.92
2013-01-23,22.18,21.59,2.68,97.32
2013-01-24,22.2,21.91,1.33,98.67
2013-01-25,22.4,22.43,0.11,99.89
2013-01-28,22.43,22.43,0.01,99.99
2013-01-29,22.51,22.7,0.87,99.13
2013-01-30,22.38,22.65,1.2,98.8
2013-01-31,22.06,22.56,2.31,97.69
2013-02-01,22.44,23.23,3.51,96.49
2013-02-04,22.05,22.58,2.43,97.57
2013-02-05,22.1,22.52,1.9,98.1
2013-02-06,21.97,22.52,2.5,97.5
2013-02-07,21.92,22.38,2.09,97.91
2013-02-08,22.14,22.52,1.72,98.28
2013-02-11,22.39,22.76,1.65,98.35
2013-02-12,22.4,22.52,0.51,99.49
2013-02-13,22.52,22.58,0.27,99.73
2013-02-14,22.53,22.52,0.06,99.94
2013-02-15,22.51,22.38,0.57,99.43
2013-02-19,22.72,22.52,0.92,99.08
2013-02-20,22.58,22.52,0.28,99.72
2013-02-21,22.27,22.69,1.89,98.11
2013-02-22,22.49,22.38,0.5,99.5
2013-02-25,22.17,22.69,2.34,97.66
2013-02-26,22.17,22.38,0.92,99.08
2013-02-27,22.53,22.76,1.0,99.0
2013-02-28,22.52,22.77,1.09,98.91
2013-03-01,22.64,22.76,0.49,99.51
2013-03-04,22.81,22.76,0.22,99.78
2013-03-05,22.97,22.76,0.92,99.08
2013-03-06,22.76,22.69,0.28,99.72
2013-03-07,22.8,22.69,0.46,99.54
2013-03-08,22.68,22.69,0.04,99.96
2013-03-11,22.58,22.38,0.87,99.13
2013-03-12,22.61,22.55,0.26,99.74
2013-03-13,22.62,22.92,1.34,98.66
2013-03-14,22.8,22.76,0.16,99.84
2013-03-15,22.72,23.15,1.9,98.1
2013-03-18,22.76,23.15,1.68,98.32
2013-03-19,22.83,22.93,0.45,99.55
2013-03-20,22.94,23.03,0.4,99.6
2013-03-21,22.77,22.69,0.36,99.64
2013-03-22,22.89,22.69,0.85,99.15
2013-03-25,22.81,22.33,2.1,97.9
2013-03-26,22.81,22.55,1.14,98.86
2013-03-27,22.98,22.76,0.97,99.03
2013-03-28,23.18,23.15,0.13,99.87
2013-04-01,23.18,23.41,1.01,98.99
2013-04-02,23.33,23.47,0.61,99.39
2013-04-03,23.14,23.15,0.05,99.95
2013-04-04,23.17,23.42,1.09,98.91
2013-04-05,23.25,23.84,2.54,97.46
2013-04-08,23.16,23.46,1.27,98.73
2013-04-09,23.99,23.99,0.01,99.99
2013-04-10,24.53,24.74,0.84,99.16
2013-04-11,23.45,23.64,0.81,99.19
2013-04-12,23.32,23.47,0.64,99.36
2013-04-15,23.24,23.47,0.99,99.01
2013-04-16,23.47,23.47,0.01,99.99
2013-04-17,23.36,23.44,0.38,99.62
2013-04-18,23.32,23.24,0.35,99.65
2013-04-19,24.12,23.96,0.66,99.34
2013-04-22,24.98,24.19,3.16,96.84
2013-04-23,24.79,24.19,2.43,97.57
2013-04-24,25.73,24.62,4.32,95.68
2013-04-25,25.88,24.62,4.86,95.14
2013-04-26,25.75,25.11,2.51,97.49
2013-04-29,26.42,25.16,4.75,95.25
2013-04-30,26.82,25.6,4.54,95.46
2013-05-01,26.51,26.2,1.15,98.85
2013-05-02,26.86,26.94,0.3,99.7
2013-05-03,27.13,27.85,2.66,97.34
2013-05-06,27.34,27.85,1.87,98.13
2013-05-07,26.99,28.09,4.1,95.9
2013-05-08,26.73,27.99,4.72,95.28
2013-05-09,26.46,27.96,5.67,94.33
2013-05-10,26.48,27.7,4.61,95.39
2013-05-13,26.76,27.96,4.49,95.51
2013-05-14,27.35,27.91,2.02,97.98
2013-05-15,27.62,27.98,1.33,98.67
2013-05-16,27.8,28.05,0.88,99.12
2013-05-17,28.45,28.05,1.41,98.59
2013-05-20,28.62,28.45,0.58,99.42
2013-05-21,28.43,28.46,0.09,99.91
2013-05-22,28.24,28.13,0.36,99.64
2013-05-23,27.86,27.8,0.2,99.8
2013-05-24,27.96,27.83,0.45,99.55
2013-05-28,28.57,28.47,0.35,99.65
2013-05-29,28.46,28.69,0.82,99.18
2013-05-30,28.58,29.31,2.56,97.44
2013-05-31,28.47,29.06,2.07,97.93
2013-06-03,29.03,29.22,0.63,99.37
2013-06-04,28.55,28.52,0.09,99.91
2013-06-05,28.37,28.5,0.44,99.56
2013-06-06,28.52,28.46,0.2,99.8
2013-06-07,29.1,28.34,2.63,97.37
2013-06-10,28.94,28.25,2.39,97.61
2013-06-11,28.42,27.97,1.6,98.4
2013-06-12,28.55,28.82,0.93,99.07
2013-06-13,28.33,28.88,1.96,98.04
2013-06-14,28.06,28.65,2.08,97.92
2013-06-17,28.55,28.54,0.04,99.96
2013-06-18,28.54,28.07,1.63,98.37
2013-06-19,28.22,27.75,1.65,98.35
2013-06-20,27.32,27.49,0.62,99.38
2013-06-21,27.14,27.04,0.38,99.62
2013-06-24,27.51,27.49,0.07,99.93
2013-06-25,27.47,27.57,0.37,99.63
2013-06-26,28.02,27.39,2.27,97.73
2013-06-27,28.24,27.2,3.68,96.32
2013-06-28,28.18,27.26,3.26,96.74
2013-07-01,28.03,27.39,2.29,97.71
2013-07-02,27.69,27.2,1.75,98.25
2013-07-03,27.75,27.27,1.71,98.29
2013-07-05,27.91,27.41,1.78,98.22
2013-07-08,28.01,27.27,2.63,97.37
2013-07-09,28.02,27.64,1.38,98.62
2013-07-10,28.31,28.07,0.83,99.17
2013-07-11,29.12,29.22,0.35,99.65
2013-07-12,29.1,29.66,1.92,98.08
2013-07-15,29.51,29.62,0.37,99.63
2013-07-16,29.59,30.46,2.95,97.05
2013-07-17,29.16,29.56,1.38,98.62
2013-07-18,28.91,29.9,3.42,96.58
2013-07-19,25.62,27.63,7.86,92.14
2013-07-22,26.11,27.29,4.51,95.49
2013-07-23,25.96,26.93,3.73,96.27
2013-07-24,26.07,26.82,2.85,97.15
2013-07-25,25.61,26.63,3.99,96.01
2013-07-26,25.8,26.18,1.47,98.53
2013-07-29,25.73,26.18,1.73,98.27
2013-07-30,25.98,25.6,1.48,98.52
2013-07-31,25.98,25.36,2.35,97.65
2013-08-01,25.84,25.36,1.83,98.17
2013-08-02,26.02,25.29,2.8,97.2
2013-08-05,25.86,25.29,2.22,97.78
2013-08-06,25.76,25.29,1.84,98.16
2013-08-07,26.16,25.41,2.87,97.13
2013-08-08,26.83,26.78,0.18,99.82
2013-08-09,26.68,26.46,0.8,99.2
2013-08-12,26.82,26.87,0.22,99.78
2013-08-13,26.48,26.69,0.8,99.2
2013-08-14,26.58,27.15,2.15,97.85
2013-08-15,26.12,26.66,2.09,97.91
2013-08-16,26.13,26.69,2.16,97.84
2013-08-19,25.79,26.12,1.28,98.72
2013-08-20,25.98,26.42,1.69,98.31
2013-08-21,25.97,26.52,2.13,97.87
2013-08-22,26.61,26.69,0.3,99.7
2013-08-23,28.55,27.47,3.77,96.23
2013-08-26,28.06,27.41,2.32,97.68
2013-08-27,27.33,26.85,1.73,98.27
2013-08-28,27.13,26.52,2.23,97.77
2013-08-29,27.56,27.27,1.08,98.92
2013-08-30,27.44,27.24,0.73,99.27
2013-09-03,26.19,26.8,2.33,97.67
2013-09-04,25.63,26.7,4.15,95.85
2013-09-05,25.66,26.12,1.8,98.2
2013-09-06,25.59,26.12,2.06,97.94
2013-09-09,26.01,26.52,1.97,98.03
2013-09-10,26.61,26.23,1.41,98.59
2013-09-11,26.9,26.32,2.13,97.87
2013-09-12,26.86,26.52,1.25,98.75
2013-09-13,27.14,25.78,4.99,95.01
2013-09-16,26.95,25.93,3.76,96.24
2013-09-17,27.05,26.7,1.33,98.67
2013-09-18,27.37,27.18,0.72,99.28
2013-09-19,27.64,27.1,1.95,98.05
2013-09-20,26.94,26.7,0.9,99.1
2013-09-23,26.9,27.4,1.85,98.15
2013-09-24,26.66,27.45,2.97,97.03
2013-09-25,26.71,27.54,3.12,96.88
2013-09-26,26.92,27.73,2.98,97.02
2013-09-27,27.33,28.13,2.93,97.07
2013-09-30,27.34,27.85,1.85,98.15
2013-10-01,27.59,27.85,0.94,99.06
2013-10-02,27.87,28.12,0.89,99.11
2013-10-03,27.82,27.85,0.11,99.89
2013-10-04,27.83,28.12,1.01,98.99
2013-10-07,27.36,27.65,1.06,98.94
2013-10-08,27.12,27.1,0.06,99.94
2013-10-09,27.17,26.99,0.67,99.33
2013-10-10,27.74,27.86,0.45,99.55
2013-10-11,28.04,28.13,0.34,99.66
2013-10-14,28.3,28.54,0.84,99.16
2013-10-15,28.34,28.7,1.27,98.73
2013-10-16,28.46,28.7,0.83,99.17
2013-10-17,28.69,28.69,0.02,99.98
2013-10-18,28.72,29.06,1.18,98.82
2013-10-21,28.75,29.05,1.07,98.93
2013-10-22,28.41,28.51,0.34,99.66
2013-10-23,27.74,27.78,0.15,99.85
2013-10-24,27.7,27.78,0.27,99.73
2013-10-25,29.35,29.05,1.02,98.98
2013-10-28,29.22,29.06,0.56,99.44
2013-10-29,29.18,29.06,0.42,99.58
2013-10-30,29.2,28.92,0.96,99.04
2013-10-31,29.09,29.34,0.85,99.15
2013-11-01,29.19,29.9,2.44,97.56
2013-11-04,29.53,30.11,1.99,98.01
2013-11-05,30.1,30.31,0.7,99.3
2013-11-06,31.37,30.46,2.91,97.09
2013-11-07,30.81,30.13,2.19,97.81
2013-11-08,31.04,30.31,2.34,97.66
2013-11-11,30.88,30.4,1.58,98.42
2013-11-12,30.69,30.7,0.03,99.97
2013-11-13,31.35,31.05,0.95,99.05
2013-11-14,31.24,31.35,0.35,99.65
2013-11-15,31.09,31.35,0.83,99.17
2013-11-18,30.56,30.87,0.99,99.01
2013-11-19,30.41,30.85,1.45,98.55
2013-11-20,30.69,31.06,1.21,98.79
2013-11-21,30.96,31.08,0.4,99.6
2013-11-22,31.1,30.9,0.64,99.36
2013-11-25,31.16,30.85,0.98,99.02
2013-11-26,30.92,30.21,2.3,97.7
2013-11-27,31.13,30.78,1.1,98.9
2013-11-29,31.56,30.81,2.38,97.62
2013-12-02,31.83,30.98,2.66,97.34
2013-12-03,31.71,31.0,2.26,97.74
2013-12-04,32.23,30.98,3.88,96.12
2013-12-05,31.46,31.64,0.6,99.4
2013-12-06,31.75,31.75,0.0,100.0
2013-12-09,32.04,32.16,0.35,99.65
2013-12-10,31.55,31.93,1.2,98.8
2013-12-11,31.13,31.73,1.9,98.1
2013-12-12,30.81,31.18,1.18,98.82
2013-12-13,30.37,31.12,2.48,97.52
2013-12-16,30.54,31.15,2.01,97.99
2013-12-17,30.23,30.21,0.08,99.92
2013-12-18,30.28,30.18,0.33,99.67
2013-12-19,30.01,29.78,0.76,99.24
2013-12-20,30.46,29.84,2.05,97.95
2013-12-23,30.31,29.84,1.57,98.43
2013-12-24,30.69,29.78,2.98,97.02
2013-12-26,30.99,30.21,2.53,97.47
2013-12-27,30.87,30.12,2.44,97.56
2013-12-30,30.87,29.83,3.37,96.63
2013-12-31,30.97,30.18,2.54,97.46
2014-01-02,30.76,30.21,1.8,98.2
2014-01-03,30.55,30.21,1.13,98.87
2014-01-06,29.91,30.21,1.0,99.0
2014-01-07,30.14,30.21,0.23,99.77
2014-01-08,29.6,30.18,1.96,98.04
2014-01-09,29.41,29.84,1.44,98.56
2014-01-10,29.83,30.12,0.97,99.03
2014-01-13,28.96,29.51,1.93,98.07
2014-01-14,29.62,30.0,1.28,98.72
2014-01-15,30.43,30.12,1.01,98.99
2014-01-16,30.54,30.1,1.44,98.56
2014-01-17,30.12,30.1,0.05,99.95
2014-01-21,29.94,29.98,0.13,99.87
2014-01-22,29.74,29.92,0.58,99.42
2014-01-23,29.85,29.98,0.44,99.56
2014-01-24,30.47,30.12,1.14,98.86
2014-01-27,29.83,30.12,1.0,99.0
2014-01-28,30.02,30.12,0.33,99.67
2014-01-29,30.35,30.68,1.1,98.9
2014-01-30,30.51,30.85,1.12,98.88
2014-01-31,31.32,30.85,1.5,98.5
2014-02-03,30.2,30.85,2.17,97.83
2014-02-04,30.09,30.59,1.67,98.33
2014-02-05,29.65,29.98,1.11,98.89
2014-02-06,29.95,30.1,0.5,99.5
2014-02-07,30.26,30.42,0.51,99.49
2014-02-10,30.46,30.65,0.63,99.37
2014-02-11,30.77,30.81,0.14,99.86
2014-02-12,31.02,30.85,0.53,99.47
2014-02-13,31.13,30.68,1.45,98.55
2014-02-14,31.14,31.0,0.47,99.53
2014-02-18,31.21,30.98,0.72,99.28
2014-02-19,31.28,30.98,0.96,99.04
2014-02-20,31.48,30.98,1.59,98.41
2014-02-21,31.68,30.78,2.82,97.18
2014-02-24,31.43,31.58,0.46,99.54
2014-02-25,31.31,31.58,0.86,99.14
2014-02-26,31.25,32.16,2.93,97.07
2014-02-27,31.58,32.16,1.87,98.13
2014-02-28,31.95,33.11,3.62,96.38
2014-03-03,31.51,32.34,2.63,97.37
2014-03-04,32.03,32.42,1.2,98.8
2014-03-05,31.78,31.93,0.45,99.55
2014-03-06,31.82,31.93,0.34,99.66
2014-03-07,31.61,31.75,0.46,99.54
2014-03-10,31.54,31.73,0.58,99.42
2014-03-11,31.71,31.75,0.14,99.86
2014-03-12,31.92,31.75,0.51,99.49
2014-03-13,31.6,31.18,1.34,98.66
2014-03-14,31.44,31.37,0.24,99.76
2014-03-17,31.73,31.75,0.06,99.94
2014-03-18,32.98,32.34,1.96,98.04
2014-03-19,32.75,31.93,2.52,97.48
2014-03-20,33.64,32.16,4.4,95.6
2014-03-21,33.49,32.42,3.21,96.79
2014-03-24,33.78,32.34,4.26,95.74
2014-03-25,33.64,33.82,0.52,99.48
2014-03-26,33.19,33.34,0.46,99.54
2014-03-27,32.83,33.33,1.53,98.47
2014-03-28,33.61,33.56,0.16,99.84
2014-03-31,34.19,33.81,1.09,98.91
2014-04-01,34.54,33.82,2.1,97.9
2014-04-02,34.49,34.01,1.38,98.62
2014-04-03,34.2,34.93,2.12,97.88
2014-04-04,33.25,34.25,2.99,97.01
2014-04-07,33.19,33.96,2.32,97.68
2014-04-08,33.21,33.96,2.27,97.73
2014-04-09,33.75,33.87,0.35,99.65
2014-04-10,32.83,33.4,1.74,98.26
2014-04-11,32.7,33.31,1.85,98.15
2014-04-14,32.68,33.36,2.1,97.9
2014-04-15,33.15,33.76,1.85,98.15
2014-04-16,33.69,33.16,1.6,98.4
2014-04-17,33.37,32.65,2.14,97.86
2014-04-21,33.31,32.39,2.77,97.23
2014-04-22,33.35,32.11,3.72,96.28
2014-04-23,33.1,32.11,2.99,97.01
2014-04-24,33.24,32.39,2.58,97.42
2014-04-25,33.29,32.95,1.0,99.0
2014-04-28,34.09,33.33,2.23,97.77
2014-04-29,33.79,33.16,1.86,98.14
2014-04-30,33.69,32.65,3.08,96.92
2014-05-01,33.36,33.16,0.61,99.39
2014-05-02,33.1,33.13,0.08,99.92
2014-05-05,32.88,33.04,0.49,99.51
2014-05-06,32.58,32.45,0.38,99.62
2014-05-07,32.88,32.31,1.73,98.27
2014-05-08,33.06,32.63,1.3,98.7
2014-05-09,32.98,32.63,1.05,98.95
2014-05-12,33.34,32.84,1.47,98.53
2014-05-13,33.95,33.33,1.83,98.17
2014-05-14,33.8,33.16,1.9,98.1
2014-05-15,33.26,32.84,1.25,98.75
2014-05-16,33.45,32.45,2.99,97.01
2014-05-19,33.39,32.63,2.26,97.74
2014-05-20,33.33,32.63,2.09,97.91
2014-05-21,33.89,33.16,2.17,97.83
2014-05-22,33.68,34.08,1.17,98.83
2014-05-23,33.7,34.25,1.63,98.37
2014-05-27,33.76,34.48,2.14,97.86
2014-05-28,33.6,34.25,1.91,98.09
2014-05-29,33.88,34.25,1.08,98.92
2014-05-30,34.38,34.66,0.79,99.21
2014-06-02,34.26,34.25,0.04,99.96
2014-06-03,33.84,33.57,0.78,99.22
2014-06-04,33.86,33.87,0.02,99.98
2014-06-05,34.61,34.73,0.35,99.65
2014-06-06,34.84,34.73,0.3,99.7
2014-06-09,34.66,35.48,2.35,97.65
2014-06-10,34.53,35.48,2.74,97.26
2014-06-11,34.32,35.07,2.2,97.8
2014-06-12,34.08,35.07,2.91,97.09
2014-06-13,34.63,35.24,1.78,98.22
2014-06-16,34.86,35.26,1.15,98.85
2014-06-17,35.01,35.48,1.34,98.66
2014-06-18,34.98,35.29,0.89,99.11
2014-06-19,34.86,35.2,0.97,99.03
2014-06-20,35.01,35.37,1.05,98.95
2014-06-23,35.27,35.93,1.88,98.12
2014-06-24,35.07,35.6,1.53,98.47
2014-06-25,35.3,35.37,0.2,99.8
2014-06-26,35.04,35.41,1.05,98.95
2014-06-27,35.49,35.69,0.57,99.43
2014-06-30,35.02,35.52,1.41,98.59
2014-07-01,35.17,35.69,1.49,98.51
2014-07-02,35.19,35.92,2.07,97.93
2014-07-03,35.11,35.52,1.17,98.83
2014-07-07,35.27,35.52,0.71,99.29
2014-07-08,35.09,35.31,0.63,99.37
2014-07-09,35.0,35.21,0.59,99.41
2014-07-10,35.01,35.41,1.12,98.88
2014-07-11,35.35,35.52,0.47,99.53
2014-07-14,35.39,35.41,0.04,99.96
2014-07-15,35.65,35.69,0.1,99.9
2014-07-16,37.02,36.13,2.41,97.59
2014-07-17,37.4,36.85,1.46,98.54
2014-07-18,37.53,36.73,2.13,97.87
2014-07-21,37.66,37.99,0.88,99.12
2014-07-22,37.65,37.99,0.9,99.1
2014-07-23,37.69,38.73,2.78,97.22
2014-07-24,37.29,38.44,3.09,96.91
2014-07-25,37.38,38.33,2.55,97.45
2014-07-28,36.93,37.73,2.17,97.83
2014-07-29,36.86,37.73,2.36,97.64
2014-07-30,36.6,37.65,2.87,97.13
2014-07-31,36.25,37.16,2.52,97.48
2014-08-01,36.0,36.99,2.76,97.24
2014-08-04,36.43,37.12,1.91,98.09
2014-08-05,36.18,35.82,1.01,98.99
2014-08-06,35.9,35.41,1.37,98.63
2014-08-07,36.31,35.45,2.36,97.64
2014-08-08,36.28,35.44,2.33,97.67
2014-08-11,36.28,35.35,2.58,97.42
2014-08-12,36.55,35.72,2.27,97.73
2014-08-13,37.02,36.42,1.62,98.38
2014-08-14,37.18,36.45,1.98,98.02
2014-08-15,37.62,37.36,0.69,99.31
2014-08-18,37.89,37.47,1.09,98.91
2014-08-19,38.31,38.43,0.3,99.7
2014-08-20,37.99,38.49,1.33,98.67
2014-08-21,38.22,38.98,1.99,98.01
2014-08-22,38.16,38.22,0.17,99.83
2014-08-25,38.17,38.82,1.69,98.31
2014-08-26,38.04,38.8,2.01,97.99
2014-08-27,37.92,38.75,2.18,97.82
2014-08-28,37.93,38.98,2.77,97.23
2014-08-29,38.39,39.06,1.72,98.28
2014-09-02,38.11,38.5,1.03,98.97
2014-09-03,38.0,38.19,0.52,99.48
2014-09-04,38.25,38.2,0.13,99.87
2014-09-05,38.8,38.69,0.29,99.71
2014-09-08,39.27,38.91,0.92,99.08
2014-09-09,39.52,38.87,1.65,98.35
2014-09-10,39.59,39.71,0.3,99.7
2014-09-11,39.72,39.8,0.19,99.81
2014-09-12,39.47,39.72,0.64,99.36
2014-09-15,39.08,39.44,0.92,99.08
2014-09-16,39.52,39.72,0.5,99.5
2014-09-17,39.32,39.59,0.7,99.3
2014-09-18,39.45,39.67,0.56,99.44
2014-09-19,40.16,39.72,1.09,98.91
2014-09-22,39.77,39.67,0.26,99.74
2014-09-23,39.35,39.49,0.35,99.65
2014-09-24,39.79,39.99,0.5,99.5
2014-09-25,38.91,39.27,0.93,99.07
2014-09-26,39.22,39.02,0.51,99.49
2014-09-29,39.25,38.81,1.12,98.88
2014-09-30,39.18,38.81,0.95,99.05
2014-10-01,38.79,38.59,0.52,99.48
2014-10-02,38.67,38.66,0.04,99.96
2014-10-03,38.95,39.02,0.18,99.82
2014-10-06,38.95,38.24,1.83,98.17
2014-10-07,38.48,38.23,0.65,99.35
2014-10-08,39.54,39.27,0.67,99.33
2014-10-09,38.75,37.88,2.25,97.75
2014-10-10,37.21,37.19,0.07,99.93
2014-10-13,36.89,37.28,1.07,98.93
2014-10-14,36.96,37.17,0.58,99.42
2014-10-15,36.53,37.06,1.45,98.55
2014-10-16,36.12,36.0,0.35,99.65
2014-10-17,36.87,36.6,0.74,99.26
2014-10-20,37.25,37.07,0.5,99.5
2014-10-21,37.93,37.55,0.99,99.01
2014-10-22,37.51,37.55,0.13,99.87
2014-10-23,38.05,37.55,1.32,98.68
2014-10-24,38.99,37.92,2.74,97.26
2014-10-27,38.8,38.12,1.76,98.24
2014-10-28,39.29,37.92,3.49,96.51
2014-10-29,39.4,38.17,3.12,96.88
2014-10-30,38.92,38.89,0.08,99.92
2014-10-31,39.68,39.71,0.09,99.91
2014-11-03,40.09,39.79,0.77,99.23
2014-11-04,40.2,40.04,0.42,99.58
2014-11-05,40.45,40.37,0.19,99.81
2014-11-06,41.16,40.88,0.68,99.32
2014-11-07,41.14,40.85,0.7,99.3
2014-11-10,41.32,41.29,0.07,99.93
2014-11-11,41.3,41.69,0.94,99.06
2014-11-12,41.23,41.59,0.88,99.12
2014-11-13,41.93,41.61,0.76,99.24
2014-11-14,41.9,42.69,1.87,98.13
2014-11-17,41.8,43.46,3.96,96.04
2014-11-18,41.45,43.47,4.87,95.13
2014-11-19,41.01,43.47,6.0,94.0
2014-11-20,41.42,43.47,4.95,95.05
2014-11-21,40.81,42.13,3.24,96.76
2014-11-24,40.47,41.93,3.61,96.39
2014-11-25,40.37,41.55,2.92,97.08
2014-11-26,40.61,41.11,1.23,98.77
2014-11-28,40.66,41.11,1.1,98.9
2014-12-01,41.35,41.73,0.93,99.07
2014-12-02,41.21,41.55,0.82,99.18
2014-12-03,40.89,40.44,1.1,98.9
2014-12-04,41.54,41.34,0.47,99.53
2014-12-05,41.18,41.11,0.17,99.83
2014-12-08,40.57,40.74,0.44,99.56
2014-12-09,40.47,40.96,1.21,98.79
2014-12-10,39.89,40.82,2.35,97.65
2014-12-11,40.12,39.85,0.68,99.32
2014-12-12,39.93,40.14,0.54,99.46
2014-12-15,39.69,40.2,1.28,98.72
2014-12-16,38.41,38.64,0.6,99.4
2014-12-17,38.9,39.1,0.52,99.48
2014-12-18,40.41,39.96,1.14,98.86
2014-12-19,40.53,39.59,2.32,97.68
2014-12-22,40.81,39.74,2.6,97.4
2014-12-23,41.2,40.34,2.11,97.89
2014-12-24,40.94,40.36,1.42,98.58
2014-12-26,40.72,40.36,0.88,99.12
2014-12-29,40.35,40.57,0.54,99.46
2014-12-30,39.99,39.74,0.62,99.38
2014-12-31,39.5,39.74,0.6,99.4
2015-01-02,39.77,39.77,0.0,100.0
2015-01-05,39.4,39.74,0.87,99.13
2015-01-06,38.82,39.59,1.96,98.04
2015-01-07,39.32,40.39,2.73,97.27
2015-01-08,40.47,40.56,0.21,99.79
2015-01-09,40.13,39.76,0.93,99.07
2015-01-12,39.63,39.49,0.36,99.64
2015-01-13,39.43,39.12,0.77,99.23
2015-01-14,39.09,38.53,1.42,98.58
2015-01-15,38.68,38.43,0.63,99.37
2015-01-16,39.33,38.72,1.55,98.45
2015-01-20,39.45,39.0,1.14,98.86
2015-01-21,39.05,39.0,0.13,99.87
2015-01-22,40.08,39.71,0.93,99.07
2015-01-23,40.12,39.71,1.03,98.97
2015-01-26,39.98,39.79,0.47,99.53
2015-01-27,36.28,38.17,5.2,94.8
2015-01-28,35.03,37.17,6.11,93.89
2015-01-29,35.73,37.14,3.95,96.05
2015-01-30,34.36,36.18,5.29,94.71
2015-02-02,35.11,36.58,4.2,95.8
2015-02-03,35.38,36.58,3.4,96.6
2015-02-04,35.58,36.15,1.6,98.4
2015-02-05,36.1,36.34,0.65,99.35
2015-02-06,36.07,36.2,0.37,99.63
2015-02-09,36.03,36.15,0.35,99.65
2015-02-10,36.23,36.21,0.05,99.95
2015-02-11,36.04,35.88,0.46,99.54
2015-02-12,36.65,35.89,2.06,97.94
2015-02-13,37.31,36.34,2.61,97.39
2015-02-17,37.33,37.51,0.5,99.5
2015-02-18,37.28,38.22,2.5,97.5
2015-02-19,37.26,37.94,1.83,98.17
2015-02-20,37.57,38.55,2.61,97.39
2015-02-23,37.82,38.55,1.94,98.06
2015-02-24,37.76,39.11,3.56,96.44
2015-02-25,37.68,38.91,3.26,96.74
2015-02-26,37.74,38.78,2.75,97.25
2015-02-27,37.56,38.47,2.43,97.57
2015-03-02,37.58,38.82,3.29,96.71
2015-03-03,37.07,37.67,1.61,98.39
2015-03-04,36.88,37.97,2.96,97.04
2015-03-05,36.92,37.68,2.05,97.95
2015-03-06,36.28,35.84,1.23,98.77
2015-03-09,36.7,36.48,0.61,99.39
2015-03-10,36.0,35.95,0.13,99.87
2015-03-11,35.96,35.85,0.29,99.71
2015-03-12,35.13,35.45,0.89,99.11
2015-03-13,35.44,34.96,1.37,98.63
2015-03-16,35.6,35.05,1.55,98.45
2015-03-17,35.72,35.44,0.78,99.22
2015-03-18,36.4,35.69,1.95,98.05
2015-03-19,36.22,35.69,1.47,98.53
2015-03-20,36.73,36.1,1.7,98.3
2015-03-23,36.71,36.28,1.17,98.83
2015-03-24,36.74,36.49,0.69,99.31
2015-03-25,35.51,35.07,1.23,98.77
2015-03-26,35.3,35.29,0.01,99.99
2015-03-27,35.09,34.94,0.44,99.56
2015-03-30,35.08,35.29,0.6,99.4
2015-03-31,34.83,35.07,0.71,99.29
2015-04-01,34.88,35.54,1.9,98.1
2015-04-02,34.51,34.34,0.49,99.51
2015-04-06,35.59,35.21,1.07,98.93
2015-04-07,35.57,35.02,1.56,98.44
2015-04-08,35.48,34.42,2.98,97.02
2015-04-09,35.53,34.63,2.54,97.46
2015-04-10,35.73,34.34,3.9,96.1
2015-04-13,35.77,34.34,3.99,96.01
2015-04-14,35.67,34.22,4.09,95.91
2015-04-15,36.2,35.69,1.4,98.6
2015-04-16,36.11,35.69,1.17,98.83
2015-04-17,35.65,35.52,0.37,99.63
2015-04-20,36.75,36.83,0.22,99.78
2015-04-21,36.52,36.83,0.85,99.15
2015-04-22,36.82,36.92,0.26,99.74
2015-04-23,37.12,37.47,0.94,99.06
2015-04-24,41.0,38.54,6.0,94.0
2015-04-27,41.14,39.11,4.94,95.06
2015-04-28,42.11,39.58,5.99,94.01
2015-04-29,42.02,40.07,4.65,95.35
2015-04-30,41.66,39.67,4.78,95.22
2015-05-01,41.68,41.37,0.73,99.27
2015-05-04,41.32,41.25,0.18,99.82
2015-05-05,40.77,41.5,1.79,98.21
2015-05-06,39.64,41.15,3.82,96.18
2015-05-07,40.0,41.38,3.44,96.56
2015-05-08,40.9,41.38,1.18,98.82
2015-05-11,40.57,41.31,1.82,98.18
2015-05-12,40.56,41.31,1.85,98.15
2015-05-13,40.8,41.52,1.78,98.22
2015-05-14,41.73,41.33,0.96,99.04
2015-05-15,41.37,41.21,0.38,99.62
2015-05-18,41.12,41.47,0.84,99.16
2015-05-19,41.02,41.47,1.1,98.9
2015-05-20,41.02,41.47,1.1,98.9
2015-05-21,40.88,40.49,0.95,99.05
2015-05-22,40.43,40.49,0.15,99.85
2015-05-26,40.16,40.57,1.01,98.99
2015-05-27,41.04,41.77,1.76,98.24
2015-05-28,40.91,42.13,2.99,97.01
2015-05-29,40.4,40.29,0.27,99.73
2015-06-01,40.72,40.94,0.55,99.45
2015-06-02,40.45,40.65,0.5,99.5
2015-06-03,40.39,40.44,0.13,99.87
2015-06-04,39.97,39.14,2.06,97.94
2015-06-05,39.78,38.54,3.11,96.89
2015-06-08,39.42,38.52,2.28,97.72
2015-06-09,39.35,38.54,2.07,97.93
2015-06-10,40.18,39.59,1.47,98.53
2015-06-11,40.04,39.59,1.11,98.89
2015-06-12,39.63,39.59,0.1,99.9
2015-06-15,39.21,39.43,0.56,99.44
2015-06-16,39.51,38.88,1.59,98.41
2015-06-17,39.63,39.0,1.58,98.42
2015-06-18,40.28,39.86,1.04,98.96
2015-06-19,39.74,39.35,0.99,99.01
2015-06-22,39.85,39.0,2.14,97.86
2015-06-23,39.58,39.0,1.45,98.55
2015-06-24,39.35,39.49,0.36,99.64
2015-06-25,39.35,39.15,0.51,99.49
2015-06-26,39.02,39.15,0.35,99.65
2015-06-29,38.25,38.72,1.22,98.78
2015-06-30,38.06,37.57,1.3,98.7
2015-07-01,38.32,37.6,1.87,98.13
2015-07-02,38.28,38.11,0.44,99.56
2015-07-06,38.27,38.29,0.07,99.93
2015-07-07,38.19,37.7,1.28,98.72
2015-07-08,38.14,37.17,2.54,97.46
2015-07-09,38.38,36.68,4.43,95.57
2015-07-10,38.46,37.14,3.43,96.57
2015-07-13,39.26,38.23,2.62,97.38
2015-07-14,39.33,38.39,2.38,97.62
2015-07-15,39.45,38.95,1.27,98.73
2015-07-16,40.22,39.86,0.91,99.09
2015-07-17,40.19,40.01,0.45,99.55
2015-07-20,40.45,40.91,1.14,98.86
2015-07-21,40.76,40.42,0.82,99.18
2015-07-22,39.26,39.86,1.52,98.48
2015-07-23,39.75,39.99,0.6,99.4
2015-07-24,39.6,39.87,0.67,99.33
2015-07-27,39.1,39.56,1.19,98.81
2015-07-28,39.09,39.69,1.54,98.46
2015-07-29,39.91,39.86,0.12,99.88
2015-07-30,40.41,39.99,1.05,98.95
2015-07-31,40.26,39.91,0.88,99.12
2015-08-03,40.35,39.91,1.11,98.89
2015-08-04,40.98,40.56,1.04,98.96
2015-08-05,41.02,40.39,1.53,98.47
2015-08-06,40.19,40.0,0.49,99.51
2015-08-07,40.29,39.85,1.1,98.9
2015-08-10,40.8,40.14,1.63,98.37
2015-08-11,40.01,40.53,1.3,98.7
2015-08-12,40.29,40.42,0.31,99.69
2015-08-13,40.29,40.53,0.61,99.39
2015-08-14,40.52,40.71,0.48,99.52
2015-08-17,40.79,40.85,0.14,99.86
2015-08-18,41.02,40.7,0.78,99.22
2015-08-19,40.45,40.14,0.77,99.23
2015-08-20,39.62,39.59,0.08,99.92
2015-08-21,37.37,38.44,2.85,97.15
2015-08-24,36.17,37.93,4.86,95.14
2015-08-25,35.12,37.98,8.16,91.84
2015-08-26,37.06,38.63,4.22,95.78
2015-08-27,38.09,39.07,2.56,97.44
2015-08-28,38.12,38.2,0.2,99.8
2015-08-31,37.77,38.37,1.6,98.4
2015-09-01,36.29,37.6,3.61,96.39
2015-09-02,37.63,37.44,0.49,99.51
2015-09-03,37.75,37.3,1.19,98.81
2015-09-04,36.98,36.97,0.03,99.97
2015-09-08,38.09,37.31,2.04,97.96
2015-09-09,37.37,37.17,0.55,99.45
2015-09-10,37.57,37.38,0.5,99.5
2015-09-11,37.73,37.87,0.38,99.62
2015-09-14,37.35,38.05,1.87,98.13
2015-09-15,38.16,38.34,0.46,99.54
2015-09-16,38.44,38.3,0.36,99.64
2015-09-17,38.4,38.08,0.84,99.16
2015-09-18,37.73,37.88,0.39,99.61
2015-09-21,38.28,38.08,0.52,99.48
2015-09-22,38.09,38.53,1.15,98.85
2015-09-23,38.07,38.09,0.05,99.95
2015-09-24,38.1,38.09,0.05,99.95
2015-09-25,38.13,38.53,1.06,98.94
2015-09-28,37.57,37.52,0.11,99.89
2015-09-29,37.7,38.09,1.04,98.96
2015-09-30,38.41,38.42,0.03,99.97
2015-10-01,38.71,38.53,0.46,99.54
2015-10-02,39.54,38.92,1.58,98.42
2015-10-05,40.46,39.24,3.03,96.97
2015-10-06,40.57,39.72,2.09,97.91
2015-10-07,40.61,39.79,2.02,97.98
2015-10-08,41.18,40.99,0.45,99.55
2015-10-09,40.88,40.46,1.02,98.98
2015-10-12,40.79,40.81,0.07,99.93
2015-10-13,40.69,40.95,0.63,99.37
2015-10-14,40.51,40.92,1.01,98.99
2015-10-15,40.79,40.92,0.3,99.7
2015-10-16,41.23,41.7,1.14,98.86
2015-10-19,41.32,41.7,0.91,99.09
2015-10-20,41.45,41.71,0.62,99.38
2015-10-21,40.96,40.94,0.06,99.94
2015-10-22,41.68,41.95,0.66,99.34
2015-10-23,45.88,43.35,5.52,94.48
2015-10-26,47.08,44.45,5.58,94.42
2015-10-27,46.59,44.33,4.84,95.16
2015-10-28,46.84,45.61,2.64,97.36
2015-10-29,46.3,45.56,1.61,98.39
2015-10-30,45.68,44.96,1.57,98.43
2015-11-02,46.2,45.21,2.15,97.85
2015-11-03,46.99,46.58,0.86,99.14
2015-11-04,47.21,46.58,1.32,98.68
2015-11-05,47.19,46.58,1.28,98.72
2015-11-06,47.66,47.22,0.92,99.08
2015-11-09,47.0,47.26,0.56,99.44
2015-11-10,46.43,47.26,1.78,98.22
2015-11-11,46.56,47.26,1.51,98.49
2015-11-12,46.27,46.57,0.65,99.35
2015-11-13,45.85,45.6,0.55,99.45
2015-11-16,46.66,46.48,0.4,99.6
2015-11-17,46.28,46.12,0.34,99.66
2015-11-18,47.04,47.0,0.1,99.9
2015-11-19,47.12,47.21,0.18,99.82
2015-11-20,47.34,47.06,0.6,99.4
2015-11-23,47.34,46.83,1.08,98.92
2015-11-24,47.39,46.83,1.19,98.81
2015-11-25,46.9,46.26,1.37,98.63
2015-11-27,47.11,46.24,1.86,98.14
2015-11-30,47.48,46.91,1.2,98.8
2015-12-01,48.24,47.32,1.9,98.1
2015-12-02,48.23,47.32,1.88,98.12
2015-12-03,47.35,48.47,2.38,97.62
2015-12-04,48.84,48.89,0.1,99.9
2015-12-07,48.76,48.74,0.03,99.97
2015-12-08,48.74,48.89,0.31,99.69
2015-12-09,48.03,48.45,0.87,99.13
2015-12-10,48.28,48.58,0.61,99.39
2015-12-11,47.23,47.87,1.35,98.65
2015-12-14,48.17,48.41,0.5,99.5
2015-12-15,48.22,48.41,0.39,99.61
2015-12-16,49.04,48.64,0.81,99.19
2015-12-17,48.66,48.47,0.38,99.62
2015-12-18,47.29,47.87,1.22,98.78
2015-12-21,47.9,47.87,0.07,99.93
2015-12-22,48.35,48.15,0.42,99.58
2015-12-23,48.77,48.84,0.15,99.85
2015-12-24,48.63,48.26,0.76,99.24
2015-12-28,48.88,48.55,0.67,99.33
2015-12-29,49.4,49.18,0.45,99.55
2015-12-30,49.19,49.38,0.37,99.63
2015-12-31,48.47,49.09,1.28,98.72
2016-01-04,47.87,49.18,2.73,97.27
2016-01-05,48.09,48.8,1.48,98.52
2016-01-06,47.22,48.26,2.2,97.8
2016-01-07,45.58,46.97,3.05,96.95
2016-01-08,45.72,46.06,0.74,99.26
2016-01-11,45.69,46.9,2.66,97.34
2016-01-12,46.11,46.82,1.53,98.47
2016-01-13,45.11,44.53,1.3,98.7
2016-01-14,46.4,45.4,2.15,97.85
2016-01-15,44.55,44.64,0.21,99.79
2016-01-19,44.17,43.92,0.56,99.44
2016-01-20,44.37,43.35,2.3,97.7
2016-01-21,44.1,43.35,1.7,98.3
2016-01-22,45.68,44.7,2.14,97.86
2016-01-25,45.24,44.79,1.0,99.0
2016-01-26,45.58,44.79,1.72,98.28
2016-01-27,44.75,44.67,0.17,99.83
2016-01-28,45.48,45.75,0.6,99.4
2016-01-29,48.13,46.42,3.54,96.46
2016-02-01,47.8,46.33,3.07,96.93
2016-02-02,46.3,45.9,0.87,99.13
2016-02-03,45.57,45.99,0.94,99.06
2016-02-04,45.43,45.4,0.06,99.94
2016-02-05,43.82,45.4,3.61,96.39
2016-02-08,43.17,45.4,5.18,94.82
2016-02-09,43.05,45.13,4.82,95.18
2016-02-10,43.43,45.28,4.27,95.73
2016-02-11,43.41,44.76,3.12,96.88
2016-02-12,44.12,45.28,2.63,97.37
2016-02-16,44.95,44.25,1.56,98.44
2016-02-17,46.12,45.04,2.35,97.65
2016-02-18,45.92,44.85,2.34,97.66
2016-02-19,45.6,44.47,2.47,97.53
2016-02-22,46.33,45.05,2.76,97.24
2016-02-23,45.03,45.05,0.04,99.96
2016-02-24,45.19,45.49,0.67,99.33
2016-02-25,45.84,45.87,0.07,99.93
2016-02-26,45.14,46.07,2.06,97.94
2016-02-29,44.77,46.27,3.35,96.65
2016-03-01,46.26,46.43,0.36,99.64
2016-03-02,46.59,46.43,0.35,99.65
2016-03-03,46.06,46.32,0.57,99.43
2016-03-04,45.78,46.08,0.65,99.35
2016-03-07,44.9,45.64,1.64,98.36
2016-03-08,45.45,45.4,0.1,99.9
2016-03-09,46.49,45.99,1.07,98.93
2016-03-10,45.8,45.9,0.22,99.78
2016-03-11,46.7,45.99,1.5,98.5
2016-03-14,46.78,46.28,1.07,98.93
2016-03-15,47.15,46.57,1.23,98.77
2016-03-16,47.82,46.57,2.61,97.39
2016-03-17,48.09,47.32,1.6,98.4
2016-03-18,47.07,47.21,0.3,99.7
2016-03-21,47.39,47.03,0.77,99.23
2016-03-22,47.58,47.03,1.16,98.84
2016-03-23,47.49,47.06,0.9,99.1
2016-03-24,47.7,47.21,1.03,98.97
2016-03-28,47.11,48.72,3.42,96.58
2016-03-29,48.14,48.74,1.25,98.75
2016-03-30,48.44,48.64,0.41,99.59
2016-03-31,48.6,48.89,0.61,99.39
2016-04-01,48.9,48.74,0.31,99.69
2016-04-04,48.77,48.74,0.06,99.94
2016-04-05,48.01,48.44,0.91,99.09
2016-04-06,48.5,48.41,0.18,99.82
2016-04-07,47.92,47.87,0.11,99.89
2016-04-08,47.88,48.44,1.17,98.83
2016-04-11,47.79,48.25,0.96,99.04
2016-04-12,48.09,48.33,0.51,99.49
2016-04-13,48.7,48.62,0.16,99.84
2016-04-14,48.71,48.85,0.28,99.72
2016-04-15,48.97,49.14,0.35,99.65
2016-04-18,49.68,49.68,0.0,100.0
2016-04-19,49.62,49.56,0.11,99.89
2016-04-20,48.91,49.18,0.55,99.45
2016-04-21,49.08,49.18,0.21,99.79
2016-04-22,45.56,46.98,3.12,96.88
2016-04-25,45.85,47.84,4.34,95.66
2016-04-26,45.26,45.86,1.32,98.68
2016-04-27,44.82,45.86,2.31,97.69
2016-04-28,43.91,44.54,1.44,98.56
2016-04-29,43.88,44.54,1.5,98.5
2016-05-02,44.53,44.55,0.05,99.95
2016-05-03,43.8,43.23,1.3,98.7
2016-05-04,43.88,43.23,1.48,98.52
2016-05-05,43.94,43.23,1.62,98.38
2016-05-06,44.34,43.23,2.5,97.5
2016-05-09,44.06,43.23,1.87,98.13
2016-05-10,44.89,43.72,2.61,97.39
2016-05-11,44.92,42.67,4.99,95.01
2016-05-12,45.32,44.47,1.89,98.11
2016-05-13,44.94,45.05,0.23,99.77
2016-05-16,45.6,45.87,0.59,99.41
2016-05-17,44.75,45.49,1.65,98.35
2016-05-18,45.02,46.16,2.54,97.46
2016-05-19,44.59,44.86,0.62,99.38
2016-05-20,44.85,44.7,0.35,99.65
2016-05-23,44.33,44.78,1.02,98.98
2016-05-24,45.71,45.15,1.23,98.77
2016-05-25,46.18,45.23,2.05,97.95
2016-05-26,45.98,45.14,1.83,98.17
2016-05-27,46.36,45.25,2.38,97.62
2016-05-31,46.96,46.53,0.91,99.09
2016-06-01,46.83,46.45,0.81,99.19
2016-06-02,46.5,46.19,0.67,99.33
2016-06-03,45.89,46.19,0.65,99.35
2016-06-06,46.19,45.99,0.42,99.58
2016-06-07,46.16,47.07,1.96,98.04
2016-06-08,46.11,46.9,1.7,98.3
2016-06-09,45.74,47.02,2.81,97.19
2016-06-10,45.61,46.89,2.79,97.21
2016-06-13,44.43,46.6,4.89,95.11
2016-06-14,44.15,44.58,0.97,99.03
2016-06-15,44.03,44.01,0.03,99.97
2016-06-16,44.65,44.72,0.15,99.85
2016-06-17,44.42,44.03,0.88,99.12
2016-06-20,44.36,43.52,1.9,98.1
2016-06-21,45.36,44.59,1.69,98.31
2016-06-22,45.18,44.72,1.02,98.98
2016-06-23,45.99,45.9,0.2,99.8
2016-06-24,44.15,44.59,1.0,99.0
2016-06-27,42.91,44.03,2.6,97.4
2016-06-28,43.81,43.69,0.26,99.74
2016-06-29,44.78,43.73,2.34,97.66
2016-06-30,45.34,44.59,1.66,98.34
2016-07-01,45.33,45.05,0.62,99.38
2016-07-05,45.34,43.87,3.25,96.75
2016-07-06,45.52,44.89,1.39,98.61
2016-07-07,45.52,44.86,1.45,98.55
2016-07-08,46.34,45.14,2.6,97.4
2016-07-11,46.6,46.43,0.35,99.65
2016-07-12,47.15,46.43,1.51,98.49
2016-07-13,47.41,46.43,2.06,97.94
2016-07-14,47.62,46.39,2.57,97.43
2016-07-15,47.58,47.86,0.59,99.41
2016-07-18,47.81,47.57,0.5,99.5
2016-07-19,47.04,48.15,2.35,97.65
2016-07-20,49.54,48.26,2.58,97.42
2016-07-21,49.44,48.13,2.65,97.35
2016-07-22,50.12,49.56,1.13,98.87
2016-07-25,50.27,49.58,1.35,98.65
2016-07-26,50.29,49.7,1.18,98.82
2016-07-27,49.79,50.3,1.04,98.96
2016-07-28,49.8,50.1,0.6,99.4
2016-07-29,50.22,50.18,0.08,99.92
2016-08-01,50.13,49.86,0.55,99.45
2016-08-02,50.13,49.86,0.55,99.45
2016-08-03,50.48,49.86,1.23,98.77
2016-08-04,50.85,50.01,1.64,98.36
2016-08-05,51.36,51.27,0.16,99.84
2016-08-08,51.44,52.19,1.45,98.55
2016-08-09,51.57,51.47,0.19,99.81
2016-08-10,51.41,51.35,0.11,99.89
2016-08-11,51.66,51.02,1.22,98.78
2016-08-12,51.34,50.87,0.91,99.09
2016-08-15,51.5,51.27,0.44,99.56
2016-08-16,51.21,51.42,0.4,99.6
2016-08-17,51.32,51.42,0.19,99.81
2016-08-18,51.35,51.27,0.16,99.84
2016-08-19,51.37,51.42,0.09,99.91
2016-08-22,51.42,51.42,0.01,99.99
2016-08-23,51.61,51.42,0.38,99.62
2016-08-24,51.67,51.27,0.76,99.24
2016-08-25,51.86,52.22,0.69,99.31
2016-08-26,51.74,52.04,0.58,99.42
2016-08-29,51.8,52.01,0.4,99.6
2016-08-30,51.61,52.38,1.5,98.5
2016-08-31,51.23,50.3,1.81,98.19
2016-09-01,51.35,51.14,0.41,99.59
2016-09-02,51.42,50.96,0.9,99.1
2016-09-06,51.36,51.22,0.28,99.72
2016-09-07,51.41,51.14,0.53,99.47
2016-09-08,51.2,50.74,0.9,99.1
2016-09-09,50.11,50.2,0.17,99.83
2016-09-12,50.86,51.58,1.41,98.59
2016-09-13,50.4,50.55,0.29,99.71
2016-09-14,50.16,49.16,1.99,98.01
2016-09-15,50.99,50.49,0.98,99.02
2016-09-16,51.04,50.52,1.02,98.98
2016-09-19,50.76,50.27,0.96,99.04
2016-09-20,50.65,49.43,2.4,97.6
2016-09-21,51.5,51.45,0.1,99.9
2016-09-22,51.55,51.45,0.2,99.8
2016-09-23,51.2,51.07,0.27,99.73
2016-09-26,50.73,50.7,0.06,99.94
2016-09-27,51.67,51.45,0.43,99.57
2016-09-28,51.74,51.45,0.56,99.44
2016-09-29,51.18,51.64,0.91,99.09
2016-09-30,51.35,51.9,1.07,98.93
2016-10-03,51.19,50.87,0.63,99.37
2016-10-04,51.03,50.87,0.32,99.68
2016-10-05,51.39,50.74,1.27,98.73
2016-10-06,51.48,51.92,0.87,99.13
2016-10-07,51.53,50.87,1.29,98.71
2016-10-10,51.75,52.22,0.92,99.08
2016-10-11,50.99,51.2,0.42,99.58
2016-10-12,50.92,49.86,2.08,97.92
2016-10-13,50.75,50.19,1.1,98.9
2016-10-14,51.19,50.84,0.69,99.31
2016-10-17,51.02,49.83,2.33,97.67
2016-10-18,51.41,50.74,1.29,98.71
2016-10-19,51.29,51.14,0.3,99.7
2016-10-20,51.04,50.74,0.59,99.41
2016-10-21,53.19,51.85,2.51,97.49
2016-10-24,54.39,54.09,0.55,99.45
2016-10-25,54.38,54.32,0.1,99.9
2016-10-26,54.06,54.17,0.21,99.79
2016-10-27,53.58,54.15,1.06,98.94
2016-10-28,53.38,54.05,1.27,98.73
2016-10-31,53.42,54.17,1.4,98.6
2016-11-01,53.32,54.18,1.61,98.39
2016-11-02,52.99,54.18,2.25,97.75
2016-11-03,52.79,54.16,2.59,97.41
2016-11-04,52.34,54.14,3.44,96.56
2016-11-07,53.87,54.18,0.57,99.43
2016-11-08,53.91,54.18,0.49,99.51
2016-11-09,53.65,54.18,0.99,99.01
2016-11-10,52.33,53.5,2.23,97.77
2016-11-11,52.62,53.02,0.77,99.23
2016-11-14,51.82,52.14,0.62,99.38
2016-11-15,52.84,53.5,1.25,98.75
2016-11-16,53.54,54.19,1.21,98.79
2016-11-17,54.43,54.42,0.02,99.98
2016-11-18,54.17,54.31,0.26,99.74
2016-11-21,54.63,54.42,0.38,99.62
2016-11-22,54.86,54.6,0.47,99.53
2016-11-23,54.21,54.42,0.38,99.62
2016-11-25,54.33,54.6,0.5,99.5
2016-11-28,54.4,54.23,0.32,99.68
2016-11-29,54.83,54.42,0.75,99.25
2016-11-30,54.09,54.23,0.25,99.75
2016-12-01,53.14,54.31,2.21,97.79
2016-12-02,53.18,54.23,1.96,98.04
2016-12-05,54.05,54.62,1.04,98.96
2016-12-06,53.81,54.42,1.13,98.87
2016-12-07,55.09,54.6,0.87,99.13
2016-12-08,54.76,54.23,0.98,99.02
2016-12-09,55.62,54.45,2.1,97.9
2016-12-12,55.8,54.42,2.48,97.52
2016-12-13,56.53,54.6,3.41,96.59
2016-12-14,56.26,54.62,2.92,97.08
2016-12-15,56.17,55.24,1.66,98.34
2016-12-16,55.92,55.2,1.29,98.71
2016-12-19,57.1,55.27,3.21,96.79
2016-12-20,57.03,56.62,0.72,99.28
2016-12-21,57.03,57.22,0.32,99.68
2016-12-22,57.04,57.22,0.31,99.69
2016-12-23,56.76,57.41,1.13,98.87
2016-12-27,56.8,57.57,1.35,98.65
2016-12-28,56.54,57.24,1.23,98.77
2016-12-29,56.46,57.26,1.42,98.58
2016-12-30,55.78,56.85,1.92,98.08
2017-01-03,56.17,56.85,1.2,98.8
2017-01-04,55.92,56.13,0.37,99.63
2017-01-05,55.92,56.46,0.96,99.04
2017-01-06,56.4,56.85,0.79,99.21
2017-01-09,56.22,56.85,1.11,98.89
2017-01-10,56.21,55.79,0.75,99.25
2017-01-11,56.72,56.46,0.46,99.54
2017-01-12,56.2,56.01,0.33,99.67
2017-01-13,56.28,56.01,0.47,99.53
2017-01-17,56.13,56.11,0.02,99.98
2017-01-18,56.1,56.01,0.15,99.85
2017-01-19,55.92,56.11,0.35,99.65
2017-01-20,56.31,56.67,0.63,99.37
2017-01-23,56.51,56.57,0.11,99.89
2017-01-24,57.01,56.57,0.78,99.22
2017-01-25,57.16,56.6,0.97,99.03
2017-01-26,57.69,57.41,0.49,99.51
2017-01-27,59.04,57.66,2.35,97.65
2017-01-30,58.46,57.4,1.81,98.19
2017-01-31,58.03,57.26,1.33,98.67
2017-02-01,57.07,56.85,0.39,99.61
2017-02-02,56.7,56.85,0.26,99.74
2017-02-03,57.16,57.04,0.2,99.8
2017-02-06,57.12,57.04,0.14,99.86
2017-02-07,56.93,57.04,0.19,99.81
2017-02-08,56.85,57.04,0.33,99.67
2017-02-09,57.5,57.04,0.8,99.2
2017-02-10,57.45,57.04,0.7,99.3
2017-02-13,58.09,57.04,1.81,98.19
2017-02-14,58.31,57.5,1.4,98.6
2017-02-15,58.27,57.38,1.53,98.47
2017-02-16,58.26,56.58,2.89,97.11
2017-02-17,58.35,58.22,0.23,99.77
2017-02-21,58.24,58.4,0.28,99.72
2017-02-22,58.12,58.81,1.19,98.81
2017-02-23,58.35,59.2,1.46,98.54
2017-02-24,58.35,58.88,0.9,99.1
2017-02-27,58.0,58.79,1.36,98.64
2017-02-28,57.78,58.79,1.76,98.24
2017-03-01,58.64,58.88,0.4,99.6
2017-03-02,57.8,58.4,1.04,98.96
2017-03-03,58.02,58.6,0.99,99.01
2017-03-06,58.04,58.22,0.32,99.68
2017-03-07,58.16,58.22,0.11,99.89
2017-03-08,58.69,58.57,0.2,99.8
2017-03-09,58.45,57.95,0.86,99.14
2017-03-10,58.63,58.4,0.4,99.6
2017-03-13,58.44,57.95,0.83,99.17
2017-03-14,58.16,57.95,0.37,99.63
2017-03-15,58.47,57.95,0.89,99.11
2017-03-16,58.37,57.95,0.72,99.28
2017-03-17,58.58,58.6,0.03,99.97
2017-03-20,58.63,58.74,0.17,99.83
2017-03-21,57.98,57.68,0.52,99.48
2017-03-22,58.72,58.78,0.09,99.91
2017-03-23,58.58,58.6,0.03,99.97
2017-03-24,58.68,58.6,0.14,99.86
2017-03-27,58.79,58.6,0.32,99.68
2017-03-28,58.96,58.4,0.94,99.06
2017-03-29,59.12,58.63,0.83,99.17
2017-03-30,59.34,58.74,1.02,98.98
2017-03-31,59.47,58.79,1.15,98.85
2017-04-03,59.19,58.79,0.68,99.32
2017-04-04,59.36,59.32,0.06,99.94
2017-04-05,59.2,59.31,0.18,99.82
2017-04-06,59.36,59.31,0.08,99.92
2017-04-07,59.31,59.2,0.19,99.81
2017-04-10,59.18,61.11,3.26,96.74
2017-04-11,59.13,59.24,0.19,99.81
2017-04-12,58.9,60.95,3.47,96.53
2017-04-13,58.65,58.64,0.02,99.98
2017-04-17,59.13,59.02,0.19,99.81
2017-04-18,59.05,59.12,0.12,99.88
2017-04-19,58.73,58.39,0.58,99.42
2017-04-20,59.15,58.92,0.39,99.61
2017-04-21,59.96,60.86,1.49,98.51
2017-04-24,60.98,61.18,0.33,99.67
2017-04-25,61.33,61.29,0.08,99.92
2017-04-26,61.25,62.64,2.27,97.73
2017-04-27,61.65,62.65,1.62,98.38
2017-04-28,61.82,62.8,1.59,98.41
2017-05-01,62.68,63.14,0.74,99.26
2017-05-02,62.58,63.14,0.9,99.1
2017-05-03,62.38,63.14,1.22,98.78
2017-05-04,62.14,63.14,1.61,98.39
2017-05-05,62.31,63.09,1.26,98.74
2017-05-08,62.25,63.09,1.34,98.66
2017-05-09,62.35,63.22,1.4,98.6
2017-05-10,62.59,63.86,2.03,97.97
2017-05-11,61.82,63.11,2.08,97.92
2017-05-12,61.75,62.82,1.73,98.27
2017-05-15,61.79,62.79,1.61,98.39
2017-05-16,63.04,63.11,0.11,99.89
2017-05-17,61.29,62.39,1.8,98.2
2017-05-18,61.49,62.41,1.49,98.51
2017-05-19,61.48,61.93,0.74,99.26
2017-05-22,62.17,62.39,0.35,99.65
2017-05-23,62.38,62.59,0.35,99.65
2017-05-24,62.46,62.59,0.22,99.78
2017-05-25,63.23,62.79,0.7,99.3
2017-05-26,63.54,62.82,1.13,98.87
2017-05-30,63.95,63.08,1.36,98.64
2017-05-31,63.43,62.79,1.01,98.99
2017-06-01,63.67,63.09,0.91,99.09
2017-06-02,65.17,63.33,2.82,97.18
2017-06-05,65.65,63.16,3.78,96.22
2017-06-06,65.86,63.11,4.18,95.82
2017-06-07,65.75,66.09,0.53,99.47
2017-06-08,65.35,65.36,0.02,99.98
2017-06-09,63.87,64.71,1.32,98.68
2017-06-12,63.37,64.39,1.6,98.4
2017-06-13,64.16,64.68,0.8,99.2
2017-06-14,63.82,64.39,0.9,99.1
2017-06-15,63.48,64.2,1.12,98.88
2017-06-16,63.57,64.2,0.98,99.02
2017-06-19,64.36,64.2,0.26,99.74
2017-06-20,63.49,64.2,1.11,98.89
2017-06-21,63.82,64.2,0.59,99.41
2017-06-22,63.81,63.7,0.17,99.83
2017-06-23,64.67,63.81,1.33,98.67
2017-06-26,64.06,63.53,0.81,99.19
2017-06-27,62.86,63.45,0.95,99.05
2017-06-28,63.39,63.7,0.49,99.51
2017-06-29,62.2,63.7,2.41,97.59
2017-06-30,62.6,63.99,2.22,97.78
2017-07-03,61.91,63.53,2.62,97.38
2017-07-05,62.74,62.21,0.85,99.15
2017-07-06,62.28,62.21,0.11,99.89
2017-07-07,63.08,62.41,1.07,98.93
2017-07-10,63.56,62.39,1.84,98.16
2017-07-11,63.57,62.59,1.53,98.47
2017-07-12,64.62,64.26,0.56,99.44
2017-07-13,65.18,64.39,1.21,98.79
2017-07-14,66.1,64.39,2.58,97.42
2017-07-17,66.62,64.76,2.79,97.21
2017-07-18,66.57,65.22,2.02,97.98
2017-07-19,67.08,65.22,2.77,97.23
2017-07-20,67.41,65.65,2.6,97.4
2017-07-21,67.02,66.68,0.5,99.5
2017-07-24,66.84,66.86,0.02,99.98
2017-07-25,67.38,66.86,0.77,99.23
2017-07-26,67.25,67.56,0.46,99.54
2017-07-27,66.44,66.44,0.01,99.99
2017-07-28,66.34,66.08,0.38,99.62
2017-07-31,66.03,65.99,0.06,99.94
2017-08-01,65.92,65.89,0.04,99.96
2017-08-02,65.63,65.41,0.34,99.66
2017-08-03,65.53,65.17,0.55,99.45
2017-08-04,66.01,65.17,1.28,98.72
2017-08-07,65.75,65.15,0.91,99.09
2017-08-08,66.11,66.28,0.26,99.74
2017-08-09,65.82,64.84,1.48,98.52
2017-08-10,64.86,63.51,2.08,97.92
2017-08-11,65.84,64.61,1.88,98.12
2017-08-14,66.83,66.02,1.22,98.78
2017-08-15,66.85,66.02,1.24,98.76
2017-08-16,67.25,65.61,2.43,97.57
2017-08-17,66.1,66.05,0.09,99.91
2017-08-18,66.19,66.23,0.06,99.94
2017-08-21,65.88,65.38,0.75,99.25
2017-08-22,66.8,66.42,0.56,99.44
2017-08-23,66.4,66.39,0.0,100.0
2017-08-24,66.37,66.23,0.21,99.79
2017-08-25,66.49,66.31,0.27,99.73
2017-08-28,66.5,66.23,0.41,99.59
2017-08-29,66.7,66.42,0.41,99.59
2017-08-30,67.57,66.82,1.12,98.88
2017-08-31,68.27,68.02,0.36,99.64
2017-09-01,67.51,67.6,0.13,99.87
2017-09-05,67.21,67.44,0.34,99.66
2017-09-06,67.02,67.4,0.57,99.43
2017-09-07,67.88,68.0,0.18,99.82
2017-09-08,67.55,67.92,0.55,99.45
2017-09-11,68.26,68.02,0.35,99.65
2017-09-12,68.19,67.92,0.39,99.61
2017-09-13,68.67,68.02,0.95,99.05
2017-09-14,68.27,68.0,0.39,99.61
2017-09-15,68.76,68.02,1.08,98.92
2017-09-18,68.62,68.02,0.88,99.12
2017-09-19,68.88,68.02,1.25,98.75
2017-09-20,68.42,67.63,1.16,98.84
2017-09-21,67.76,67.38,0.56,99.44
2017-09-22,67.94,67.44,0.74,99.26
2017-09-25,66.89,67.4,0.76,99.24
2017-09-26,66.89,67.4,0.76,99.24
2017-09-27,67.43,68.86,2.12,97.88
2017-09-28,67.45,68.89,2.13,97.87
2017-09-29,68.01,68.89,1.28,98.72
2017-10-02,68.12,68.89,1.12,98.88
2017-10-03,67.8,68.68,1.3,98.7
2017-10-04,68.2,68.89,1.01,98.99
2017-10-05,69.36,69.14,0.33,99.67
2017-10-06,69.39,70.27,1.27,98.73
2017-10-09,69.66,70.27,0.89,99.11
2017-10-10,69.66,71.3,2.36,97.64
2017-10-11,69.77,71.3,2.18,97.82
2017-10-12,70.41,69.77,0.92,99.08
2017-10-13,70.75,72.51,2.48,97.52
2017-10-16,70.9,72.51,2.27,97.73
2017-10-17,70.84,72.51,2.35,97.65
2017-10-18,70.86,72.51,2.33,97.67
2017-10-19,71.14,72.51,1.93,98.07
2017-10-20,71.96,72.51,0.77,99.23
2017-10-23,71.98,72.51,0.74,99.26
2017-10-24,72.0,74.13,2.95,97.05
2017-10-25,71.79,74.13,3.25,96.75
2017-10-26,71.91,74.13,3.08,96.92
2017-10-27,76.52,74.13,3.13,96.87
2017-10-30,76.6,74.13,3.22,96.78
2017-10-31,75.95,76.15,0.27,99.73
2017-11-01,75.95,76.15,0.27,99.73
2017-11-02,76.74,76.15,0.77,99.23
2017-11-03,76.82,76.15,0.88,99.12
2017-11-06,77.12,76.15,1.26,98.74
2017-11-07,76.94,76.15,1.03,98.97
2017-11-08,77.21,75.55,2.14,97.86
2017-11-09,76.78,77.26,0.62,99.38
2017-11-10,76.58,77.21,0.82,99.18
2017-11-13,76.63,77.21,0.75,99.25
2017-11-14,76.74,77.26,0.67,99.33
2017-11-15,76.14,78.06,2.52,97.48
2017-11-16,76.35,77.13,1.02,98.98
2017-11-17,75.61,75.33,0.37,99.63
2017-11-20,75.73,74.23,1.98,98.02
2017-11-21,76.82,74.6,2.9,97.1
2017-11-22,76.26,74.21,2.69,97.31
2017-11-24,76.4,75.52,1.16,98.84
2017-11-27,76.96,76.26,0.91,99.09
2017-11-28,77.89,76.48,1.81,98.19
2017-11-29,76.48,77.56,1.42,98.58
2017-11-30,77.24,77.75,0.67,99.33
2017-12-01,77.32,77.77,0.59,99.41
2017-12-04,74.4,77.82,4.59,95.41
2017-12-05,74.87,74.62,0.33,99.67
2017-12-06,75.96,75.54,0.55,99.45
2017-12-07,75.7,75.52,0.23,99.77
2017-12-08,77.23,77.15,0.1,99.9
2017-12-11,78.21,77.18,1.31,98.69
2017-12-12,78.53,76.58,2.49,97.51
2017-12-13,78.32,76.58,2.23,97.77
2017-12-14,77.71,77.8,0.12,99.88
2017-12-15,79.7,79.5,0.24,99.76
2017-12-18,79.26,79.36,0.12,99.88
2017-12-19,78.76,79.48,0.91,99.09
2017-12-20,78.48,79.36,1.12,98.88
2017-12-21,78.46,80.66,2.81,97.19
2017-12-22,78.47,81.34,3.67,96.33
2017-12-26,78.37,81.26,3.69,96.31
2017-12-27,78.65,81.25,3.31,96.69
2017-12-28,78.66,81.25,3.29,96.71
2017-12-29,78.49,80.99,3.18,96.82
2018-01-02,78.87,80.69,2.31,97.69
2018-01-03,79.24,80.69,1.84,98.16
2018-01-04,79.93,81.23,1.62,98.38
2018-01-05,80.93,81.77,1.05,98.95
2018-01-08,81.01,81.23,0.27,99.73
2018-01-09,80.95,81.69,0.91,99.09
2018-01-10,80.59,81.39,1.0,99.0
2018-01-11,80.82,82.34,1.88,98.12
2018-01-12,82.22,82.27,0.06,99.94
2018-01-16,81.07,81.26,0.23,99.77
2018-01-17,82.72,82.05,0.8,99.2
2018-01-18,82.68,81.93,0.9,99.1
2018-01-19,82.59,81.77,0.98,99.02
2018-01-22,84.06,82.34,2.05,97.95
2018-01-23,84.33,82.29,2.42,97.58
2018-01-24,84.26,82.29,2.33,97.67
2018-01-25,84.72,82.29,2.87,97.13
2018-01-26,86.31,82.29,4.66,95.34
2018-01-29,86.18,82.79,3.94,96.06
2018-01-30,85.1,85.18,0.09,99.91
2018-01-31,87.18,85.98,1.39,98.61
2018-02-01,86.5,85.67,0.96,99.04
2018-02-02,84.22,84.47,0.3,99.7
2018-02-05,80.75,84.52,4.67,95.33
2018-02-06,83.81,84.69,1.06,98.94
2018-02-07,82.23,84.2,2.4,97.6
2018-02-08,78.01,83.37,6.87,93.13
2018-02-09,80.92,83.74,3.49,96.51
2018-02-12,81.79,80.72,1.31,98.69
2018-02-13,82.43,80.72,2.08,97.92
2018-02-14,83.72,84.22,0.59,99.41
2018-02-15,85.43,84.22,1.41,98.59
2018-02-16,84.82,84.17,0.77,99.23
2018-02-20,85.48,84.39,1.28,98.72
2018-02-21,84.35,84.14,0.25,99.75
2018-02-22,84.57,84.14,0.51,99.49
2018-02-23,86.72,84.85,2.16,97.84
2018-02-26,87.97,85.57,2.72,97.28
2018-02-27,86.85,84.88,2.27,97.73
2018-02-28,86.45,85.44,1.17,98.83
2018-03-01,85.6,85.71,0.13,99.87
2018-03-02,85.79,85.57,0.25,99.75
2018-03-05,86.33,85.57,0.88,99.12
2018-03-06,86.04,85.56,0.56,99.44
2018-03-07,86.53,85.44,1.26,98.74
2018-03-08,87.06,88.07,1.16,98.84
2018-03-09,89.0,88.67,0.37,99.63
2018-03-12,89.22,88.77,0.5,99.5
2018-03-13,87.04,88.27,1.41,98.59
2018-03-14,86.52,87.97,1.67,98.33
2018-03-15,86.83,87.79,1.11,98.89
2018-03-16,87.22,87.31,0.1,99.9
2018-03-19,85.64,87.13,1.74,98.26
2018-03-20,85.86,87.31,1.68,98.32
2018-03-21,85.26,87.62,2.77,97.23
2018-03-22,82.78,86.25,4.19,95.81
2018-03-23,80.37,81.55,1.47,98.53
2018-03-26,86.46,87.88,1.65,98.35
2018-03-27,82.49,83.52,1.26,98.74
2018-03-28,82.41,83.36,1.16,98.84
2018-03-29,84.15,83.36,0.93,99.07
2018-04-02,81.61,82.72,1.36,98.64
2018-04-03,82.71,83.52,0.99,99.01
2018-04-04,85.12,84.47,0.77,99.23
2018-04-05,85.17,84.42,0.88,99.12
2018-04-06,83.19,83.73,0.66,99.34
2018-04-09,83.68,84.42,0.88,99.12
2018-04-10,85.63,84.52,1.29,98.71
2018-04-11,84.69,84.52,0.2,99.8
2018-04-12,86.28,84.88,1.62,98.38
2018-04-13,85.81,85.17,0.75,99.25
2018-04-16,86.82,84.69,2.45,97.55
2018-04-17,88.57,85.57,3.38,96.62
2018-04-18,88.91,88.67,0.27,99.73
2018-04-19,88.61,88.63,0.03,99.97
2018-04-20,87.58,88.77,1.35,98.65
2018-04-23,87.91,88.77,0.98,99.02
2018-04-24,85.85,87.88,2.37,97.63
2018-04-25,85.1,87.71,3.07,96.93
2018-04-26,86.9,88.63,1.99,98.01
2018-04-27,88.34,88.75,0.46,99.54
2018-04-30,86.22,87.88,1.93,98.07
2018-05-01,87.58,88.07,0.55,99.45
2018-05-02,86.21,87.71,1.74,98.26
2018-05-03,86.73,87.88,1.34,98.66
2018-05-04,87.73,87.88,0.17,99.83
2018-05-07,88.71,87.79,1.04,98.96
2018-05-08,88.33,87.71,0.7,99.3
2018-05-09,89.37,87.88,1.67,98.33
2018-05-10,90.27,88.07,2.44,97.56
2018-05-11,90.07,88.07,2.23,97.77
2018-05-14,90.38,88.75,1.8,98.2
2018-05-15,89.72,88.77,1.07,98.93
2018-05-16,89.95,88.63,1.47,98.53
2018-05-17,89.06,87.88,1.32,98.68
2018-05-18,89.22,88.75,0.53,99.47
2018-05-21,90.37,88.75,1.8,98.2
2018-05-22,90.28,89.51,0.85,99.15
2018-05-23,91.35,90.16,1.3,98.7
2018-05-24,91.03,88.77,2.49,97.51
2018-05-25,91.08,88.75,2.56,97.44
2018-05-29,90.75,90.86,0.12,99.88
2018-05-30,91.62,93.35,1.88,98.12
2018-05-31,91.52,91.45,0.08,99.92
2018-06-01,93.33,93.37,0.05,99.95
2018-06-04,94.14,94.13,0.01,99.99
2018-06-05,94.62,95.91,1.36,98.64
2018-06-06,94.9,95.91,1.06,98.94
2018-06-07,93.41,95.06,1.76,98.24
2018-06-08,94.1,95.71,1.7,98.3
2018-06-11,93.57,94.31,0.79,99.21
2018-06-12,93.81,94.31,0.54,99.46
2018-06-13,93.38,94.25,0.93,99.07
2018-06-14,93.91,94.31,0.43,99.57
2018-06-15,92.71,93.69,1.05,98.95
2018-06-18,93.39,94.25,0.92,99.08
2018-06-19,93.39,93.7,0.33,99.67
2018-06-20,94.33,94.29,0.04,99.96
2018-06-21,93.65,93.5,0.15,99.85
2018-06-22,92.97,92.24,0.79,99.21
2018-06-25,91.1,90.51,0.65,99.35
2018-06-26,91.74,91.57,0.19,99.81
2018-06-27,90.32,91.57,1.39,98.61
2018-06-28,91.33,91.57,0.27,99.73
2018-06-29,91.31,91.87,0.61,99.39
2018-07-02,92.6,92.92,0.35,99.65
2018-07-03,91.71,92.24,0.57,99.43
2018-07-05,92.37,92.24,0.14,99.86
2018-07-06,93.67,93.5,0.17,99.83
2018-07-09,94.31,93.5,0.85,99.15
2018-07-10,94.56,93.66,0.95,99.05
2018-07-11,94.43,93.5,0.98,99.02
2018-07-12,96.47,94.25,2.3,97.7
2018-07-13,97.62,94.31,3.39,96.61
2018-07-16,97.14,95.71,1.48,98.52
2018-07-17,98.1,95.71,2.44,97.56
2018-07-18,97.33,98.93,1.64,98.36
2018-07-19,96.67,98.08,1.46,98.54
2018-07-20,98.4,98.72,0.33,99.67
2018-07-23,99.97,100.03,0.06,99.94
2018-07-24,99.69,100.66,0.97,99.03
2018-07-25,102.62,101.15,1.43,98.57
2018-07-26,101.5,100.84,0.65,99.35
2018-07-27,99.7,99.37,0.33,99.67
2018-07-30,97.57,98.68,1.14,98.86
2018-07-31,98.22,98.88,0.67,99.33
2018-08-01,98.41,98.68,0.28,99.72
2018-08-02,99.6,98.41,1.2,98.8
2018-08-03,100.04,98.41,1.63,98.37
2018-08-06,100.12,100.56,0.44,99.56
2018-08-07,100.82,101.07,0.26,99.74
2018-08-08,101.38,101.48,0.1,99.9
2018-08-09,101.55,101.58,0.03,99.97
2018-08-10,100.93,100.23,0.69,99.31
2018-08-13,100.2,100.23,0.03,99.97
2018-08-14,101.45,99.26,2.15,97.85
2018-08-15,100.07,98.95,1.12,98.88
2018-08-16,100.05,100.23,0.17,99.83
2018-08-17,100.0,101.48,1.48,98.52
2018-08-20,99.34,100.8,1.47,98.53
2018-08-21,98.51,100.23,1.74,98.26
2018-08-22,99.51,99.78,0.27,99.73
2018-08-23,99.98,99.78,0.19,99.81
2018-08-24,100.76,99.96,0.8,99.2
2018-08-27,101.87,101.98,0.1,99.9
2018-08-28,102.49,101.98,0.5,99.5
2018-08-29,104.12,103.44,0.66,99.34
2018-08-30,104.06,103.47,0.56,99.44
2018-08-31,104.41,103.56,0.81,99.19
2018-09-04,103.83,103.44,0.38,99.62
2018-09-05,100.84,101.77,0.92,99.08
2018-09-06,101.07,103.05,1.95,98.05
2018-09-07,100.58,100.6,0.02,99.98
2018-09-10,101.67,101.45,0.21,99.79
2018-09-11,103.4,103.84,0.43,99.57
2018-09-12,103.83,102.33,1.45,98.55
2018-09-13,104.95,102.49,2.34,97.66
2018-09-14,105.38,106.14,0.73,99.27
2018-09-17,104.23,105.27,0.99,99.01
2018-09-18,105.23,105.46,0.22,99.78
2018-09-19,103.83,104.05,0.22,99.78
2018-09-20,105.56,105.26,0.29,99.71
2018-09-21,106.2,105.26,0.89,99.11
2018-09-24,106.59,105.27,1.23,98.77
2018-09-25,106.38,106.85,0.44,99.56
2018-09-26,105.94,106.12,0.17,99.83
2018-09-27,106.34,107.23,0.83,99.17
2018-09-28,106.31,106.05,0.24,99.76
2018-10-01,107.46,106.12,1.25,98.75
2018-10-02,107.03,105.96,1.0,99.0
2018-10-03,107.05,106.98,0.06,99.94
2018-10-04,104.84,105.06,0.21,99.79
2018-10-05,104.22,104.42,0.18,99.82
2018-10-08,103.04,102.28,0.73,99.27
2018-10-09,104.35,104.42,0.07,99.93
2018-10-10,98.68,99.17,0.5,99.5
2018-10-11,98.44,98.31,0.13,99.87
2018-10-12,101.85,101.58,0.26,99.74
2018-10-15,100.01,100.26,0.24,99.76
2018-10-16,103.17,102.95,0.22,99.78
2018-10-17,102.91,100.08,2.75,97.25
2018-10-18,100.85,99.13,1.71,98.29
2018-10-19,101.0,99.13,1.85,98.15
2018-10-22,101.9,99.61,2.25,97.75
2018-10-23,100.48,97.95,2.51,97.49
2018-10-24,95.11,95.81,0.74,99.26
2018-10-25,100.66,99.63,1.02,98.98
2018-10-26,99.42,99.63,0.22,99.78
2018-10-29,96.53,97.43,0.94,99.06
2018-10-30,96.42,99.4,3.09,96.91
2018-10-31,99.28,100.55,1.28,98.72
2018-11-01,98.45,99.21,0.77,99.23
2018-11-02,98.68,99.73,1.07,98.93
2018-11-05,99.93,98.33,1.6,98.4
2018-11-06,100.13,99.39,0.74,99.26
2018-11-07,104.07,101.33,2.63,97.37
2018-11-08,103.87,101.63,2.16,97.84
2018-11-09,101.85,100.79,1.04,98.96
2018-11-12,99.34,100.19,0.86,99.14
2018-11-13,99.4,101.21,1.82,98.18
2018-11-14,97.99,98.58,0.6,99.4
2018-11-15,100.15,100.36,0.21,99.79
2018-11-16,101.09,101.72,0.62,99.38
2018-11-19,97.66,100.36,2.76,97.24
2018-11-20,94.95,97.86,3.06,96.94
2018-11-21,96.25,99.03,2.88,97.12
2018-11-23,96.22,96.88,0.68,99.32
2018-11-26,99.39,97.79,1.61,98.39
2018-11-27,100.02,99.94,0.07,99.93
2018-11-28,103.73,99.94,3.65,96.35
2018-11-29,102.86,99.94,2.84,97.16
2018-11-30,103.52,100.55,2.87,97.13
2018-12-03,104.64,101.91,2.61,97.39
2018-12-04,101.31,100.55,0.74,99.26
2018-12-06,101.93,101.4,0.52,99.48
2018-12-07,97.85,99.4,1.58,98.42
2018-12-10,100.44,100.19,0.24,99.76
2018-12-11,101.37,101.4,0.03,99.97
2018-12-12,101.83,101.94,0.11,99.89
2018-12-13,102.17,101.91,0.26,99.74
2018-12-14,98.98,101.4,2.44,97.56
2018-12-17,96.05,98.58,2.63,97.37
2018-12-18,97.06,96.88,0.19,99.81
2018-12-19,96.8,94.23,2.65,97.35
2018-12-20,94.76,93.81,1.0,99.0
2018-12-21,91.7,92.72,1.12,98.88
2018-12-24,87.87,91.64,4.29,95.71
2018-12-26,93.87,95.03,1.23,98.77
2018-12-27,94.45,95.03,0.61,99.39
2018-12-28,93.72,93.15,0.6,99.4
2018-12-31,94.82,92.8,2.12,97.88
2019-01-02,94.4,92.11,2.43,97.57
2019-01-03,90.92,89.99,1.03,98.97
2019-01-04,95.15,92.8,2.47,97.53
2019-01-07,95.27,93.66,1.7,98.3
2019-01-08,95.97,94.94,1.07,98.93
2019-01-09,97.34,94.94,2.47,97.53
2019-01-10,96.71,94.54,2.24,97.76
2019-01-11,95.97,94.54,1.48,98.52
2019-01-14,95.27,97.11,1.94,98.06
2019-01-15,98.03,98.1,0.07,99.93
2019-01-16,98.37,97.68,0.71,99.29
2019-01-17,99.06,97.68,1.4,98.6
2019-01-18,100.55,99.04,1.5,98.5
2019-01-22,98.65,98.45,0.21,99.79
2019-01-23,99.62,98.92,0.7,99.3
2019-01-24,99.14,99.79,0.66,99.34
2019-01-25,100.04,99.04,1.0,99.0
2019-01-28,98.09,98.41,0.32,99.68
2019-01-29,96.1,97.57,1.53,98.47
2019-01-30,99.31,98.41,0.9,99.1
2019-01-31,97.49,97.57,0.08,99.92
2019-02-01,95.95,97.57,1.69,98.31
2019-02-04,98.71,100.56,1.88,98.12
2019-02-05,100.09,100.56,0.47,99.53
2019-02-06,98.98,99.72,0.75,99.25
2019-02-07,98.27,99.55,1.3,98.7
2019-02-08,98.64,98.76,0.11,99.89
2019-02-11,98.25,99.78,1.56,98.44
2019-02-12,99.78,99.96,0.17,99.83
2019-02-13,99.71,99.96,0.25,99.75
2019-02-14,99.79,99.78,0.01,99.99
2019-02-15,101.03,100.8,0.22,99.78
2019-02-19,100.98,101.48,0.5,99.5
2019-02-20,100.45,99.96,0.5,99.5
2019-02-21,102.57,101.66,0.89,99.11
2019-02-22,104.03,103.62,0.4,99.6
2019-02-25,104.62,103.36,1.2,98.8
2019-02-26,105.34,102.93,2.28,97.72
2019-02-27,105.16,103.72,1.37,98.63
2019-02-28,105.03,106.49,1.39,98.61
2019-03-01,105.5,106.95,1.38,98.62
2019-03-04,105.24,107.31,1.96,98.04
2019-03-05,104.72,106.4,1.61,98.39
2019-03-06,104.77,106.4,1.56,98.44
2019-03-07,103.49,104.77,1.24,98.76
2019-03-08,103.6,104.61,0.97,99.03
2019-03-11,105.78,106.91,1.07,98.93
2019-03-12,106.52,107.61,1.02,98.98
2019-03-13,107.34,107.68,0.31,99.69
2019-03-14,107.43,106.05,1.28,98.72
2019-03-15,108.67,107.18,1.36,98.64
2019-03-18,110.22,107.84,2.16,97.84
2019-03-19,110.3,111.36,0.97,99.03
2019-03-20,110.18,111.36,1.08,98.92
2019-03-21,112.71,111.71,0.89,99.11
2019-03-22,109.73,113.44,3.38,96.62
2019-03-25,110.31,113.6,2.99,97.01
2019-03-26,110.54,113.6,2.77,97.23
2019-03-27,109.47,113.29,3.49,96.51
2019-03-28,109.62,113.29,3.34,96.66
2019-03-29,110.57,113.62,2.76,97.24
2019-04-01,111.58,113.62,1.83,98.17
2019-04-02,111.74,113.46,1.54,98.46
2019-04-03,112.47,113.62,1.02,98.98
2019-04-04,111.9,113.56,1.48,98.52
2019-04-05,112.4,112.75,0.31,99.69
2019-04-08,112.43,112.75,0.28,99.72
2019-04-09,111.83,112.74,0.82,99.18
2019-04-10,112.68,111.89,0.7,99.3
2019-04-11,112.81,113.6,0.7,99.3
2019-04-12,113.39,113.6,0.18,99.82
2019-04-15,113.48,113.6,0.1,99.9
2019-04-16,113.22,115.11,1.67,98.33
2019-04-17,114.16,115.41,1.09,98.91
2019-04-18,115.66,115.46,0.18,99.82
2019-04-22,116.03,115.41,0.53,99.47
2019-04-23,117.6,116.15,1.23,98.77
2019-04-24,117.2,115.11,1.78,98.22
2019-04-25,121.08,118.0,2.54,97.46
2019-04-26,121.77,118.0,3.1,96.9
2019-04-29,121.66,118.0,3.01,96.99
2019-04-30,122.44,116.11,5.17,94.83
2019-05-01,119.89,119.88,0.01,99.99
2019-05-02,118.32,119.75,1.21,98.79
2019-05-03,120.84,120.57,0.23,99.77
2019-05-06,120.14,119.75,0.33,99.67
2019-05-07,117.68,119.23,1.32,98.68
2019-05-08,117.67,118.64,0.83,99.17
2019-05-09,117.66,120.98,2.82,97.18
2019-05-10,119.18,120.98,1.51,98.49
2019-05-13,115.64,116.85,1.05,98.95
2019-05-14,116.93,119.57,2.25,97.75
2019-05-15,118.58,120.13,1.31,98.69
2019-05-16,121.32,121.91,0.49,99.51
2019-05-17,120.51,121.32,0.67,99.33
2019-05-20,118.77,119.93,0.98,99.02
2019-05-21,119.41,121.91,2.1,97.9
2019-05-22,120.13,123.64,2.92,97.08
2019-05-23,118.73,117.82,0.77,99.23
2019-05-24,118.79,118.32,0.39,99.61
2019-05-28,118.71,119.11,0.33,99.67
2019-05-29,117.57,118.75,1.01,98.99
2019-05-30,118.31,119.11,0.68,99.32
2019-05-31,116.38,116.98,0.52,99.48
2019-06-03,112.77,116.98,3.74,96.26
2019-06-04,115.89,117.0,0.96,99.04
2019-06-05,118.4,117.38,0.86,99.14
2019-06-06,120.28,117.0,2.72,97.28
2019-06-07,123.64,123.52,0.1,99.9
2019-06-10,124.77,124.36,0.33,99.67
2019-06-11,124.3,123.92,0.31,99.69
2019-06-12,123.73,124.88,0.93,99.07
2019-06-13,124.51,125.81,1.05,98.95
2019-06-14,124.63,125.81,0.95,99.05
2019-06-17,125.01,126.05,0.83,99.17
2019-06-18,127.18,126.23,0.75,99.25
2019-06-19,127.68,126.23,1.13,98.87
2019-06-20,128.87,127.16,1.32,98.68
2019-06-21,128.89,127.98,0.7,99.3
2019-06-24,129.65,128.83,0.63,99.37
2019-06-25,125.55,127.39,1.46,98.54
2019-06-26,126.02,127.4,1.1,98.9
2019-06-27,126.23,125.76,0.38,99.62
2019-06-28,126.05,125.72,0.26,99.74
2019-07-01,127.67,126.53,0.9,99.1
2019-07-02,128.52,126.56,1.52,98.48
2019-07-03,129.35,126.56,2.15,97.85
2019-07-05,128.97,126.44,1.96,98.04
2019-07-08,128.88,126.24,2.04,97.96
2019-07-09,128.41,124.88,2.74,97.26
2019-07-10,129.71,129.02,0.54,99.46
2019-07-11,130.23,129.02,0.93,99.07
2019-07-12,130.7,129.02,1.29,98.71
2019-07-15,130.7,129.02,1.29,98.71
2019-07-16,128.99,130.67,1.3,98.7
2019-07-17,128.23,129.73,1.17,98.83
2019-07-18,128.37,129.42,0.82,99.18
2019-07-19,128.56,129.86,1.01,98.99
2019-07-22,130.26,130.7,0.34,99.66
2019-07-23,131.07,130.7,0.28,99.72
2019-07-24,132.41,131.04,1.04,98.96
2019-07-25,131.92,131.04,0.66,99.34
2019-07-26,133.0,133.35,0.26,99.74
2019-07-29,132.71,133.58,0.66,99.34
2019-07-30,132.07,132.12,0.04,99.96
2019-07-31,128.23,128.8,0.45,99.55
2019-08-01,129.91,129.7,0.16,99.84
2019-08-02,128.82,128.9,0.06,99.94
2019-08-05,124.41,125.94,1.23,98.77
2019-08-06,126.74,128.39,1.3,98.7
2019-08-07,127.29,128.44,0.9,99.1
2019-08-08,130.69,130.11,0.44,99.56
2019-08-09,129.58,129.2,0.3,99.7
2019-08-12,127.77,127.32,0.35,99.65
2019-08-13,130.42,128.39,1.55,98.45
2019-08-14,126.49,127.01,0.41,99.59
2019-08-15,126.21,125.94,0.21,99.79
2019-08-16,128.52,127.32,0.93,99.07
2019-08-19,130.67,128.95,1.32,98.68
2019-08-20,129.59,129.31,0.22,99.78
2019-08-21,131.03,129.31,1.32,98.68
2019-08-22,130.08,129.31,0.59,99.41
2019-08-23,125.93,129.31,2.68,97.32
2019-08-26,127.88,129.31,1.12,98.88
2019-08-27,128.15,129.31,0.9,99.1
2019-08-28,127.98,127.96,0.02,99.98
2019-08-29,130.4,129.31,0.84,99.16
2019-08-30,130.15,129.86,0.23,99.77
2019-09-03,128.44,128.14,0.23,99.77
2019-09-04,129.94,129.86,0.06,99.94
2019-09-05,132.22,130.7,1.15,98.85
2019-09-06,131.33,131.16,0.13,99.87
2019-09-09,129.83,130.57,0.57,99.43
2019-09-10,128.47,129.45,0.76,99.24
2019-09-11,128.51,127.32,0.93,99.07
2019-09-12,129.83,128.95,0.68,99.32
2019-09-13,129.64,130.57,0.71,99.29
2019-09-16,128.71,129.31,0.46,99.54
2019-09-17,129.71,129.86,0.11,99.89
2019-09-18,130.78,131.16,0.29,99.71
2019-09-19,133.19,131.16,1.52,98.48
2019-09-20,131.65,130.86,0.6,99.4
2019-09-23,131.36,131.41,0.04,99.96
2019-09-24,129.7,130.82,0.87,99.13
2019-09-25,131.57,130.27,0.99,99.01
2019-09-26,131.74,130.3,1.09,98.91
2019-09-27,130.03,130.3,0.21,99.79
2019-09-30,131.26,130.85,0.31,99.69
2019-10-01,129.41,130.3,0.69,99.31
2019-10-02,127.12,128.69,1.23,98.77
2019-10-03,128.66,129.14,0.37,99.63
2019-10-04,130.4,130.3,0.07,99.93
2019-10-07,129.46,130.27,0.63,99.37
2019-10-08,128.09,128.8,0.56,99.44
2019-10-09,130.51,128.69,1.4,98.6
2019-10-10,131.33,130.27,0.81,99.19
2019-10-11,131.87,130.3,1.19,98.81
2019-10-14,131.75,130.85,0.68,99.32
2019-10-15,133.66,130.85,2.1,97.9
2019-10-16,132.56,130.3,1.7,98.3
2019-10-17,131.88,130.85,0.78,99.22
2019-10-18,129.73,129.1,0.49,99.51
2019-10-21,130.69,130.3,0.3,99.7
2019-10-22,128.75,130.3,1.21,98.79
2019-10-23,129.57,130.3,0.57,99.43
2019-10-24,132.12,131.41,0.54,99.46
2019-10-25,132.86,131.62,0.94,99.06
2019-10-28,136.13,133.58,1.88,98.12
2019-10-29,134.85,132.12,2.02,97.98
2019-10-30,136.53,132.66,2.83,97.17
2019-10-31,135.36,136.31,0.7,99.3
2019-11-01,135.69,136.51,0.61,99.39
2019-11-04,136.47,139.71,2.37,97.63
2019-11-05,136.39,139.68,2.42,97.58
2019-11-06,136.01,140.51,3.31,96.69
2019-11-07,136.2,141.35,3.79,96.21
2019-11-08,137.8,141.04,2.35,97.65
2019-11-11,137.94,141.04,2.24,97.76
2019-11-12,138.85,141.04,1.57,98.43
2019-11-13,139.08,141.19,1.52,98.48
2019-11-14,139.78,141.19,1.0,99.0
2019-11-15,141.59,141.38,0.15,99.85
2019-11-18,141.94,142.15,0.15,99.85
2019-11-19,141.98,140.95,0.73,99.27
2019-11-20,141.74,142.51,0.55,99.45
2019-11-21,141.61,144.09,1.75,98.25
2019-11-22,141.71,144.62,2.06,97.94
2019-11-25,143.26,143.05,0.15,99.85
2019-11-26,144.02,143.05,0.68,99.32
2019-11-27,144.3,143.05,0.86,99.14
2019-11-29,143.41,142.8,0.43,99.57
2019-12-02,141.67,142.0,0.23,99.77
2019-12-03,141.44,141.9,0.32,99.68
2019-12-04,141.96,141.9,0.04,99.96
2019-12-05,142.03,142.0,0.02,99.98
2019-12-06,143.76,142.0,1.22,98.78
2019-12-09,143.39,141.14,1.57,98.43
2019-12-10,143.17,141.14,1.42,98.58
2019-12-11,143.71,141.16,1.78,98.22
2019-12-12,145.17,141.86,2.28,97.72
2019-12-13,146.39,142.0,3.0,97.0
2019-12-16,147.34,142.02,3.61,96.39
2019-12-17,146.54,147.29,0.51,99.49
2019-12-18,146.24,146.96,0.5,99.5
2019-12-19,147.51,147.84,0.22,99.78
2019-12-20,149.12,148.12,0.67,99.33
2019-12-23,149.12,149.81,0.46,99.54
2019-12-24,149.09,149.81,0.48,99.52
2019-12-26,150.31,150.03,0.19,99.81
2019-12-27,150.59,149.3,0.85,99.15
2019-12-30,149.29,149.08,0.14,99.86
2019-12-31,149.39,148.84,0.37,99.63
2020-01-02,152.16,153.14,0.64,99.36
2020-01-03,150.26,153.23,1.98,98.02
2020-01-06,150.65,152.34,1.12,98.88
2020-01-07,149.28,151.17,1.27,98.73
2020-01-08,151.66,152.48,0.55,99.45
2020-01-09,153.55,156.71,2.05,97.95
2020-01-10,152.84,155.25,1.57,98.43
2020-01-13,154.68,155.39,0.46,99.54
2020-01-14,153.59,155.65,1.34,98.66
2020-01-15,154.58,155.43,0.55,99.45
2020-01-16,157.42,156.13,0.81,99.19
2020-01-17,158.3,156.14,1.36,98.64
2020-01-21,157.73,156.82,0.58,99.42
2020-01-22,156.97,156.14,0.53,99.47
2020-01-23,157.94,155.43,1.59,98.41
2020-01-24,156.35,154.68,1.07,98.93
2020-01-27,153.73,154.11,0.25,99.75
2020-01-28,156.74,166.04,5.93,94.07
2020-01-29,159.19,166.04,4.31,95.69
2020-01-30,163.68,167.29,2.2,97.8
2020-01-31,161.26,166.23,3.08,96.92
2020-02-03,165.19,166.79,0.97,99.03
2020-02-04,170.63,168.31,1.36,98.64
2020-02-05,170.42,168.27,1.26,98.74
2020-02-06,173.96,172.39,0.9,99.1
2020-02-07,174.2,172.39,1.04,98.96
2020-02-10,178.76,172.35,3.59,96.41
2020-02-11,174.72,173.07,0.94,99.06
2020-02-12,174.98,172.9,1.19,98.81
2020-02-13,174.03,173.29,0.43,99.57
2020-02-14,175.59,178.35,1.58,98.42
2020-02-18,177.37,178.41,0.59,99.41
2020-02-19,177.9,178.38,0.27,99.73
2020-02-20,175.18,177.67,1.42,98.58
2020-02-21,169.64,177.25,4.49,95.51
2020-02-24,162.33,168.87,4.03,95.97
2020-02-25,159.65,163.71,2.54,97.46
2020-02-26,161.65,164.99,2.07,97.93
2020-02-27,150.26,153.05,1.86,98.14
2020-02-28,153.89,151.89,1.3,98.7
2020-03-02,164.13,154.75,5.72,94.28
2020-03-03,156.27,153.48,1.79,98.21
2020-03-04,162.01,155.89,3.78,96.22
2020-03-05,157.94,154.75,2.02,97.98
2020-03-06,153.48,152.03,0.94,99.06
2020-03-09,143.07,150.16,4.95,95.05
2020-03-10,152.86,150.36,1.63,98.37
2020-03-11,145.93,139.05,4.71,95.29
2020-03-12,132.09,137.42,4.03,95.97
2020-03-13,150.87,145.61,3.49,96.51
2020-03-16,128.64,139.75,8.64,91.36
2020-03-17,139.23,141.46,1.6,98.4
2020-03-18,133.37,141.75,6.29,93.71
2020-03-19,135.56,136.51,0.7,99.3
2020-03-20,130.47,134.81,3.32,96.68
2020-03-23,129.17,135.07,4.57,95.43
2020-03-24,140.91,136.64,3.03,96.97
2020-03-25,139.56,136.64,2.1,97.9
2020-03-26,148.29,143.53,3.21,96.79
2020-03-27,142.2,144.32,1.49,98.51
2020-03-30,152.2,145.75,4.24,95.76
2020-03-31,149.81,145.78,2.69,97.31
2020-04-01,144.49,146.25,1.22,98.78
2020-04-02,147.48,145.75,1.18,98.82
2020-04-03,146.12,148.21,1.43,98.57
2020-04-06,156.99,148.21,5.59,94.41
2020-04-07,155.3,154.51,0.51,99.49
2020-04-08,156.86,154.51,1.5,98.5
2020-04-09,156.87,156.05,0.52,99.48
2020-04-13,157.22,156.25,0.62,99.38
2020-04-14,165.0,156.05,5.42,94.58
2020-04-15,163.27,156.05,4.42,95.58
2020-04-16,168.17,157.76,6.19,93.81
2020-04-17,169.65,169.18,0.28,99.72
2020-04-20,166.29,167.25,0.58,99.42
2020-04-21,159.41,164.01,2.88,97.12
2020-04-22,164.83,168.78,2.4,97.6
2020-04-23,162.83,167.16,2.66,97.34
2020-04-24,165.81,168.27,1.48,98.52
2020-04-27,165.33,164.95,0.23,99.77
2020-04-28,161.3,166.83,3.43,96.57
2020-04-29,168.54,169.46,0.54,99.46
2020-04-30,170.23,170.06,0.1,99.9
2020-05-01,165.83,166.83,0.61,99.39
2020-05-04,169.88,169.15,0.43,99.57
2020-05-05,171.71,169.8,1.11,98.89
2020-05-06,173.4,169.8,2.07,97.93
2020-05-07,174.4,169.8,2.64,97.36
2020-05-08,175.43,171.71,2.12,97.88
2020-05-11,177.39,175.79,0.9,99.1
2020-05-12,173.37,172.1,0.73,99.27
2020-05-13,170.75,176.29,3.25,96.75
2020-05-14,171.49,176.03,2.65,97.35
2020-05-15,173.98,177.25,1.88,98.12
2020-05-18,175.65,179.83,2.38,97.62
2020-05-19,174.43,176.29,1.07,98.93
2020-05-20,176.85,177.25,0.23,99.77
2020-05-21,174.73,178.96,2.42,97.58
2020-05-22,174.8,176.29,0.85,99.15
2020-05-26,172.95,174.43,0.85,99.15
2020-05-27,173.18,174.39,0.7,99.3
2020-05-28,172.79,172.22,0.33,99.67
2020-05-29,174.56,174.39,0.1,99.9
2020-06-01,174.16,166.11,4.62,95.38
2020-06-02,176.14,176.03,0.06,99.94
2020-06-03,176.57,179.34,1.57,98.43
2020-06-04,174.24,176.03,1.02,98.98
2020-06-05,178.32,177.21,0.62,99.38
2020-06-08,179.42,176.27,1.76,98.24
2020-06-09,180.79,178.96,1.01,98.99
2020-06-10,187.5,180.95,3.49,96.51
2020-06-11,177.43,174.43,1.69,98.31
2020-06-12,178.83,176.03,1.57,98.43
2020-06-15,179.98,177.25,1.51,98.49
2020-06-16,184.39,178.96,2.94,97.06
2020-06-17,185.02,179.34,3.07,96.93
2020-06-18,187.01,179.34,4.1,95.9
2020-06-19,185.89,178.96,3.73,96.27
2020-06-22,191.05,193.11,1.08,98.92
2020-06-23,192.33,193.11,0.41,99.59
2020-06-24,188.45,192.92,2.37,97.63
2020-06-25,190.83,192.92,1.09,98.91
2020-06-26,187.01,190.09,1.65,98.35
2020-06-29,189.02,197.77,4.63,95.37
2020-06-30,193.85,197.77,2.02,97.98
2020-07-01,194.99,202.28,3.74,96.26
2020-07-02,196.47,202.28,2.95,97.05
2020-07-06,200.7,202.2,0.75,99.25
2020-07-07,198.37,201.15,1.4,98.6
2020-07-08,202.73,202.67,0.03,99.97
2020-07-09,204.15,202.79,0.67,99.33
2020-07-10,203.53,202.96,0.28,99.72
2020-07-13,197.24,197.77,0.27,99.73
2020-07-14,198.46,197.77,0.35,99.65
2020-07-15,198.17,200.78,1.32,98.68
2020-07-16,194.24,196.17,0.99,99.01
2020-07-17,193.25,197.77,2.34,97.66
2020-07-20,201.56,200.98,0.29,99.71
2020-07-21,198.85,197.77,0.54,99.46
2020-07-22,201.7,197.77,1.95,98.05
2020-07-23,192.93,192.97,0.02,99.98
2020-07-24,191.75,190.87,0.46,99.54
2020-07-27,194.18,195.21,0.53,99.47
2020-07-28,192.43,191.96,0.25,99.75
2020-07-29,194.38,192.22,1.11,98.89
2020-07-30,194.23,192.22,1.03,98.97
2020-07-31,195.28,195.94,0.34,99.66
2020-08-03,206.27,199.4,3.33,96.67
2020-08-04,203.17,199.4,1.86,98.14
2020-08-05,202.84,201.48,0.67,99.33
2020-08-06,206.08,204.1,0.97,99.03
2020-08-07,202.4,201.14,0.62,99.38
2020-08-10,198.37,200.63,1.14,98.86
2020-08-11,193.73,190.75,1.54,98.46
2020-08-12,199.26,198.58,0.35,99.65
2020-08-13,198.8,201.88,1.55,98.45
2020-08-14,198.99,201.88,1.45,98.55
2020-08-17,200.3,202.92,1.31,98.69
2020-08-18,201.46,203.15,0.84,99.16
2020-08-19,200.23,202.97,1.37,98.63
2020-08-20,204.89,204.3,0.29,99.71
2020-08-21,203.4,203.55,0.07,99.93
2020-08-24,204.04,205.71,0.82,99.18
2020-08-25,206.7,206.28,0.2,99.8
2020-08-26,211.17,206.28,2.31,97.69
2020-08-27,216.35,212.32,1.86,98.14
2020-08-28,218.58,215.11,1.59,98.41
2020-08-31,215.35,214.71,0.3,99.7
2020-09-01,217.01,222.67,2.61,97.39
2020-09-02,221.19,218.68,1.14,98.86
2020-09-03,207.49,209.15,0.8,99.2
2020-09-04,204.58,208.5,1.92,98.08
2020-09-08,193.51,201.5,4.13,95.87
2020-09-09,201.75,207.91,3.05,96.95
2020-09-10,196.1,196.16,0.03,99.97
2020-09-11,194.82,196.43,0.83,99.17
2020-09-14,196.14,198.98,1.45,98.55
2020-09-15,199.35,200.26,0.45,99.55
2020-09-16,195.79,195.44,0.18,99.82
2020-09-17,193.75,193.42,0.17,99.83
2020-09-18,191.34,191.99,0.34,99.66
2020-09-21,193.4,193.42,0.01,99.99
2020-09-22,198.06,195.44,1.32,98.68
2020-09-23,191.53,191.99,0.24,99.76
2020-09-24,194.02,192.55,0.75,99.25
2020-09-25,198.44,196.24,1.11,98.89
2020-09-28,199.98,201.34,0.68,99.32
2020-09-29,197.9,198.01,0.06,99.94
2020-09-30,200.83,201.34,0.25,99.75
2020-10-01,202.87,201.08,0.88,99.12
2020-10-02,196.88,199.68,1.42,98.58
2020-10-05,200.88,199.83,0.52,99.48
2020-10-06,196.61,199.68,1.56,98.44
2020-10-07,200.36,200.48,0.06,99.94
2020-10-08,201.07,201.59,0.26,99.74
2020-10-09,206.07,203.24,1.37,98.63
2020-10-12,211.4,206.86,2.15,97.85
2020-10-13,212.8,210.38,1.14,98.86
2020-10-14,210.89,208.74,1.02,98.98
2020-10-15,209.74,206.57,1.51,98.49
2020-10-16,209.74,205.6,1.98,98.02
2020-10-19,204.55,201.71,1.39,98.61
2020-10-20,204.96,201.71,1.59,98.41
2020-10-21,205.1,205.02,0.04,99.96
2020-10-22,205.19,208.65,1.69,98.31
2020-10-23,206.47,205.37,0.53,99.47
2020-10-26,200.6,205.02,2.2,97.8
2020-10-27,203.62,205.02,0.69,99.31
2020-10-28,193.53,199.36,3.01,96.99
2020-10-29,195.48,199.54,2.08,97.92
2020-10-30,193.33,196.12,1.44,98.56
2020-11-02,193.2,192.83,0.19,99.81
2020-11-03,197.11,196.16,0.48,99.52
2020-11-04,206.62,203.55,1.49,98.51
2020-11-05,213.21,206.28,3.25,96.75
2020-11-06,213.62,205.23,3.93,96.07
2020-11-09,208.53,207.04,0.71,99.29
2020-11-10,201.48,203.55,1.02,98.98
2020-11-11,206.77,205.71,0.51,99.49
2020-11-12,205.71,204.4,0.64,99.36
2020-11-13,206.74,205.02,0.83,99.17
2020-11-16,207.42,205.02,1.16,98.84
2020-11-17,204.78,207.1,1.13,98.87
2020-11-18,202.08,205.02,1.46,98.54
2020-11-19,203.36,206.35,1.47,98.53
2020-11-20,201.42,201.71,0.14,99.86
2020-11-23,201.15,205.02,1.92,98.08
2020-11-24,204.74,203.55,0.58,99.42
2020-11-25,204.75,201.05,1.81,98.19
2020-11-27,206.05,201.27,2.32,97.68
2020-11-30,204.94,203.55,0.68,99.32
2020-12-01,206.99,207.61,0.3,99.7
2020-12-02,206.19,205.0,0.57,99.43
2020-12-03,205.1,203.55,0.76,99.24
2020-12-04,205.22,202.71,1.22,98.78
2020-12-07,205.15,202.71,1.19,98.81
2020-12-08,206.8,204.9,0.92,99.08
2020-12-09,202.77,204.43,0.82,99.18
2020-12-10,201.54,202.71,0.58,99.42
2020-12-11,204.17,204.9,0.36,99.64
2020-12-14,205.07,205.82,0.37,99.63
2020-12-15,205.0,204.43,0.28,99.72
2020-12-16,209.93,206.97,1.41,98.59
2020-12-17,210.06,205.84,2.01,97.99
2020-12-18,209.27,212.99,1.78,98.22
2020-12-21,213.1,215.09,0.94,99.06
2020-12-22,214.39,216.91,1.17,98.83
2020-12-23,211.59,215.09,1.65,98.35
2020-12-24,213.25,216.01,1.3,98.7
2020-12-28,215.37,216.64,0.59,99.41
2020-12-29,214.59,215.22,0.29,99.71
2020-12-30,212.23,216.64,2.08,97.92
2020-12-31,212.93,222.21,4.35,95.65
2021-01-04,208.41,212.34,1.89,98.11
2021-01-05,208.61,211.58,1.42,98.58
2021-01-06,203.2,209.39,3.05,96.95
2021-01-07,208.98,210.77,0.86,99.14
2021-01-08,210.25,211.11,0.41,99.59
2021-01-11,208.22,210.23,0.97,99.03
2021-01-12,205.76,205.27,0.24,99.76
2021-01-13,207.11,206.33,0.38,99.62
2021-01-14,203.94,206.11,1.07,98.93
2021-01-15,203.58,205.01,0.7,99.3
2021-01-19,207.21,205.32,0.91,99.09
2021-01-20,214.77,212.14,1.23,98.77
2021-01-21,215.38,212.6,1.29,98.71
2021-01-22,216.31,212.34,1.84,98.16
2021-01-25,219.74,216.94,1.27,98.73
2021-01-26,222.42,217.57,2.18,97.82
2021-01-27,222.97,221.83,0.51,99.49
2021-01-28,228.74,222.87,2.57,97.43
2021-01-29,222.07,216.84,2.35,97.65
2021-02-01,229.43,223.4,2.63,97.37
2021-02-02,229.3,230.4,0.48,99.52
2021-02-03,232.64,229.93,1.17,98.83
2021-02-04,231.69,232.12,0.19,99.81
2021-02-05,231.87,232.28,0.17,99.83
2021-02-08,232.13,231.17,0.42,99.58
2021-02-09,233.37,234.62,0.53,99.47
2021-02-10,232.46,234.7,0.96,99.04
2021-02-11,234.06,234.86,0.34,99.66
2021-02-12,234.54,235.44,0.38,99.62
2021-02-16,233.31,232.46,0.36,99.64
2021-02-17,234.32,235.19,0.37,99.63
2021-02-18,233.93,234.23,0.13,99.87
2021-02-19,231.23,236.56,2.31,97.69
2021-02-22,225.03,223.56,0.65,99.35
2021-02-23,223.84,223.34,0.22,99.78
2021-02-24,225.06,221.13,1.75,98.25
2021-02-25,219.73,217.28,1.11,98.89
2021-02-26,222.98,220.37,1.17,98.83
2021-03-01,227.36,223.19,1.83,98.17
2021-03-02,224.41,221.45,1.32,98.68
2021-03-03,218.36,220.37,0.92,99.08
2021-03-04,217.56,217.02,0.25,99.75
2021-03-05,222.23,221.27,0.43,99.57
2021-03-08,218.19,220.19,0.92,99.08
2021-03-09,224.33,219.52,2.14,97.86
2021-03-10,223.02,219.52,1.57,98.43
2021-03-11,227.54,225.35,0.96,99.04
2021-03-12,226.22,229.64,1.51,98.49
2021-03-15,225.31,229.64,1.92,98.08
2021-03-16,228.1,229.71,0.71,99.29
2021-03-17,227.45,230.86,1.5,98.5
2021-03-18,221.39,228.39,3.16,96.84
2021-03-19,221.03,215.96,2.3,97.7
2021-03-22,226.45,222.66,1.67,98.33
2021-03-23,227.97,225.26,1.19,98.81
2021-03-24,225.94,224.91,0.46,99.54
2021-03-25,222.94,222.71,0.1,99.9
2021-03-26,226.92,232.0,2.24,97.76
2021-03-29,225.73,229.81,1.81,98.19
2021-03-30,222.47,222.78,0.14,99.86
2021-03-31,226.24,221.51,2.09,97.91
2021-04-01,232.55,230.94,0.69,99.31
2021-04-05,239.0,232.89,2.56,97.44
2021-04-06,237.84,234.84,1.26,98.74
2021-04-07,239.79,234.73,2.11,97.89
2021-04-08,243.01,238.86,1.71,98.29
2021-04-09,245.5,238.74,2.75,97.25
2021-04-12,245.56,244.76,0.33,99.67
2021-04-13,248.04,245.14,1.17,98.83
2021-04-14,245.25,248.3,1.24,98.76
2021-04-15,249.01,248.81,0.08,99.92
2021-04-16,250.2,250.15,0.02,99.98
2021-04-19,248.28,253.49,2.1,97.9
2021-04-20,247.82,253.61,2.34,97.66
2021-04-21,250.04,254.18,1.65,98.35
2021-04-22,246.77,253.62,2.78,97.22
2021-04-23,250.59,253.78,1.27,98.73
2021-04-26,250.97,255.49,1.8,98.2
2021-04-27,251.38,253.73,0.93,99.07
2021-04-28,244.27,245.13,0.35,99.65
2021-04-29,242.3,243.76,0.6,99.4
2021-04-30,241.98,243.46,0.61,99.39
2021-05-03,241.67,241.59,0.03,99.97
2021-05-04,237.77,241.51,1.57,98.43
2021-05-05,236.5,238.15,0.69,99.31
2021-05-06,239.63,241.15,0.63,99.37
2021-05-07,242.25,239.7,1.05,98.95
2021-05-10,237.18,236.96,0.1,99.9
2021-05-11,236.27,234.93,0.57,99.43
2021-05-12,229.33,231.52,0.95,99.05
2021-05-13,233.2,230.7,1.07,98.93
2021-05-14,238.11,235.37,1.15,98.85
2021-05-17,235.26,231.27,1.7,98.3
2021-05-18,233.25,231.87,0.59,99.41
2021-05-19,233.83,232.61,0.52,99.48
2021-05-20,237.06,236.53,0.22,99.78
2021-05-21,235.8,233.7,0.89,99.11
2021-05-24,241.19,237.54,1.51,98.49
2021-05-25,242.1,240.98,0.46,99.54
2021-05-26,241.88,237.62,1.76,98.24
2021-05-27,239.78,236.86,1.22,98.78
2021-05-28,240.14,238.36,0.74,99.26
2021-06-01,237.94,238.67,0.3,99.7
2021-06-02,237.85,243.72,2.47,97.53
2021-06-03,236.32,238.73,1.02,98.98
2021-06-04,241.2,238.73,1.02,98.98
2021-06-07,244.11,244.47,0.15,99.85
2021-06-08,242.92,245.44,1.04,98.96
2021-06-09,243.9,245.85,0.8,99.2
2021-06-10,247.41,246.92,0.2,99.8
2021-06-11,248.03,249.41,0.55,99.45
2021-06-14,249.96,247.2,1.1,98.9
2021-06-15,248.48,248.56,0.03,99.97
2021-06-16,247.54,248.72,0.47,99.53
2021-06-17,250.93,251.56,0.25,99.75
2021-06-18,249.51,250.11,0.24,99.76
2021-06-21,252.59,253.84,0.5,99.5
2021-06-22,255.36,255.13,0.09,99.91
2021-06-23,255.13,254.85,0.11,99.89
2021-06-24,256.5,255.04,0.57,99.43
2021-06-25,254.89,258.98,1.6,98.4
2021-06-28,258.45,260.02,0.61,99.39
2021-06-29,261.03,260.63,0.15,99.85
2021-06-30,260.54,262.44,0.73,99.27
2021-07-01,261.22,265.63,1.69,98.31
2021-07-02,267.04,264.49,0.95,99.05
2021-07-06,267.05,265.01,0.76,99.24
2021-07-07,269.23,269.69,0.17,99.83
2021-07-08,266.82,267.36,0.2,99.8
2021-07-09,267.32,268.36,0.39,99.61
2021-07-12,266.72,270.85,1.55,98.45
2021-07-13,270.24,270.76,0.19,99.81
2021-07-14,271.71,270.59,0.41,99.59
2021-07-15,270.29,271.12,0.31,99.69
2021-07-16,270.02,270.86,0.31,99.69
2021-07-19,266.42,266.83,0.15,99.85
2021-07-20,268.64,266.47,0.81,99.19
2021-07-21,270.64,270.55,0.03,99.97
2021-07-22,275.2,271.01,1.52,98.48
2021-07-23,278.6,271.08,2.7,97.3
2021-07-26,278.0,277.32,0.25,99.75
2021-07-27,275.59,273.58,0.73,99.27
2021-07-28,275.28,275.03,0.09,99.91
2021-07-29,275.55,275.03,0.19,99.81
2021-07-30,274.02,276.02,0.73,99.27
2021-08-02,273.93,274.75,0.3,99.7
2021-08-03,276.14,275.13,0.37,99.63
2021-08-04,275.56,276.02,0.17,99.83
2021-08-05,278.45,278.69,0.09,99.91
2021-08-06,278.4,281.44,1.09,98.91
2021-08-09,277.31,281.52,1.52,98.48
2021-08-10,275.49,276.23,0.27,99.73
2021-08-11,275.98,273.52,0.89,99.11
2021-08-12,278.73,277.28,0.52,99.48
2021-08-13,281.66,280.39,0.45,99.55
2021-08-16,283.34,285.66,0.82,99.18
2021-08-17,281.88,283.57,0.6,99.4
2021-08-18,280.15,280.26,0.04,99.96
2021-08-19,285.97,288.31,0.82,99.18
2021-08-20,293.29,289.19,1.4,98.6
2021-08-23,293.57,291.65,0.65,99.35
2021-08-24,291.61,292.66,0.36,99.64
2021-08-25,291.02,294.06,1.04,98.96
2021-08-26,288.21,292.54,1.5,98.5
2021-08-27,288.82,293.09,1.48,98.52
2021-08-30,292.54,296.07,1.21,98.79
2021-08-31,290.9,295.17,1.47,98.53
2021-09-01,290.85,295.04,1.44,98.56
2021-09-02,290.19,293.66,1.19,98.81
2021-09-03,290.18,290.29,0.04,99.96
2021-09-07,289.26,291.98,0.94,99.06
2021-09-08,289.29,295.13,2.02,97.98
2021-09-09,286.44,288.5,0.72,99.28
2021-09-10,284.95,279.64,1.86,98.14
2021-09-13,286.18,278.11,2.82,97.18
2021-09-14,288.88,286.45,0.84,99.16
2021-09-15,293.73,291.59,0.73,99.27
2021-09-16,294.12,295.53,0.48,99.52
2021-09-17,288.96,289.02,0.02,99.98
2021-09-20,283.59,280.62,1.05,98.95
2021-09-21,284.07,280.38,1.3,98.7
2021-09-22,287.72,288.8,0.38,99.62
2021-09-23,288.66,288.91,0.09,99.91
2021-09-24,288.46,289.63,0.41,99.59
2021-09-27,283.47,280.62,1.01,98.99
2021-09-28,273.2,276.68,1.27,98.73
2021-09-29,273.67,276.61,1.08,98.92
2021-09-30,271.66,273.16,0.55,99.45
2021-10-01,278.58,276.09,0.9,99.1
2021-10-04,272.81,273.16,0.13,99.87
2021-10-05,278.25,272.74,1.98,98.02
2021-10-06,282.45,274.46,2.83,97.17
2021-10-07,284.12,282.2,0.68,99.32
2021-10-08,284.12,284.58,0.16,99.84
2021-10-11,283.52,283.66,0.05,99.95
2021-10-12,282.22,281.63,0.21,99.79
2021-10-13,285.53,282.73,0.98,99.02
2021-10-14,291.73,286.29,1.87,98.13
2021-10-15,293.14,289.56,1.22,98.78
2021-10-18,296.11,295.3,0.27,99.73
2021-10-19,297.02,295.3,0.58,99.42
2021-10-20,296.23,296.92,0.24,99.76
2021-10-21,299.45,299.28,0.06,99.94
2021-10-22,297.91,302.54,1.55,98.45
2021-10-25,296.92,299.11,0.74,99.26
2021-10-26,298.83,298.21,0.21,99.79
2021-10-27,311.41,308.58,0.91,99.09
2021-10-28,312.55,310.97,0.51,99.49
2021-10-29,319.55,312.37,2.25,97.75
2021-11-01,317.39,312.37,1.58,98.42
2021-11-02,321.01,312.37,2.69,97.31
2021-11-03,321.85,325.47,1.12,98.88
2021-11-04,324.2,325.47,0.39,99.61
2021-11-05,323.83,325.19,0.42,99.58
2021-11-08,324.73,325.49,0.23,99.77
2021-11-09,323.73,325.49,0.54,99.46
2021-11-10,318.76,323.37,1.45,98.55
2021-11-11,320.33,325.46,1.6,98.4
2021-11-12,324.47,325.23,0.23,99.77
2021-11-15,323.84,325.25,0.43,99.57
2021-11-16,327.16,325.13,0.62,99.38
2021-11-17,327.38,326.87,0.16,99.84
2021-11-18,329.46,327.83,0.49,99.51
2021-11-19,331.23,330.06,0.35,99.65
2021-11-22,328.06,330.49,0.74,99.26
2021-11-23,325.99,327.43,0.44,99.56
2021-11-24,326.21,326.64,0.13,99.87
2021-11-26,318.27,318.32,0.02,99.98
2021-11-29,324.98,323.62,0.42,99.58
2021-11-30,319.14,320.44,0.41,99.59
2021-12-01,318.65,323.32,1.46,98.54
2021-12-02,318.08,320.4,0.73,99.27
2021-12-03,311.83,311.2,0.2,99.8
2021-12-06,314.9,314.74,0.05,99.95
2021-12-07,323.32,319.71,1.12,98.88
2021-12-08,323.37,319.71,1.13,98.87
2021-12-09,321.57,316.73,1.51,98.49
2021-12-10,330.68,324.13,1.98,98.02
2021-12-13,327.65,324.13,1.07,98.93
2021-12-14,316.97,318.95,0.62,99.38
2021-12-15,323.06,321.23,0.57,99.43
2021-12-16,313.65,319.23,1.78,98.22
2021-12-17,312.59,312.96,0.12,99.88
2021-12-20,308.83,312.5,1.19,98.81
2021-12-21,315.96,316.12,0.05,99.95
2021-12-22,321.66,319.88,0.55,99.45
2021-12-23,323.1,324.81,0.53,99.47
2021-12-27,330.59,325.68,1.49,98.51
2021-12-28,329.44,324.75,1.42,98.58
2021-12-29,330.11,327.1,0.91,99.09
2021-12-30,327.57,327.73,0.05,99.95
2021-12-31,324.68,318.79,1.81,98.19
2022-01-03,323.16,319.01,1.29,98.71
2022-01-04,317.62,322.15,1.43,98.57
2022-01-05,305.43,309.67,1.39,98.61
2022-01-06,303.01,308.96,1.96,98.04
2022-01-07,303.17,309.51,2.09,97.91
2022-01-10,303.39,310.44,2.32,97.68
2022-01-11,304.08,306.64,0.84,99.16
2022-01-12,307.25,306.95,0.1,99.9
2022-01-13,294.25,303.51,3.15,96.85
2022-01-14,299.46,303.51,1.35,98.65
2022-01-18,292.17,287.89,1.47,98.53
2022-01-19,292.83,287.89,1.69,98.31
2022-01-20,291.16,287.19,1.36,98.64
2022-01-21,285.78,287.19,0.49,99.51
2022-01-24,286.11,287.19,0.38,99.62
2022-01-25,278.5,281.8,1.19,98.81
2022-01-26,286.44,284.47,0.69,99.31
2022-01-27,289.46,287.17,0.79,99.21
2022-01-28,297.59,293.54,1.36,98.64
2022-01-31,300.21,293.82,2.13,97.87
2022-02-01,298.07,293.54,1.52,98.48
2022-02-02,302.61,293.8,2.91,97.09
2022-02-03,290.82,293.8,1.03,98.97
2022-02-04,295.35,293.1,0.76,99.24
2022-02-07,290.53,290.63,0.03,99.97
2022-02-08,294.02,291.88,0.72,99.28
2022-02-09,300.44,298.15,0.76,99.24
2022-02-10,291.91,292.4,0.17,99.83
2022-02-11,284.83,290.31,1.93,98.07
2022-02-14,284.79,292.4,2.67,97.33
2022-02-15,290.07,292.49,0.84,99.16
2022-02-16,289.73,293.68,1.36,98.64
2022-02-17,281.25,287.96,2.39,97.61
2022-02-18,278.54,279.7,0.42,99.58
2022-02-22,278.33,279.66,0.48,99.52
2022-02-23,271.13,274.42,1.22,98.78
2022-02-24,284.98,286.05,0.38,99.62
2022-02-25,287.61,285.48,0.74,99.26
2022-02-28,289.04,286.75,0.79,99.21
2022-03-01,285.33,285.28,0.02,99.98
2022-03-02,290.4,283.67,2.32,97.68
2022-03-03,286.27,287.21,0.33,99.67
2022-03-04,280.4,285.78,1.92,98.08
2022-03-07,269.81,276.17,2.36,97.64
2022-03-08,266.85,273.14,2.36,97.64
2022-03-09,279.09,280.02,0.33,99.67
2022-03-10,276.27,282.46,2.24,97.76
2022-03-11,270.93,279.51,3.17,96.83
2022-03-14,267.42,277.9,3.92,96.08
2022-03-15,277.78,283.32,1.99,98.01
2022-03-16,284.79,281.47,1.16,98.84
2022-03-17,285.59,281.22,1.53,98.47
2022-03-18,290.63,285.57,1.74,98.26
2022-03-21,289.4,286.3,1.07,98.93
2022-03-22,294.14,286.3,2.66,97.34
2022-03-23,289.72,286.07,1.26,98.74
2022-03-24,294.18,289.3,1.66,98.34
2022-03-25,293.77,295.81,0.69,99.31
2022-03-28,300.56,299.27,0.43,99.57
2022-03-29,305.12,298.84,2.06,97.94
2022-03-30,303.62,298.56,1.67,98.33
2022-03-31,298.25,305.65,2.48,97.52
2022-04-01,299.33,306.54,2.41,97.59
2022-04-04,304.69,306.66,0.65,99.35
2022-04-05,300.74,303.84,1.03,98.97
2022-04-06,289.73,294.09,1.51,98.49
2022-04-07,291.54,291.26,0.1,99.9
2022-04-08,287.28,290.05,0.96,99.04
2022-04-11,275.95,277.68,0.63,99.37
2022-04-12,272.86,278.08,1.92,98.08
2022-04-13,278.24,279.02,0.28,99.72
2022-04-14,270.7,276.38,2.1,97.9
2022-04-18,271.37,272.93,0.58,99.42
2022-04-19,275.99,272.91,1.12,98.88
2022-04-20,277.02,273.12,1.41,98.59
2022-04-21,271.65,273.12,0.54,99.46
2022-04-22,265.09,266.71,0.61,99.39
2022-04-25,271.56,266.3,1.94,98.06
2022-04-26,261.4,265.79,1.68,98.32
2022-04-27,273.98,269.55,1.62,98.38
2022-04-28,280.18,274.46,2.04,97.96
2022-04-29,268.47,269.55,0.41,99.59
2022-05-02,275.19,278.11,1.06,98.94
2022-05-03,272.59,277.88,1.94,98.06
2022-05-04,280.52,281.5,0.35,99.65
2022-05-05,268.3,270.06,0.65,99.35
2022-05-06,265.77,269.03,1.23,98.77
2022-05-09,255.95,260.89,1.93,98.07
2022-05-10,260.71,261.38,0.26,99.74
2022-05-11,252.05,251.43,0.25,99.75
2022-05-12,247.02,251.43,1.79,98.21
2022-05-13,252.6,251.43,0.46,99.54
2022-05-16,252.97,256.41,1.36,98.64
2022-05-17,258.12,251.19,2.68,97.32
2022-05-18,246.36,247.43,0.43,99.57
2022-05-19,245.45,247.92,1.0,99.0
2022-05-20,244.89,248.92,1.64,98.36
2022-05-23,252.73,251.72,0.4,99.6
2022-05-24,251.74,247.47,1.7,98.3
2022-05-25,254.55,249.87,1.84,98.16
2022-05-26,257.82,255.24,1.0,99.0
2022-05-27,264.94,267.12,0.82,99.18
2022-05-31,263.61,260.29,1.26,98.74
2022-06-01,264.15,265.72,0.6,99.4
2022-06-02,266.24,266.68,0.16,99.84
2022-06-03,261.82,263.84,0.77,99.23
2022-06-06,260.59,263.54,1.13,98.87
2022-06-07,264.22,263.93,0.11,99.89
2022-06-08,262.2,269.09,2.63,97.37
2022-06-09,256.75,265.61,3.45,96.55
2022-06-10,245.31,251.08,2.35,97.65
2022-06-13,234.9,244.1,3.91,96.09
2022-06-14,237.06,242.26,2.19,97.81
2022-06-15,244.11,245.25,0.46,99.54
2022-06-16,237.53,242.44,2.07,97.93
2022-06-17,240.13,239.47,0.27,99.73
2022-06-21,246.03,243.35,1.09,98.91
2022-06-22,245.44,243.35,0.85,99.15
2022-06-23,251.0,246.73,1.7,98.3
2022-06-24,259.57,251.07,3.27,96.73
2022-06-27,256.85,251.07,2.25,97.75
2022-06-28,248.69,246.6,0.84,99.16
2022-06-29,252.36,248.8,1.41,98.59
2022-06-30,249.03,249.04,0.0,100.0
2022-07-01,251.7,251.13,0.22,99.78
2022-07-05,254.87,258.17,1.3,98.7
2022-07-06,258.12,261.64,1.36,98.64
2022-07-07,260.25,261.25,0.39,99.61
2022-07-08,259.53,263.33,1.46,98.54
2022-07-11,256.48,259.89,1.33,98.67
2022-07-12,245.97,248.79,1.15,98.85
2022-07-13,245.04,248.79,1.53,98.47
2022-07-14,246.36,248.19,0.74,99.26
2022-07-15,248.92,247.51,0.57,99.43
2022-07-18,246.53,246.72,0.08,99.92
2022-07-19,251.65,251.91,0.11,99.89
2022-07-20,254.3,251.91,0.94,99.06
2022-07-21,256.8,262.31,2.15,97.85
2022-07-22,252.45,252.82,0.14,99.86
2022-07-25,250.97,249.5,0.58,99.42
2022-07-26,244.25,244.09,0.07,99.93
2022-07-27,260.58,251.95,3.31,96.69
2022-07-28,268.02,262.8,1.95,98.05
2022-07-29,272.21,262.73,3.48,96.52
2022-08-01,269.57,266.0,1.32,98.68
2022-08-02,266.47,265.07,0.53,99.47
2022-08-03,273.89,271.18,0.99,99.01
2022-08-04,275.04,274.25,0.29,99.71
2022-08-05,274.32,272.73,0.58,99.42
2022-08-08,271.81,271.29,0.19,99.81
2022-08-09,273.73,271.79,0.71,99.29
2022-08-10,280.38,275.16,1.86,98.14
2022-08-11,278.3,279.81,0.54,99.46
2022-08-12,283.04,281.84,0.43,99.57
2022-08-15,284.56,283.98,0.2,99.8
2022-08-16,283.82,284.92,0.39,99.61
2022-08-17,283.07,282.8,0.1,99.9
2022-08-18,281.95,280.72,0.44,99.56
2022-08-19,278.05,281.47,1.23,98.77
2022-08-22,269.89,275.35,2.02,97.98
2022-08-23,268.61,269.03,0.15,99.85
2022-08-24,267.98,270.04,0.77,99.23
2022-08-25,270.95,274.19,1.19,98.81
2022-08-26,260.5,261.59,0.42,99.58
2022-08-29,257.72,258.18,0.18,99.82
2022-08-30,255.52,258.4,1.13,98.87
2022-08-31,254.07,248.54,2.18,97.82
2022-09-01,253.03,248.78,1.68,98.32
2022-09-02,248.81,248.78,0.01,99.99
2022-09-06,246.08,248.78,1.1,98.9
2022-09-07,250.78,248.78,0.8,99.2
2022-09-08,251.2,247.11,1.63,98.37
2022-09-09,256.97,250.89,2.37,97.63
2022-09-12,259.1,253.5,2.16,97.84
2022-09-13,244.86,246.34,0.6,99.4
2022-09-14,245.08,244.06,0.42,99.58
2022-09-15,238.43,239.97,0.64,99.36
2022-09-16,237.81,240.28,1.04,98.96
2022-09-19,237.6,238.89,0.54,99.46
2022-09-20,235.59,237.99,1.02,98.98
2022-09-21,232.18,236.8,1.99,98.01
2022-09-22,234.16,235.64,0.63,99.37
2022-09-23,231.18,235.64,1.93,98.07
2022-09-26,230.73,235.64,2.13,97.87
2022-09-27,229.72,229.34,0.16,99.84
2022-09-28,234.24,232.61,0.7,99.3
2022-09-29,230.78,226.45,1.88,98.12
2022-09-30,226.31,225.92,0.17,99.83
2022-10-03,233.92,231.91,0.86,99.14
2022-10-04,241.83,240.34,0.62,99.38
2022-10-05,242.14,240.91,0.51,99.49
2022-10-06,239.8,240.81,0.42,99.58
2022-10-07,227.61,227.3,0.14,99.86
2022-10-10,222.76,226.46,1.66,98.34
2022-10-11,219.03,226.24,3.29,96.71
2022-10-12,219.36,226.14,3.09,96.91
2022-10-13,227.61,233.33,2.51,97.49
2022-10-14,222.09,223.79,0.77,99.23
2022-10-17,230.8,231.58,0.33,99.67
2022-10-18,231.75,230.27,0.64,99.36
2022-10-19,229.78,231.54,0.76,99.24
2022-10-20,229.46,231.65,0.95,99.05
2022-10-21,235.26,231.7,1.51,98.49
2022-10-24,240.25,235.14,2.12,97.88
2022-10-25,243.56,235.71,3.22,96.78
2022-10-26,224.77,226.09,0.59,99.41
2022-10-27,220.33,226.96,3.01,96.99
2022-10-28,229.19,231.75,1.12,98.88
2022-10-31,225.56,230.54,2.21,97.79
2022-11-01,221.71,230.77,4.09,95.91
2022-11-02,213.87,220.77,3.23,96.77
2022-11-03,208.18,218.85,5.12,94.88
2022-11-04,215.12,219.24,1.92,98.08
2022-11-07,221.42,220.76,0.3,99.7
2022-11-08,222.39,224.21,0.82,99.18
2022-11-09,218.15,219.9,0.8,99.2
2022-11-10,236.1,227.62,3.59,96.41
2022-11-11,240.11,227.62,5.2,94.8
2022-11-14,234.71,226.41,3.54,96.46
2022-11-15,235.12,233.16,0.83,99.17
2022-11-16,235.55,234.2,0.57,99.43
2022-11-17,235.5,231.32,1.78,98.22
2022-11-18,235.05,233.0,0.87,99.13
2022-11-21,235.86,234.31,0.66,99.34
2022-11-22,238.76,238.65,0.05,99.95
2022-11-23,241.25,243.6,0.98,99.02
2022-11-25,241.16,243.92,1.14,98.86
2022-11-28,235.58,240.69,2.17,97.83
2022-11-29,234.18,240.09,2.52,97.48
2022-11-30,248.61,246.67,0.78,99.22
2022-12-01,248.18,242.96,2.1,97.9
2022-12-02,248.5,245.81,1.08,98.92
2022-12-05,243.8,245.67,0.76,99.24
2022-12-06,238.85,239.45,0.25,99.75
2022-12-07,238.12,240.03,0.8,99.2
2022-12-08,241.07,244.86,1.57,98.43
2022-12-09,239.14,240.1,0.4,99.6
2022-12-12,246.05,245.11,0.38,99.62
2022-12-13,250.35,245.46,1.95,98.05
2022-12-14,250.64,246.03,1.84,98.16
2022-12-15,242.64,243.11,0.19,99.81
2022-12-16,238.43,242.41,1.67,98.33
2022-12-19,234.3,242.3,3.42,96.58
2022-12-20,235.62,235.79,0.07,99.93
2022-12-21,238.18,236.53,0.69,99.31
2022-12-22,232.1,234.29,0.94,99.06
2022-12-23,232.62,235.5,1.23,98.77
2022-12-27,230.9,235.52,2.0,98.0
2022-12-28,228.53,232.61,1.78,98.22
2022-12-29,234.85,236.53,0.72,99.28
2022-12-30,233.69,235.34,0.71,99.29
2023-01-03,233.45,231.02,1.04,98.96
2023-01-04,223.24,221.46,0.8,99.2
2023-01-05,216.62,221.08,2.06,97.94
2023-01-06,219.18,218.24,0.43,99.57
2023-01-09,221.31,221.67,0.16,99.84
2023-01-10,223.0,221.86,0.51,99.49
2023-01-11,229.74,226.96,1.21,98.79
2023-01-12,232.41,227.76,2.0,98.0
2023-01-13,233.11,231.7,0.6,99.4
2023-01-17,234.2,231.75,1.05,98.95
2023-01-18,229.78,231.71,0.84,99.16
2023-01-19,226.0,230.31,1.91,98.09
2023-01-20,234.08,231.71,1.01,98.99
2023-01-23,236.38,231.82,1.93,98.07
2023-01-24,235.85,231.82,1.71,98.29
2023-01-25,234.46,234.54,0.04,99.96
2023-01-26,241.66,243.84,0.9,99.1
2023-01-27,241.81,244.81,1.24,98.76
2023-01-30,236.5,241.03,1.92,98.08
2023-01-31,241.47,243.04,0.65,99.35
2023-02-01,246.29,242.26,1.63,98.37
2023-02-02,257.83,247.33,4.08,95.92
2023-02-03,251.74,247.02,1.88,98.12
2023-02-06,250.2,247.62,1.03,98.97
2023-02-07,260.72,253.06,2.94,97.06
2023-02-08,259.91,256.38,1.36,98.64
2023-02-09,256.88,255.11,0.69,99.31
2023-02-10,256.37,254.09,0.89,99.11
2023-02-13,264.38,257.26,2.69,97.31
2023-02-14,265.21,262.76,0.92,99.08
2023-02-15,263.09,259.78,1.26,98.74
2023-02-16,256.09,257.17,0.42,99.58
2023-02-17,252.09,257.17,2.01,97.99
2023-02-21,246.82,251.24,1.79,98.21
2023-02-22,245.69,246.98,0.52,99.48
2023-02-23,248.88,244.29,1.84,98.16
2023-02-24,243.45,244.53,0.44,99.56
2023-02-27,244.37,245.98,0.66,99.34
2023-02-28,243.65,245.05,0.58,99.42
2023-03-01,240.57,239.38,0.5,99.5
2023-03-02,245.3,245.35,0.02,99.98
2023-03-03,249.38,247.53,0.74,99.26
2023-03-06,250.93,244.85,2.42,97.58
2023-03-07,248.27,245.05,1.3,98.7
2023-03-08,247.83,245.05,1.12,98.88
2023-03-09,246.48,243.47,1.22,98.78
2023-03-10,242.84,243.47,0.26,99.74
2023-03-13,248.05,247.13,0.37,99.63
2023-03-14,254.76,259.37,1.81,98.19
2023-03-15,259.3,258.18,0.43,99.57
2023-03-16,269.81,261.07,3.24,96.76
2023-03-17,272.97,265.51,2.73,97.27
2023-03-20,265.93,264.59,0.51,99.49
2023-03-21,267.45,266.27,0.44,99.56
2023-03-22,265.99,265.47,0.19,99.81
2023-03-23,271.24,270.59,0.24,99.76
2023-03-24,274.08,273.36,0.26,99.74
2023-03-27,269.99,272.46,0.91,99.09
2023-03-28,268.86,272.27,1.27,98.73
2023-03-29,274.02,273.62,0.15,99.85
2023-03-30,277.48,276.44,0.38,99.62
2023-03-31,281.63,276.44,1.84,98.16
2023-04-03,280.59,279.89,0.25,99.75
2023-04-04,280.54,282.45,0.68,99.32
2023-04-05,277.76,279.95,0.79,99.21
2023-04-06,284.85,280.31,1.6,98.4
2023-04-10,282.7,283.49,0.28,99.72
2023-04-11,276.29,275.95,0.12,99.88
2023-04-12,276.93,276.6,0.12,99.88
2023-04-13,283.13,282.65,0.17,99.83
2023-04-14,279.52,281.56,0.73,99.27
2023-04-17,282.12,282.65,0.19,99.81
2023-04-18,281.7,285.96,1.51,98.49
2023-04-19,281.78,282.41,0.23,99.77
2023-04-20,279.49,280.94,0.52,99.48
2023-04-21,279.15,276.61,0.91,99.09
2023-04-24,275.25,274.9,0.13,99.87
2023-04-25,269.05,270.02,0.36,99.64
2023-04-26,288.54,282.63,2.05,97.95
2023-04-27,297.78,286.98,3.63,96.37
2023-04-28,300.15,290.15,3.33,96.67
2023-05-01,298.49,295.05,1.15,98.85
2023-05-02,298.34,295.81,0.85,99.15
2023-05-03,297.36,294.07,1.11,98.89
2023-05-04,298.34,298.87,0.18,99.82
2023-05-05,303.46,299.66,1.25,98.75
2023-05-08,301.51,297.46,1.34,98.66
2023-05-09,299.9,295.12,1.59,98.41
2023-05-10,305.09,305.97,0.29,99.71
2023-05-11,302.94,308.18,1.73,98.27
2023-05-12,301.82,306.69,1.61,98.39
2023-05-15,302.3,307.94,1.87,98.13
2023-05-16,304.53,306.69,0.71,99.29
2023-05-17,307.41,304.84,0.83,99.17
2023-05-18,311.83,308.69,1.01,98.99
2023-05-19,311.66,309.1,0.82,99.18
2023-05-22,314.44,309.86,1.46,98.54
2023-05-23,308.64,304.63,1.3,98.7
2023-05-24,307.26,317.58,3.36,96.64
2023-05-25,319.08,319.82,0.23,99.77
2023-05-26,325.9,324.23,0.51,99.49
2023-05-30,324.26,324.23,0.01,99.99
2023-05-31,321.49,321.99,0.15,99.85
2023-06-01,325.6,323.96,0.5,99.5
2023-06-02,328.36,325.25,0.95,99.05
2023-06-05,328.89,324.67,1.28,98.72
2023-06-06,326.67,324.66,0.62,99.38
2023-06-07,316.59,319.34,0.87,99.13
2023-06-08,318.43,318.59,0.05,99.95
2023-06-09,319.93,319.34,0.18,99.82
2023-06-12,324.88,323.75,0.35,99.65
2023-06-13,327.27,326.08,0.36,99.64
2023-06-14,330.26,330.31,0.02,99.98
2023-06-15,340.79,334.69,1.79,98.21
2023-06-16,335.14,330.28,1.45,98.55
2023-06-20,330.95,330.66,0.09,99.91
2023-06-21,326.56,329.21,0.81,99.19
2023-06-22,332.58,330.66,0.58,99.42
2023-06-23,327.99,327.0,0.3,99.7
2023-06-26,321.7,320.82,0.27,99.73
2023-06-27,327.54,325.28,0.69,99.31
2023-06-28,328.8,332.46,1.11,98.89
2023-06-29,328.01,332.3,1.31,98.69
2023-06-30,333.39,336.28,0.87,99.13
2023-07-03,330.89,332.47,0.48,99.52
2023-07-05,331.05,331.44,0.12,99.88
2023-07-06,334.1,331.44,0.8,99.2
2023-07-07,330.14,321.81,2.52,97.48
2023-07-10,324.86,321.23,1.12,98.88
2023-07-11,325.49,322.54,0.91,99.09
2023-07-12,330.12,329.72,0.12,99.88
2023-07-13,335.46,331.44,1.2,98.8
2023-07-14,337.99,338.85,0.26,99.74
2023-07-17,338.47,342.06,1.06,98.94
2023-07-18,351.94,352.74,0.23,99.77
2023-07-19,347.62,351.57,1.13,98.87
2023-07-20,339.59,341.2,0.48,99.52
2023-07-21,336.55,336.44,0.03,99.97
2023-07-24,337.86,341.04,0.94,99.06
2023-07-25,343.61,342.42,0.35,99.65
2023-07-26,330.68,334.27,1.09,98.91
2023-07-27,323.78,339.83,4.96,95.04
2023-07-28,331.26,338.73,2.25,97.75
2023-07-31,328.87,335.35,1.97,98.03
2023-08-01,329.28,334.57,1.61,98.39
2023-08-02,320.62,324.09,1.08,98.92
2023-08-03,319.8,323.18,1.06,98.94
2023-08-04,320.9,323.05,0.67,99.33
2023-08-07,323.18,321.33,0.57,99.43
2023-08-08,319.2,322.44,1.02,98.98
2023-08-09,315.46,317.79,0.74,99.26
2023-08-10,316.15,318.06,0.6,99.4
2023-08-11,314.27,317.79,1.12,98.88
2023-08-14,317.24,318.25,0.32,99.68
2023-08-15,315.1,311.74,1.07,98.93
2023-08-16,314.34,313.52,0.26,99.74
2023-08-17,310.88,309.26,0.52,99.48
2023-08-18,310.49,309.53,0.31,99.69
2023-08-21,315.79,311.01,1.51,98.49
2023-08-22,316.36,315.24,0.35,99.65
2023-08-23,320.81,319.95,0.27,99.73
2023-08-24,313.91,312.35,0.5,99.5
2023-08-25,316.87,316.14,0.23,99.77
2023-08-28,317.57,318.63,0.33,99.67
2023-08-29,322.19,323.11,0.28,99.72
2023-08-30,322.57,324.9,0.72,99.28
2023-08-31,321.56,324.02,0.77,99.23
2023-09-01,322.44,323.95,0.47,99.53
2023-09-05,327.24,325.9,0.41,99.59
2023-09-06,326.58,325.9,0.21,99.79
2023-09-07,323.67,325.91,0.69,99.31
2023-09-08,327.94,328.09,0.04,99.96
2023-09-11,331.54,328.59,0.89,99.11
2023-09-12,325.49,325.0,0.15,99.85
2023-09-13,329.7,326.9,0.85,99.15
2023-09-14,332.29,332.57,0.08,99.92
2023-09-15,323.97,326.68,0.84,99.16
2023-09-18,322.83,327.59,1.47,98.53
2023-09-19,322.43,323.89,0.45,99.55
2023-09-20,314.7,318.36,1.16,98.84
2023-09-21,313.48,316.83,1.07,98.93
2023-09-22,311.01,314.24,1.04,98.96
2023-09-25,311.53,309.59,0.62,99.38
2023-09-26,306.23,308.83,0.85,99.15
2023-09-27,306.87,309.1,0.73,99.27
2023-09-28,307.7,309.69,0.65,99.35
2023-09-29,309.77,306.55,1.04,98.96
2023-10-02,315.71,310.98,1.5,98.5
2023-10-03,307.46,307.72,0.09,99.91
2023-10-04,312.92,308.39,1.45,98.55
2023-10-05,313.32,310.25,0.98,99.02
2023-10-06,321.07,316.2,1.51,98.49
2023-10-09,323.58,317.3,1.94,98.06
2023-10-10,322.17,322.57,0.12,99.88
2023-10-11,326.13,324.0,0.65,99.35
2023-10-12,324.89,324.0,0.27,99.73
2023-10-13,321.53,322.64,0.35,99.65
2023-10-16,326.34,325.97,0.11,99.89
2023-10-17,325.78,326.79,0.31,99.69
2023-10-18,323.86,324.06,0.06,99.94
2023-10-19,325.05,325.34,0.09,99.91
2023-10-20,320.49,323.93,1.07,98.93
2023-10-23,323.09,326.8,1.15,98.85
2023-10-24,324.27,325.61,0.41,99.59
2023-10-25,334.22,334.16,0.02,99.98
2023-10-26,321.68,321.82,0.04,99.96
2023-10-27,323.57,321.82,0.54,99.46
2023-10-30,330.93,328.47,0.74,99.26
2023-10-31,331.71,327.59,1.24,98.76
2023-11-01,339.52,337.64,0.55,99.45
2023-11-02,341.73,340.27,0.43,99.57
2023-11-03,346.12,340.27,1.69,98.31
2023-11-06,349.78,342.06,2.21,97.79
2023-11-07,353.71,356.45,0.77,99.23
2023-11-08,356.33,358.25,0.54,99.46
2023-11-09,353.86,357.84,1.12,98.88
2023-11-10,362.67,357.2,1.51,98.49
2023-11-13,359.74,358.75,0.28,99.72
2023-11-14,363.26,358.46,1.32,98.68
2023-11-15,363.41,361.25,0.59,99.41
2023-11-16,369.8,370.26,0.12,99.88
2023-11-17,363.59,367.41,1.05,98.95
2023-11-20,371.05,367.83,0.87,99.13
2023-11-21,366.75,367.23,0.13,99.87
2023-11-22,371.45,369.04,0.65,99.35
2023-11-24,371.04,368.83,0.59,99.41
2023-11-27,372.2,369.14,0.82,99.18
2023-11-28,376.22,372.18,1.07,98.93
2023-11-29,372.43,369.3,0.84,99.16
2023-11-30,372.49,373.3,0.22,99.78
2023-12-01,368.17,365.42,0.75,99.25
2023-12-04,362.89,362.88,0.0,100.0
2023-12-05,366.21,365.27,0.26,99.74
2023-12-06,362.55,362.23,0.09,99.91
2023-12-07,364.67,366.43,0.48,99.52
2023-12-08,367.89,371.36,0.94,99.06
2023-12-11,365.01,361.6,0.93,99.07
2023-12-12,368.04,365.23,0.76,99.24
2023-12-13,368.03,362.93,1.39,98.61
2023-12-14,359.73,357.78,0.54,99.46
2023-12-15,364.45,360.36,1.12,98.88
2023-12-18,366.34,360.51,1.59,98.41
2023-12-19,366.94,367.72,0.21,99.79
2023-12-20,364.34,365.87,0.42,99.58
2023-12-21,367.21,370.27,0.83,99.17
2023-12-22,368.24,371.57,0.91,99.09
2023-12-26,368.32,371.14,0.77,99.23
2023-12-27,367.74,371.57,1.04,98.96
2023-12-28,368.92,365.69,0.88,99.12
2023-12-29,369.67,366.59,0.83,99.17
2024-01-02,364.59,364.13,0.13,99.87
2024-01-03,364.32,362.66,0.46,99.54
2024-01-04,361.71,360.81,0.25,99.75
2024-01-05,361.52,365.64,1.14,98.86
2024-01-08,368.34,365.41,0.8,99.2
2024-01-09,369.43,365.69,1.01,98.99
2024-01-10,376.29,375.16,0.3,99.7
2024-01-11,378.12,381.05,0.78,99.22
2024-01-12,381.89,386.59,1.23,98.77
2024-01-16,383.66,387.12,0.9,99.1
2024-01-17,382.87,387.83,1.3,98.7
2024-01-18,387.2,388.27,0.28,99.72
2024-01-19,391.92,387.62,1.1,98.9
2024-01-22,389.8,391.14,0.34,99.66
2024-01-23,392.14,388.4,0.95,99.05
2024-01-24,395.74,398.62,0.73,99.27
2024-01-25,398.01,398.98,0.24,99.76
2024-01-26,397.09,398.98,0.48,99.52
2024-01-29,402.78,398.98,0.94,99.06
2024-01-30,401.67,404.83,0.79,99.21
2024-01-31,390.85,395.06,1.08,98.92
2024-02-01,396.94,399.46,0.63,99.37
2024-02-02,404.26,409.25,1.24,98.76
2024-02-05,398.78,401.53,0.69,99.31
2024-02-06,398.62,402.18,0.89,99.11
2024-02-07,407.04,406.43,0.15,99.85
2024-02-08,407.1,404.4,0.66,99.34
2024-02-09,413.43,411.73,0.41,99.59
2024-02-12,408.23,407.97,0.06,99.94
2024-02-13,399.44,398.02,0.36,99.64
2024-02-14,403.3,398.99,1.07,98.93
2024-02-15,400.41,399.15,0.32,99.68
2024-02-16,397.95,396.53,0.36,99.64
2024-02-20,396.7,396.15,0.14,99.86
2024-02-21,396.1,399.04,0.74,99.26
2024-02-22,405.43,403.3,0.52,99.48
2024-02-23,404.14,402.35,0.44,99.56
2024-02-26,401.38,402.08,0.18,99.82
2024-02-27,401.32,402.08,0.19,99.81
2024-02-28,401.56,399.43,0.53,99.47
2024-02-29,407.39,403.97,0.84,99.16
2024-03-01,409.22,400.85,2.05,97.95
2024-03-04,408.65,405.56,0.76,99.24
2024-03-05,396.56,400.85,1.08,98.92
2024-03-06,396.01,397.37,0.34,99.66
2024-03-07,402.96,403.79,0.21,99.79
2024-03-08,400.08,403.71,0.91,99.09
2024-03-11,398.4,403.71,1.33,98.67
2024-03-12,409.0,411.27,0.55,99.45
2024-03-13,408.83,405.7,0.76,99.24
2024-03-14,418.79,414.92,0.92,99.08
2024-03-15,410.13,409.84,0.07,99.93
2024-03-18,411.01,411.92,0.22,99.78
2024-03-19,415.04,416.66,0.39,99.61
2024-03-20,418.8,415.06,0.89,99.11
2024-03-21,422.88,419.74,0.74,99.26
2024-03-22,422.26,413.4,2.1,97.9
2024-03-25,416.47,417.11,0.15,99.85
2024-03-26,415.28,416.28,0.24,99.76
2024-03-27,415.06,416.82,0.42,99.58
2024-03-28,414.36,416.45,0.5,99.5
2024-04-01,418.15,418.32,0.04,99.96
2024-04-02,415.07,414.23,0.2,99.8
2024-04-03,414.09,414.13,0.01,99.99
2024-04-04,411.56,404.75,1.65,98.35
2024-04-05,419.09,417.7,0.33,99.67
2024-04-08,418.17,417.88,0.07,99.93
2024-04-09,419.84,418.18,0.4,99.6
2024-04-10,416.86,416.33,0.13,99.87
2024-04-11,421.46,419.48,0.47,99.53
2024-04-12,415.52,412.61,0.7,99.3
2024-04-15,407.39,409.96,0.63,99.37
2024-04-16,408.31,409.66,0.33,99.67
2024-04-17,405.61,409.81,1.04,98.96
2024-04-18,398.16,403.4,1.32,98.68
2024-04-19,393.09,395.56,0.63,99.37
2024-04-22,394.9,398.21,0.84,99.16
2024-04-23,401.41,404.14,0.68,99.32
2024-04-24,402.88,403.64,0.19,99.81
2024-04-25,393.01,391.13,0.48,99.52
2024-04-26,400.18,395.54,1.16,98.84
2024-04-29,396.17,392.81,0.85,99.15
2024-04-30,383.44,388.48,1.31,98.69
2024-05-01,388.97,384.2,1.23,98.77
2024-05-02,391.83,388.02,0.97,99.03
2024-05-03,400.51,399.9,0.15,99.85
2024-05-06,407.29,408.08,0.2,99.8
2024-05-07,403.15,404.5,0.33,99.67
2024-05-08,404.33,403.93,0.1,99.9
2024-05-09,406.09,407.64,0.38,99.62
2024-05-10,408.47,407.64,0.2,99.8
2024-05-13,407.47,404.87,0.64,99.36
2024-05-14,410.26,406.4,0.94,99.06
2024-05-15,417.44,415.19,0.54,99.46
2024-05-16,415.37,416.38,0.24,99.76
2024-05-17,414.6,415.75,0.28,99.72
2024-05-20,419.67,425.44,1.38,98.62
2024-05-21,423.32,422.02,0.31,99.69
2024-05-22,424.78,423.33,0.34,99.66
2024-05-23,421.3,418.77,0.6,99.4
2024-05-24,424.42,421.12,0.78,99.22
2024-05-28,424.58,423.72,0.2,99.8
2024-05-29,423.44,423.63,0.04,99.96
2024-05-30,409.14,410.86,0.42,99.58
2024-05-31,409.59,410.24,0.16,99.84
2024-06-03,408.0,409.69,0.41,99.59
2024-06-04,410.52,412.35,0.45,99.55
2024-06-05,418.35,414.23,0.99,99.01
2024-06-06,418.86,417.07,0.43,99.57
2024-06-07,418.2,416.77,0.34,99.66
2024-06-10,422.16,421.82,0.08,99.92
2024-06-11,426.91,421.72,1.22,98.78
2024-06-12,435.18,436.2,0.24,99.76
2024-06-13,435.69,435.14,0.13,99.87
2024-06-14,436.67,435.39,0.29,99.71
2024-06-17,442.39,438.5,0.88,99.12
2024-06-18,440.39,438.38,0.45,99.55
2024-06-20,439.75,442.85,0.7,99.3
2024-06-21,443.78,439.94,0.87,99.13
2024-06-24,441.7,440.66,0.24,99.76
2024-06-25,444.93,446.06,0.25,99.75
2024-06-26,446.13,446.0,0.03,99.97
2024-06-27,446.81,446.0,0.18,99.82
2024-06-28,440.99,445.29,0.98,99.02
2024-07-01,450.64,446.88,0.83,99.17
2024-07-02,453.15,460.72,1.67,98.33
2024-07-03,454.62,458.26,0.8,99.2
2024-07-05,461.32,459.16,0.47,99.53
2024-07-08,460.02,458.26,0.38,99.62
2024-07-09,453.41,453.24,0.04,99.96
2024-07-10,460.03,458.64,0.3,99.7
2024-07-11,448.63,450.11,0.33,99.67
2024-07-12,447.5,450.0,0.56,99.44
2024-07-15,447.9,450.2,0.51,99.49
2024-07-16,443.52,456.13,2.84,97.16
2024-07-17,437.6,434.3,0.76,99.24
2024-07-18,434.5,434.96,0.11,99.89
2024-07-19,431.28,434.39,0.72,99.28
2024-07-22,437.03,435.16,0.43,99.57
2024-07-23,438.92,426.87,2.74,97.26
2024-07-24,423.18,417.28,1.39,98.61
2024-07-25,412.82,414.48,0.4,99.6
2024-07-26,419.6,417.99,0.38,99.62
2024-07-29,421.04,416.4,1.1,98.9
2024-07-30,417.28,412.89,1.05,98.95
2024-07-31,412.77,412.61,0.04,99.96
2024-08-01,411.55,409.74,0.44,99.56
2024-08-02,403.04,399.54,0.87,99.13
2024-08-05,389.88,398.52,2.22,97.78
2024-08-06,394.28,395.75,0.37,99.63
2024-08-07,393.11,396.07,0.75,99.25
2024-08-08,397.32,397.47,0.04,99.96
2024-08-09,400.6,396.67,0.98,99.02
2024-08-12,401.38,402.42,0.26,99.74
2024-08-13,408.49,407.87,0.15,99.85
2024-08-14,411.3,413.73,0.59,99.41
2024-08-15,416.16,415.7,0.11,99.89
2024-08-16,413.63,410.59,0.74,99.26
2024-08-19,416.66,414.31,0.56,99.44
2024-08-20,419.89,413.57,1.5,98.5
2024-08-21,419.24,413.57,1.35,98.65
2024-08-22,410.75,411.1,0.09,99.91
2024-08-23,411.97,415.58,0.88,99.12
2024-08-26,408.71,412.16,0.85,99.15
2024-08-27,409.06,411.92,0.7,99.3
2024-08-28,405.85,410.32,1.1,98.9
2024-08-29,408.34,410.47,0.52,99.48
2024-08-30,412.32,412.91,0.14,99.86
2024-09-03,404.71,408.18,0.86,99.14
2024-09-04,404.17,404.9,0.18,99.82
2024-09-05,403.67,400.36,0.82,99.18
2024-09-06,397.06,397.54,0.12,99.88
2024-09-09,401.03,399.62,0.35,99.65
2024-09-10,409.41,406.25,0.77,99.23
2024-09-11,418.15,415.89,0.54,99.46
2024-09-12,422.06,422.58,0.12,99.88
2024-09-13,425.61,422.83,0.65,99.35
2024-09-16,426.35,422.2,0.97,99.03
2024-09-17,430.12,427.39,0.64,99.36
2024-09-18,425.83,425.95,0.03,99.97
2024-09-19,433.62,433.06,0.13,99.87
2024-09-20,430.24,428.43,0.42,99.58
2024-09-23,428.5,426.87,0.38,99.62
2024-09-24,424.21,427.89,0.87,99.13
2024-09-25,427.11,427.5,0.09,99.91
2024-09-26,426.32,433.58,1.7,98.3
2024-09-27,423.07,429.6,1.54,98.46
2024-09-30,425.32,429.39,0.96,99.04
2024-10-01,415.83,412.31,0.85,99.15
2024-10-02,412.31,405.23,1.72,98.28
2024-10-03,411.72,407.48,1.03,98.97
2024-10-04,411.25,413.64,0.58,99.42
2024-10-07,404.8,412.49,1.9,98.1
2024-10-08,409.92,410.74,0.2,99.8
2024-10-09,412.63,413.21,0.14,99.86
2024-10-10,411.03,411.66,0.15,99.85
2024-10-11,411.51,411.09,0.1,99.9
2024-10-14,414.29,413.44,0.21,99.79
2024-10-15,413.9,411.96,0.47,99.53
2024-10-16,411.31,409.29,0.49,99.51
2024-10-17,411.9,410.16,0.42,99.58
2024-10-18,413.33,411.57,0.43,99.57
2024-10-21,413.94,414.69,0.18,99.82
2024-10-22,422.57,423.1,0.13,99.87
2024-10-23,419.69,423.25,0.85,99.15
2024-10-24,419.82,421.94,0.51,99.49
2024-10-25,423.2,424.55,0.32,99.68
2024-10-28,421.66,427.44,1.37,98.63
2024-10-29,426.96,427.73,0.18,99.82
2024-10-30,427.53,429.97,0.57,99.43
2024-10-31,401.65,405.41,0.93,99.07
2024-11-01,405.63,405.79,0.04,99.96
2024-11-04,403.74,405.79,0.51,99.49
2024-11-05,406.7,410.1,0.84,99.16
2024-11-06,415.32,413.98,0.32,99.68
2024-11-07,420.51,419.11,0.33,99.67
2024-11-08,417.65,417.53,0.03,99.97
2024-11-11,413.18,409.72,0.84,99.16
2024-11-12,418.14,417.13,0.24,99.76
2024-11-13,420.28,421.08,0.19,99.81
2024-11-14,421.95,421.08,0.21,99.79
2024-11-15,410.2,412.23,0.49,99.51
2024-11-18,410.95,411.45,0.12,99.88
2024-11-19,412.96,411.45,0.37,99.63
2024-11-20,410.69,414.92,1.03,98.97
2024-11-21,408.91,413.98,1.24,98.76
2024-11-22,413.0,414.92,0.46,99.54
2024-11-25,414.78,417.95,0.77,99.23
2024-11-26,423.89,420.14,0.88,99.12
2024-11-27,418.94,418.02,0.22,99.78
2024-11-29,419.4,420.09,0.16,99.84
2024-12-02,426.85,422.72,0.97,99.03
2024-12-03,427.07,428.09,0.24,99.76
2024-12-04,433.23,435.55,0.54,99.46
2024-12-05,438.38,435.05,0.76,99.24
2024-12-06,439.32,445.6,1.43,98.57
2024-12-09,441.75,442.15,0.09,99.91
2024-12-10,439.08,439.83,0.17,99.83
2024-12-11,444.69,444.58,0.02,99.98
2024-12-12,445.25,440.78,1.0,99.0
2024-12-13,442.98,448.34,1.21,98.79
2024-12-16,447.26,448.5,0.28,99.72
2024-12-17,450.1,446.84,0.73,99.27
2024-12-18,433.2,438.68,1.26,98.74
2024-12-19,432.84,435.96,0.72,99.28
2024-12-20,432.42,433.63,0.28,99.72
2024-12-23,431.08,432.21,0.26,99.74
2024-12-24,435.12,432.85,0.52,99.48
2024-12-26,433.91,427.45,1.49,98.51
2024-12-27,426.4,426.61,0.05,99.95
2024-12-30,420.76,419.49,0.3,99.7
2024-12-31,417.46,419.49,0.49,99.51
2025-01-02,414.57,415.69,0.27,99.73
2025-01-03,419.29,417.91,0.33,99.67
2025-01-06,423.75,422.84,0.21,99.79
2025-01-07,418.32,417.91,0.1,99.9
2025-01-08,420.49,414.24,1.49,98.51
2025-01-10,414.94,414.16,0.19,99.81
2025-01-13,413.19,413.92,0.18,99.82
2025-01-14,411.69,412.02,0.08,99.92
2025-01-15,422.22,420.0,0.53,99.47
2025-01-16,420.51,416.66,0.92,99.08
2025-01-17,424.92,421.96,0.7,99.3
2025-01-21,424.39,427.25,0.67,99.33
2025-01-22,441.92,441.45,0.11,99.89
2025-01-23,442.43,442.21,0.05,99.95
2025-01-24,439.8,438.03,0.4,99.6
2025-01-27,430.4,431.16,0.18,99.82
2025-01-28,442.91,438.54,0.99,99.01
2025-01-29,438.09,438.45,0.08,99.92
2025-01-30,411.01,416.02,1.22,98.78
2025-01-31,411.08,415.47,1.07,98.93
2025-02-03,406.98,414.37,1.81,98.19
2025-02-04,408.42,415.81,1.81,98.19
2025-02-05,409.33,407.55,0.43,99.57
2025-02-06,411.84,411.4,0.11,99.89
2025-02-07,405.82,406.79,0.24,99.76
2025-02-10,408.27,409.57,0.32,99.68
2025-02-11,407.5,406.33,0.29,99.71
2025-02-12,405.12,407.2,0.51,99.49
2025-02-13,406.61,405.71,0.22,99.78
2025-02-14,404.52,404.53,0.0,100.0
2025-02-18,405.71,400.7,1.24,98.76
2025-02-19,410.8,404.47,1.54,98.46
2025-02-20,412.97,416.31,0.81,99.19
2025-02-21,405.11,406.99,0.46,99.54
2025-02-24,400.93,404.92,1.0,99.0
2025-02-25,394.88,397.83,0.75,99.25
2025-02-26,396.69,396.48,0.05,99.95
2025-02-27,389.55,392.38,0.73,99.27
2025-02-28,393.97,396.55,0.65,99.35
2025-03-03,385.54,387.82,0.59,99.41
2025-03-04,385.66,388.85,0.83,99.17
2025-03-05,397.97,398.85,0.22,99.78
2025-03-06,393.87,390.26,0.92,99.08
2025-03-07,390.32,390.17,0.04,99.96
2025-03-10,377.27,377.75,0.13,99.87
2025-03-11,377.56,375.7,0.49,99.51
2025-03-12,380.36,375.88,1.18,98.82
2025-03-13,375.89,369.78,1.63,98.37
2025-03-14,385.61,384.22,0.36,99.64
2025-03-17,385.75,386.92,0.3,99.7
2025-03-18,380.61,381.96,0.36,99.64
2025-03-19,384.87,385.34,0.12,99.88
2025-03-20,383.9,382.62,0.33,99.67
2025-03-21,388.29,389.31,0.26,99.74
2025-03-24,390.09,389.31,0.2,99.8
2025-03-25,392.16,388.51,0.93,99.07
2025-03-26,387.01,384.76,0.58,99.42
2025-03-27,387.61,384.79,0.73,99.27
2025-03-28,375.92,381.53,1.49,98.51
2025-03-31,372.54,377.0,1.2,98.8
2025-04-01,379.29,378.45,0.22,99.78
2025-04-02,379.24,380.78,0.41,99.59
2025-04-03,370.28,367.97,0.62,99.38
2025-04-04,357.11,363.45,1.78,98.22
2025-04-07,355.14,359.07,1.11,98.89
2025-04-08,351.87,356.95,1.44,98.56
2025-04-09,387.52,381.81,1.47,98.53
2025-04-10,378.45,376.28,0.57,99.43
2025-04-11,385.5,379.78,1.48,98.52
2025-04-14,384.86,384.25,0.16,99.84
2025-04-15,382.8,385.88,0.8,99.2
2025-04-16,368.79,369.21,0.12,99.88
2025-04-17,364.99,372.41,2.03,97.97
2025-04-21,356.39,365.75,2.63,97.37
2025-04-22,364.03,363.17,0.24,99.76
2025-04-23,371.55,371.12,0.11,99.89
2025-04-24,384.36,378.46,1.53,98.47
2025-04-25,388.87,386.87,0.52,99.48
2025-04-28,388.19,386.87,0.34,99.66
2025-04-29,391.05,393.93,0.74,99.26
2025-04-30,392.26,386.38,1.5,98.5
2025-05-01,422.17,417.1,1.2,98.8
2025-05-02,431.97,427.72,0.99,99.01
2025-05-05,432.86,428.69,0.96,99.04
2025-05-06,430.02,433.28,0.76,99.24
2025-05-07,430.06,433.63,0.83,99.17
2025-05-08,434.84,431.95,0.67,99.33
2025-05-09,435.4,439.15,0.86,99.14
2025-05-12,445.85,438.24,1.71,98.29
2025-05-13,445.73,449.14,0.76,99.24
2025-05-14,449.5,451.68,0.48,99.52
2025-05-15,450.51,461.42,2.42,97.58
2025-05-16,451.65,457.34,1.26,98.74
2025-05-19,456.22,457.34,0.25,99.75
2025-05-20,455.52,457.34,0.4,99.6
2025-05-21,449.96,456.01,1.35,98.65
2025-05-22,452.23,454.0,0.39,99.61
2025-05-23,447.58,451.36,0.84,99.16
2025-05-27,458.03,455.98,0.45,99.55
2025-05-28,454.72,454.25,0.1,99.9
2025-05-29,456.03,457.18,0.25,99.75
2025-05-30,457.7,456.78,0.2,99.8
2025-06-02,459.3,457.19,0.46,99.54
2025-06-03,460.3,457.95,0.51,99.49
2025-06-04,461.19,455.61,1.21,98.79
2025-06-05,464.98,466.38,0.3,99.7
2025-06-06,467.66,466.88,0.17,99.83
2025-06-09,470.02,466.45,0.76,99.24
2025-06-10,468.2,466.11,0.45,99.55
2025-06-11,469.89,469.07,0.17,99.83
2025-06-12,476.1,475.91,0.04,99.96
2025-06-13,472.22,478.34,1.3,98.7
2025-06-16,476.37,477.9,0.32,99.68
2025-06-17,475.28,483.44,1.72,98.28
2025-06-18,477.47,484.82,1.54,98.46
2025-06-20,474.64,482.0,1.55,98.45
2025-06-23,483.19,483.34,0.03,99.97
2025-06-24,487.28,483.75,0.72,99.28
2025-06-25,489.43,483.44,1.22,98.78
2025-06-26,494.58,484.82,1.97,98.03
2025-06-27,493.08,489.97,0.63,99.37
2025-06-30,494.54,490.28,0.86,99.14
2025-07-01,489.21,491.34,0.44,99.56
2025-07-02,488.25,493.81,1.14,98.86
2025-07-03,495.96,493.89,0.42,99.58
2025-07-07,494.85,491.88,0.6,99.4
2025-07-08,493.75,491.49,0.46,99.54
2025-07-09,500.6,501.49,0.18,99.82
2025-07-10,498.58,499.7,0.22,99.78
2025-07-11,500.41,501.01,0.12,99.88
2025-07-14,500.11,500.02,0.02,99.98
2025-07-15,502.9,502.14,0.15,99.85
2025-07-16,502.7,496.47,1.24,98.76
2025-07-17,508.74,510.67,0.38,99.62
2025-07-18,507.1,506.78,0.06,99.94
2025-07-21,507.11,505.98,0.22,99.78
2025-07-22,502.35,506.32,0.79,99.21
2025-07-23,502.95,508.63,1.13,98.87
2025-07-24,507.93,506.32,0.32,99.68
2025-07-25,510.74,514.45,0.73,99.27
2025-07-28,509.54,514.53,0.98,99.02
2025-07-29,509.61,512.9,0.65,99.35
2025-07-30,510.28,515.45,1.01,98.99
2025-07-31,530.42,523.72,1.26,98.74
2025-08-01,521.08,521.36,0.05,99.95
2025-08-04,532.55,527.55,0.94,99.06
2025-08-05,524.7,521.37,0.64,99.36
2025-08-06,521.91,521.88,0.0,100.0
2025-08-07,517.83,516.44,0.27,99.73
2025-08-08,519.02,519.84,0.16,99.84
2025-08-11,518.76,522.19,0.66,99.34
2025-08-12,526.18,526.9,0.14,99.86
2025-08-13,517.57,519.72,0.42,99.58
2025-08-14,519.46,519.3,0.03,99.97
2025-08-15,517.17,516.97,0.04,99.96
2025-08-18,514.11,515.78,0.32,99.68
2025-08-19,506.83,511.76,0.97,99.03
2025-08-20,502.8,500.46,0.47,99.53
2025-08-21,502.15,505.53,0.67,99.33
2025-08-22,505.13,500.65,0.89,99.11
2025-08-25,502.17,500.65,0.3,99.7
2025-08-26,499.96,500.65,0.14,99.86
2025-08-27,504.64,507.99,0.66,99.34
2025-08-28,507.53,509.87,0.46,99.54
2025-08-29,504.59,506.5,0.38,99.62
2025-09-02,503.03,495.95,1.41,98.59
2025-09-03,503.26,497.97,1.05,98.95
2025-09-04,505.87,504.6,0.25,99.75
2025-09-05,492.95,495.95,0.61,99.39
2025-09-08,496.14,494.66,0.3,99.7
2025-09-09,496.35,497.53,0.24,99.76
2025-09-10,498.3,499.5,0.24,99.76
2025-09-11,498.94,499.57,0.13,99.87
2025-09-12,507.79,504.17,0.71,99.29
2025-09-15,513.23,511.33,0.37,99.63
2025-09-16,506.93,507.29,0.07,99.93
2025-09-17,507.91,505.41,0.49,99.51
2025-09-18,506.34,502.63,0.73,99.27
2025-09-19,515.79,517.47,0.33,99.67
2025-09-22,512.32,514.06,0.34,99.66
2025-09-23,507.12,510.13,0.59,99.41
2025-09-24,508.04,510.57,0.5,99.5
2025-09-25,504.93,514.81,1.96,98.04
2025-09-26,509.34,514.81,1.07,98.93
2025-09-29,512.47,515.3,0.55,99.45
2025-09-30,515.81,515.44,0.07,99.93
2025-10-01,517.56,516.75,0.16,99.84
2025-10-02,513.6,511.64,0.38,99.62
2025-10-03,515.21,512.13,0.6,99.4
2025-10-06,526.38,522.19,0.8,99.2
2025-10-07,521.81,522.0,0.04,99.96
2025-10-08,522.68,522.78,0.02,99.98
2025-10-09,520.24,515.82,0.85,99.15
2025-10-10,508.84,510.23,0.27,99.73
2025-10-13,514.05,517.8,0.73,99.27
2025-10-14,513.57,517.53,0.77,99.23
2025-10-15,513.43,519.12,1.11,98.89
2025-10-16,511.61,515.78,0.82,99.18
2025-10-17,513.58,515.78,0.43,99.57
2025-10-20,516.79,515.78,0.19,99.81
2025-10-21,517.66,514.79,0.55,99.45
2025-10-22,520.54,519.12,0.27,99.73
2025-10-23,520.56,519.72,0.16,99.84
2025-10-24,523.61,512.21,2.18,97.82
2025-10-27,531.52,525.8,1.08,98.92
2025-10-28,542.07,530.86,2.07,97.93
2025-10-29,541.55,530.79,1.99,98.01
2025-10-30,525.76,525.84,0.02,99.98
2025-10-31,517.81,515.39,0.47,99.53
2025-11-03,517.03,515.39,0.32,99.68
2025-11-04,514.33,515.04,0.14,99.86
2025-11-05,507.16,511.25,0.81,99.19
2025-11-06,497.1,508.12,2.22,97.78
2025-11-07,496.82,503.97,1.44,98.56
2025-11-10,506.0,506.56,0.11,99.89
2025-11-11,508.68,506.56,0.42,99.58
2025-11-12,511.14,509.15,0.39,99.61
2025-11-13,503.29,506.52,0.64,99.36
2025-11-14,510.18,507.11,0.6,99.4
2025-11-17,507.49,497.91,1.89,98.11
2025-11-18,493.79,493.01,0.16,99.84
2025-11-19,487.12,489.97,0.59,99.41
2025-11-20,478.43,482.99,0.95,99.05
2025-11-21,472.12,473.74,0.34,99.66
2025-11-24,474.0,473.74,0.05,99.95
2025-11-25,476.99,476.79,0.04,99.96
2025-11-26,485.5,489.76,0.88,99.12
2025-11-28,492.01,492.86,0.17,99.83
2025-12-01,486.74,487.15,0.08,99.92
2025-12-02,490.0,486.81,0.65,99.35
2025-12-03,477.73,476.66,0.22,99.78
2025-12-04,480.84,485.99,1.07,98.93
2025-12-05,483.16,479.29,0.8,99.2
2025-12-08,491.02,486.29,0.96,99.04
2025-12-09,492.02,489.09,0.6,99.4
2025-12-10,478.56,488.4,2.06,97.94
2025-12-11,483.47,490.29,1.41,98.59
2025-12-12,478.53,489.55,2.3,97.7
2025-12-15,474.82,482.74,1.67,98.33
2025-12-16,476.39,482.74,1.33,98.67
2025-12-17,476.12,474.87,0.26,99.74
2025-12-18,483.98,482.68,0.27,99.73
2025-12-19,485.92,482.97,0.61,99.39
2025-12-22,484.92,482.75,0.45,99.55
2025-12-23,486.85,486.08,0.16,99.84
2025-12-24,488.02,484.66,0.69,99.31
2025-12-26,487.71,483.66,0.83,99.17
2025-12-29,487.1,482.75,0.89,99.11
2025-12-30,487.48,483.2,0.88,99.12
2025-12-31,483.62,480.74,0.6,99.4
2026-01-02,472.94,472.02,0.19,99.81
2026-01-05,472.85,474.33,0.31,99.69
2026-01-06,478.51,484.15,1.18,98.82
2026-01-07,483.47,481.9,0.32,99.68
2026-01-08,478.11,479.01,0.19,99.81
2026-01-09,479.28,482.99,0.77,99.23
2026-01-12,477.18,474.47,0.57,99.43
2026-01-13,470.67,470.43,0.05,99.95
2026-01-14,459.38,455.22,0.91,99.09
2026-01-15,456.66,454.27,0.52,99.48
2026-01-16,459.86,455.83,0.88,99.12
2026-01-20,454.52,455.22,0.15,99.85
2026-01-21,444.11,454.27,2.29,97.71
2026-01-22,451.14,455.33,0.93,99.07
2026-01-23,465.95,468.55,0.56,99.44
2026-01-26,470.28,472.86,0.55,99.45
2026-01-27,480.58,475.45,1.07,98.93
2026-01-28,481.63,475.4,1.29,98.71
2026-01-29,433.5,437.17,0.85,99.15
2026-01-30,430.29,427.82,0.58,99.42
2026-02-02,423.37,424.17,0.19,99.81
2026-02-03,411.21,421.98,2.62,97.38
2026-02-04,414.19,419.22,1.21,98.79
2026-02-05,393.67,405.23,2.94,97.06
2026-02-06,401.14,399.46,0.42,99.58
2026-02-09,413.6,409.11,1.09,98.91
2026-02-10,413.27,412.57,0.17,99.83
2026-02-11,404.37,406.63,0.56,99.44
2026-02-12,401.84,403.28,0.36,99.64
2026-02-13,401.32,402.66,0.33,99.67
2026-02-17,396.86,398.57,0.43,99.57
2026-02-18,399.6,392.74,1.72,98.28
2026-02-19,398.46,396.48,0.5,99.5
2026-02-20,397.23,396.51,0.18,99.82
2026-02-23,384.47,391.21,1.75,98.25
2026-02-24,389.0,390.96,0.5,99.5
2026-02-25,400.6,396.65,0.99,99.01
2026-02-26,401.72,411.49,2.43,97.57
2026-02-27,392.74,400.36,1.94,98.06
2026-03-02,398.55,395.54,0.76,99.24
2026-03-03,403.93,398.97,1.23,98.77
2026-03-04,405.2,405.4,0.05,99.95
2026-03-05,410.68,407.7,0.73,99.27
2026-03-06,408.96,409.27,0.08,99.92
2026-03-09,409.41,409.89,0.12,99.88
2026-03-10,405.76,407.84,0.51,99.49
2026-03-11,404.88,404.75,0.03,99.97
2026-03-12,401.86,404.23,0.59,99.41
2026-03-13,395.55,401.54,1.52,98.48
2026-03-16,399.95,401.54,0.4,99.6
2026-03-17,399.41,399.34,0.02,99.98
2026-03-18,391.79,395.55,0.96,99.04
2026-03-19,389.02,397.44,2.16,97.84
2026-03-20,381.87,386.39,1.18,98.82
2026-03-23,383.0,382.82,0.05,99.95
2026-03-24,372.74,378.38,1.51,98.49
2026-03-25,371.04,366.25,1.29,98.71
2026-03-26,365.97,366.25,0.08,99.92
2026-03-27,356.77,362.1,1.5,98.5
2026-03-30,358.96,362.04,0.86,99.14
2026-03-31,370.17,368.08,0.56,99.44
2026-04-01,369.37,368.08,0.35,99.65
2026-04-02,373.46,373.34,0.03,99.97
2026-04-06,372.88,369.53,0.9,99.1
2026-04-07,372.29,369.53,0.74,99.26
2026-04-08,374.33,370.25,1.09,98.91
2026-04-09,373.07,372.81,0.07,99.93
2026-04-10,370.87,371.08,0.06,99.94
2026-04-13,384.37,381.81,0.66,99.34
2026-04-14,393.11,393.89,0.2,99.8
2026-04-15,411.22,408.39,0.69,99.31
2026-04-16,420.26,418.3,0.47,99.53
2026-04-17,422.79,421.84,0.22,99.78
2026-04-20,418.07,423.32,1.26,98.74
2026-04-21,424.16,425.79,0.38,99.62
2026-04-22,432.92,439.03,1.41,98.59
2026-04-23,415.75,424.4,2.08,97.92
2026-04-24,424.62,428.01,0.8,99.2
2026-04-27,424.82,432.49,1.81,98.19
2026-04-28,429.25,432.63,0.79,99.21
2026-04-29,424.46,422.05,0.57,99.43
2026-04-30,407.78,416.38,2.11,97.89
2026-05-01,414.44,416.5,0.5,99.5
2026-05-04,413.62,411.66,0.47,99.53
2026-05-05,411.38,408.96,0.59,99.41
2026-05-06,413.96,409.88,0.99,99.01
2026-05-07,420.77,413.62,1.7,98.3
2026-05-08,415.12,415.17,0.01,99.99
2026-05-11,412.66,410.74,0.47,99.53
2026-05-12,407.77,410.11,0.57,99.43
2026-05-13,405.21,409.54,1.07,98.93
2026-05-14,409.43,408.92,0.12,99.88
2026-05-15,421.92,420.74,0.28,99.72
2026-05-18,423.54,417.85,1.34,98.66
2026-05-19,417.42,417.89,0.11,99.89
2026-05-20,421.06,420.39,0.16,99.84
2026-05-21,419.09,416.77,0.55,99.45
2026-05-22,418.57,420.9,0.56,99.44
2026-05-26,416.03,420.67,1.12,98.88
2026-05-27,412.67,416.58,0.95,99.05
2026-05-28,426.99,421.4,1.31,98.69
2026-05-29,450.24,435.97,3.17,96.83
2026-06-01,460.52,447.98,2.72,97.28
2026-06-02,441.31,436.06,1.19,98.81
2026-06-03,427.34,426.18,0.27,99.73
2026-06-04,428.05,425.67,0.56,99.44
2026-06-05,416.67,413.65,0.72,99.28
2026-06-08,411.74,408.98,0.67,99.33
2026-06-09,403.41,405.14,0.43,99.57
2026-06-10,397.36,398.68,0.33,99.67
2026-06-11,390.34,396.81,1.66,98.34
2026-06-12,390.74,396.46,1.46,98.54
2026-06-15,399.76,402.03,0.57,99.43
2026-06-16,393.83,398.52,1.19,98.81
2026-06-17,378.91,384.16,1.39,98.61
2026-06-18,379.4,379.28,0.03,99.97
2026-06-22,367.34,372.49,1.4,98.6
2026-06-23,373.94,363.26,2.86,97.14
2026-06-24,365.46,362.93,0.69,99.31
2026-06-25,352.83,362.43,2.72,97.28
2026-06-26,372.97,369.72,0.87,99.13
2026-06-29,368.57,368.93,0.1,99.9
2026-06-30,373.02,372.35,0.18,99.82
2026-07-01,384.28,385.09,0.21,99.79
2026-07-02,390.49,397.35,1.76,98.24
2026-07-06,386.74,392.48,1.48,98.52
2026-07-07,388.84,383.28,1.43,98.57
2026-07-08,383.34,380.96,0.62,99.38
2026-07-09,384.36,385.24,0.23,99.77
2026-07-10,385.1,385.24,0.04,99.96
2026-07-13,390.99,389.57,0.36,99.64
2026-07-14,384.93,385.22,0.08,99.92
2026-07-15,395.63,395.77,0.04,99.96
2026-07-16,401.1,406.15,1.26,98.74
2026-07-17,393.82,391.39,0.62,99.38
2026-07-20,402.29,406.24,0.98,99.02
2026-07-21,397.75,397.09,0.17,99.83
2026-07-22,390.34,388.01,0.6,99.4
2026-07-23,381.58,382.79,0.32,99.68
2026-07-24,381.7,383.93,0.58,99.42
2026-07-27,389.1,387.63,0.38,99.62
2026-07-28,393.35,393.28,0.02,99.98
2026-07-29,390.54,390.04,0.13,99.87
2026-07-30,451.1,429.97,4.68,95.32
2026-07-31,464.72,445.54,4.13,95.87
2026-08-03,487.65,470.83,3.45,96.55
2026-08-04,492.81,477.88,3.03,96.97
2026-08-05,487.46,475.1,2.54,97.46
2026-08-06,499.86,485.32,2.91,97.09
2026-08-07,499.99,502.27,0.46,99.54
2026-08-10,506.06,499.52,1.29,98.71
2026-08-11,503.81,501.12,0.53,99.47
2026-08-12,492.43,500.88,1.72,98.28
2026-08-13,496.88,497.15,0.05,99.95
2026-08-14,495.4,499.07,0.74,99.26
2026-08-17,480.35,487.59,1.51,98.49
2026-08-18,481.63,488.09,1.34,98.66
2026-08-19,484.31,484.06,0.05,99.95
2026-08-20,481.15,484.2,0.63,99.37
2026-08-21,483.24,480.25,0.62,99.38
2026-08-24,487.31,487.64,0.07,99.93
2026-08-25,491.71,491.12,0.12,99.88
2026-08-26,496.37,494.24,0.43,99.57
2026-08-27,505.06,497.47,1.5,98.5
2026-08-28,513.53,499.71,2.69,97.31
2026-08-31,507.29,498.32,1.77,98.23
2026-09-01,501.02,500.64,0.08,99.92
2026-09-02,496.82,496.57,0.05,99.95
2026-09-03,510.12,506.15,0.78,99.22
2026-09-04,499.7,504.85,1.03,98.97
2026-09-08,493.95,500.05,1.23,98.77
2026-09-09,491.65,496.02,0.89,99.11
2026-09-10,492.44,498.62,1.25,98.75
2026-09-11,495.63,498.84,0.65,99.35
2026-09-14,505.41,508.74,0.66,99.34
2026-09-15,497.12,500.47,0.67,99.33
2026-09-16,490.3,496.65,1.3,98.7
2026-09-17,497.75,497.03,0.14,99.86
2026-09-18,493.78,494.31,0.11,99.89
2026-09-21,501.61,497.46,0.83,99.17
2026-09-22,498.0,497.26,0.15,99.85
2026-09-23,500.59,500.37,0.04,99.96
2026-09-24,497.93,496.63,0.26,99.74
2026-09-25,516.17,509.54,1.28,98.72
2026-09-28,509.22,507.7,0.3,99.7
2026-09-29,508.96,508.34,0.12,99.88
2026-09-30,512.9,507.14,1.12,98.88
2026-10-01,512.8,509.54,0.64,99.36
2026-10-02,517.53,511.59,1.15,98.85
2026-10-05,525.18,520.25,0.94,99.06
2026-10-06,529.3,528.35,0.18,99.82
2026-10-07,529.76,528.83,0.18,99.82
