timestamp,Latest Actual Close,Predicted Close,Error (%),Accuracy (%)
2010-10-20,1.38,1.86,34.86,65.14
2010-10-21,1.38,1.88,35.78,64.22
2010-10-22,1.38,1.84,33.19,66.81
2010-10-25,1.39,1.84,32.36,67.64
2010-10-26,1.42,2.02,42.18,57.82
2010-10-27,1.4,1.88,34.11,65.89
2010-10-28,1.41,1.88,32.91,67.09
2010-10-29,1.46,2.05,40.47,59.53
2010-11-01,1.43,1.97,37.81,62.19
2010-11-02,1.42,1.88,32.54,67.46
2010-11-03,1.45,1.88,29.37,70.63
2010-11-04,1.66,2.21,33.33,66.67
2010-11-05,1.63,2.21,35.84,64.16
2010-11-08,1.67,2.24,34.48,65.52
2010-11-09,1.64,2.21,34.79,65.21
2010-11-10,1.96,2.15,9.62,90.38
2010-11-11,1.87,2.21,18.4,81.6
2010-11-12,1.99,2.21,11.25,88.75
2010-11-15,2.05,2.21,7.79,92.21
2010-11-16,1.98,2.21,11.89,88.11
2010-11-17,1.97,2.21,12.57,87.43
2010-11-18,1.99,2.21,11.07,88.93
2010-11-19,2.07,2.21,7.13,92.87
2010-11-22,2.23,2.24,0.58,99.42
2010-11-23,2.3,2.27,1.57,98.43
2010-11-24,2.36,2.24,5.19,94.81
2010-11-26,2.35,2.27,3.66,96.34
2010-11-29,2.29,2.24,2.04,97.96
2010-11-30,2.36,2.32,1.62,98.38
2010-12-01,2.29,2.14,6.73,93.27
2010-12-02,2.16,2.11,2.16,97.84
2010-12-03,2.1,2.02,3.74,96.26
2010-12-06,2.02,2.05,1.4,98.6
2010-12-07,2.1,2.09,0.63,99.37
2010-12-08,2.16,2.09,3.12,96.88
2010-12-09,2.14,2.21,3.48,96.52
2010-12-10,2.1,2.16,2.71,97.29
2010-12-13,2.04,2.07,1.51,98.49
2010-12-14,1.9,1.96,3.0,97.0
2010-12-15,1.97,1.97,0.18,99.82
2010-12-16,2.05,1.99,3.24,96.76
2010-12-17,2.09,2.01,3.92,96.08
2010-12-20,2.11,2.01,4.95,95.05
2010-12-21,2.15,2.01,6.6,93.4
2010-12-22,2.18,2.16,0.78,99.22
2010-12-23,2.01,2.1,4.49,95.51
2010-12-27,1.7,1.95,14.25,85.75
2010-12-28,1.76,1.92,9.31,90.69
2010-12-29,1.85,1.95,5.26,94.74
2010-12-30,1.77,1.92,8.94,91.06
2010-12-31,1.78,1.95,9.61,90.39
2011-01-03,1.77,1.95,9.65,90.35
2011-01-04,1.78,1.96,10.23,89.77
2011-01-05,1.79,1.95,8.79,91.21
2011-01-06,1.86,1.95,4.7,95.3
2011-01-07,1.88,1.92,1.89,98.11
2011-01-10,1.9,1.92,1.14,98.86
2011-01-11,1.8,1.82,1.1,98.9
2011-01-12,1.8,1.82,1.1,98.9
2011-01-13,1.75,1.79,2.68,97.32
2011-01-14,1.72,1.91,11.09,88.91
2011-01-18,1.71,1.87,9.32,90.68
2011-01-19,1.6,1.79,11.73,88.27
2011-01-20,1.51,1.75,15.74,84.26
2011-01-21,1.54,1.79,16.53,83.47
2011-01-24,1.63,1.79,9.48,90.52
2011-01-25,1.65,1.79,8.64,91.36
2011-01-26,1.65,1.79,8.33,91.67
2011-01-27,1.66,1.77,6.31,93.69
2011-01-28,1.6,1.79,11.82,88.18
2011-01-31,1.61,1.79,11.41,88.59
2011-02-01,1.59,1.79,12.19,87.81
2011-02-02,1.6,1.79,12.05,87.95
2011-02-03,1.58,1.77,12.11,87.89
2011-02-04,1.56,1.77,12.92,87.08
2011-02-07,1.54,1.77,14.83,85.17
2011-02-08,1.63,1.86,13.71,86.29
2011-02-09,1.55,1.86,19.99,80.01
2011-02-10,1.55,1.88,21.34,78.66
2011-02-11,1.55,1.79,15.32,84.68
2011-02-14,1.54,1.77,14.78,85.22
2011-02-15,1.52,1.77,15.99,84.01
2011-02-16,1.65,1.85,12.29,87.71
2011-02-17,1.57,1.85,17.67,82.33
2011-02-18,1.55,1.8,16.56,83.44
2011-02-22,1.46,1.79,22.6,77.4
2011-02-23,1.46,1.79,22.82,77.18
2011-02-24,1.5,1.8,19.93,80.07
2011-02-25,1.57,1.88,19.33,80.67
2011-02-28,1.59,1.86,16.57,83.43
2011-03-01,1.6,1.85,16.0,84.0
2011-03-02,1.6,1.88,17.25,82.75
2011-03-03,1.62,1.88,15.62,84.38
2011-03-04,1.66,1.88,12.88,87.12
2011-03-07,1.66,1.88,12.93,87.07
2011-03-08,1.64,1.88,14.21,85.79
2011-03-09,1.65,1.88,13.98,86.02
2011-03-10,1.6,1.86,15.99,84.01
2011-03-11,1.6,1.88,17.01,82.99
2011-03-14,1.55,1.97,26.91,73.09
2011-03-15,1.53,1.88,22.72,77.28
2011-03-16,1.52,1.86,22.04,77.96
2011-03-17,1.52,1.79,17.54,82.46
2011-03-18,1.53,1.79,16.78,83.22
2011-03-21,1.52,1.77,16.55,83.45
2011-03-22,1.48,1.79,20.99,79.01
2011-03-23,1.48,1.75,17.88,82.12
2011-03-24,1.49,1.61,8.42,91.58
2011-03-25,1.52,1.36,10.06,89.94
2011-03-28,1.55,1.77,13.94,86.06
2011-03-29,1.59,1.79,12.09,87.91
2011-03-30,1.58,1.85,17.13,82.87
2011-03-31,1.85,2.05,10.55,89.45
2011-04-01,1.78,2.05,15.07,84.93
2011-04-04,1.72,2.02,17.57,82.43
2011-04-05,1.78,2.05,14.9,85.1
2011-04-06,1.77,2.03,15.06,84.94
2011-04-07,1.82,2.05,12.62,87.38
2011-04-08,1.77,2.02,14.64,85.36
2011-04-11,1.68,1.97,16.76,83.24
2011-04-12,1.64,1.88,14.25,85.75
2011-04-13,1.66,1.88,12.97,87.03
2011-04-14,1.68,1.88,12.03,87.97
2011-04-15,1.71,1.88,10.1,89.9
2011-04-18,1.67,1.86,11.26,88.74
2011-04-19,1.68,1.88,11.94,88.06
2011-04-20,1.72,1.79,4.12,95.88
2011-04-21,1.78,1.88,5.37,94.63
2011-04-25,1.76,1.86,5.53,94.47
2011-04-26,1.8,1.88,4.62,95.38
2011-04-27,1.81,1.86,2.84,97.16
2011-04-28,1.84,1.86,0.68,99.32
2011-04-29,1.84,1.88,2.04,97.96
2011-05-02,1.83,2.03,11.03,88.97
2011-05-03,1.79,2.12,18.08,81.92
2011-05-04,1.78,2.02,13.78,86.22
2011-05-05,1.76,1.88,6.52,93.48
2011-05-06,1.81,2.04,12.67,87.33
2011-05-09,1.86,2.2,18.11,81.89
2011-05-10,1.89,2.21,17.18,82.82
2011-05-11,1.8,1.95,7.92,92.08
2011-05-12,1.84,1.95,5.58,94.42
2011-05-13,1.84,1.95,6.04,93.96
2011-05-16,1.77,1.92,8.35,91.65
2011-05-17,1.73,1.86,7.33,92.67
2011-05-18,1.76,1.86,5.74,94.26
2011-05-19,1.88,1.93,2.48,97.52
2011-05-20,1.86,1.93,3.32,96.68
2011-05-23,1.79,1.92,7.46,92.54
2011-05-24,1.78,1.95,9.38,90.62
2011-05-25,1.93,1.95,0.81,99.19
2011-05-26,1.97,1.95,0.9,99.1
2011-05-27,1.97,1.98,0.33,99.67
2011-05-31,2.01,1.98,1.64,98.36
2011-06-01,1.9,1.98,3.95,96.05
2011-06-02,1.92,1.98,3.27,96.73
2011-06-03,2.01,1.98,1.61,98.39
2011-06-06,1.91,1.98,3.3,96.7
2011-06-07,1.89,1.98,4.5,95.5
2011-06-08,1.81,1.96,8.15,91.85
2011-06-09,1.84,1.95,5.91,94.09
2011-06-10,1.86,1.95,5.0,95.0
2011-06-13,1.9,1.98,4.28,95.72
2011-06-14,1.91,1.98,3.66,96.34
2011-06-15,1.82,1.89,3.56,96.44
2011-06-16,1.77,1.89,6.77,93.23
2011-06-17,1.77,1.86,5.56,94.44
2011-06-20,1.73,1.85,6.54,93.46
2011-06-21,1.84,1.94,5.63,94.37
2011-06-22,1.81,1.89,3.98,96.02
2011-06-23,1.85,1.89,2.11,97.89
2011-06-24,1.84,1.9,3.38,96.62
2011-06-27,1.83,1.94,5.9,94.1
2011-06-28,1.87,1.98,5.46,94.54
2011-06-29,1.89,1.98,4.98,95.02
2011-06-30,1.94,1.98,1.77,98.23
2011-07-01,1.93,1.96,1.07,98.93
2011-07-05,1.94,1.96,0.66,99.34
2011-07-06,1.93,2.07,7.0,93.0
2011-07-07,1.98,2.31,16.65,83.35
2011-07-08,1.92,2.12,10.56,89.44
2011-07-11,1.89,2.12,12.35,87.65
2011-07-12,1.88,1.98,5.24,94.76
2011-07-13,1.91,2.07,8.2,91.8
2011-07-14,1.84,1.95,5.95,94.05
2011-07-15,1.84,1.98,7.53,92.47
2011-07-18,1.82,1.95,7.43,92.57
2011-07-19,1.86,1.95,4.89,95.11
2011-07-20,1.91,1.96,2.23,97.77
2011-07-21,1.91,1.95,1.93,98.07
2011-07-22,1.95,1.98,1.25,98.75
2011-07-25,1.9,1.94,2.07,97.93
2011-07-26,1.87,1.9,1.79,98.21
2011-07-27,1.84,1.86,1.21,98.79
2011-07-28,1.88,1.94,3.23,96.77
2011-07-29,1.88,1.95,3.84,96.16
2011-08-01,1.92,1.96,1.95,98.05
2011-08-02,1.82,1.89,3.49,96.51
2011-08-03,1.81,1.95,7.55,92.45
2011-08-04,1.65,1.86,13.03,86.97
2011-08-05,1.62,1.84,13.62,86.38
2011-08-08,1.58,1.82,15.5,84.5
2011-08-09,1.67,1.77,5.71,94.29
2011-08-10,1.59,1.79,12.72,87.28
2011-08-11,1.69,1.77,4.71,95.29
2011-08-12,1.75,1.79,1.91,98.09
2011-08-15,1.75,1.79,2.22,97.78
2011-08-16,1.74,1.8,3.52,96.48
2011-08-17,1.72,1.79,3.8,96.2
2011-08-18,1.62,1.77,9.2,90.8
2011-08-19,1.49,1.79,20.4,79.6
2011-08-22,1.46,1.79,22.21,77.79
2011-08-23,1.53,1.77,15.38,84.62
2011-08-24,1.59,1.85,16.34,83.66
2011-08-25,1.54,1.84,19.42,80.58
2011-08-26,1.58,1.88,18.73,81.27
2011-08-29,1.65,1.85,12.39,87.61
2011-08-30,1.64,1.86,13.07,86.93
2011-08-31,1.65,1.85,12.25,87.75
2011-09-01,1.6,1.79,11.72,88.28
2011-09-02,1.54,1.77,14.83,85.17
2011-09-06,1.53,1.77,15.48,84.52
2011-09-07,1.59,1.79,12.46,87.54
2011-09-08,1.57,1.85,17.62,82.38
2011-09-09,1.53,1.86,21.24,78.76
2011-09-12,1.53,1.88,23.09,76.91
2011-09-13,1.61,1.88,16.96,83.04
2011-09-14,1.62,1.86,14.42,85.58
2011-09-15,1.65,1.88,13.47,86.53
2011-09-16,1.72,1.97,14.36,85.64
2011-09-19,1.72,1.88,9.29,90.71
2011-09-20,1.73,1.88,8.28,91.72
2011-09-21,1.72,1.88,8.95,91.05
2011-09-22,1.71,1.92,12.3,87.7
2011-09-23,1.76,2.21,25.85,74.15
2011-09-26,1.7,2.03,19.43,80.57
2011-09-27,1.75,2.03,16.37,83.63
2011-09-28,1.64,1.88,14.53,85.47
2011-09-29,1.61,1.88,16.77,83.23
2011-09-30,1.63,1.88,15.47,84.53
2011-10-03,1.58,1.85,17.03,82.97
2011-10-04,1.58,1.84,16.64,83.36
2011-10-05,1.69,1.86,9.77,90.23
2011-10-06,1.8,1.88,4.47,95.53
2011-10-07,1.8,1.88,4.35,95.65
2011-10-10,1.86,1.88,1.02,98.98
2011-10-11,1.84,1.88,2.01,97.99
2011-10-12,1.85,1.88,1.31,98.69
2011-10-13,1.86,1.88,0.8,99.2
2011-10-14,1.87,1.97,5.19,94.81
2011-10-17,1.83,1.88,2.71,97.29
2011-10-18,1.89,2.2,16.31,83.69
2011-10-19,1.84,2.05,11.27,88.73
2011-10-20,1.82,2.03,11.48,88.52
2011-10-21,1.87,2.21,18.44,81.56
2011-10-24,1.9,2.21,16.28,83.72
2011-10-25,1.88,2.05,8.59,91.41
2011-10-26,1.87,1.88,0.66,99.34
2011-10-27,1.92,1.97,2.59,97.41
2011-10-28,1.99,2.07,3.74,96.26
2011-10-31,1.96,2.02,3.05,96.95
2011-11-01,1.93,1.98,2.65,97.35
2011-11-02,1.91,1.98,3.26,96.74
2011-11-03,2.16,2.14,0.92,99.08
2011-11-04,2.15,2.22,3.05,96.95
2011-11-07,2.08,2.11,1.38,98.62
2011-11-08,2.12,2.22,4.55,95.45
2011-11-09,2.06,2.2,6.8,93.2
2011-11-10,2.09,2.14,2.51,97.49
2011-11-11,2.24,2.22,1.04,98.96
2011-11-14,2.21,2.21,0.39,99.61
2011-11-15,2.26,2.26,0.16,99.84
2011-11-16,2.33,2.26,3.05,96.95
2011-11-17,2.25,2.24,0.29,99.71
2011-11-18,2.17,2.15,1.1,98.9
2011-11-21,2.12,2.15,1.51,98.49
2011-11-22,2.14,2.15,0.53,99.47
2011-11-23,2.1,2.1,0.03,99.97
2011-11-25,2.11,2.11,0.15,99.85
2011-11-28,2.17,2.15,0.98,99.02
2011-11-29,2.12,2.11,0.43,99.57
2011-11-30,2.18,2.21,1.3,98.7
2011-12-01,2.17,2.21,1.74,98.26
2011-12-02,2.22,2.13,4.0,96.0
2011-12-05,2.29,2.21,3.64,96.36
2011-12-06,2.32,2.17,6.46,93.54
2011-12-07,2.28,2.13,6.49,93.51
2011-12-08,2.06,2.07,0.39,99.61
2011-12-09,2.07,2.08,0.57,99.43
2011-12-12,2.03,2.08,2.66,97.34
2011-12-13,1.96,2.07,5.3,94.7
2011-12-14,1.9,2.07,8.7,91.3
2011-12-15,1.91,2.04,7.11,92.89
2011-12-16,1.87,1.95,4.26,95.74
2011-12-19,1.85,1.96,6.15,93.85
2011-12-20,1.86,1.9,1.95,98.05
2011-12-21,1.84,1.9,3.17,96.83
2011-12-22,1.85,1.4,24.54,75.46
2011-12-23,1.86,1.81,2.44,97.56
2011-12-27,1.9,1.81,4.73,95.27
2011-12-28,1.9,1.79,5.94,94.06
2011-12-29,1.92,1.91,0.43,99.57
2011-12-30,1.9,1.9,0.4,99.6
2012-01-03,1.87,1.9,1.3,98.7
2012-01-04,1.85,1.91,3.23,96.77
2012-01-05,1.81,1.9,4.92,95.08
2012-01-06,1.79,1.85,2.97,97.03
2012-01-09,1.82,1.89,3.83,96.17
2012-01-10,1.84,1.95,5.91,94.09
2012-01-11,1.88,1.96,3.9,96.1
2012-01-12,1.88,1.98,4.94,95.06
2012-01-13,1.52,1.79,17.95,82.05
2012-01-17,1.77,1.94,9.32,90.68
2012-01-18,1.79,1.9,6.31,93.69
2012-01-19,1.78,1.9,6.51,93.49
2012-01-20,1.77,1.89,6.37,93.63
2012-01-23,1.78,1.87,4.86,95.14
2012-01-24,1.83,1.92,5.11,94.89
2012-01-25,1.86,1.95,4.49,95.51
2012-01-26,1.93,1.98,2.44,97.56
2012-01-27,1.96,1.98,1.08,98.92
2012-01-30,1.97,1.98,0.26,99.74
2012-01-31,1.94,1.98,1.98,98.02
2012-02-01,1.97,1.98,0.4,99.6
2012-02-02,2.02,1.98,2.0,98.0
2012-02-03,2.08,2.81,35.26,64.74
2012-02-06,2.12,2.63,24.07,75.93
2012-02-07,2.11,2.5,18.5,81.5
2012-02-08,2.13,2.5,17.28,82.72
2012-02-09,2.17,2.81,29.32,70.68
2012-02-10,2.07,2.29,10.43,89.57
2012-02-13,2.1,2.39,13.72,86.28
2012-02-14,2.21,2.39,7.96,92.04
2012-02-15,2.24,2.43,8.32,91.68
2012-02-16,2.28,2.43,6.48,93.52
2012-02-17,2.33,2.49,6.59,93.41
2012-02-21,2.3,2.49,8.05,91.95
2012-02-22,2.28,2.49,8.93,91.07
2012-02-23,2.3,2.47,7.27,92.73
2012-02-24,2.25,2.3,2.25,97.75
2012-02-27,2.24,2.21,1.35,98.65
2012-02-28,2.25,2.3,2.06,97.94
2012-02-29,2.23,2.21,0.73,99.27
2012-03-01,2.29,2.21,3.61,96.39
2012-03-02,2.27,2.37,4.23,95.77
2012-03-05,2.25,2.3,2.19,97.81
2012-03-06,2.21,2.13,3.44,96.56
2012-03-07,2.21,2.13,3.47,96.53
2012-03-08,2.2,2.14,2.79,97.21
2012-03-09,2.32,2.21,4.7,95.3
2012-03-12,2.4,2.29,4.74,95.26
2012-03-13,2.41,2.38,1.23,98.77
2012-03-14,2.35,2.34,0.51,99.49
2012-03-15,2.33,2.35,0.87,99.13
2012-03-16,2.35,2.35,0.04,99.96
2012-03-19,2.33,2.35,0.93,99.07
2012-03-20,2.33,2.35,0.98,99.02
2012-03-21,2.34,2.35,0.44,99.56
2012-03-22,2.29,2.32,1.03,98.97
2012-03-23,2.27,2.34,2.94,97.06
2012-03-26,2.49,2.52,1.12,98.88
2012-03-27,2.53,2.69,6.32,93.68
2012-03-28,2.52,2.67,5.95,94.05
2012-03-29,2.49,2.44,1.83,98.17
2012-03-30,2.48,2.35,5.2,94.8
2012-04-02,2.44,2.32,4.99,95.01
2012-04-03,2.53,2.44,3.59,96.41
2012-04-04,2.33,2.3,1.39,98.61
2012-04-05,2.3,2.27,1.08,98.92
2012-04-09,2.21,2.22,0.62,99.38
2012-04-10,2.16,2.21,2.12,97.88
2012-04-11,2.21,2.21,0.18,99.82
2012-04-12,2.23,2.27,2.0,98.0
2012-04-13,2.24,2.27,1.54,98.46
2012-04-16,2.15,2.02,6.13,93.87
2012-04-17,2.15,1.99,7.61,92.39
2012-04-18,2.18,2.02,7.3,92.7
2012-04-19,2.21,2.03,8.21,91.79
2012-04-20,2.21,2.03,8.21,91.79
2012-04-23,2.13,1.96,7.84,92.16
2012-04-24,2.12,1.84,13.18,86.82
2012-04-25,2.19,2.07,5.77,94.23
2012-04-26,2.23,2.08,6.78,93.22
2012-04-27,2.22,2.16,2.9,97.1
2012-04-30,2.21,2.2,0.48,99.52
2012-05-01,2.25,2.2,2.39,97.61
2012-05-02,2.26,2.25,0.55,99.45
2012-05-03,2.16,2.16,0.32,99.68
2012-05-04,2.12,2.21,4.01,95.99
2012-05-07,2.16,2.23,3.21,96.79
2012-05-08,2.01,2.07,2.72,97.28
2012-05-09,2.0,2.05,2.1,97.9
2012-05-10,2.2,2.13,3.01,96.99
2012-05-11,2.15,2.16,0.38,99.62
2012-05-14,2.0,2.08,3.85,96.15
2012-05-15,1.96,2.07,5.37,94.63
2012-05-16,1.95,2.05,5.18,94.82
2012-05-17,1.9,2.02,6.18,93.82
2012-05-18,1.84,1.94,5.51,94.49
2012-05-21,1.92,1.96,2.38,97.62
2012-05-22,2.05,1.99,3.33,96.67
2012-05-23,2.07,2.04,1.48,98.52
2012-05-24,2.02,2.04,0.93,99.07
2012-05-25,1.99,1.99,0.12,99.88
2012-05-29,2.11,2.08,1.65,98.35
2012-05-30,2.03,2.08,2.4,97.6
2012-05-31,1.97,1.99,0.93,99.07
2012-06-01,1.88,1.95,3.69,96.31
2012-06-04,1.86,1.95,4.7,95.3
2012-06-05,1.86,1.96,5.33,94.67
2012-06-06,1.95,2.04,4.56,95.44
2012-06-07,1.93,2.04,5.61,94.39
2012-06-08,2.01,2.05,2.31,97.69
2012-06-11,1.94,2.04,4.92,95.08
2012-06-12,1.98,2.0,1.06,98.94
2012-06-13,1.98,2.0,0.69,99.31
2012-06-14,1.96,2.0,1.99,98.01
2012-06-15,1.99,2.04,2.15,97.85
2012-06-18,2.12,2.04,4.04,95.96
2012-06-19,2.14,2.05,4.1,95.9
2012-06-20,2.25,2.22,1.45,98.55
2012-06-21,2.15,2.25,4.62,95.38
2012-06-22,2.25,2.41,7.02,92.98
2012-06-25,2.21,2.32,4.97,95.03
2012-06-26,2.11,2.15,2.0,98.0
2012-06-27,2.13,2.15,0.88,99.12
2012-06-28,2.09,2.15,2.65,97.35
2012-06-29,2.09,2.15,3.04,96.96
2012-07-02,2.03,2.11,4.25,95.75
2012-07-03,2.04,2.11,3.37,96.63
2012-07-05,2.08,2.15,3.24,96.76
2012-07-06,2.07,2.11,2.27,97.73
2012-07-09,2.1,2.11,0.39,99.61
2012-07-10,2.08,2.11,1.1,98.9
2012-07-11,2.1,2.04,2.71,97.29
2012-07-12,2.18,2.11,3.08,96.92
2012-07-13,2.28,2.12,7.29,92.71
2012-07-16,2.4,2.3,4.04,95.96
2012-07-17,2.22,2.21,0.55,99.45
2012-07-18,2.14,2.16,0.7,99.3
2012-07-19,2.15,2.17,1.08,98.92
2012-07-20,2.12,2.2,3.63,96.37
2012-07-23,2.04,2.13,4.43,95.57
2012-07-24,1.99,2.11,5.94,94.06
2012-07-25,1.93,2.04,5.89,94.11
2012-07-26,1.88,2.04,8.98,91.02
2012-07-27,1.97,2.0,1.6,98.4
2012-07-30,1.82,1.99,8.87,91.13
2012-07-31,1.83,1.95,6.45,93.55
2012-08-01,1.75,1.91,8.98,91.02
2012-08-02,1.74,1.86,7.11,92.89
2012-08-03,1.82,1.83,0.41,99.59
2012-08-06,1.88,1.91,1.19,98.81
2012-08-07,2.02,1.96,2.82,97.18
2012-08-08,1.94,1.95,0.34,99.66
2012-08-09,1.96,1.95,0.75,99.25
2012-08-10,2.0,2.01,0.7,99.3
2012-08-13,2.08,2.04,1.89,98.11
2012-08-14,1.96,2.04,3.85,96.15
2012-08-15,1.96,2.02,2.81,97.19
2012-08-16,2.02,2.02,0.24,99.76
2012-08-17,2.0,2.02,1.17,98.83
2012-08-20,1.97,2.02,2.88,97.12
2012-08-21,1.94,2.07,6.42,93.58
2012-08-22,2.0,2.17,8.73,91.27
2012-08-23,2.05,2.14,4.51,95.49
2012-08-24,1.97,2.05,4.32,95.68
2012-08-27,1.89,1.95,3.07,96.93
2012-08-28,1.91,2.01,5.08,94.92
2012-08-29,1.89,2.0,5.51,94.49
2012-08-30,1.89,1.95,2.74,97.26
2012-08-31,1.9,1.92,1.23,98.77
2012-09-04,1.88,1.95,3.73,96.27
2012-09-05,1.86,1.95,4.47,95.53
2012-09-06,1.9,1.95,2.24,97.76
2012-09-07,1.96,2.0,2.13,97.87
2012-09-10,1.82,1.95,6.65,93.35
2012-09-11,1.85,1.96,5.75,94.25
2012-09-12,1.89,1.92,1.75,98.25
2012-09-13,1.97,1.93,1.69,98.31
2012-09-14,2.03,2.01,0.74,99.26
2012-09-17,2.17,2.22,2.3,97.7
2012-09-18,2.09,2.09,0.17,99.83
2012-09-19,2.07,2.09,1.11,98.89
2012-09-20,2.06,2.05,0.4,99.6
2012-09-21,2.0,2.05,2.52,97.48
2012-09-24,2.04,2.05,0.38,99.62
2012-09-25,1.84,2.01,9.0,91.0
2012-09-26,1.84,2.01,9.47,90.53
2012-09-27,1.9,2.01,5.82,94.18
2012-09-28,1.95,2.05,5.11,94.89
2012-10-01,1.94,2.05,5.54,94.46
2012-10-02,1.99,2.05,3.27,96.73
2012-10-03,1.95,2.01,2.9,97.1
2012-10-04,1.96,2.0,1.96,98.04
2012-10-05,1.93,1.91,0.98,99.02
2012-10-08,1.95,1.95,0.21,99.79
2012-10-09,1.89,1.95,2.89,97.11
2012-10-10,1.89,1.95,2.78,97.22
2012-10-11,1.89,1.95,3.07,96.93
2012-10-12,1.84,1.92,4.45,95.55
2012-10-15,1.82,2.01,10.31,89.69
2012-10-16,1.87,2.02,7.72,92.28
2012-10-17,1.92,1.99,3.65,96.35
2012-10-18,1.87,1.89,0.91,99.09
2012-10-19,1.85,1.89,2.0,98.0
2012-10-22,1.86,1.86,0.45,99.55
2012-10-23,1.89,1.89,0.34,99.66
2012-10-24,1.83,1.89,3.19,96.81
2012-10-25,1.83,1.89,2.81,97.19
2012-10-26,1.83,1.89,3.34,96.66
2012-10-31,1.88,1.95,3.99,96.01
2012-11-01,1.95,1.98,1.35,98.65
2012-11-02,1.93,1.96,1.42,98.58
2012-11-05,2.1,2.14,2.09,97.91
2012-11-06,2.08,2.14,3.24,96.76
2012-11-07,2.1,2.13,1.33,98.67
2012-11-08,2.09,2.07,1.03,98.97
2012-11-09,2.02,2.11,4.56,95.44
2012-11-12,2.07,2.18,5.16,94.84
2012-11-13,2.11,2.21,4.68,95.32
2012-11-14,2.09,2.2,5.1,94.9
2012-11-15,2.05,2.21,7.37,92.63
2012-11-16,2.12,2.22,4.55,95.45
2012-11-19,2.19,2.39,8.78,91.22
2012-11-20,2.2,2.41,9.58,90.42
2012-11-21,2.16,2.24,3.38,96.62
2012-11-23,2.14,2.24,4.47,95.53
2012-11-26,2.15,2.15,0.09,99.91
2012-11-27,2.14,2.15,0.28,99.72
2012-11-28,2.22,2.15,2.98,97.02
2012-11-29,2.25,2.24,0.32,99.68
2012-11-30,2.25,2.49,10.22,89.78
2012-12-03,2.31,2.55,10.34,89.66
2012-12-04,2.26,2.36,4.34,95.66
2012-12-05,2.25,2.36,4.93,95.07
2012-12-06,2.26,2.38,5.25,94.75
2012-12-07,2.28,2.37,3.84,96.16
2012-12-10,2.3,2.3,0.18,99.82
2012-12-11,2.35,2.37,0.57,99.43
2012-12-12,2.35,2.55,8.34,91.66
2012-12-13,2.24,2.21,1.32,98.68
2012-12-14,2.25,2.29,1.46,98.54
2012-12-17,2.29,2.38,3.62,96.38
2012-12-18,2.31,2.29,0.83,99.17
2012-12-19,2.31,2.29,0.89,99.11
2012-12-20,2.3,2.27,0.93,99.07
2012-12-21,2.27,2.2,3.14,96.86
2012-12-24,2.29,2.32,1.39,98.61
2012-12-26,2.24,2.21,1.44,98.56
2012-12-27,2.25,2.21,1.73,98.27
2012-12-28,2.21,2.14,3.23,96.77
2012-12-31,2.26,2.2,2.77,97.23
2013-01-02,2.36,2.3,2.4,97.6
2013-01-03,2.32,2.27,1.91,98.09
2013-01-04,2.29,2.35,2.63,97.37
2013-01-07,2.29,2.32,1.21,98.79
2013-01-08,2.25,2.26,0.75,99.25
2013-01-09,2.24,2.21,1.46,98.54
2013-01-10,2.24,2.21,1.14,98.86
2013-01-11,2.19,2.21,0.72,99.28
2013-01-14,2.22,2.2,0.98,99.02
2013-01-15,2.26,2.21,2.34,97.66
2013-01-16,2.27,2.25,1.01,98.99
2013-01-17,2.29,2.35,2.69,97.31
2013-01-18,2.3,2.35,2.27,97.73
2013-01-22,2.35,2.35,0.32,99.68
2013-01-23,2.4,2.35,1.93,98.07
2013-01-24,2.47,2.51,1.7,98.3
2013-01-25,2.47,2.6,5.33,94.67
2013-01-28,2.54,2.69,6.07,93.93
2013-01-29,2.53,2.65,4.57,95.43
2013-01-30,2.5,2.69,7.51,92.49
2013-01-31,2.5,2.72,8.6,91.4
2013-02-01,2.55,3.12,22.12,77.88
2013-02-04,2.52,2.88,14.57,85.43
2013-02-05,2.54,2.72,6.83,93.17
2013-02-06,2.61,2.5,4.33,95.67
2013-02-07,2.63,2.61,1.02,98.98
2013-02-08,2.62,2.94,12.2,87.8
2013-02-11,2.56,2.63,2.6,97.4
2013-02-12,2.53,2.55,0.94,99.06
2013-02-13,2.56,2.46,4.01,95.99
2013-02-14,2.55,2.6,1.84,98.16
2013-02-15,2.47,2.47,0.04,99.96
2013-02-19,2.62,2.6,0.78,99.22
2013-02-20,2.57,2.6,1.12,98.88
2013-02-21,2.34,2.45,4.71,95.29
2013-02-22,2.41,2.32,3.76,96.24
2013-02-25,2.29,2.32,1.08,98.92
2013-02-26,2.3,2.21,3.72,96.28
2013-02-27,2.34,2.3,1.66,98.34
2013-02-28,2.32,2.3,0.89,99.11
2013-03-01,2.31,2.3,0.38,99.62
2013-03-04,2.37,2.32,2.09,97.91
2013-03-05,2.44,2.26,7.41,92.59
2013-03-06,2.51,2.27,9.51,90.49
2013-03-07,2.55,2.3,9.73,90.27
2013-03-08,2.56,2.34,8.74,91.26
2013-03-11,2.61,2.38,8.67,91.33
2013-03-12,2.61,2.45,6.23,93.77
2013-03-13,2.6,2.63,1.13,98.87
2013-03-14,2.46,2.42,1.34,98.66
2013-03-15,2.35,2.45,4.03,95.97
2013-03-18,2.34,2.42,3.44,96.56
2013-03-19,2.34,2.3,1.62,98.38
2013-03-20,2.4,2.35,1.8,98.2
2013-03-21,2.4,2.35,1.96,98.04
2013-03-22,2.44,2.35,3.59,96.41
2013-03-25,2.5,2.34,6.45,93.55
2013-03-26,2.52,2.41,4.61,95.39
2013-03-27,2.54,2.38,6.42,93.58
2013-03-28,2.53,2.38,5.75,94.25
2013-04-01,2.93,2.87,2.17,97.83
2013-04-02,2.96,2.87,3.07,96.93
2013-04-03,2.74,2.71,1.06,98.94
2013-04-04,2.8,2.86,2.04,97.96
2013-04-05,2.76,2.88,4.37,95.63
2013-04-08,2.79,2.88,3.22,96.78
2013-04-09,2.7,2.86,5.85,94.15
2013-04-10,2.79,2.96,6.12,93.88
2013-04-11,2.91,2.97,2.37,97.63
2013-04-12,2.92,2.97,1.99,98.01
2013-04-15,2.89,2.95,2.34,97.66
2013-04-16,3.04,3.18,4.64,95.36
2013-04-17,3.03,3.45,13.97,86.03
2013-04-18,3.13,3.47,10.71,89.29
2013-04-19,3.19,3.34,4.76,95.24
2013-04-22,3.35,3.45,2.99,97.01
2013-04-23,3.4,3.66,7.66,92.34
2013-04-24,3.36,3.63,8.11,91.89
2013-04-25,3.47,3.83,10.42,89.58
2013-04-26,3.41,3.63,6.48,93.52
2013-04-29,3.66,3.88,6.07,93.93
2013-04-30,3.6,4.01,11.46,88.54
2013-05-01,3.55,3.63,2.33,97.67
2013-05-02,3.61,3.82,5.85,94.15
2013-05-03,3.64,3.84,5.72,94.28
2013-05-06,3.97,4.01,1.13,98.87
2013-05-07,3.7,3.65,1.36,98.64
2013-05-08,3.72,3.64,2.21,97.79
2013-05-09,4.63,6.04,30.54,69.46
2013-05-10,5.12,5.79,13.07,86.93
2013-05-13,5.85,5.72,2.34,97.66
2013-05-14,5.55,5.76,3.79,96.21
2013-05-15,5.66,5.76,1.83,98.17
2013-05-16,6.15,6.05,1.64,98.36
2013-05-17,6.1,6.04,0.99,99.01
2013-05-20,6.0,6.04,0.73,99.27
2013-05-21,5.84,6.04,3.43,96.57
2013-05-22,5.82,6.46,11.12,88.88
2013-05-23,6.18,6.46,4.55,95.45
2013-05-24,6.47,6.46,0.14,99.86
2013-05-28,7.36,7.23,1.76,98.24
2013-05-29,6.98,6.96,0.17,99.83
2013-05-30,7.0,6.96,0.47,99.53
2013-05-31,6.52,6.77,3.95,96.05
2013-06-03,6.17,6.59,6.78,93.22
2013-06-04,6.32,6.63,4.83,95.17
2013-06-05,6.36,6.63,4.25,95.75
2013-06-06,6.49,6.61,1.93,98.07
2013-06-07,6.8,6.63,2.57,97.43
2013-06-10,6.67,6.63,0.63,99.37
2013-06-11,6.3,6.63,5.24,94.76
2013-06-12,6.52,6.63,1.73,98.27
2013-06-13,6.55,6.61,1.06,98.94
2013-06-14,6.69,6.59,1.43,98.57
2013-06-17,6.81,6.48,4.83,95.17
2013-06-18,6.89,6.55,5.0,95.0
2013-06-19,6.98,6.55,6.17,93.83
2013-06-20,6.71,6.59,1.77,98.23
2013-06-21,6.64,6.63,0.13,99.87
2013-06-24,6.77,7.25,7.2,92.8
2013-06-25,6.83,6.75,1.08,98.92
2013-06-26,7.05,6.79,3.6,96.4
2013-06-27,7.28,6.75,7.28,92.72
2013-06-28,7.16,7.25,1.34,98.66
2013-07-01,7.81,8.01,2.56,97.44
2013-07-02,7.85,8.01,2.01,97.99
2013-07-03,7.68,8.0,4.09,95.91
2013-07-05,8.01,8.01,0.08,99.92
2013-07-08,8.11,8.01,1.17,98.83
2013-07-09,8.23,8.01,2.65,97.35
2013-07-10,8.15,7.84,3.77,96.23
2013-07-11,8.37,8.04,4.01,95.99
2013-07-12,8.66,8.27,4.46,95.54
2013-07-15,8.48,8.01,5.56,94.44
2013-07-16,7.27,7.68,5.59,94.41
2013-07-17,8.02,8.46,5.59,94.41
2013-07-18,7.94,8.04,1.34,98.66
2013-07-19,7.98,8.46,6.09,93.91
2013-07-22,8.16,8.43,3.26,96.74
2013-07-23,8.18,8.43,3.0,97.0
2013-07-24,8.11,8.46,4.33,95.67
2013-07-25,8.27,8.43,1.9,98.1
2013-07-26,8.63,9.14,5.99,94.01
2013-07-29,8.97,9.14,1.87,98.13
2013-07-30,8.78,9.14,4.1,95.9
2013-07-31,8.95,9.14,2.13,97.87
2013-08-01,9.04,9.13,1.03,98.97
2013-08-02,9.2,9.14,0.62,99.38
2013-08-05,9.65,9.73,0.87,99.13
2013-08-06,9.48,9.48,0.02,99.98
2013-08-07,8.95,9.3,3.89,96.11
2013-08-08,10.23,9.74,4.79,95.21
2013-08-09,10.2,9.06,11.14,88.86
2013-08-12,9.83,8.88,9.59,90.41
2013-08-13,9.7,9.56,1.39,98.61
2013-08-14,9.29,9.41,1.25,98.75
2013-08-15,9.31,9.41,1.02,98.98
2013-08-16,9.47,9.41,0.63,99.37
2013-08-19,9.66,9.41,2.62,97.38
2013-08-20,9.97,10.27,3.03,96.97
2013-08-21,9.86,10.27,4.23,95.77
2013-08-22,10.47,10.36,1.05,98.95
2013-08-23,10.79,10.32,4.39,95.61
2013-08-26,10.95,10.42,4.81,95.19
2013-08-27,11.13,10.61,4.71,95.29
2013-08-28,11.1,10.36,6.61,93.39
2013-08-29,11.07,10.36,6.39,93.61
2013-08-30,11.27,10.61,5.83,94.17
2013-09-03,11.26,10.61,5.8,94.2
2013-09-04,11.37,12.2,7.29,92.71
2013-09-05,11.33,12.2,7.72,92.28
2013-09-06,11.13,11.8,6.02,93.98
2013-09-09,10.71,11.59,8.21,91.79
2013-09-10,11.09,11.61,4.65,95.35
2013-09-11,10.9,11.59,6.35,93.65
2013-09-12,11.0,11.44,4.04,95.96
2013-09-13,11.04,11.44,3.65,96.35
2013-09-16,11.11,11.4,2.68,97.32
2013-09-17,11.08,11.27,1.72,98.28
2013-09-18,11.08,11.27,1.73,98.27
2013-09-19,11.86,11.59,2.32,97.68
2013-09-20,12.23,11.59,5.17,94.83
2013-09-23,12.07,10.36,14.17,85.83
2013-09-24,12.16,10.36,14.74,85.26
2013-09-25,12.35,11.59,6.18,93.82
2013-09-26,12.58,11.77,6.37,93.63
2013-09-27,12.73,12.04,5.42,94.58
2013-09-30,12.89,12.21,5.27,94.73
2013-10-01,12.87,13.63,5.95,94.05
2013-10-02,12.06,13.02,7.95,92.05
2013-10-03,11.55,12.39,7.21,92.79
2013-10-04,12.07,12.39,2.66,97.34
2013-10-07,12.2,12.48,2.22,97.78
2013-10-08,11.65,12.39,6.33,93.67
2013-10-09,11.25,12.02,6.85,93.15
2013-10-10,11.53,12.01,4.17,95.83
2013-10-11,11.91,12.7,6.62,93.38
2013-10-14,11.98,12.7,6.02,93.98
2013-10-15,12.26,13.07,6.58,93.42
2013-10-16,12.24,12.03,1.7,98.3
2013-10-17,12.19,11.92,2.16,97.84
2013-10-18,12.23,11.71,4.2,95.8
2013-10-21,11.51,12.0,4.26,95.74
2013-10-22,11.44,12.66,10.71,89.29
2013-10-23,10.97,12.49,13.89,86.11
2013-10-24,11.54,11.08,4.05,95.95
2013-10-25,11.31,11.06,2.2,97.8
2013-10-28,10.86,11.06,1.88,98.12
2013-10-29,10.96,11.18,1.97,98.03
2013-10-30,10.61,11.06,4.21,95.79
2013-10-31,10.66,11.04,3.54,96.46
2013-11-01,10.81,11.04,2.12,97.88
2013-11-04,11.68,11.08,5.18,94.82
2013-11-05,11.79,11.11,5.71,94.29
2013-11-06,10.08,9.88,2.01,97.99
2013-11-07,9.32,9.78,4.97,95.03
2013-11-08,9.2,9.79,6.47,93.53
2013-11-11,9.65,9.9,2.59,97.41
2013-11-12,9.19,9.9,7.73,92.27
2013-11-13,9.25,9.79,5.89,94.11
2013-11-14,9.17,9.79,6.74,93.26
2013-11-15,9.03,9.88,9.36,90.64
2013-11-18,8.11,9.78,20.67,79.33
2013-11-19,8.41,9.01,7.16,92.84
2013-11-20,8.07,8.92,10.53,89.47
2013-11-21,8.14,8.92,9.63,90.37
2013-11-22,8.09,8.15,0.68,99.32
2013-11-25,8.06,8.09,0.39,99.61
2013-11-26,8.03,8.2,2.11,97.89
2013-11-27,8.46,8.35,1.32,98.68
2013-11-29,8.49,8.35,1.58,98.42
2013-12-02,8.28,8.24,0.52,99.48
2013-12-03,9.65,8.73,9.52,90.48
2013-12-04,9.26,9.27,0.05,99.95
2013-12-05,9.37,9.31,0.64,99.36
2013-12-06,9.16,9.27,1.2,98.8
2013-12-09,9.44,9.56,1.28,98.72
2013-12-10,9.48,9.5,0.18,99.82
2013-12-11,9.31,9.56,2.69,97.31
2013-12-12,9.83,9.57,2.62,97.38
2013-12-13,9.84,9.65,1.97,98.03
2013-12-16,9.86,9.73,1.38,98.62
2013-12-17,10.16,9.74,4.15,95.85
2013-12-18,9.87,9.56,3.09,96.91
2013-12-19,9.38,9.41,0.27,99.73
2013-12-20,9.55,9.5,0.56,99.44
2013-12-23,9.57,9.24,3.44,96.56
2013-12-24,10.09,10.36,2.67,97.33
2013-12-26,10.37,10.36,0.03,99.97
2013-12-27,10.07,10.36,2.87,97.13
2013-12-30,10.16,10.27,1.1,98.9
2013-12-31,10.03,10.27,2.45,97.55
2014-01-02,10.01,10.27,2.67,97.33
2014-01-03,9.97,10.24,2.72,97.28
2014-01-06,9.8,10.11,3.14,96.86
2014-01-07,9.96,10.14,1.79,98.21
2014-01-08,10.09,10.11,0.23,99.77
2014-01-09,9.84,10.11,2.77,97.23
2014-01-10,9.71,10.27,5.76,94.24
2014-01-13,9.29,9.95,7.1,92.9
2014-01-14,10.75,10.36,3.61,96.39
2014-01-15,10.94,10.27,6.1,93.9
2014-01-16,11.4,10.36,9.08,90.92
2014-01-17,11.33,10.42,8.05,91.95
2014-01-21,11.78,10.44,11.35,88.65
2014-01-22,11.9,10.52,11.65,88.35
2014-01-23,12.1,10.61,12.32,87.68
2014-01-24,11.64,11.59,0.4,99.6
2014-01-27,11.31,11.59,2.46,97.54
2014-01-28,11.89,12.07,1.54,98.46
2014-01-29,11.68,12.01,2.81,97.19
2014-01-30,12.19,12.32,1.06,98.94
2014-01-31,12.09,12.09,0.05,99.95
2014-02-03,11.81,12.16,3.02,96.98
2014-02-04,11.92,12.01,0.79,99.21
2014-02-05,11.63,11.92,2.52,97.48
2014-02-06,11.89,12.87,8.21,91.79
2014-02-07,12.44,12.91,3.81,96.19
2014-02-10,13.1,12.48,4.79,95.21
2014-02-11,13.11,12.48,4.82,95.18
2014-02-12,13.02,12.39,4.88,95.12
2014-02-13,13.31,12.55,5.67,94.33
2014-02-14,13.22,13.19,0.21,99.79
2014-02-18,13.58,13.27,2.31,97.69
2014-02-19,12.91,13.32,3.22,96.78
2014-02-20,14.0,13.25,5.32,94.68
2014-02-21,13.97,13.04,6.71,93.29
2014-02-24,14.51,13.57,6.47,93.53
2014-02-25,16.53,14.6,11.69,88.31
2014-02-26,16.87,14.67,13.05,86.95
2014-02-27,16.84,15.12,10.17,89.83
2014-02-28,16.32,14.69,10.02,89.98
2014-03-03,16.7,15.69,6.05,93.95
2014-03-04,16.99,16.27,4.23,95.77
2014-03-05,16.84,16.95,0.65,99.35
2014-03-06,16.86,16.95,0.54,99.46
2014-03-07,16.41,16.9,2.96,97.04
2014-03-10,15.92,16.8,5.53,94.47
2014-03-11,15.63,16.82,7.66,92.34
2014-03-12,16.1,16.81,4.42,95.58
2014-03-13,15.85,16.75,5.63,94.37
2014-03-14,15.4,16.66,8.17,91.83
2014-03-17,15.6,15.81,1.36,98.64
2014-03-18,16.0,15.81,1.2,98.8
2014-03-19,15.72,15.81,0.56,99.44
2014-03-20,15.66,15.66,0.01,99.99
2014-03-21,15.26,15.45,1.26,98.74
2014-03-24,14.68,14.91,1.58,98.42
2014-03-25,14.7,15.05,2.41,97.59
2014-03-26,14.2,14.6,2.84,97.16
2014-03-27,13.82,14.35,3.79,96.21
2014-03-28,14.16,14.1,0.41,99.59
2014-03-31,13.9,13.75,1.09,98.91
2014-04-01,14.46,14.01,3.17,96.83
2014-04-02,15.35,14.4,6.2,93.8
2014-04-03,15.03,14.47,3.72,96.28
2014-04-04,14.15,14.04,0.8,99.2
2014-04-07,13.83,13.75,0.64,99.36
2014-04-08,14.36,14.04,2.28,97.72
2014-04-09,14.46,14.04,2.95,97.05
2014-04-10,13.61,14.21,4.38,95.62
2014-04-11,13.59,14.19,4.48,95.52
2014-04-14,13.21,14.19,7.48,92.52
2014-04-15,12.93,13.84,7.06,92.94
2014-04-16,13.27,13.76,3.64,96.36
2014-04-17,13.21,13.49,2.14,97.86
2014-04-21,13.63,13.92,2.14,97.86
2014-04-22,14.58,13.94,4.34,95.66
2014-04-23,13.87,13.49,2.71,97.29
2014-04-24,13.86,13.49,2.68,97.32
2014-04-25,13.32,13.57,1.82,98.18
2014-04-28,13.23,13.73,3.78,96.22
2014-04-29,13.79,13.73,0.43,99.57
2014-04-30,13.86,13.73,0.9,99.1
2014-05-01,13.85,13.91,0.46,99.54
2014-05-02,14.06,13.94,0.83,99.17
2014-05-05,14.44,14.03,2.82,97.18
2014-05-06,13.82,13.94,0.91,99.09
2014-05-07,13.42,13.81,2.85,97.15
2014-05-08,11.91,13.37,12.29,87.71
2014-05-09,12.15,12.73,4.75,95.25
2014-05-12,12.31,12.51,1.64,98.36
2014-05-13,12.68,12.56,0.94,99.06
2014-05-14,12.71,12.56,1.18,98.82
2014-05-15,12.57,12.71,1.08,98.92
2014-05-16,12.77,12.99,1.7,98.3
2014-05-19,13.07,12.73,2.64,97.36
2014-05-20,13.02,12.94,0.58,99.42
2014-05-21,13.3,13.26,0.27,99.73
2014-05-22,13.66,13.26,2.91,97.09
2014-05-23,13.82,13.22,4.32,95.68
2014-05-27,14.1,13.91,1.39,98.61
2014-05-28,14.02,13.94,0.51,99.49
2014-05-29,14.02,14.53,3.67,96.33
2014-05-30,13.85,14.31,3.29,96.71
2014-06-02,13.65,14.28,4.64,95.36
2014-06-03,13.66,14.11,3.29,96.71
2014-06-04,13.6,14.1,3.67,96.33
2014-06-05,13.79,14.28,3.53,96.47
2014-06-06,13.88,14.28,2.9,97.1
2014-06-09,13.69,14.03,2.53,97.47
2014-06-10,13.49,13.94,3.39,96.61
2014-06-11,13.63,13.94,2.3,97.7
2014-06-12,13.57,13.69,0.87,99.13
2014-06-13,13.76,13.78,0.12,99.88
2014-06-16,14.97,14.09,5.89,94.11
2014-06-17,15.44,13.78,10.79,89.21
2014-06-18,15.14,13.72,9.39,90.61
2014-06-19,15.19,14.05,7.49,92.51
2014-06-20,15.31,14.57,4.78,95.22
2014-06-23,15.81,14.92,5.63,94.37
2014-06-24,15.5,15.26,1.53,98.47
2014-06-25,15.79,15.68,0.72,99.28
2014-06-26,15.71,15.92,1.38,98.62
2014-06-27,15.94,16.41,2.98,97.02
2014-06-30,16.0,16.41,2.55,97.45
2014-07-01,15.98,16.45,2.94,97.06
2014-07-02,15.3,16.27,6.37,93.63
2014-07-03,15.28,16.27,6.46,93.54
2014-07-07,14.84,15.79,6.4,93.6
2014-07-08,14.6,15.27,4.56,95.44
2014-07-09,14.87,15.64,5.14,94.86
2014-07-10,14.63,15.08,3.1,96.9
2014-07-11,14.54,14.95,2.8,97.2
2014-07-14,15.11,14.95,1.09,98.91
2014-07-15,14.64,14.69,0.38,99.62
2014-07-16,14.48,14.67,1.3,98.7
2014-07-17,14.36,14.4,0.31,99.69
2014-07-18,14.67,14.49,1.23,98.77
2014-07-21,14.7,14.36,2.33,97.67
2014-07-22,14.64,14.36,1.9,98.1
2014-07-23,14.83,14.64,1.27,98.73
2014-07-24,14.9,14.99,0.57,99.43
2014-07-25,14.9,15.17,1.8,98.2
2014-07-28,14.99,15.43,2.94,97.06
2014-07-29,15.0,14.91,0.61,99.39
2014-07-30,15.26,15.21,0.32,99.68
2014-07-31,14.89,14.98,0.64,99.36
2014-08-01,15.55,15.12,2.75,97.25
2014-08-04,15.9,15.09,5.1,94.9
2014-08-05,15.9,15.11,4.99,95.01
2014-08-06,16.6,15.7,5.37,94.63
2014-08-07,16.83,15.86,5.73,94.27
2014-08-08,16.54,16.13,2.49,97.51
2014-08-11,17.29,16.89,2.3,97.7
2014-08-12,17.33,16.48,4.92,95.08
2014-08-13,17.35,17.07,1.63,98.37
2014-08-14,17.43,17.22,1.16,98.84
2014-08-15,17.47,17.36,0.6,99.4
2014-08-18,17.33,17.25,0.46,99.54
2014-08-19,17.12,17.25,0.78,99.22
2014-08-20,17.05,17.25,1.19,98.81
2014-08-21,16.96,17.23,1.64,98.36
2014-08-22,17.12,17.53,2.41,97.59
2014-08-25,17.5,17.7,1.11,98.89
2014-08-26,17.45,17.51,0.35,99.65
2014-08-27,17.55,17.45,0.56,99.44
2014-08-28,17.59,17.92,1.87,98.13
2014-08-29,17.98,17.74,1.34,98.66
2014-09-02,18.94,18.43,2.69,97.31
2014-09-03,18.75,18.47,1.49,98.51
2014-09-04,19.07,18.48,3.08,96.92
2014-09-05,18.49,18.24,1.39,98.61
2014-09-08,18.81,18.3,2.7,97.3
2014-09-09,18.57,18.3,1.43,98.57
2014-09-10,18.74,18.98,1.27,98.73
2014-09-11,18.69,18.98,1.55,98.45
2014-09-12,18.61,18.96,1.89,98.11
2014-09-15,16.92,17.97,6.18,93.82
2014-09-16,17.38,18.15,4.41,95.59
2014-09-17,17.43,18.15,4.15,95.85
2014-09-18,17.59,18.18,3.34,96.66
2014-09-19,17.29,17.21,0.46,99.54
2014-09-22,16.67,16.72,0.31,99.69
2014-09-23,16.69,16.81,0.71,99.29
2014-09-24,16.81,16.72,0.53,99.47
2014-09-25,16.46,16.72,1.56,98.44
2014-09-26,16.44,16.59,0.92,99.08
2014-09-29,16.35,16.59,1.47,98.53
2014-09-30,16.18,16.21,0.21,99.79
2014-10-01,16.02,16.01,0.02,99.98
2014-10-02,16.76,16.14,3.72,96.28
2014-10-03,17.01,16.85,0.97,99.03
2014-10-06,17.37,16.46,5.27,94.73
2014-10-07,17.3,16.43,5.04,94.96
2014-10-08,17.29,16.64,3.73,96.27
2014-10-09,17.13,16.71,2.48,97.52
2014-10-10,15.79,16.43,4.02,95.98
2014-10-13,14.97,15.93,6.4,93.6
2014-10-14,15.14,15.8,4.4,95.6
2014-10-15,15.31,15.38,0.46,99.54
2014-10-16,15.09,15.38,1.95,98.05
2014-10-17,15.17,15.38,1.44,98.56
2014-10-20,15.36,15.33,0.22,99.78
2014-10-21,15.69,15.76,0.47,99.53
2014-10-22,15.41,15.31,0.63,99.37
2014-10-23,15.69,15.31,2.4,97.6
2014-10-24,15.68,15.2,3.06,96.94
2014-10-27,14.78,14.91,0.89,99.11
2014-10-28,16.18,15.33,5.28,94.72
2014-10-29,15.87,15.14,4.6,95.4
2014-10-30,15.91,15.56,2.2,97.8
2014-10-31,16.11,16.18,0.38,99.62
2014-11-03,16.17,16.32,0.92,99.08
2014-11-04,15.93,16.18,1.57,98.43
2014-11-05,15.4,15.96,3.65,96.35
2014-11-06,16.08,16.32,1.49,98.51
2014-11-07,16.01,15.99,0.13,99.87
2014-11-10,16.13,15.82,1.91,98.09
2014-11-11,16.74,16.36,2.25,97.75
2014-11-12,16.61,16.32,1.72,98.28
2014-11-13,16.78,16.32,2.74,97.26
2014-11-14,17.25,16.71,3.11,96.89
2014-11-17,16.93,16.76,1.0,99.0
2014-11-18,17.18,17.06,0.69,99.31
2014-11-19,16.52,16.77,1.56,98.44
2014-11-20,16.58,16.77,1.16,98.84
2014-11-21,16.19,16.48,1.79,98.21
2014-11-24,16.45,16.77,1.98,98.02
2014-11-25,16.54,17.0,2.81,97.19
2014-11-26,16.56,16.77,1.27,98.73
2014-11-28,16.3,16.59,1.78,98.22
2014-12-01,15.44,16.0,3.64,96.36
2014-12-02,15.43,15.61,1.16,98.84
2014-12-03,15.29,15.22,0.44,99.56
2014-12-04,15.22,15.2,0.1,99.9
2014-12-05,14.91,14.91,0.0,100.0
2014-12-08,14.29,14.67,2.64,97.36
2014-12-09,14.46,14.22,1.66,98.34
2014-12-10,13.99,13.91,0.53,99.47
2014-12-11,13.93,13.59,2.43,97.57
2014-12-12,13.8,13.56,1.73,98.27
2014-12-15,13.6,13.39,1.59,98.41
2014-12-16,13.19,13.39,1.51,98.49
2014-12-17,13.72,13.21,3.72,96.28
2014-12-18,14.55,13.66,6.15,93.85
2014-12-19,14.62,13.69,6.39,93.61
2014-12-22,14.84,13.95,5.97,94.03
2014-12-23,14.73,14.3,2.9,97.1
2014-12-24,14.82,14.36,3.07,96.93
2014-12-26,15.19,14.97,1.46,98.54
2014-12-29,15.05,15.39,2.27,97.73
2014-12-30,14.82,15.21,2.67,97.33
2014-12-31,14.83,15.43,4.07,95.93
2015-01-02,14.62,15.39,5.26,94.74
2015-01-05,14.01,15.2,8.54,91.46
2015-01-06,14.09,15.25,8.25,91.75
2015-01-07,14.06,14.98,6.55,93.45
2015-01-08,14.04,14.45,2.89,97.11
2015-01-09,13.78,13.82,0.3,99.7
2015-01-12,13.48,13.63,1.14,98.86
2015-01-13,13.62,13.28,2.44,97.56
2015-01-14,12.85,13.16,2.47,97.53
2015-01-15,12.79,12.83,0.28,99.72
2015-01-16,12.87,12.31,4.36,95.64
2015-01-20,12.8,12.31,3.79,96.21
2015-01-21,13.1,12.52,4.45,95.55
2015-01-22,13.44,12.64,5.94,94.06
2015-01-23,13.42,12.65,5.71,94.29
2015-01-26,13.77,13.4,2.69,97.31
2015-01-27,13.73,13.34,2.87,97.13
2015-01-28,13.29,13.38,0.67,99.33
2015-01-29,13.68,13.62,0.44,99.56
2015-01-30,13.57,13.69,0.83,99.17
2015-02-02,14.06,13.94,0.84,99.16
2015-02-03,14.56,13.94,4.21,95.79
2015-02-04,14.57,14.28,1.99,98.01
2015-02-05,14.73,14.28,3.07,96.93
2015-02-06,14.49,14.19,2.09,97.91
2015-02-09,14.5,14.3,1.34,98.66
2015-02-10,14.42,14.49,0.47,99.53
2015-02-11,14.19,14.61,2.96,97.04
2015-02-12,13.53,13.82,2.15,97.85
2015-02-13,13.58,13.7,0.83,99.17
2015-02-17,13.62,13.43,1.41,98.59
2015-02-18,13.63,13.97,2.48,97.52
2015-02-19,14.11,13.94,1.2,98.8
2015-02-20,14.47,14.06,2.87,97.13
2015-02-23,13.82,13.7,0.91,99.09
2015-02-24,13.61,13.36,1.82,98.18
2015-02-25,13.58,13.36,1.65,98.35
2015-02-26,13.81,13.38,3.13,96.87
2015-02-27,13.56,13.38,1.29,98.71
2015-03-02,13.16,13.27,0.87,99.13
2015-03-03,13.3,13.36,0.42,99.58
2015-03-04,13.5,13.37,0.94,99.06
2015-03-05,13.38,13.69,2.32,97.68
2015-03-06,12.93,13.37,3.44,96.56
2015-03-09,12.73,13.37,5.06,94.94
2015-03-10,12.69,13.37,5.37,94.63
2015-03-11,12.92,12.9,0.12,99.88
2015-03-12,12.74,12.49,1.95,98.05
2015-03-13,12.58,12.52,0.45,99.55
2015-03-16,13.05,12.73,2.44,97.56
2015-03-17,12.98,12.73,1.96,98.04
2015-03-18,13.38,12.94,3.3,96.7
2015-03-19,13.04,12.81,1.8,98.2
2015-03-20,13.21,13.03,1.35,98.65
2015-03-23,13.31,13.16,1.09,98.91
2015-03-24,13.45,13.14,2.32,97.68
2015-03-25,12.95,13.22,2.08,97.92
2015-03-26,12.69,13.26,4.47,95.53
2015-03-27,12.33,13.19,6.98,93.02
2015-03-30,12.7,13.1,3.08,96.92
2015-03-31,12.58,12.54,0.33,99.67
2015-04-01,12.51,12.61,0.83,99.17
2015-04-02,12.73,12.77,0.27,99.73
2015-04-06,13.54,12.87,4.96,95.04
2015-04-07,13.55,12.87,5.03,94.97
2015-04-08,13.84,13.1,5.39,94.61
2015-04-09,14.01,13.39,4.38,95.62
2015-04-10,14.06,13.63,3.07,96.93
2015-04-13,13.99,13.94,0.29,99.71
2015-04-14,13.83,13.94,0.82,99.18
2015-04-15,13.86,14.03,1.29,98.71
2015-04-16,13.78,14.45,4.86,95.14
2015-04-17,13.79,14.63,6.13,93.87
2015-04-20,13.68,14.46,5.68,94.32
2015-04-21,13.96,14.63,4.8,95.2
2015-04-22,14.63,14.24,2.69,97.31
2015-04-23,14.57,14.33,1.66,98.34
2015-04-24,14.56,14.3,1.77,98.23
2015-04-27,15.44,14.9,3.5,96.5
2015-04-28,15.37,14.57,5.15,94.85
2015-04-29,15.5,14.57,5.96,94.04
2015-04-30,15.07,14.74,2.22,97.78
2015-05-01,15.07,15.1,0.19,99.81
2015-05-04,15.37,15.58,1.4,98.6
2015-05-05,15.53,15.58,0.34,99.66
2015-05-06,15.36,15.76,2.62,97.38
2015-05-07,15.79,16.08,1.84,98.16
2015-05-08,15.77,15.84,0.4,99.6
2015-05-11,15.97,16.13,1.03,98.97
2015-05-12,16.32,16.13,1.14,98.86
2015-05-13,16.21,16.26,0.32,99.68
2015-05-14,16.27,16.45,1.09,98.91
2015-05-15,16.59,16.28,1.85,98.15
2015-05-18,16.58,16.36,1.35,98.65
2015-05-19,16.48,16.66,1.11,98.89
2015-05-20,16.29,16.84,3.38,96.62
2015-05-21,16.37,16.84,2.84,97.16
2015-05-22,16.52,16.99,2.89,97.11
2015-05-26,16.5,17.03,3.22,96.78
2015-05-27,16.5,17.2,4.25,95.75
2015-05-28,16.76,17.04,1.68,98.32
2015-05-29,16.72,17.04,1.94,98.06
2015-06-01,16.63,16.86,1.4,98.6
2015-06-02,16.56,16.71,0.92,99.08
2015-06-03,16.6,16.8,1.2,98.8
2015-06-04,16.39,16.53,0.83,99.17
2015-06-05,16.61,16.32,1.72,98.28
2015-06-08,17.09,16.85,1.37,98.63
2015-06-09,17.07,16.91,0.92,99.08
2015-06-10,16.71,16.76,0.3,99.7
2015-06-11,16.76,16.76,0.01,99.99
2015-06-12,16.71,16.62,0.55,99.45
2015-06-15,16.69,16.61,0.5,99.5
2015-06-16,16.87,16.91,0.24,99.76
2015-06-17,17.36,17.45,0.53,99.47
2015-06-18,17.46,17.36,0.58,99.42
2015-06-19,17.5,17.37,0.77,99.23
2015-06-22,17.32,17.51,1.1,98.9
2015-06-23,17.84,17.75,0.52,99.48
2015-06-24,17.68,17.75,0.42,99.58
2015-06-25,17.92,17.75,0.93,99.07
2015-06-26,17.81,17.67,0.74,99.26
2015-06-29,17.47,18.1,3.6,96.4
2015-06-30,17.88,18.26,2.12,97.88
2015-07-01,17.94,18.26,1.79,98.21
2015-07-02,18.67,18.48,1.0,99.0
2015-07-06,18.65,18.48,0.89,99.11
2015-07-07,17.86,18.15,1.61,98.39
2015-07-08,17.0,17.31,1.81,98.19
2015-07-09,17.19,17.39,1.15,98.85
2015-07-10,17.28,17.39,0.67,99.33
2015-07-13,17.48,17.51,0.2,99.8
2015-07-14,17.71,17.48,1.27,98.73
2015-07-15,17.54,17.48,0.33,99.67
2015-07-16,17.78,17.48,1.65,98.35
2015-07-17,18.31,18.0,1.67,98.33
2015-07-20,18.82,18.24,3.09,96.91
2015-07-21,17.78,17.48,1.69,98.31
2015-07-22,17.86,17.48,2.09,97.91
2015-07-23,17.81,16.94,4.9,95.1
2015-07-24,17.69,16.94,4.26,95.74
2015-07-27,16.87,16.94,0.43,99.57
2015-07-28,17.65,18.0,1.98,98.02
2015-07-29,17.59,17.94,1.99,98.01
2015-07-30,17.79,17.96,0.99,99.01
2015-07-31,17.74,17.59,0.86,99.14
2015-08-03,17.33,17.39,0.35,99.65
2015-08-04,17.75,17.51,1.35,98.65
2015-08-05,18.01,17.55,2.55,97.45
2015-08-06,16.41,16.92,3.11,96.89
2015-08-07,16.17,16.72,3.42,96.58
2015-08-10,16.08,16.68,3.74,96.26
2015-08-11,15.82,16.5,4.26,95.74
2015-08-12,15.88,16.25,2.33,97.67
2015-08-13,16.17,15.89,1.73,98.27
2015-08-14,16.21,16.16,0.33,99.67
2015-08-17,17.0,16.16,4.96,95.04
2015-08-18,17.38,16.43,5.46,94.54
2015-08-19,17.02,16.36,3.88,96.12
2015-08-20,16.15,16.22,0.47,99.53
2015-08-21,15.38,16.2,5.3,94.7
2015-08-24,14.59,15.55,6.59,93.41
2015-08-25,14.67,15.12,3.08,96.92
2015-08-26,14.99,15.33,2.28,97.72
2015-08-27,16.2,15.88,1.96,98.04
2015-08-28,16.57,15.86,4.23,95.77
2015-08-31,16.6,16.05,3.36,96.64
2015-09-01,15.91,15.94,0.17,99.83
2015-09-02,16.51,15.97,3.27,96.73
2015-09-03,16.37,15.94,2.66,97.34
2015-09-04,16.13,15.65,2.95,97.05
2015-09-08,16.54,15.65,5.39,94.61
2015-09-09,16.59,16.2,2.35,97.65
2015-09-10,16.57,16.44,0.76,99.24
2015-09-11,16.68,16.85,1.02,98.98
2015-09-14,16.88,17.25,2.2,97.8
2015-09-15,16.9,17.25,2.05,97.95
2015-09-16,17.48,17.7,1.23,98.77
2015-09-17,17.47,17.52,0.26,99.74
2015-09-18,17.37,17.4,0.17,99.83
2015-09-21,17.61,17.45,0.91,99.09
2015-09-22,17.4,17.7,1.74,98.26
2015-09-23,17.4,17.74,1.92,98.08
2015-09-24,17.54,17.92,2.16,97.84
2015-09-25,17.13,17.75,3.65,96.35
2015-09-28,16.56,16.98,2.52,97.48
2015-09-29,16.44,16.86,2.54,97.46
2015-09-30,16.56,16.92,2.2,97.8
2015-10-01,15.99,16.37,2.38,97.62
2015-10-02,16.5,16.74,1.41,98.59
2015-10-05,16.41,16.49,0.48,99.52
2015-10-06,16.1,16.09,0.03,99.97
2015-10-07,15.46,15.51,0.29,99.71
2015-10-08,15.11,15.03,0.53,99.47
2015-10-09,14.71,14.97,1.73,98.27
2015-10-12,14.37,14.73,2.47,97.53
2015-10-13,14.62,14.57,0.31,99.69
2015-10-14,14.46,14.28,1.25,98.75
2015-10-15,14.75,14.43,2.19,97.81
2015-10-16,15.13,14.67,3.04,96.96
2015-10-19,15.21,14.69,3.37,96.63
2015-10-20,14.2,14.47,1.92,98.08
2015-10-21,14.01,14.26,1.83,98.17
2015-10-22,14.11,13.69,3.03,96.97
2015-10-23,13.94,13.69,1.81,98.19
2015-10-26,14.35,14.01,2.4,97.6
2015-10-27,14.02,13.93,0.7,99.3
2015-10-28,14.2,14.04,1.14,98.86
2015-10-29,14.11,14.12,0.05,99.95
2015-10-30,13.8,14.19,2.89,97.11
2015-11-02,14.25,14.25,0.01,99.99
2015-11-03,13.89,14.05,1.16,98.84
2015-11-04,15.44,14.24,7.79,92.21
2015-11-05,15.45,14.17,8.32,91.68
2015-11-06,15.49,14.17,8.56,91.44
2015-11-09,15.02,14.73,1.94,98.06
2015-11-10,14.43,14.91,3.28,96.72
2015-11-11,14.61,14.93,2.22,97.78
2015-11-12,14.2,15.13,6.6,93.4
2015-11-13,13.81,14.77,6.91,93.09
2015-11-16,14.29,14.99,4.92,95.08
2015-11-17,14.27,14.95,4.81,95.19
2015-11-18,14.74,15.11,2.49,97.51
2015-11-19,14.79,14.94,1.05,98.95
2015-11-20,14.67,14.76,0.66,99.34
2015-11-23,14.52,14.8,1.96,98.04
2015-11-24,14.55,13.84,4.88,95.12
2015-11-25,15.31,14.41,5.87,94.13
2015-11-27,15.44,14.41,6.67,93.33
2015-11-30,15.35,14.91,2.89,97.11
2015-12-01,15.81,15.32,3.13,96.87
2015-12-02,15.47,15.47,0.01,99.99
2015-12-03,15.51,15.62,0.7,99.3
2015-12-04,15.36,15.71,2.29,97.71
2015-12-07,15.41,15.64,1.47,98.53
2015-12-08,15.11,15.56,2.93,97.07
2015-12-09,14.97,15.29,2.15,97.85
2015-12-10,15.14,15.33,1.24,98.76
2015-12-11,14.47,15.05,4.05,95.95
2015-12-14,14.57,15.13,3.86,96.14
2015-12-15,14.74,15.24,3.4,96.6
2015-12-16,15.63,15.25,2.46,97.54
2015-12-17,15.56,14.87,4.44,95.56
2015-12-18,15.36,14.87,3.22,96.78
2015-12-21,15.5,14.99,3.33,96.67
2015-12-22,15.33,15.15,1.2,98.8
2015-12-23,15.31,15.05,1.69,98.31
2015-12-24,15.37,15.43,0.37,99.63
2015-12-28,15.26,15.36,0.65,99.35
2015-12-29,15.81,15.72,0.57,99.43
2015-12-30,15.87,15.81,0.38,99.62
2015-12-31,16.0,15.87,0.82,99.18
2016-01-04,14.89,15.64,5.0,95.0
2016-01-05,14.9,15.35,3.03,96.97
2016-01-06,14.6,15.2,4.12,95.88
2016-01-07,14.38,14.49,0.76,99.24
2016-01-08,14.07,14.47,2.9,97.1
2016-01-11,13.86,14.17,2.26,97.74
2016-01-12,14.0,14.17,1.23,98.77
2016-01-13,13.35,13.67,2.4,97.6
2016-01-14,13.75,13.6,1.03,98.97
2016-01-15,13.67,13.42,1.83,98.17
2016-01-19,13.65,13.21,3.18,96.82
2016-01-20,13.25,13.18,0.47,99.53
2016-01-21,13.33,13.18,1.1,98.9
2016-01-22,13.5,13.16,2.52,97.48
2016-01-25,13.09,13.25,1.22,98.78
2016-01-26,12.9,12.74,1.31,98.69
2016-01-27,12.54,12.74,1.57,98.43
2016-01-28,12.65,12.93,2.21,97.79
2016-01-29,12.75,12.65,0.73,99.27
2016-02-01,13.13,12.74,2.97,97.03
2016-02-02,12.19,12.51,2.7,97.3
2016-02-03,11.57,12.36,6.9,93.1
2016-02-04,11.69,12.33,5.49,94.51
2016-02-05,10.84,11.78,8.7,91.3
2016-02-08,9.87,11.8,19.65,80.35
2016-02-09,9.88,11.8,19.44,80.56
2016-02-10,9.58,10.58,10.47,89.53
2016-02-11,10.03,10.62,5.85,94.15
2016-02-12,10.07,10.71,6.33,93.67
2016-02-16,10.34,10.73,3.71,96.29
2016-02-17,11.25,10.84,3.57,96.43
2016-02-18,11.12,10.84,2.47,97.53
2016-02-19,11.11,10.84,2.35,97.65
2016-02-22,11.85,12.01,1.35,98.65
2016-02-23,11.81,12.13,2.66,97.34
2016-02-24,11.93,12.35,3.49,96.51
2016-02-25,12.5,12.39,0.87,99.13
2016-02-26,12.69,12.55,1.07,98.93
2016-02-29,12.8,13.08,2.24,97.76
2016-03-01,12.42,12.72,2.4,97.6
2016-03-02,12.56,12.98,3.41,96.59
2016-03-03,13.05,13.47,3.19,96.81
2016-03-04,13.4,13.47,0.47,99.53
2016-03-07,13.69,13.56,0.89,99.11
2016-03-08,13.51,13.43,0.53,99.47
2016-03-09,13.91,13.38,3.84,96.16
2016-03-10,13.68,13.85,1.29,98.71
2016-03-11,13.83,14.21,2.74,97.26
2016-03-14,14.34,14.21,0.91,99.09
2016-03-15,14.56,14.24,2.19,97.81
2016-03-16,14.8,14.55,1.65,98.35
2016-03-17,15.09,14.92,1.11,98.89
2016-03-18,15.52,14.95,3.64,96.36
2016-03-21,15.89,15.55,2.13,97.87
2016-03-22,15.62,15.7,0.52,99.48
2016-03-23,14.84,15.5,4.45,95.55
2016-03-24,15.18,15.51,2.17,97.83
2016-03-28,15.35,15.51,1.06,98.94
2016-03-29,15.34,15.53,1.2,98.8
2016-03-30,15.13,15.45,2.13,97.87
2016-03-31,15.32,15.78,3.02,96.98
2016-04-01,15.84,15.67,1.08,98.92
2016-04-04,16.47,15.71,4.61,95.39
2016-04-05,17.03,15.57,8.58,91.42
2016-04-06,17.69,15.88,10.28,89.72
2016-04-07,17.15,15.69,8.47,91.53
2016-04-08,16.67,16.12,3.33,96.67
2016-04-11,16.66,16.12,3.28,96.72
2016-04-12,16.52,16.66,0.82,99.18
2016-04-13,16.97,17.03,0.36,99.64
2016-04-14,16.79,17.01,1.3,98.7
2016-04-15,16.97,17.01,0.24,99.76
2016-04-18,16.93,17.01,0.49,99.51
2016-04-19,16.49,16.95,2.79,97.21
2016-04-20,16.66,16.95,1.72,98.28
2016-04-21,16.55,16.91,2.19,97.81
2016-04-22,16.92,16.77,0.85,99.15
2016-04-25,16.79,16.36,2.57,97.43
2016-04-26,16.92,15.92,5.86,94.14
2016-04-27,16.76,16.19,3.41,96.59
2016-04-28,16.51,16.36,0.95,99.05
2016-04-29,16.05,15.92,0.78,99.22
2016-05-02,16.12,16.19,0.45,99.55
2016-05-03,15.49,15.55,0.42,99.58
2016-05-04,14.84,14.97,0.89,99.11
2016-05-05,14.1,14.91,5.76,94.24
2016-05-06,14.33,14.05,1.94,98.06
2016-05-09,13.93,13.8,0.95,99.05
2016-05-10,13.91,13.97,0.44,99.56
2016-05-11,13.93,13.97,0.31,99.69
2016-05-12,13.82,13.39,3.12,96.88
2016-05-13,13.84,13.39,3.28,96.72
2016-05-16,13.89,13.39,3.59,96.41
2016-05-17,13.64,13.39,1.88,98.12
2016-05-18,14.08,13.6,3.41,96.59
2016-05-19,14.35,13.82,3.7,96.3
2016-05-20,14.69,13.48,8.22,91.78
2016-05-23,14.41,13.69,5.06,94.94
2016-05-24,14.53,14.01,3.55,96.45
2016-05-25,14.64,14.49,1.0,99.0
2016-05-26,15.01,14.77,1.57,98.43
2016-05-27,14.87,14.89,0.11,99.89
2016-05-31,14.88,15.25,2.49,97.51
2016-06-01,14.64,15.15,3.51,96.49
2016-06-02,14.6,15.46,5.88,94.12
2016-06-03,14.6,15.46,5.87,94.13
2016-06-06,14.71,15.46,5.06,94.94
2016-06-07,15.49,15.73,1.52,98.48
2016-06-08,15.7,15.42,1.79,98.21
2016-06-09,15.29,15.17,0.76,99.24
2016-06-10,14.59,14.76,1.22,98.78
2016-06-13,14.52,14.79,1.83,98.17
2016-06-14,14.33,14.67,2.38,97.62
2016-06-15,14.51,14.76,1.73,98.27
2016-06-16,14.53,14.34,1.32,98.68
2016-06-17,14.36,14.64,1.93,98.07
2016-06-20,14.65,14.98,2.25,97.75
2016-06-21,14.64,14.83,1.29,98.71
2016-06-22,13.11,14.17,8.1,91.9
2016-06-23,13.09,13.38,2.18,97.82
2016-06-24,12.88,12.94,0.47,99.53
2016-06-27,13.24,12.6,4.82,95.18
2016-06-28,13.45,12.6,6.35,93.65
2016-06-29,14.01,13.13,6.28,93.72
2016-06-30,14.15,13.76,2.79,97.21
2016-07-01,14.43,13.92,3.58,96.42
2016-07-05,14.27,13.92,2.44,97.56
2016-07-06,14.3,14.18,0.84,99.16
2016-07-07,14.4,14.27,0.89,99.11
2016-07-08,14.45,14.29,1.09,98.91
2016-07-11,14.99,14.76,1.48,98.52
2016-07-12,14.98,14.76,1.42,98.58
2016-07-13,14.84,15.28,2.98,97.02
2016-07-14,14.77,15.28,3.45,96.55
2016-07-15,14.69,15.61,6.23,93.77
2016-07-18,15.08,15.91,5.45,94.55
2016-07-19,15.02,15.58,3.77,96.23
2016-07-20,15.22,15.58,2.36,97.64
2016-07-21,14.7,15.25,3.72,96.28
2016-07-22,14.82,15.25,2.9,97.1
2016-07-25,15.33,15.54,1.37,98.63
2016-07-26,15.3,15.54,1.59,98.41
2016-07-27,15.23,15.52,1.87,98.13
2016-07-28,15.37,15.58,1.31,98.69
2016-07-29,15.65,15.47,1.17,98.83
2016-08-01,15.33,15.29,0.31,99.69
2016-08-02,15.15,15.29,0.92,99.08
2016-08-03,15.05,15.27,1.47,98.53
2016-08-04,15.37,15.43,0.35,99.65
2016-08-05,15.34,15.25,0.56,99.44
2016-08-08,15.08,15.13,0.38,99.62
2016-08-09,15.27,15.13,0.9,99.1
2016-08-10,15.04,15.29,1.62,98.38
2016-08-11,14.99,15.21,1.46,98.54
2016-08-12,15.04,14.89,0.99,99.01
2016-08-15,15.04,14.95,0.61,99.39
2016-08-16,14.91,14.89,0.11,99.89
2016-08-17,14.88,14.68,1.36,98.64
2016-08-18,14.9,14.49,2.79,97.21
2016-08-19,15.0,14.68,2.13,97.87
2016-08-22,14.86,14.68,1.22,98.78
2016-08-23,14.99,15.11,0.79,99.21
2016-08-24,14.84,14.26,3.89,96.11
2016-08-25,14.73,14.18,3.73,96.27
2016-08-26,14.67,14.35,2.13,97.87
2016-08-29,14.35,13.95,2.75,97.25
2016-08-30,14.09,13.97,0.82,99.18
2016-08-31,14.13,13.17,6.82,93.18
2016-09-01,13.38,13.45,0.45,99.55
2016-09-02,13.19,12.95,1.77,98.23
2016-09-06,13.52,13.25,2.0,98.0
2016-09-07,13.45,13.25,1.45,98.55
2016-09-08,13.16,13.16,0.05,99.95
2016-09-09,12.96,13.13,1.24,98.76
2016-09-12,13.22,13.24,0.15,99.85
2016-09-13,13.07,13.16,0.72,99.28
2016-09-14,13.09,12.7,2.99,97.01
2016-09-15,13.36,12.93,3.25,96.75
2016-09-16,13.69,13.13,4.1,95.9
2016-09-19,13.76,13.13,4.57,95.43
2016-09-20,13.64,13.7,0.39,99.61
2016-09-21,13.68,13.45,1.69,98.31
2016-09-22,13.76,13.94,1.33,98.67
2016-09-23,13.83,14.03,1.47,98.53
2016-09-26,13.93,13.94,0.08,99.92
2016-09-27,13.72,13.94,1.63,98.37
2016-09-28,13.75,14.09,2.47,97.53
2016-09-29,13.38,13.94,4.22,95.78
2016-09-30,13.6,13.94,2.52,97.48
2016-10-03,14.25,14.19,0.41,99.59
2016-10-04,14.09,14.1,0.03,99.97
2016-10-05,13.9,13.94,0.34,99.66
2016-10-06,13.4,13.62,1.64,98.36
2016-10-07,13.11,13.37,2.0,98.0
2016-10-10,13.4,13.69,2.16,97.84
2016-10-11,13.34,13.62,2.09,97.91
2016-10-12,13.43,13.62,1.38,98.62
2016-10-13,13.35,13.45,0.75,99.25
2016-10-14,13.1,13.37,2.05,97.95
2016-10-17,12.93,13.37,3.4,96.6
2016-10-18,13.27,13.22,0.38,99.62
2016-10-19,13.57,13.27,2.22,97.78
2016-10-20,13.27,12.98,2.23,97.77
2016-10-21,13.34,12.69,4.89,95.11
2016-10-24,13.52,12.73,5.84,94.16
2016-10-25,13.49,12.94,4.08,95.92
2016-10-26,13.48,13.45,0.26,99.74
2016-10-27,13.6,13.59,0.1,99.9
2016-10-28,13.33,13.14,1.46,98.54
2016-10-31,13.18,13.04,1.04,98.96
2016-11-01,12.72,12.73,0.07,99.93
2016-11-02,12.53,12.73,1.54,98.46
2016-11-03,12.49,12.73,1.87,98.13
2016-11-04,12.7,13.19,3.86,96.14
2016-11-07,12.88,12.94,0.5,99.5
2016-11-08,13.0,12.66,2.58,97.42
2016-11-09,12.67,12.66,0.08,99.92
2016-11-10,12.36,12.56,1.61,98.39
2016-11-11,12.57,12.62,0.39,99.61
2016-11-14,12.1,12.37,2.3,97.7
2016-11-15,12.25,12.39,1.09,98.91
2016-11-16,12.26,12.37,0.92,99.08
2016-11-17,12.58,12.49,0.69,99.31
2016-11-18,12.33,12.49,1.26,98.74
2016-11-21,12.3,12.49,1.54,98.46
2016-11-22,12.74,12.83,0.68,99.32
2016-11-23,12.88,12.87,0.06,99.94
2016-11-25,13.11,12.87,1.85,98.15
2016-11-28,13.07,12.83,1.86,98.14
2016-11-29,12.64,12.54,0.75,99.25
2016-11-30,12.63,12.93,2.43,97.57
2016-12-01,12.13,12.84,5.9,94.1
2016-12-02,12.1,12.64,4.49,95.51
2016-12-05,12.45,12.87,3.33,96.67
2016-12-06,12.39,12.77,3.04,96.96
2016-12-07,12.88,12.87,0.07,99.93
2016-12-08,12.82,12.83,0.09,99.91
2016-12-09,12.81,12.87,0.44,99.56
2016-12-12,12.83,12.87,0.31,99.69
2016-12-13,13.21,12.87,2.59,97.41
2016-12-14,13.25,12.87,2.85,97.15
2016-12-15,13.17,12.73,3.36,96.64
2016-12-16,13.5,13.1,2.97,97.03
2016-12-19,13.52,13.25,1.94,98.06
2016-12-20,13.92,13.56,2.62,97.38
2016-12-21,13.85,13.83,0.1,99.9
2016-12-22,13.9,14.28,2.77,97.23
2016-12-23,14.22,14.64,2.93,97.07
2016-12-27,14.64,14.71,0.5,99.5
2016-12-28,14.65,14.71,0.41,99.59
2016-12-29,14.31,14.3,0.05,99.95
2016-12-30,14.25,14.3,0.41,99.59
2017-01-03,14.47,14.65,1.31,98.69
2017-01-04,15.13,14.93,1.36,98.64
2017-01-05,15.12,14.57,3.59,96.41
2017-01-06,15.27,14.9,2.43,97.57
2017-01-09,15.42,14.95,3.04,96.96
2017-01-10,15.32,15.28,0.3,99.7
2017-01-11,15.32,15.58,1.75,98.25
2017-01-12,15.31,15.58,1.81,98.19
2017-01-13,15.85,15.9,0.33,99.67
2017-01-17,15.71,16.08,2.36,97.64
2017-01-18,15.89,16.26,2.35,97.65
2017-01-19,16.25,16.45,1.23,98.77
2017-01-20,16.32,17.03,4.41,95.59
2017-01-23,16.59,17.36,4.59,95.41
2017-01-24,16.97,17.36,2.25,97.75
2017-01-25,16.96,17.29,1.9,98.1
2017-01-26,16.83,16.89,0.33,99.67
2017-01-27,16.86,17.28,2.46,97.54
2017-01-30,16.71,16.99,1.7,98.3
2017-01-31,16.8,17.2,2.39,97.61
2017-02-01,16.62,17.2,3.5,96.5
2017-02-02,16.77,17.2,2.55,97.45
2017-02-03,16.76,17.03,1.63,98.37
2017-02-06,17.18,17.25,0.38,99.62
2017-02-07,17.17,17.25,0.5,99.5
2017-02-08,17.47,17.25,1.27,98.73
2017-02-09,17.95,17.7,1.38,98.62
2017-02-10,17.95,17.7,1.39,98.61
2017-02-13,18.71,18.03,3.6,96.4
2017-02-14,18.73,18.08,3.47,96.53
2017-02-15,18.65,19.01,1.91,98.09
2017-02-16,17.93,18.29,2.02,97.98
2017-02-17,18.15,18.31,0.91,99.09
2017-02-21,18.49,18.39,0.56,99.44
2017-02-22,18.23,18.31,0.44,99.56
2017-02-23,17.07,17.76,4.05,95.95
2017-02-24,17.13,17.94,4.7,95.3
2017-02-27,16.42,17.02,3.69,96.31
2017-02-28,16.67,17.31,3.83,96.17
2017-03-01,16.67,16.94,1.63,98.37
2017-03-02,16.7,16.94,1.45,98.55
2017-03-03,16.77,16.43,2.04,97.96
2017-03-06,16.75,16.21,3.22,96.78
2017-03-07,16.57,16.08,2.98,97.02
2017-03-08,16.46,16.08,2.3,97.7
2017-03-09,16.33,16.21,0.72,99.28
2017-03-10,16.25,16.02,1.37,98.63
2017-03-13,16.41,16.16,1.55,98.45
2017-03-14,17.2,16.37,4.81,95.19
2017-03-15,17.05,16.77,1.66,98.34
2017-03-16,17.47,17.29,1.03,98.97
2017-03-17,17.43,17.6,0.96,99.04
2017-03-20,17.46,17.59,0.72,99.28
2017-03-21,16.71,16.83,0.69,99.31
2017-03-22,17.0,17.43,2.52,97.48
2017-03-23,16.99,17.26,1.62,98.38
2017-03-24,17.54,17.58,0.23,99.77
2017-03-27,18.01,17.74,1.53,98.47
2017-03-28,18.5,18.34,0.85,99.15
2017-03-29,18.49,18.43,0.33,99.67
2017-03-30,18.53,18.48,0.25,99.75
2017-03-31,18.55,18.48,0.39,99.61
2017-04-03,19.9,19.15,3.8,96.2
2017-04-04,20.25,19.26,4.88,95.12
2017-04-05,19.67,18.98,3.5,96.5
2017-04-06,19.91,19.15,3.86,96.14
2017-04-07,20.17,19.8,1.83,98.17
2017-04-10,20.83,20.77,0.25,99.75
2017-04-11,20.58,20.45,0.62,99.38
2017-04-12,19.79,19.84,0.24,99.76
2017-04-13,20.27,20.4,0.68,99.32
2017-04-17,20.1,20.31,1.09,98.91
2017-04-18,20.02,20.25,1.17,98.83
2017-04-19,20.37,20.6,1.13,98.87
2017-04-20,20.17,20.39,1.1,98.9
2017-04-21,20.37,20.39,0.07,99.93
2017-04-24,20.54,20.16,1.84,98.16
2017-04-25,20.92,20.3,2.97,97.03
2017-04-26,20.68,20.29,1.88,98.12
2017-04-27,20.58,20.29,1.39,98.61
2017-04-28,20.94,20.43,2.43,97.57
2017-05-01,21.52,20.9,2.9,97.1
2017-05-02,21.26,20.9,1.7,98.3
2017-05-03,20.73,20.9,0.78,99.22
2017-05-04,19.7,19.96,1.33,98.67
2017-05-05,20.56,20.55,0.03,99.97
2017-05-08,20.48,20.55,0.35,99.65
2017-05-09,21.42,20.76,3.08,96.92
2017-05-10,21.68,20.8,4.06,95.94
2017-05-11,21.54,20.9,2.98,97.02
2017-05-12,21.65,21.25,1.86,98.14
2017-05-15,21.06,20.62,2.09,97.91
2017-05-16,21.13,21.04,0.43,99.57
2017-05-17,20.41,20.92,2.49,97.51
2017-05-18,20.87,20.59,1.34,98.66
2017-05-19,20.72,20.31,1.97,98.03
2017-05-22,20.69,20.41,1.35,98.65
2017-05-23,20.26,20.41,0.76,99.24
2017-05-24,20.68,21.25,2.76,97.24
2017-05-25,21.12,21.11,0.06,99.94
2017-05-26,21.68,21.64,0.15,99.85
2017-05-30,22.34,21.64,3.12,96.88
2017-05-31,22.73,21.64,4.8,95.2
2017-06-01,22.69,21.76,4.09,95.91
2017-06-02,22.66,21.76,3.94,96.06
2017-06-05,23.15,22.41,3.23,96.77
2017-06-06,23.52,22.81,3.04,96.96
2017-06-07,23.98,24.17,0.82,99.18
2017-06-08,24.67,25.23,2.29,97.71
2017-06-09,23.82,24.11,1.21,98.79
2017-06-12,23.93,24.11,0.74,99.26
2017-06-13,25.06,25.21,0.59,99.41
2017-06-14,25.38,25.21,0.66,99.34
2017-06-15,25.02,24.99,0.13,99.87
2017-06-16,24.76,24.91,0.6,99.4
2017-06-19,24.65,24.46,0.79,99.21
2017-06-20,24.82,24.59,0.9,99.1
2017-06-21,25.09,26.48,5.54,94.46
2017-06-22,25.51,26.85,5.27,94.73
2017-06-23,25.56,26.48,3.6,96.4
2017-06-26,25.17,25.07,0.37,99.63
2017-06-27,24.16,24.35,0.79,99.21
2017-06-28,24.75,26.81,8.32,91.68
2017-06-29,24.05,26.81,11.47,88.53
2017-06-30,24.11,25.66,6.43,93.57
2017-07-03,23.51,22.62,3.76,96.24
2017-07-05,21.81,20.58,5.62,94.38
2017-07-06,20.59,19.38,5.86,94.14
2017-07-07,20.88,20.76,0.59,99.41
2017-07-10,21.07,20.96,0.54,99.46
2017-07-11,21.81,21.63,0.84,99.16
2017-07-12,21.97,21.05,4.2,95.8
2017-07-13,21.56,20.43,5.24,94.76
2017-07-14,21.85,20.9,4.35,95.65
2017-07-17,21.3,21.19,0.52,99.48
2017-07-18,21.88,21.54,1.57,98.43
2017-07-19,21.68,21.41,1.26,98.74
2017-07-20,21.99,21.54,2.07,97.93
2017-07-21,21.89,21.52,1.72,98.28
2017-07-24,22.83,21.9,4.08,95.92
2017-07-25,22.64,22.6,0.17,99.83
2017-07-26,22.92,23.88,4.15,95.85
2017-07-27,22.3,22.83,2.41,97.59
2017-07-28,22.34,22.74,1.82,98.18
2017-07-31,21.56,21.99,1.98,98.02
2017-08-01,21.3,21.81,2.36,97.64
2017-08-02,21.73,22.11,1.77,98.23
2017-08-03,23.14,22.63,2.21,97.79
2017-08-04,23.79,23.49,1.29,98.71
2017-08-07,23.68,22.72,4.06,95.94
2017-08-08,24.35,23.99,1.46,98.54
2017-08-09,24.24,23.78,1.89,98.11
2017-08-10,23.69,23.05,2.72,97.28
2017-08-11,23.86,23.25,2.53,97.47
2017-08-14,24.25,23.29,3.95,96.05
2017-08-15,24.16,23.25,3.73,96.27
2017-08-16,24.19,24.07,0.51,99.49
2017-08-17,23.46,23.25,0.89,99.11
2017-08-18,23.16,23.34,0.77,99.23
2017-08-21,22.52,23.25,3.24,96.76
2017-08-22,22.76,23.25,2.18,97.82
2017-08-23,23.52,22.9,2.62,97.38
2017-08-24,23.53,22.5,4.37,95.63
2017-08-25,23.2,22.41,3.41,96.59
2017-08-28,23.04,22.05,4.32,95.68
2017-08-29,23.16,22.21,4.09,95.91
2017-08-30,23.55,22.59,4.05,95.95
2017-08-31,23.73,22.59,4.78,95.22
2017-09-01,23.69,22.34,5.73,94.27
2017-09-05,23.31,22.07,5.32,94.68
2017-09-06,22.97,22.07,3.93,96.07
2017-09-07,23.37,22.59,3.34,96.66
2017-09-08,22.89,22.5,1.72,98.28
2017-09-11,24.25,24.07,0.72,99.28
2017-09-12,24.18,23.34,3.48,96.52
2017-09-13,24.42,23.25,4.76,95.24
2017-09-14,25.18,24.07,4.39,95.61
2017-09-15,25.32,25.41,0.36,99.64
2017-09-18,25.67,25.8,0.5,99.5
2017-09-19,25.01,24.65,1.43,98.57
2017-09-20,24.93,26.33,5.64,94.36
2017-09-21,24.43,26.15,7.03,92.97
2017-09-22,23.41,23.17,1.01,98.99
2017-09-25,23.0,23.17,0.74,99.26
2017-09-26,23.02,23.2,0.78,99.22
2017-09-27,22.73,22.99,1.14,98.86
2017-09-28,22.64,22.59,0.21,99.79
2017-09-29,22.74,22.34,1.74,98.26
2017-10-02,22.77,22.34,1.87,98.13
2017-10-03,23.21,22.37,3.64,96.36
2017-10-04,23.67,22.25,5.97,94.03
2017-10-05,23.69,22.34,5.71,94.29
2017-10-06,23.79,21.81,8.32,91.68
2017-10-09,22.86,21.08,7.8,92.2
2017-10-10,23.71,22.37,5.66,94.34
2017-10-11,23.64,22.37,5.39,94.61
2017-10-12,23.71,23.05,2.81,97.19
2017-10-13,23.7,23.25,1.9,98.1
2017-10-16,23.37,23.07,1.3,98.7
2017-10-17,23.72,23.34,1.58,98.42
2017-10-18,23.98,24.07,0.39,99.61
2017-10-19,23.45,23.25,0.86,99.14
2017-10-20,23.01,22.66,1.52,98.48
2017-10-23,22.47,21.98,2.16,97.84
2017-10-24,22.49,21.9,2.6,97.4
2017-10-25,21.72,21.76,0.16,99.84
2017-10-26,21.74,21.43,1.47,98.53
2017-10-27,21.39,22.03,2.97,97.03
2017-10-30,21.34,19.41,9.03,90.97
2017-10-31,22.1,21.74,1.62,98.38
2017-11-01,21.41,21.28,0.58,99.42
2017-11-02,19.95,19.25,3.49,96.51
2017-11-03,20.41,20.58,0.87,99.13
2017-11-06,20.19,19.99,0.96,99.04
2017-11-07,20.4,19.69,3.51,96.49
2017-11-08,20.29,19.81,2.36,97.64
2017-11-09,20.2,20.01,0.93,99.07
2017-11-10,20.2,20.34,0.69,99.31
2017-11-13,21.03,20.56,2.23,97.77
2017-11-14,20.58,20.56,0.11,99.89
2017-11-15,20.75,20.44,1.52,98.48
2017-11-16,20.83,20.8,0.15,99.85
2017-11-17,21.0,20.89,0.54,99.46
2017-11-20,20.58,20.3,1.38,98.62
2017-11-21,21.19,20.84,1.62,98.38
2017-11-22,20.84,21.45,2.91,97.09
2017-11-24,21.04,21.59,2.61,97.39
2017-11-27,21.12,21.63,2.4,97.6
2017-11-28,21.17,21.23,0.29,99.71
2017-11-29,20.5,20.64,0.65,99.35
2017-11-30,20.59,21.05,2.22,97.78
2017-12-01,20.44,20.68,1.18,98.82
2017-12-04,20.35,20.03,1.58,98.42
2017-12-05,20.25,20.39,0.71,99.29
2017-12-06,20.88,20.6,1.37,98.63
2017-12-07,20.75,20.24,2.47,97.53
2017-12-08,21.01,20.6,1.96,98.04
2017-12-11,21.93,21.56,1.7,98.3
2017-12-12,22.74,22.12,2.71,97.29
2017-12-13,22.6,22.41,0.86,99.14
2017-12-14,22.53,22.25,1.24,98.76
2017-12-15,22.9,22.41,2.14,97.86
2017-12-18,22.59,22.18,1.83,98.17
2017-12-19,22.07,22.98,4.09,95.91
2017-12-20,21.93,22.59,2.99,97.01
2017-12-21,22.11,22.98,3.94,96.06
2017-12-22,21.68,22.59,4.19,95.81
2017-12-26,21.15,22.5,6.36,93.64
2017-12-27,20.78,21.84,5.11,94.89
2017-12-28,21.02,21.97,4.5,95.5
2017-12-29,20.76,21.75,4.76,95.24
2018-01-02,21.37,21.25,0.57,99.43
2018-01-03,21.15,20.85,1.4,98.6
2018-01-04,20.97,20.53,2.13,97.87
2018-01-05,21.11,20.54,2.69,97.31
2018-01-08,22.43,20.92,6.71,93.29
2018-01-09,22.25,21.01,5.56,94.44
2018-01-10,22.32,21.17,5.16,94.84
2018-01-11,22.53,21.62,4.03,95.97
2018-01-12,22.41,21.37,4.64,95.36
2018-01-16,22.67,22.25,1.84,98.16
2018-01-17,23.14,23.72,2.48,97.52
2018-01-18,22.97,23.89,3.98,96.02
2018-01-19,23.33,24.04,3.04,96.96
2018-01-22,23.44,24.04,2.59,97.41
2018-01-23,23.52,24.04,2.23,97.77
2018-01-24,23.06,23.95,3.87,96.13
2018-01-25,22.51,23.56,4.67,95.33
2018-01-26,22.86,23.93,4.69,95.31
2018-01-29,23.3,23.16,0.63,99.37
2018-01-30,23.05,23.16,0.44,99.56
2018-01-31,23.62,23.25,1.59,98.41
2018-02-01,23.28,23.25,0.13,99.87
2018-02-02,22.92,23.11,0.85,99.15
2018-02-05,22.21,22.41,0.92,99.08
2018-02-06,22.26,21.95,1.41,98.59
2018-02-07,23.0,22.52,2.08,97.92
2018-02-08,21.02,21.72,3.36,96.64
2018-02-09,20.69,21.21,2.49,97.51
2018-02-12,21.05,21.31,1.25,98.75
2018-02-13,21.58,21.1,2.22,97.78
2018-02-14,21.49,21.37,0.56,99.44
2018-02-15,22.27,21.87,1.78,98.22
2018-02-16,22.37,21.69,3.02,96.98
2018-02-20,22.32,21.79,2.38,97.62
2018-02-21,22.22,21.83,1.74,98.26
2018-02-22,23.08,22.38,3.04,96.96
2018-02-23,23.47,22.83,2.72,97.28
2018-02-26,23.83,23.08,3.14,96.86
2018-02-27,23.4,22.86,2.3,97.7
2018-02-28,22.87,22.2,2.93,97.07
2018-03-01,22.06,23.16,4.96,95.04
2018-03-02,22.34,23.13,3.52,96.48
2018-03-05,22.22,22.74,2.34,97.66
2018-03-06,21.88,22.19,1.41,98.59
2018-03-07,22.15,22.6,2.03,97.97
2018-03-08,21.94,21.99,0.23,99.77
2018-03-09,21.81,22.2,1.77,98.23
2018-03-12,23.03,22.9,0.6,99.4
2018-03-13,22.79,22.83,0.18,99.82
2018-03-14,21.78,21.83,0.26,99.74
2018-03-15,21.71,21.4,1.41,98.59
2018-03-16,21.42,20.96,2.15,97.85
2018-03-19,20.9,20.96,0.28,99.72
2018-03-20,20.7,21.05,1.69,98.31
2018-03-21,21.1,20.72,1.79,98.21
2018-03-22,20.61,20.54,0.34,99.66
2018-03-23,20.1,20.53,2.12,97.88
2018-03-26,20.28,20.56,1.38,98.62
2018-03-27,18.61,19.79,6.33,93.67
2018-03-28,17.19,18.09,5.27,94.73
2018-03-29,17.74,19.29,8.73,91.27
2018-04-02,16.83,18.32,8.86,91.14
2018-04-03,17.84,18.64,4.49,95.51
2018-04-04,19.13,19.37,1.24,98.76
2018-04-05,20.38,19.64,3.66,96.34
2018-04-06,19.95,19.64,1.59,98.41
2018-04-09,19.31,19.64,1.68,98.32
2018-04-10,20.31,19.91,1.98,98.02
2018-04-11,20.06,19.86,1.01,98.99
2018-04-12,19.61,19.86,1.3,98.7
2018-04-13,20.02,20.18,0.78,99.22
2018-04-16,19.41,20.09,3.46,96.54
2018-04-17,19.18,20.1,4.79,95.21
2018-04-18,19.56,20.34,4.01,95.99
2018-04-19,20.01,20.34,1.67,98.33
2018-04-20,19.35,20.39,5.37,94.63
2018-04-23,18.89,20.16,6.7,93.3
2018-04-24,18.9,19.64,3.92,96.08
2018-04-25,18.71,18.96,1.3,98.7
2018-04-26,19.03,19.04,0.02,99.98
2018-04-27,19.61,19.56,0.21,99.79
2018-04-30,19.59,19.09,2.54,97.46
2018-05-01,19.99,19.37,3.12,96.88
2018-05-02,20.08,19.85,1.14,98.86
2018-05-03,18.96,18.83,0.72,99.28
2018-05-04,19.61,19.4,1.06,98.94
2018-05-07,20.18,20.03,0.76,99.24
2018-05-08,20.13,19.89,1.2,98.8
2018-05-09,20.46,19.82,3.09,96.91
2018-05-10,20.33,20.03,1.49,98.51
2018-05-11,20.07,20.2,0.65,99.35
2018-05-14,19.46,20.02,2.85,97.15
2018-05-15,18.95,19.56,3.27,96.73
2018-05-16,19.1,19.53,2.24,97.76
2018-05-17,18.97,19.22,1.34,98.66
2018-05-18,18.45,18.96,2.71,97.29
2018-05-21,18.97,18.96,0.06,99.94
2018-05-22,18.33,18.83,2.69,97.31
2018-05-23,18.6,19.28,3.62,96.38
2018-05-24,18.52,18.83,1.64,98.36
2018-05-25,18.59,17.97,3.34,96.66
2018-05-29,18.92,18.26,3.48,96.52
2018-05-30,19.45,18.83,3.2,96.8
2018-05-31,18.98,18.26,3.81,96.19
2018-06-01,19.45,19.19,1.35,98.65
2018-06-04,19.78,19.64,0.71,99.29
2018-06-05,19.41,19.85,2.26,97.74
2018-06-06,21.3,20.18,5.26,94.74
2018-06-07,21.07,20.18,4.24,95.76
2018-06-08,21.18,20.2,4.62,95.38
2018-06-11,22.14,20.48,7.49,92.51
2018-06-12,22.85,21.62,5.4,94.6
2018-06-13,22.99,21.62,5.95,94.05
2018-06-14,23.85,22.02,7.68,92.32
2018-06-15,23.88,22.53,5.65,94.35
2018-06-18,24.72,24.43,1.18,98.82
2018-06-19,23.5,23.3,0.89,99.11
2018-06-20,24.15,23.95,0.81,99.19
2018-06-21,23.17,23.7,2.32,97.68
2018-06-22,22.24,22.71,2.09,97.91
2018-06-25,22.2,22.75,2.49,97.51
2018-06-26,22.8,22.74,0.24,99.76
2018-06-27,22.97,22.74,0.97,99.03
2018-06-28,23.33,22.83,2.12,97.88
2018-06-29,22.86,22.54,1.43,98.57
2018-07-02,22.34,21.99,1.55,98.45
2018-07-03,20.72,21.54,3.93,96.07
2018-07-05,20.61,21.17,2.71,97.29
2018-07-06,20.59,21.17,2.8,97.2
2018-07-09,21.23,20.83,1.91,98.09
2018-07-10,21.5,20.88,2.86,97.14
2018-07-11,21.26,20.75,2.39,97.61
2018-07-12,21.11,20.68,2.08,97.92
2018-07-13,21.26,21.29,0.17,99.83
2018-07-16,20.67,21.29,3.0,97.0
2018-07-17,21.51,20.88,2.93,97.07
2018-07-18,21.59,20.88,3.28,96.72
2018-07-19,21.35,20.68,3.15,96.85
2018-07-20,20.91,20.77,0.64,99.36
2018-07-23,20.21,20.53,1.56,98.44
2018-07-24,19.83,20.44,3.07,96.93
2018-07-25,20.58,20.98,1.94,98.06
2018-07-26,20.44,20.98,2.63,97.37
2018-07-27,19.81,20.3,2.46,97.54
2018-07-30,19.34,19.67,1.7,98.3
2018-07-31,19.88,19.96,0.44,99.56
2018-08-01,20.06,19.96,0.46,99.54
2018-08-02,23.3,21.5,7.72,92.28
2018-08-03,23.21,21.46,7.52,92.48
2018-08-06,22.8,21.62,5.15,94.85
2018-08-07,25.3,21.96,13.23,86.77
2018-08-08,24.69,21.88,11.38,88.62
2018-08-09,23.5,22.01,6.33,93.67
2018-08-10,23.7,22.6,4.66,95.34
2018-08-13,23.76,23.57,0.81,99.19
2018-08-14,23.18,22.74,1.86,98.14
2018-08-15,22.58,22.74,0.73,99.27
2018-08-16,22.36,22.74,1.7,98.3
2018-08-17,20.37,22.54,10.65,89.35
2018-08-20,20.56,22.19,7.91,92.09
2018-08-21,21.46,22.52,4.95,95.05
2018-08-22,21.44,21.46,0.08,99.92
2018-08-23,21.34,21.46,0.56,99.44
2018-08-24,21.52,21.73,0.96,99.04
2018-08-27,21.28,20.04,5.83,94.17
2018-08-28,20.79,20.04,3.59,96.41
2018-08-29,20.33,20.65,1.54,98.46
2018-08-30,20.21,19.63,2.85,97.15
2018-08-31,20.11,19.47,3.18,96.82
2018-09-04,19.26,19.02,1.24,98.76
2018-09-05,18.72,19.02,1.65,98.35
2018-09-06,18.73,18.55,0.95,99.05
2018-09-07,17.55,19.23,9.59,90.41
2018-09-10,19.03,19.84,4.22,95.78
2018-09-11,18.63,19.15,2.78,97.22
2018-09-12,19.37,19.35,0.12,99.88
2018-09-13,19.3,19.35,0.25,99.75
2018-09-14,19.68,19.37,1.59,98.41
2018-09-17,19.66,19.37,1.47,98.53
2018-09-18,19.0,19.24,1.26,98.74
2018-09-19,19.93,19.63,1.51,98.49
2018-09-20,19.89,19.5,1.95,98.05
2018-09-21,19.94,19.5,2.2,97.8
2018-09-24,19.98,20.15,0.85,99.15
2018-09-25,20.07,20.29,1.12,98.88
2018-09-26,20.64,20.38,1.26,98.74
2018-09-27,20.5,20.63,0.61,99.39
2018-09-28,17.65,18.96,7.39,92.61
2018-10-01,20.71,20.16,2.66,97.34
2018-10-02,20.07,19.81,1.29,98.71
2018-10-03,19.65,19.53,0.64,99.36
2018-10-04,18.79,19.19,2.14,97.86
2018-10-05,17.46,18.96,8.54,91.46
2018-10-08,16.7,18.96,13.48,86.52
2018-10-09,17.52,18.26,4.22,95.78
2018-10-10,17.13,18.26,6.62,93.38
2018-10-11,16.82,18.26,8.59,91.41
2018-10-12,17.25,18.26,5.84,94.16
2018-10-15,17.31,18.2,5.14,94.86
2018-10-16,18.44,18.2,1.32,98.68
2018-10-17,18.12,18.2,0.42,99.58
2018-10-18,17.59,18.74,6.51,93.49
2018-10-19,17.33,18.07,4.23,95.77
2018-10-22,17.4,18.17,4.42,95.58
2018-10-23,19.61,18.74,4.43,95.57
2018-10-24,19.23,18.8,2.23,97.77
2018-10-25,20.99,19.62,6.54,93.46
2018-10-26,22.06,19.8,10.24,89.76
2018-10-29,22.32,20.78,6.92,93.08
2018-10-30,21.99,20.78,5.52,94.48
2018-10-31,22.49,20.91,7.03,92.97
2018-11-01,22.95,21.33,7.08,92.92
2018-11-02,23.09,22.53,2.44,97.56
2018-11-05,22.76,22.53,1.0,99.0
2018-11-06,22.74,23.04,1.34,98.66
2018-11-07,23.21,23.49,1.19,98.81
2018-11-08,23.43,24.05,2.68,97.32
2018-11-09,23.37,24.35,4.21,95.79
2018-11-12,22.09,22.98,4.03,95.97
2018-11-13,22.58,23.06,2.12,97.88
2018-11-14,22.93,22.98,0.18,99.82
2018-11-15,23.23,22.66,2.43,97.57
2018-11-16,23.62,22.71,3.87,96.13
2018-11-19,23.56,23.33,0.99,99.01
2018-11-20,23.17,22.74,1.82,98.18
2018-11-21,22.55,22.29,1.16,98.84
2018-11-23,21.72,21.83,0.51,99.49
2018-11-26,23.07,22.44,2.71,97.29
2018-11-27,22.93,22.4,2.28,97.72
2018-11-28,23.19,22.4,3.39,96.61
2018-11-29,22.74,22.2,2.41,97.59
2018-11-30,23.37,22.52,3.61,96.39
2018-12-03,23.9,23.25,2.74,97.26
2018-12-04,23.98,23.25,3.03,96.97
2018-12-06,24.2,23.25,3.93,96.07
2018-12-07,23.86,23.07,3.33,96.67
2018-12-10,24.34,23.11,5.06,94.94
2018-12-11,24.45,23.25,4.9,95.1
2018-12-12,24.44,23.25,4.86,95.14
2018-12-13,25.12,24.75,1.46,98.54
2018-12-14,24.38,24.75,1.53,98.47
2018-12-17,23.23,22.62,2.62,97.38
2018-12-18,22.47,22.5,0.14,99.86
2018-12-19,22.2,22.29,0.42,99.58
2018-12-20,21.03,22.05,4.86,95.14
2018-12-21,21.32,22.03,3.32,96.68
2018-12-24,19.69,20.39,3.56,96.44
2018-12-26,21.74,21.66,0.38,99.62
2018-12-27,21.08,21.52,2.1,97.9
2018-12-28,22.26,21.4,3.87,96.13
2018-12-31,22.19,20.8,6.23,93.77
2019-01-02,20.67,20.78,0.52,99.48
2019-01-03,20.02,20.52,2.46,97.54
2019-01-04,21.18,20.7,2.25,97.75
2019-01-07,22.33,20.8,6.84,93.16
2019-01-08,22.36,21.18,5.28,94.72
2019-01-09,22.57,21.3,5.64,94.36
2019-01-10,23.0,21.94,4.58,95.42
2019-01-11,23.15,22.74,1.76,98.24
2019-01-14,22.29,22.54,1.09,98.91
2019-01-15,22.96,22.83,0.56,99.44
2019-01-16,23.07,22.74,1.41,98.59
2019-01-17,23.15,22.79,1.59,98.41
2019-01-18,20.15,21.54,6.89,93.11
2019-01-22,19.93,21.46,7.68,92.32
2019-01-23,19.17,20.56,7.22,92.78
2019-01-24,19.43,21.01,8.11,91.89
2019-01-25,19.8,20.56,3.81,96.19
2019-01-28,19.76,20.41,3.28,96.72
2019-01-29,19.83,20.41,2.91,97.09
2019-01-30,20.58,20.44,0.72,99.28
2019-01-31,20.47,20.09,1.84,98.16
2019-02-01,20.81,20.28,2.58,97.42
2019-02-04,20.86,20.3,2.69,97.31
2019-02-05,21.42,20.3,5.25,94.75
2019-02-06,21.15,20.44,3.36,96.64
2019-02-07,20.5,20.41,0.45,99.55
2019-02-08,20.39,21.11,3.57,96.43
2019-02-11,20.86,21.64,3.77,96.23
2019-02-12,20.79,22.14,6.5,93.5
2019-02-13,20.54,21.73,5.78,94.22
2019-02-14,20.25,21.17,4.52,95.48
2019-02-15,20.53,20.9,1.81,98.19
2019-02-19,20.38,20.76,1.86,98.14
2019-02-20,20.17,20.06,0.57,99.43
2019-02-21,19.42,19.69,1.42,98.58
2019-02-22,19.65,19.55,0.48,99.52
2019-02-25,19.92,19.55,1.83,98.17
2019-02-26,19.86,19.26,2.99,97.01
2019-02-27,20.98,20.1,4.22,95.78
2019-02-28,21.33,20.76,2.66,97.34
2019-03-01,19.65,19.82,0.86,99.14
2019-03-04,19.02,19.42,2.11,97.89
2019-03-05,18.44,18.75,1.7,98.3
2019-03-06,18.42,18.84,2.33,97.67
2019-03-07,18.44,18.83,2.1,97.9
2019-03-08,18.94,18.83,0.61,99.39
2019-03-11,19.39,19.09,1.55,98.45
2019-03-12,18.89,18.96,0.34,99.66
2019-03-13,19.26,19.5,1.22,98.78
2019-03-14,19.33,19.41,0.4,99.6
2019-03-15,18.36,18.96,3.23,96.77
2019-03-18,17.97,18.96,5.5,94.5
2019-03-19,17.83,18.61,4.35,95.65
2019-03-20,18.24,18.04,1.1,98.9
2019-03-21,18.27,18.26,0.05,99.95
2019-03-22,17.64,18.26,3.54,96.46
2019-03-25,17.36,18.26,5.17,94.83
2019-03-26,17.85,18.62,4.33,95.67
2019-03-27,18.32,18.21,0.6,99.4
2019-03-28,18.57,18.12,2.44,97.56
2019-03-29,18.66,17.94,3.86,96.14
2019-04-01,19.28,18.52,3.93,96.07
2019-04-02,19.06,18.21,4.44,95.56
2019-04-03,19.45,18.24,6.24,93.76
2019-04-04,17.85,18.03,1.01,98.99
2019-04-05,18.33,18.32,0.07,99.93
2019-04-08,18.21,18.48,1.49,98.51
2019-04-09,18.15,18.21,0.32,99.68
2019-04-10,18.4,18.24,0.89,99.11
2019-04-11,17.89,18.21,1.78,98.22
2019-04-12,17.85,18.6,4.24,95.76
2019-04-15,17.76,18.15,2.2,97.8
2019-04-16,18.22,18.15,0.41,99.59
2019-04-17,18.08,17.97,0.62,99.38
2019-04-18,18.22,17.97,1.36,98.64
2019-04-22,17.52,17.4,0.68,99.32
2019-04-23,17.59,17.6,0.06,99.94
2019-04-24,17.24,17.38,0.82,99.18
2019-04-25,16.51,17.49,5.97,94.03
2019-04-26,15.68,16.35,4.3,95.7
2019-04-29,16.1,16.57,2.92,97.08
2019-04-30,15.91,16.18,1.68,98.32
2019-05-01,15.6,15.53,0.43,99.57
2019-05-02,16.27,16.26,0.11,99.89
2019-05-03,17.0,16.55,2.69,97.31
2019-05-06,17.02,16.16,5.09,94.91
2019-05-07,16.47,16.26,1.31,98.69
2019-05-08,16.32,16.41,0.52,99.48
2019-05-09,16.13,16.4,1.66,98.34
2019-05-10,15.97,16.37,2.54,97.46
2019-05-13,15.13,16.25,7.34,92.66
2019-05-14,15.49,15.92,2.83,97.17
2019-05-15,15.46,15.92,2.98,97.02
2019-05-16,15.22,16.29,7.01,92.99
2019-05-17,14.07,15.84,12.61,87.39
2019-05-20,13.69,14.98,9.42,90.58
2019-05-21,13.67,14.67,7.26,92.74
2019-05-22,12.85,13.6,5.83,94.17
2019-05-23,13.03,13.04,0.03,99.97
2019-05-24,12.71,12.39,2.47,97.53
2019-05-28,12.58,12.39,1.47,98.53
2019-05-29,12.66,12.54,0.96,99.04
2019-05-30,12.55,13.15,4.82,95.18
2019-05-31,12.34,12.95,4.93,95.07
2019-06-03,11.93,13.15,10.24,89.76
2019-06-04,12.91,13.24,2.58,97.42
2019-06-05,13.11,13.28,1.36,98.64
2019-06-06,13.73,13.5,1.64,98.36
2019-06-07,13.63,13.44,1.42,98.58
2019-06-10,14.19,13.45,5.2,94.8
2019-06-11,14.47,14.24,1.62,98.38
2019-06-12,13.95,14.24,2.06,97.94
2019-06-13,14.26,14.06,1.42,98.58
2019-06-14,14.33,14.45,0.85,99.15
2019-06-17,15.0,15.3,1.97,98.03
2019-06-18,14.98,15.49,3.39,96.61
2019-06-19,15.1,15.58,3.23,96.77
2019-06-20,14.64,15.67,7.02,92.98
2019-06-21,14.79,15.84,7.08,92.92
2019-06-24,14.91,15.82,6.12,93.88
2019-06-25,14.65,15.79,7.78,92.22
2019-06-26,14.62,15.86,8.53,91.47
2019-06-27,14.86,15.78,6.24,93.76
2019-06-28,14.9,15.64,4.96,95.04
2019-07-01,15.14,15.5,2.36,97.64
2019-07-02,14.97,15.66,4.58,95.42
2019-07-03,15.66,15.56,0.66,99.34
2019-07-05,15.54,15.54,0.03,99.97
2019-07-08,15.36,15.29,0.45,99.55
2019-07-09,15.34,15.29,0.33,99.67
2019-07-10,15.93,15.72,1.28,98.72
2019-07-11,15.91,15.89,0.11,99.89
2019-07-12,16.34,16.26,0.45,99.55
2019-07-15,16.9,16.45,2.66,97.34
2019-07-16,16.83,16.48,2.07,97.93
2019-07-17,16.99,16.89,0.59,99.41
2019-07-18,16.9,16.45,2.67,97.33
2019-07-19,17.21,17.04,0.97,99.03
2019-07-22,17.05,17.2,0.89,99.11
2019-07-23,17.34,17.22,0.7,99.3
2019-07-24,17.66,17.25,2.31,97.69
2019-07-25,15.25,16.3,6.87,93.13
2019-07-26,15.2,16.24,6.84,93.16
2019-07-29,15.72,15.96,1.54,98.46
2019-07-30,16.15,15.88,1.67,98.33
2019-07-31,16.11,15.88,1.4,98.6
2019-08-01,15.59,15.6,0.06,99.94
2019-08-02,15.62,15.33,1.87,98.13
2019-08-05,15.22,15.72,3.27,96.73
2019-08-06,15.38,15.66,1.79,98.21
2019-08-07,15.56,15.66,0.63,99.37
2019-08-08,15.89,15.66,1.43,98.57
2019-08-09,15.67,15.27,2.53,97.47
2019-08-12,15.27,15.06,1.34,98.66
2019-08-13,15.67,15.16,3.24,96.76
2019-08-14,14.64,15.54,6.13,93.87
2019-08-15,14.38,15.27,6.22,93.78
2019-08-16,14.66,14.95,1.95,98.05
2019-08-19,15.12,14.69,2.83,97.17
2019-08-20,15.06,14.69,2.41,97.59
2019-08-21,14.72,14.69,0.19,99.81
2019-08-22,14.81,14.69,0.78,99.22
2019-08-23,14.09,14.39,2.1,97.9
2019-08-26,14.33,14.39,0.4,99.6
2019-08-27,14.27,14.39,0.83,99.17
2019-08-28,14.37,14.26,0.75,99.25
2019-08-29,14.78,14.38,2.74,97.26
2019-08-30,15.04,14.75,1.93,98.07
2019-09-03,15.0,14.46,3.63,96.37
2019-09-04,14.71,14.83,0.8,99.2
2019-09-05,15.31,15.12,1.19,98.81
2019-09-06,15.16,14.98,1.2,98.8
2019-09-09,15.45,15.25,1.31,98.69
2019-09-10,15.7,15.43,1.75,98.25
2019-09-11,16.47,15.64,5.09,94.91
2019-09-12,16.39,15.69,4.25,95.75
2019-09-13,16.35,16.16,1.17,98.83
2019-09-16,16.19,16.26,0.48,99.52
2019-09-17,16.32,16.45,0.81,99.19
2019-09-18,16.23,16.45,1.35,98.65
2019-09-19,16.44,16.45,0.07,99.93
2019-09-20,16.04,16.59,3.44,96.56
2019-09-23,16.08,16.65,3.54,96.46
2019-09-24,14.88,16.21,8.93,91.07
2019-09-25,15.25,15.79,3.59,96.41
2019-09-26,16.17,16.12,0.34,99.66
2019-09-27,16.14,15.79,2.15,97.85
2019-09-30,16.06,15.62,2.75,97.25
2019-10-01,16.31,15.61,4.32,95.68
2019-10-02,16.21,15.79,2.55,97.45
2019-10-03,15.54,15.27,1.7,98.3
2019-10-04,15.43,15.27,1.02,98.98
2019-10-07,15.85,15.64,1.34,98.66
2019-10-08,16.0,15.7,1.88,98.12
2019-10-09,16.3,15.79,3.11,96.89
2019-10-10,16.32,15.96,2.18,97.82
2019-10-11,16.53,16.14,2.32,97.68
2019-10-14,17.13,17.04,0.5,99.5
2019-10-15,17.19,17.04,0.86,99.14
2019-10-16,17.32,16.92,2.31,97.69
2019-10-17,17.46,17.08,2.19,97.81
2019-10-18,17.13,17.0,0.73,99.27
2019-10-21,16.9,16.91,0.09,99.91
2019-10-22,17.04,17.36,1.9,98.1
2019-10-23,16.98,17.7,4.24,95.76
2019-10-24,19.98,18.9,5.41,94.59
2019-10-25,21.88,19.59,10.45,89.55
2019-10-28,21.85,20.69,5.29,94.71
2019-10-29,21.08,19.74,6.38,93.62
2019-10-30,21.0,20.09,4.33,95.67
2019-10-31,20.99,20.21,3.73,96.27
2019-11-01,20.89,20.34,2.62,97.38
2019-11-04,21.16,20.63,2.52,97.48
2019-11-05,21.15,21.93,3.71,96.29
2019-11-06,21.77,21.93,0.74,99.26
2019-11-07,22.37,22.46,0.4,99.6
2019-11-08,22.48,22.89,1.83,98.17
2019-11-11,23.01,23.36,1.52,98.48
2019-11-12,23.33,23.72,1.7,98.3
2019-11-13,23.07,23.04,0.14,99.86
2019-11-14,23.29,22.86,1.84,98.16
2019-11-15,23.48,23.14,1.43,98.57
2019-11-18,23.33,23.42,0.39,99.61
2019-11-19,23.97,24.43,1.93,98.07
2019-11-20,23.48,23.89,1.72,98.28
2019-11-21,23.66,23.89,0.98,99.02
2019-11-22,22.2,22.66,2.08,97.92
2019-11-25,22.42,22.74,1.43,98.57
2019-11-26,21.93,22.11,0.83,99.17
2019-11-27,22.09,21.91,0.79,99.21
2019-11-29,22.0,22.12,0.56,99.44
2019-12-02,22.32,22.1,1.0,99.0
2019-12-03,22.41,21.83,2.59,97.41
2019-12-04,22.2,21.83,1.66,98.34
2019-12-05,22.02,21.83,0.87,99.13
2019-12-06,22.39,21.83,2.5,97.5
2019-12-09,22.64,22.1,2.36,97.64
2019-12-10,23.26,22.1,4.97,95.03
2019-12-11,23.51,22.4,4.72,95.28
2019-12-12,23.98,22.65,5.55,94.45
2019-12-13,23.89,24.29,1.65,98.35
2019-12-16,25.43,25.22,0.85,99.15
2019-12-17,25.27,25.59,1.27,98.73
2019-12-18,26.21,26.83,2.38,97.62
2019-12-19,26.94,26.59,1.3,98.7
2019-12-20,27.04,26.59,1.68,98.32
2019-12-23,27.95,29.14,4.27,95.73
2019-12-24,28.35,29.14,2.8,97.2
2019-12-26,28.73,30.29,5.45,94.55
2019-12-27,28.69,30.29,5.59,94.41
2019-12-30,27.65,29.15,5.42,94.58
2019-12-31,27.89,29.15,4.51,95.49
2020-01-02,28.68,29.73,3.66,96.34
2020-01-03,29.53,30.15,2.07,97.93
2020-01-06,30.1,29.84,0.87,99.13
2020-01-07,31.27,29.69,5.04,94.96
2020-01-08,32.81,33.76,2.9,97.1
2020-01-09,32.09,31.64,1.4,98.6
2020-01-10,31.88,34.5,8.22,91.78
2020-01-13,34.99,34.9,0.25,99.75
2020-01-14,35.86,34.9,2.67,97.33
2020-01-15,34.57,34.5,0.2,99.8
2020-01-16,34.23,34.11,0.35,99.65
2020-01-17,34.03,34.11,0.23,99.77
2020-01-21,36.48,38.81,6.38,93.62
2020-01-22,37.97,39.21,3.28,96.72
2020-01-23,38.15,38.92,2.03,97.97
2020-01-24,37.65,38.81,3.06,96.94
2020-01-27,37.2,38.81,4.32,95.68
2020-01-28,37.79,38.5,1.86,98.14
2020-01-29,38.73,43.16,11.42,88.58
2020-01-30,42.72,47.04,10.11,89.89
2020-01-31,43.37,47.45,9.41,90.59
2020-02-03,52.0,48.93,5.9,94.1
2020-02-04,59.14,50.63,14.39,85.61
2020-02-05,48.98,47.01,4.03,95.97
2020-02-06,49.93,47.22,5.43,94.57
2020-02-07,49.87,47.22,5.32,94.68
2020-02-10,51.42,50.76,1.28,98.72
2020-02-11,51.63,50.55,2.09,97.91
2020-02-12,51.15,52.99,3.59,96.41
2020-02-13,53.6,54.96,2.53,97.47
2020-02-14,53.34,54.96,3.04,96.96
2020-02-18,57.23,55.71,2.66,97.34
2020-02-19,61.16,57.16,6.54,93.46
2020-02-20,59.96,58.41,2.59,97.41
2020-02-21,60.07,58.41,2.76,97.24
2020-02-24,55.59,52.08,6.31,93.69
2020-02-25,53.33,51.35,3.71,96.29
2020-02-26,51.92,52.68,1.46,98.54
2020-02-27,45.27,51.91,14.67,85.33
2020-02-28,44.53,48.58,9.1,90.9
2020-03-02,49.57,50.12,1.1,98.9
2020-03-03,49.7,50.12,0.84,99.16
2020-03-04,49.97,50.12,0.31,99.69
2020-03-05,48.3,44.08,8.74,91.26
2020-03-06,46.9,44.08,6.01,93.99
2020-03-09,40.53,41.84,3.23,96.77
2020-03-10,43.02,41.19,4.26,95.74
2020-03-11,42.28,41.66,1.48,98.52
2020-03-12,37.37,38.07,1.86,98.14
2020-03-13,36.44,35.71,2.0,98.0
2020-03-16,29.67,33.7,13.58,86.42
2020-03-17,28.68,33.7,17.51,82.49
2020-03-18,24.08,33.74,40.1,59.9
2020-03-19,28.51,33.24,16.6,83.4
2020-03-20,28.5,28.2,1.05,98.95
2020-03-23,28.95,28.04,3.15,96.85
2020-03-24,33.67,31.02,7.85,92.15
2020-03-25,35.95,31.46,12.48,87.52
2020-03-26,35.21,31.48,10.58,89.42
2020-03-27,34.29,31.48,8.18,91.82
2020-03-30,33.48,31.48,5.95,94.05
2020-03-31,34.93,31.48,9.87,90.13
2020-04-01,32.1,35.38,10.2,89.8
2020-04-02,30.3,35.08,15.79,84.21
2020-04-03,32.0,36.72,14.73,85.27
2020-04-06,34.42,36.92,7.28,92.72
2020-04-07,36.36,36.9,1.47,98.53
2020-04-08,36.59,39.31,7.43,92.57
2020-04-09,38.2,39.54,3.5,96.5
2020-04-13,43.4,41.9,3.45,96.55
2020-04-14,47.33,41.9,11.47,88.53
2020-04-15,48.66,43.24,11.14,88.86
2020-04-16,49.68,47.99,3.41,96.59
2020-04-17,50.26,47.99,4.52,95.48
2020-04-20,49.76,47.99,3.56,96.44
2020-04-21,45.78,47.01,2.68,97.32
2020-04-22,48.81,51.53,5.57,94.43
2020-04-23,47.04,51.53,9.53,90.47
2020-04-24,48.34,51.53,6.58,93.42
2020-04-27,53.25,52.4,1.61,98.39
2020-04-28,51.27,51.51,0.46,99.54
2020-04-29,53.37,51.53,3.45,96.55
2020-04-30,52.13,54.14,3.86,96.14
2020-05-01,46.75,49.52,5.91,94.09
2020-05-04,50.75,46.6,8.17,91.83
2020-05-05,51.21,47.23,7.78,92.22
2020-05-06,52.17,50.75,2.73,97.27
2020-05-07,52.0,50.09,3.67,96.33
2020-05-08,54.63,51.86,5.07,94.93
2020-05-11,54.09,52.3,3.31,96.69
2020-05-12,53.96,51.86,3.89,96.11
2020-05-13,52.73,51.86,1.65,98.35
2020-05-14,53.56,51.86,3.17,96.83
2020-05-15,53.28,50.67,4.89,95.11
2020-05-18,54.24,51.86,4.39,95.61
2020-05-19,53.87,50.67,5.93,94.07
2020-05-20,54.37,52.68,3.11,96.89
2020-05-21,55.17,60.04,8.83,91.17
2020-05-22,54.46,54.78,0.59,99.41
2020-05-26,54.59,54.77,0.34,99.66
2020-05-27,54.68,52.8,3.44,96.56
2020-05-28,53.72,52.36,2.53,97.47
2020-05-29,55.67,58.71,5.46,94.54
2020-06-01,59.87,62.27,4.01,95.99
2020-06-02,58.77,61.12,4.0,96.0
2020-06-03,58.86,61.29,4.13,95.87
2020-06-04,57.63,57.6,0.05,99.95
2020-06-05,59.04,63.26,7.14,92.86
2020-06-08,63.33,66.09,4.37,95.63
2020-06-09,62.71,66.09,5.39,94.61
2020-06-10,68.34,70.52,3.2,96.8
2020-06-11,64.86,63.88,1.5,98.5
2020-06-12,62.35,60.65,2.73,97.27
2020-06-15,66.06,63.57,3.78,96.22
2020-06-16,65.48,62.62,4.35,95.65
2020-06-17,66.12,64.81,1.98,98.02
2020-06-18,66.93,62.02,7.34,92.66
2020-06-19,66.73,62.33,6.59,93.41
2020-06-22,66.29,74.75,12.77,87.23
2020-06-23,66.79,74.75,11.93,88.07
2020-06-24,64.06,73.63,14.95,85.05
2020-06-25,65.73,73.63,12.02,87.98
2020-06-26,63.98,73.52,14.9,85.1
2020-06-29,67.29,73.63,9.42,90.58
2020-06-30,71.99,73.63,2.28,97.72
2020-07-01,74.64,77.67,4.05,95.95
2020-07-02,80.58,84.94,5.41,94.59
2020-07-06,91.44,88.74,2.95,97.05
2020-07-07,92.66,89.5,3.4,96.6
2020-07-08,91.06,88.33,3.0,97.0
2020-07-09,92.95,88.33,4.97,95.03
2020-07-10,102.98,91.45,11.19,88.81
2020-07-13,99.8,89.61,10.21,89.79
2020-07-14,101.12,103.05,1.91,98.09
2020-07-15,103.07,103.88,0.79,99.21
2020-07-16,100.04,101.77,1.73,98.27
2020-07-17,100.06,109.24,9.18,90.82
2020-07-20,109.53,110.8,1.16,98.84
2020-07-21,104.56,104.87,0.3,99.7
2020-07-22,106.16,104.87,1.21,98.79
2020-07-23,100.87,100.79,0.08,99.92
2020-07-24,94.47,99.82,5.67,94.33
2020-07-27,102.64,99.5,3.06,96.94
2020-07-28,98.43,99.5,1.08,98.92
2020-07-29,99.94,96.38,3.56,96.44
2020-07-30,99.17,95.05,4.15,95.85
2020-07-31,95.38,94.97,0.44,99.56
2020-08-03,99.0,95.05,3.99,96.01
2020-08-04,99.13,101.76,2.65,97.35
2020-08-05,99.0,101.76,2.79,97.21
2020-08-06,99.31,102.71,3.43,96.57
2020-08-07,96.85,99.26,2.49,97.51
2020-08-10,94.57,99.28,4.98,95.02
2020-08-11,91.63,90.78,0.92,99.08
2020-08-12,103.65,101.51,2.07,97.93
2020-08-13,108.07,106.64,1.32,98.68
2020-08-14,110.05,105.87,3.79,96.21
2020-08-17,122.38,120.74,1.34,98.66
2020-08-18,125.81,122.65,2.51,97.49
2020-08-19,125.24,123.4,1.47,98.53
2020-08-20,133.46,127.19,4.69,95.31
2020-08-21,136.67,138.56,1.38,98.62
2020-08-24,134.28,134.43,0.11,99.89
2020-08-25,134.89,138.61,2.76,97.24
2020-08-26,143.54,140.36,2.22,97.78
2020-08-27,149.25,154.06,3.22,96.78
2020-08-28,147.56,154.03,4.38,95.62
2020-08-31,166.11,156.76,5.63,94.37
2020-09-01,158.35,155.13,2.04,97.96
2020-09-02,149.12,148.05,0.72,99.28
2020-09-03,135.67,141.52,4.31,95.69
2020-09-04,139.44,141.51,1.49,98.51
2020-09-08,110.07,133.92,21.67,78.33
2020-09-09,122.09,128.07,4.89,95.11
2020-09-10,123.78,132.11,6.73,93.27
2020-09-11,124.24,134.3,8.09,91.91
2020-09-14,139.87,140.51,0.45,99.55
2020-09-15,149.92,143.1,4.55,95.45
2020-09-16,147.25,140.47,4.61,95.39
2020-09-17,141.14,137.6,2.51,97.49
2020-09-18,147.38,141.46,4.02,95.98
2020-09-21,149.8,138.7,7.41,92.59
2020-09-22,141.41,138.18,2.29,97.71
2020-09-23,126.79,135.64,6.98,93.02
2020-09-24,129.26,135.42,4.76,95.24
2020-09-25,135.78,137.6,1.34,98.66
2020-09-28,140.4,147.59,5.12,94.88
2020-09-29,139.69,145.83,4.39,95.61
2020-09-30,143.0,144.53,1.07,98.93
2020-10-01,149.39,148.27,0.75,99.25
2020-10-02,138.36,137.85,0.37,99.63
2020-10-05,141.89,136.79,3.6,96.4
2020-10-06,137.99,136.79,0.88,99.12
2020-10-07,141.77,140.42,0.95,99.05
2020-10-08,141.97,136.87,3.59,96.41
2020-10-09,144.67,139.26,3.74,96.26
2020-10-12,147.43,146.7,0.5,99.5
2020-10-13,148.88,153.8,3.31,96.69
2020-10-14,153.77,154.59,0.53,99.47
2020-10-15,149.63,148.21,0.95,99.05
2020-10-16,146.56,147.0,0.3,99.7
2020-10-19,143.61,145.99,1.66,98.34
2020-10-20,140.65,146.37,4.07,95.93
2020-10-21,140.88,137.94,2.09,97.91
2020-10-22,141.93,144.69,1.95,98.05
2020-10-23,140.21,138.3,1.36,98.64
2020-10-26,140.09,145.95,4.18,95.82
2020-10-27,141.56,142.11,0.39,99.61
2020-10-28,135.34,137.94,1.92,98.08
2020-10-29,136.94,137.28,0.25,99.75
2020-10-30,129.35,127.04,1.78,98.22
2020-11-02,133.5,133.74,0.18,99.82
2020-11-03,141.3,134.85,4.57,95.43
2020-11-04,140.33,139.46,0.62,99.38
2020-11-05,146.03,143.3,1.87,98.13
2020-11-06,143.32,143.3,0.01,99.99
2020-11-09,140.42,143.3,2.05,97.95
2020-11-10,136.79,139.04,1.65,98.35
2020-11-11,139.04,138.64,0.29,99.71
2020-11-12,137.25,138.64,1.01,98.99
2020-11-13,136.17,138.64,1.81,98.19
2020-11-16,136.03,136.66,0.46,99.54
2020-11-17,147.2,147.9,0.47,99.53
2020-11-18,162.21,155.99,3.83,96.17
2020-11-19,166.42,162.57,2.32,97.68
2020-11-20,163.2,165.66,1.5,98.5
2020-11-23,173.95,173.55,0.23,99.77
2020-11-24,185.13,177.24,4.26,95.74
2020-11-25,191.33,191.33,0.0,100.0
2020-11-27,195.25,191.82,1.76,98.24
2020-11-30,189.2,193.09,2.06,97.94
2020-12-01,194.92,194.3,0.32,99.68
2020-12-02,189.61,193.18,1.89,98.11
2020-12-03,197.79,201.85,2.05,97.95
2020-12-04,199.68,204.34,2.34,97.66
2020-12-07,213.92,213.12,0.37,99.63
2020-12-08,216.63,218.9,1.05,98.95
2020-12-09,201.49,200.52,0.49,99.51
2020-12-10,209.02,205.83,1.53,98.47
2020-12-11,203.33,210.5,3.53,96.47
2020-12-14,213.28,211.9,0.65,99.35
2020-12-15,211.08,207.3,1.79,98.21
2020-12-16,207.59,208.88,0.62,99.38
2020-12-17,218.63,210.76,3.6,96.4
2020-12-18,231.67,225.7,2.58,97.42
2020-12-21,216.62,217.08,0.21,99.79
2020-12-22,213.45,216.0,1.2,98.8
2020-12-23,215.33,215.19,0.06,99.94
2020-12-24,220.59,216.53,1.84,98.16
2020-12-28,221.23,215.04,2.8,97.2
2020-12-29,222.0,217.03,2.24,97.76
2020-12-30,231.59,230.24,0.59,99.41
2020-12-31,235.22,232.96,0.96,99.04
2021-01-04,243.26,235.63,3.14,96.86
2021-01-05,245.04,240.08,2.02,97.98
2021-01-06,251.99,245.56,2.55,97.45
2021-01-07,272.01,266.79,1.92,98.08
2021-01-08,293.34,279.45,4.73,95.27
2021-01-11,270.4,260.3,3.73,96.27
2021-01-12,283.15,276.22,2.44,97.56
2021-01-13,284.8,284.54,0.09,99.91
2021-01-14,281.67,292.3,3.77,96.23
2021-01-15,275.39,276.06,0.24,99.76
2021-01-19,281.52,280.96,0.2,99.8
2021-01-20,283.48,284.2,0.25,99.75
2021-01-21,281.66,284.71,1.08,98.92
2021-01-22,282.21,285.13,1.03,98.97
2021-01-25,293.6,292.09,0.51,99.49
2021-01-26,294.36,292.53,0.62,99.38
2021-01-27,288.05,289.14,0.38,99.62
2021-01-28,278.48,277.81,0.24,99.76
2021-01-29,264.51,262.58,0.73,99.27
2021-02-01,279.94,281.8,0.67,99.33
2021-02-02,290.93,282.83,2.78,97.22
2021-02-03,284.9,273.64,3.95,96.05
2021-02-04,283.33,277.41,2.09,97.91
2021-02-05,284.08,283.87,0.07,99.93
2021-02-08,287.81,287.85,0.01,99.99
2021-02-09,283.15,280.27,1.02,98.98
2021-02-10,268.27,275.49,2.69,97.31
2021-02-11,270.55,272.01,0.54,99.46
2021-02-12,272.04,268.74,1.21,98.79
2021-02-16,265.41,265.68,0.1,99.9
2021-02-17,266.05,266.64,0.22,99.78
2021-02-18,262.46,264.67,0.84,99.16
2021-02-19,260.43,270.99,4.05,95.95
2021-02-22,238.17,241.73,1.5,98.5
2021-02-23,232.95,235.92,1.28,98.72
2021-02-24,247.34,242.69,1.88,98.12
2021-02-25,227.41,228.08,0.3,99.7
2021-02-26,225.17,226.45,0.57,99.43
2021-03-01,239.48,235.03,1.86,98.14
2021-03-02,228.81,227.39,0.62,99.38
2021-03-03,217.73,220.54,1.29,98.71
2021-03-04,207.15,211.54,2.12,97.88
2021-03-05,199.32,208.94,4.83,95.17
2021-03-08,187.67,196.4,4.66,95.34
2021-03-09,224.53,223.96,0.25,99.75
2021-03-10,222.69,226.65,1.78,98.22
2021-03-11,233.2,232.41,0.34,99.66
2021-03-12,231.24,234.45,1.39,98.61
2021-03-15,235.98,235.77,0.09,99.91
2021-03-16,225.63,227.51,0.83,99.17
2021-03-17,233.94,230.05,1.66,98.34
2021-03-18,217.72,225.4,3.53,96.47
2021-03-19,218.29,218.6,0.14,99.86
2021-03-22,223.33,219.26,1.82,98.18
2021-03-23,220.72,219.26,0.66,99.34
2021-03-24,210.09,217.78,3.66,96.34
2021-03-25,213.46,219.79,2.96,97.04
2021-03-26,206.24,219.3,6.34,93.66
2021-03-29,203.76,207.15,1.66,98.34
2021-03-30,211.87,214.8,1.38,98.62
2021-03-31,222.64,217.67,2.23,97.77
2021-04-01,220.58,219.3,0.58,99.42
2021-04-05,230.35,223.09,3.15,96.85
2021-04-06,230.54,229.09,0.63,99.37
2021-04-07,223.66,222.92,0.33,99.67
2021-04-08,227.93,227.77,0.07,99.93
2021-04-09,225.67,224.12,0.69,99.31
2021-04-12,233.99,227.41,2.81,97.19
2021-04-13,254.11,241.32,5.03,94.97
2021-04-14,244.08,243.6,0.19,99.81
2021-04-15,246.28,244.54,0.71,99.29
2021-04-16,246.59,247.21,0.25,99.75
2021-04-19,238.21,242.89,1.97,98.03
2021-04-20,239.66,243.37,1.55,98.45
2021-04-21,248.04,246.75,0.52,99.48
2021-04-22,239.9,242.0,0.88,99.12
2021-04-23,243.13,238.36,1.96,98.04
2021-04-26,246.07,241.71,1.77,98.23
2021-04-27,234.91,238.15,1.38,98.62
2021-04-28,231.47,235.58,1.78,98.22
2021-04-29,225.67,229.55,1.72,98.28
2021-04-30,236.48,239.78,1.4,98.6
2021-05-03,228.3,228.07,0.1,99.9
2021-05-04,224.53,226.04,0.67,99.33
2021-05-05,223.65,222.96,0.31,99.69
2021-05-06,221.18,223.28,0.95,99.05
2021-05-07,224.12,228.99,2.17,97.83
2021-05-10,209.68,215.11,2.59,97.41
2021-05-11,205.73,206.53,0.39,99.61
2021-05-12,196.63,203.3,3.39,96.61
2021-05-13,190.56,191.22,0.34,99.66
2021-05-14,196.58,194.08,1.27,98.73
2021-05-17,192.28,194.63,1.22,98.78
2021-05-18,192.62,193.91,0.67,99.33
2021-05-19,187.82,192.0,2.22,97.78
2021-05-20,195.59,193.27,1.19,98.81
2021-05-21,193.63,192.69,0.48,99.52
2021-05-24,202.15,193.26,4.4,95.6
2021-05-25,201.56,198.97,1.29,98.71
2021-05-26,206.38,202.83,1.72,98.28
2021-05-27,210.28,203.98,3.0,97.0
2021-05-28,208.41,206.52,0.9,99.1
2021-06-01,207.97,206.23,0.84,99.16
2021-06-02,201.71,203.37,0.83,99.17
2021-06-03,190.95,200.04,4.76,95.24
2021-06-04,199.68,200.68,0.5,99.5
2021-06-07,201.71,204.01,1.14,98.86
2021-06-08,201.2,204.01,1.4,98.6
2021-06-09,199.59,204.9,2.66,97.34
2021-06-10,203.37,204.01,0.31,99.69
2021-06-11,203.3,204.9,0.79,99.21
2021-06-14,205.9,201.27,2.24,97.76
2021-06-15,199.79,200.04,0.12,99.88
2021-06-16,201.62,200.34,0.64,99.36
2021-06-17,205.53,200.82,2.29,97.71
2021-06-18,207.77,201.75,2.9,97.1
2021-06-21,206.94,202.94,1.93,98.07
2021-06-22,207.9,207.45,0.22,99.78
2021-06-23,218.86,222.25,1.55,98.45
2021-06-24,226.61,227.41,0.35,99.65
2021-06-25,223.96,223.61,0.16,99.84
2021-06-28,229.57,227.89,0.73,99.27
2021-06-29,226.92,227.06,0.06,99.94
2021-06-30,226.57,226.64,0.03,99.97
2021-07-01,225.97,228.01,0.9,99.1
2021-07-02,226.3,227.72,0.63,99.37
2021-07-06,219.86,232.62,5.8,94.2
2021-07-07,214.88,220.91,2.8,97.2
2021-07-08,217.6,223.72,2.81,97.19
2021-07-09,218.98,219.78,0.37,99.63
2021-07-12,228.57,232.43,1.69,98.31
2021-07-13,222.85,220.8,0.92,99.08
2021-07-14,217.79,220.86,1.41,98.59
2021-07-15,216.87,213.51,1.55,98.45
2021-07-16,214.74,213.35,0.65,99.35
2021-07-19,215.41,205.21,4.73,95.27
2021-07-20,220.17,218.55,0.73,99.27
2021-07-21,218.43,215.63,1.28,98.72
2021-07-22,216.42,215.59,0.38,99.62
2021-07-23,214.46,213.85,0.29,99.71
2021-07-26,219.21,221.32,0.96,99.04
2021-07-27,214.93,221.79,3.19,96.81
2021-07-28,215.66,218.67,1.4,98.6
2021-07-29,225.78,222.11,1.63,98.37
2021-07-30,229.07,222.89,2.7,97.3
2021-08-02,236.56,232.39,1.76,98.24
2021-08-03,236.58,234.24,0.99,99.01
2021-08-04,236.97,233.1,1.63,98.37
2021-08-05,238.21,242.59,1.84,98.16
2021-08-06,233.03,239.69,2.86,97.14
2021-08-09,237.92,239.52,0.67,99.33
2021-08-10,236.66,241.15,1.9,98.1
2021-08-11,235.94,240.52,1.94,98.06
2021-08-12,240.75,242.53,0.74,99.26
2021-08-13,239.06,243.99,2.06,97.94
2021-08-16,228.72,235.54,2.98,97.02
2021-08-17,221.9,226.64,2.13,97.87
2021-08-18,229.66,230.31,0.28,99.72
2021-08-19,224.49,226.68,0.97,99.03
2021-08-20,226.75,222.4,1.92,98.08
2021-08-23,235.43,231.32,1.75,98.25
2021-08-24,236.16,232.83,1.41,98.59
2021-08-25,237.07,235.1,0.83,99.17
2021-08-26,233.72,237.19,1.48,98.52
2021-08-27,237.31,236.67,0.27,99.73
2021-08-30,243.64,242.06,0.65,99.35
2021-08-31,245.24,244.27,0.4,99.6
2021-09-01,244.7,242.03,1.09,98.91
2021-09-02,244.13,240.94,1.3,98.7
2021-09-03,244.52,247.77,1.33,98.67
2021-09-07,250.97,250.43,0.22,99.78
2021-09-08,251.29,251.33,0.02,99.98
2021-09-09,251.62,257.19,2.21,97.79
2021-09-10,245.42,246.9,0.6,99.4
2021-09-13,247.67,246.86,0.33,99.67
2021-09-14,248.16,250.55,0.96,99.04
2021-09-15,251.94,252.57,0.25,99.75
2021-09-16,252.33,256.21,1.54,98.46
2021-09-17,253.16,257.28,1.62,98.38
2021-09-20,243.39,242.58,0.33,99.67
2021-09-21,246.46,243.71,1.12,98.88
2021-09-22,250.65,249.66,0.39,99.61
2021-09-23,251.21,250.62,0.24,99.76
2021-09-24,258.13,254.39,1.45,98.55
2021-09-27,263.79,261.43,0.89,99.11
2021-09-28,259.19,259.12,0.02,99.98
2021-09-29,260.44,257.33,1.19,98.81
2021-09-30,258.49,259.18,0.27,99.73
2021-10-01,258.41,257.0,0.54,99.46
2021-10-04,260.51,260.47,0.02,99.98
2021-10-05,260.2,258.51,0.65,99.35
2021-10-06,260.92,260.8,0.05,99.95
2021-10-07,264.54,262.48,0.78,99.22
2021-10-08,261.83,265.19,1.28,98.72
2021-10-11,263.98,265.94,0.74,99.26
2021-10-12,268.57,267.35,0.46,99.54
2021-10-13,270.36,268.99,0.51,99.49
2021-10-14,272.77,271.96,0.3,99.7
2021-10-15,281.01,276.77,1.51,98.49
2021-10-18,290.04,298.35,2.87,97.13
2021-10-19,288.09,291.68,1.25,98.75
2021-10-20,288.6,293.6,1.73,98.27
2021-10-21,298.0,299.87,0.63,99.37
2021-10-22,303.23,302.04,0.39,99.61
2021-10-25,341.62,330.08,3.38,96.62
2021-10-26,339.48,342.3,0.83,99.17
2021-10-27,345.95,352.02,1.76,98.24
2021-10-28,359.01,366.78,2.16,97.84
2021-10-29,371.33,367.82,0.95,99.05
2021-11-01,402.86,381.97,5.19,94.81
2021-11-02,390.67,391.46,0.2,99.8
2021-11-03,404.62,399.63,1.23,98.77
2021-11-04,409.97,403.43,1.6,98.4
2021-11-05,407.36,407.56,0.05,99.95
2021-11-08,387.65,392.54,1.26,98.74
2021-11-09,341.17,349.72,2.51,97.49
2021-11-10,355.98,352.52,0.97,99.03
2021-11-11,354.5,356.73,0.63,99.37
2021-11-12,344.47,342.36,0.61,99.39
2021-11-15,337.8,336.88,0.27,99.73
2021-11-16,351.58,352.75,0.34,99.66
2021-11-17,363.0,365.4,0.66,99.34
2021-11-18,365.46,362.0,0.95,99.05
2021-11-19,379.02,369.11,2.62,97.38
2021-11-22,385.62,382.6,0.78,99.22
2021-11-23,369.68,368.41,0.34,99.66
2021-11-24,372.0,367.05,1.33,98.67
2021-11-26,360.64,364.09,0.96,99.04
2021-11-29,379.0,371.63,1.94,98.06
2021-11-30,381.59,386.46,1.28,98.72
2021-12-01,365.0,374.49,2.6,97.4
2021-12-02,361.53,373.13,3.21,96.79
2021-12-03,338.32,348.8,3.1,96.9
2021-12-06,336.34,342.33,1.78,98.22
2021-12-07,350.58,350.72,0.04,99.96
2021-12-08,356.32,350.11,1.74,98.26
2021-12-09,334.6,340.75,1.84,98.16
2021-12-10,339.01,337.3,0.51,99.49
2021-12-13,322.14,315.02,2.21,97.79
2021-12-14,319.5,318.08,0.45,99.55
2021-12-15,325.33,326.33,0.31,99.69
2021-12-16,308.97,318.58,3.11,96.89
2021-12-17,310.86,306.9,1.27,98.73
2021-12-20,299.98,298.36,0.54,99.46
2021-12-21,312.84,314.94,0.67,99.33
2021-12-22,336.29,329.07,2.15,97.85
2021-12-23,355.67,355.66,0.0,100.0
2021-12-27,364.65,357.0,2.1,97.9
2021-12-28,362.82,359.7,0.86,99.14
2021-12-29,362.06,355.56,1.8,98.2
2021-12-30,356.78,357.49,0.2,99.8
2021-12-31,352.26,352.38,0.03,99.97
2022-01-03,399.93,388.62,2.83,97.17
2022-01-04,383.2,385.52,0.61,99.39
2022-01-05,362.71,356.61,1.68,98.32
2022-01-06,354.9,351.24,1.03,98.97
2022-01-07,342.32,349.76,2.17,97.83
2022-01-10,352.71,355.81,0.88,99.12
2022-01-11,354.8,359.57,1.34,98.66
2022-01-12,368.74,366.24,0.68,99.32
2022-01-13,343.85,342.98,0.25,99.75
2022-01-14,349.87,342.18,2.2,97.8
2022-01-18,343.5,343.63,0.04,99.96
2022-01-19,331.88,332.27,0.12,99.88
2022-01-20,332.09,337.15,1.53,98.47
2022-01-21,314.63,326.97,3.92,96.08
2022-01-24,310.0,300.47,3.07,96.93
2022-01-25,306.13,303.27,0.94,99.06
2022-01-26,312.47,309.9,0.82,99.18
2022-01-27,276.37,283.11,2.44,97.56
2022-01-28,282.12,290.26,2.89,97.11
2022-01-31,312.24,312.58,0.11,99.89
2022-02-01,310.42,311.6,0.38,99.62
2022-02-02,301.89,291.37,3.48,96.52
2022-02-03,297.05,300.39,1.13,98.87
2022-02-04,307.77,305.37,0.78,99.22
2022-02-07,302.45,304.35,0.63,99.37
2022-02-08,307.33,308.83,0.49,99.51
2022-02-09,310.67,306.63,1.3,98.7
2022-02-10,301.52,302.64,0.37,99.63
2022-02-11,286.67,293.61,2.42,97.58
2022-02-14,291.92,297.06,1.76,98.24
2022-02-15,307.48,299.72,2.52,97.48
2022-02-16,307.8,309.69,0.62,99.38
2022-02-17,292.12,296.71,1.57,98.43
2022-02-18,285.66,285.72,0.02,99.98
2022-02-22,273.84,280.26,2.34,97.66
2022-02-23,254.68,261.25,2.58,97.42
2022-02-24,266.92,275.46,3.2,96.8
2022-02-25,269.96,272.34,0.88,99.12
2022-02-28,290.14,290.34,0.07,99.93
2022-03-01,288.12,280.94,2.49,97.51
2022-03-02,293.3,286.72,2.24,97.76
2022-03-03,279.76,278.82,0.34,99.66
2022-03-04,279.43,287.28,2.81,97.19
2022-03-07,268.19,273.69,2.05,97.95
2022-03-08,274.8,274.02,0.28,99.72
2022-03-09,286.32,278.08,2.88,97.12
2022-03-10,279.43,281.41,0.71,99.29
2022-03-11,265.12,274.91,3.7,96.3
2022-03-14,255.46,265.13,3.79,96.21
2022-03-15,267.3,283.96,6.23,93.77
2022-03-16,280.08,284.96,1.74,98.26
2022-03-17,290.53,288.62,0.66,99.34
2022-03-18,301.8,288.28,4.48,95.52
2022-03-21,307.05,297.17,3.22,96.78
2022-03-22,331.33,318.28,3.94,96.06
2022-03-23,333.04,325.87,2.15,97.85
2022-03-24,337.97,328.89,2.69,97.31
2022-03-25,336.88,340.81,1.17,98.83
2022-03-28,363.95,356.33,2.09,97.91
2022-03-29,366.52,355.26,3.07,96.93
2022-03-30,364.66,362.01,0.73,99.27
2022-03-31,359.2,365.69,1.81,98.19
2022-04-01,361.53,376.85,4.24,95.76
2022-04-04,381.82,385.89,1.07,98.93
2022-04-05,363.75,373.98,2.81,97.19
2022-04-06,348.59,350.32,0.5,99.5
2022-04-07,352.42,348.17,1.21,98.79
2022-04-08,341.83,335.77,1.77,98.23
2022-04-11,325.31,325.85,0.17,99.83
2022-04-12,328.98,328.58,0.12,99.88
2022-04-13,340.79,349.37,2.52,97.48
2022-04-14,328.33,335.74,2.26,97.74
2022-04-18,334.76,328.27,1.94,98.06
2022-04-19,342.72,336.62,1.78,98.22
2022-04-20,325.73,330.79,1.55,98.45
2022-04-21,336.26,334.13,0.63,99.37
2022-04-22,335.02,335.57,0.16,99.84
2022-04-25,332.67,324.4,2.49,97.51
2022-04-26,292.14,291.56,0.2,99.8
2022-04-27,293.84,295.07,0.42,99.58
2022-04-28,292.5,290.67,0.63,99.37
2022-04-29,290.25,297.93,2.65,97.35
2022-05-02,300.98,311.72,3.57,96.43
2022-05-03,303.08,312.12,2.98,97.02
2022-05-04,317.54,309.64,2.49,97.51
2022-05-05,291.09,300.92,3.38,96.62
2022-05-06,288.55,290.4,0.64,99.36
2022-05-09,262.37,261.91,0.17,99.83
2022-05-10,266.68,264.58,0.79,99.21
2022-05-11,244.67,248.94,1.75,98.25
2022-05-12,242.67,244.43,0.73,99.27
2022-05-13,256.53,255.64,0.35,99.65
2022-05-16,241.46,242.69,0.51,99.49
2022-05-17,253.87,249.39,1.76,98.24
2022-05-18,236.6,236.59,0.01,99.99
2022-05-19,236.47,237.1,0.27,99.73
2022-05-20,221.3,226.29,2.26,97.74
2022-05-23,224.97,227.27,1.02,98.98
2022-05-24,209.39,216.1,3.2,96.8
2022-05-25,219.6,223.31,1.69,98.31
2022-05-26,235.91,235.29,0.26,99.74
2022-05-27,253.21,252.94,0.11,99.89
2022-05-31,252.75,247.64,2.02,97.98
2022-06-01,246.79,254.21,3.01,96.99
2022-06-02,258.33,262.89,1.76,98.24
2022-06-03,234.52,239.28,2.03,97.97
2022-06-06,238.28,241.47,1.34,98.66
2022-06-07,238.89,236.75,0.89,99.11
2022-06-08,241.87,241.6,0.11,99.89
2022-06-09,239.71,236.97,1.14,98.86
2022-06-10,232.23,237.36,2.21,97.79
2022-06-13,215.74,224.15,3.9,96.1
2022-06-14,220.89,232.16,5.1,94.9
2022-06-15,233.0,240.23,3.1,96.9
2022-06-16,213.1,221.22,3.81,96.19
2022-06-17,216.76,217.83,0.49,99.51
2022-06-21,237.04,230.02,2.96,97.04
2022-06-22,236.09,233.63,1.04,98.96
2022-06-23,235.07,228.01,3.0,97.0
2022-06-24,245.71,246.33,0.25,99.75
2022-06-27,244.92,244.59,0.13,99.87
2022-06-28,232.66,232.8,0.06,99.94
2022-06-29,228.49,230.3,0.79,99.21
2022-06-30,224.47,228.39,1.74,98.26
2022-07-01,227.26,229.3,0.9,99.1
2022-07-05,233.07,236.58,1.51,98.49
2022-07-06,231.73,234.34,1.12,98.88
2022-07-07,244.54,237.15,3.02,96.98
2022-07-08,250.76,247.74,1.21,98.79
2022-07-11,234.34,238.86,1.93,98.07
2022-07-12,233.07,228.97,1.76,98.24
2022-07-13,237.04,233.23,1.61,98.39
2022-07-14,238.31,239.97,0.69,99.31
2022-07-15,240.07,235.36,1.96,98.04
2022-07-18,240.55,237.96,1.07,98.93
2022-07-19,245.53,244.99,0.22,99.78
2022-07-20,247.5,247.77,0.11,99.89
2022-07-21,271.71,263.28,3.1,96.9
2022-07-22,272.24,265.27,2.56,97.44
2022-07-25,268.43,263.15,1.97,98.03
2022-07-26,258.86,262.72,1.49,98.51
2022-07-27,274.82,273.1,0.63,99.37
2022-07-28,280.9,275.05,2.08,97.92
2022-07-29,297.15,295.05,0.71,99.29
2022-08-01,297.28,299.2,0.65,99.35
2022-08-02,300.59,300.55,0.01,99.99
2022-08-03,307.4,306.6,0.26,99.74
2022-08-04,308.63,318.75,3.28,96.72
2022-08-05,288.17,294.55,2.22,97.78
2022-08-08,290.42,293.95,1.21,98.79
2022-08-09,283.33,288.07,1.67,98.33
2022-08-10,294.36,293.58,0.26,99.74
2022-08-11,286.63,286.95,0.11,99.89
2022-08-12,300.03,298.45,0.53,99.47
2022-08-15,309.32,316.56,2.34,97.66
2022-08-16,306.56,305.51,0.34,99.66
2022-08-17,304.0,305.66,0.55,99.45
2022-08-18,302.87,291.66,3.7,96.3
2022-08-19,296.67,285.91,3.62,96.38
2022-08-22,289.91,289.78,0.04,99.96
2022-08-23,296.45,288.94,2.54,97.46
2022-08-24,297.1,288.69,2.83,97.17
2022-08-25,296.07,293.28,0.94,99.06
2022-08-26,288.09,287.44,0.23,99.77
2022-08-29,284.82,289.99,1.81,98.19
2022-08-30,277.7,282.03,1.56,98.44
2022-08-31,275.61,282.42,2.47,97.53
2022-09-01,277.16,274.87,0.82,99.18
2022-09-02,270.21,265.16,1.87,98.13
2022-09-06,274.42,268.82,2.04,97.96
2022-09-07,283.7,281.16,0.9,99.1
2022-09-08,289.26,285.41,1.33,98.67
2022-09-09,299.68,300.81,0.38,99.62
2022-09-12,304.42,309.79,1.76,98.24
2022-09-13,292.13,292.67,0.19,99.81
2022-09-14,302.61,303.79,0.39,99.61
2022-09-15,303.75,303.86,0.03,99.97
2022-09-16,303.35,302.91,0.14,99.86
2022-09-19,309.07,304.43,1.5,98.5
2022-09-20,308.73,308.46,0.09,99.91
2022-09-21,300.8,302.98,0.72,99.28
2022-09-22,288.59,293.29,1.63,98.37
2022-09-23,275.33,288.13,4.65,95.35
2022-09-26,276.01,283.28,2.63,97.37
2022-09-27,282.94,283.37,0.15,99.85
2022-09-28,287.81,284.25,1.24,98.76
2022-09-29,268.21,270.4,0.81,99.19
2022-09-30,265.25,265.76,0.19,99.81
2022-10-03,242.4,248.64,2.57,97.43
2022-10-04,249.44,247.34,0.84,99.16
2022-10-05,240.81,246.41,2.32,97.68
2022-10-06,238.13,235.31,1.19,98.81
2022-10-07,223.07,221.48,0.71,99.29
2022-10-10,222.96,221.28,0.75,99.25
2022-10-11,216.5,216.97,0.22,99.78
2022-10-12,217.24,216.69,0.25,99.75
2022-10-13,221.72,218.32,1.53,98.47
2022-10-14,204.99,202.82,1.06,98.94
2022-10-17,219.35,213.54,2.65,97.35
2022-10-18,220.19,213.84,2.89,97.11
2022-10-19,222.04,212.19,4.44,95.56
2022-10-20,207.28,209.84,1.23,98.77
2022-10-21,214.44,216.46,0.94,99.06
2022-10-24,211.25,214.94,1.75,98.25
2022-10-25,222.42,223.77,0.61,99.39
2022-10-26,224.64,225.2,0.25,99.75
2022-10-27,225.09,225.86,0.34,99.66
2022-10-28,228.52,230.17,0.72,99.28
2022-10-31,227.54,232.09,2.0,98.0
2022-11-01,227.82,230.75,1.28,98.72
2022-11-02,214.98,219.85,2.27,97.73
2022-11-03,215.31,221.93,3.08,96.92
2022-11-04,207.47,215.04,3.65,96.35
2022-11-07,197.08,204.76,3.9,96.1
2022-11-08,191.3,196.71,2.83,97.17
2022-11-09,177.59,190.58,7.31,92.69
2022-11-10,190.72,199.76,4.74,95.26
2022-11-11,195.97,206.32,5.28,94.72
2022-11-14,190.95,192.13,0.62,99.38
2022-11-15,194.42,195.44,0.52,99.48
2022-11-16,186.92,192.41,2.94,97.06
2022-11-17,183.17,184.73,0.85,99.15
2022-11-18,180.19,184.64,2.47,97.53
2022-11-21,167.87,172.99,3.05,96.95
2022-11-22,169.91,173.24,1.96,98.04
2022-11-23,183.2,184.1,0.49,99.51
2022-11-25,182.86,184.24,0.75,99.25
2022-11-28,182.92,184.91,1.09,98.91
2022-11-29,180.83,182.17,0.74,99.26
2022-11-30,194.7,191.52,1.63,98.37
2022-12-01,194.7,187.75,3.57,96.43
2022-12-02,194.86,187.0,4.03,95.97
2022-12-05,182.45,184.07,0.89,99.11
2022-12-06,179.82,178.15,0.93,99.07
2022-12-07,174.04,178.3,2.45,97.55
2022-12-08,173.44,178.71,3.04,96.96
2022-12-09,179.05,182.57,1.97,98.03
2022-12-12,167.82,177.9,6.01,93.99
2022-12-13,160.95,173.04,7.51,92.49
2022-12-14,156.8,167.2,6.63,93.37
2022-12-15,157.67,162.19,2.86,97.14
2022-12-16,150.23,153.34,2.07,97.93
2022-12-19,149.87,152.08,1.47,98.53
2022-12-20,137.8,143.44,4.09,95.91
2022-12-21,137.57,129.25,6.05,93.95
2022-12-22,125.35,126.77,1.14,98.86
2022-12-23,123.15,126.61,2.81,97.19
2022-12-27,109.1,116.58,6.86,93.14
2022-12-28,112.71,117.88,4.58,95.42
2022-12-29,121.82,118.66,2.6,97.4
2022-12-30,123.18,112.7,8.51,91.49
2023-01-03,108.1,111.78,3.41,96.59
2023-01-04,113.64,114.5,0.76,99.24
2023-01-05,110.34,114.5,3.77,96.23
2023-01-06,113.06,114.73,1.48,98.52
2023-01-09,119.77,111.71,6.73,93.27
2023-01-10,118.85,111.89,5.86,94.14
2023-01-11,123.22,114.66,6.95,93.05
2023-01-12,123.56,115.1,6.85,93.15
2023-01-13,122.4,124.28,1.54,98.46
2023-01-17,131.49,129.3,1.67,98.33
2023-01-18,128.78,132.85,3.16,96.84
2023-01-19,127.17,131.5,3.4,96.6
2023-01-20,133.42,131.5,1.44,98.56
2023-01-23,143.75,132.85,7.58,92.42
2023-01-24,143.89,142.39,1.04,98.96
2023-01-25,144.43,151.31,4.76,95.24
2023-01-26,160.27,157.75,1.57,98.43
2023-01-27,177.9,167.28,5.97,94.03
2023-01-30,166.66,160.59,3.64,96.36
2023-01-31,173.22,174.64,0.82,99.18
2023-02-01,181.41,177.48,2.16,97.84
2023-02-02,188.27,192.42,2.2,97.8
2023-02-03,189.98,191.18,0.63,99.37
2023-02-06,194.76,194.29,0.24,99.76
2023-02-07,196.81,197.2,0.2,99.8
2023-02-08,201.29,201.76,0.23,99.77
2023-02-09,207.32,208.09,0.37,99.63
2023-02-10,196.89,195.92,0.49,99.51
2023-02-13,194.64,195.09,0.23,99.77
2023-02-14,209.25,207.74,0.72,99.28
2023-02-15,214.24,209.97,1.99,98.01
2023-02-16,202.04,200.23,0.9,99.1
2023-02-17,208.31,212.06,1.8,98.2
2023-02-21,197.37,204.83,3.78,96.22
2023-02-22,200.86,203.47,1.3,98.7
2023-02-23,202.07,203.99,0.95,99.05
2023-02-24,196.88,201.53,2.36,97.64
2023-02-27,207.63,200.1,3.63,96.37
2023-02-28,205.71,197.89,3.8,96.2
2023-03-01,202.77,196.82,2.93,97.07
2023-03-02,190.9,191.02,0.06,99.94
2023-03-03,197.79,196.82,0.49,99.51
2023-03-06,193.81,196.82,1.55,98.45
2023-03-07,187.71,184.87,1.51,98.49
2023-03-08,182.0,182.63,0.35,99.65
2023-03-09,172.92,180.94,4.64,95.36
2023-03-10,173.44,175.65,1.27,98.73
2023-03-13,174.48,178.33,2.21,97.79
2023-03-14,183.26,182.73,0.29,99.71
2023-03-15,180.45,181.88,0.79,99.21
2023-03-16,184.13,182.57,0.85,99.15
2023-03-17,180.13,175.54,2.55,97.45
2023-03-20,183.25,182.99,0.14,99.86
2023-03-21,197.58,188.28,4.71,95.29
2023-03-22,191.15,188.05,1.62,98.38
2023-03-23,192.22,188.28,2.05,97.95
2023-03-24,190.41,185.61,2.52,97.48
2023-03-27,191.81,187.91,2.04,97.96
2023-03-28,189.19,188.15,0.55,99.45
2023-03-29,193.88,197.46,1.85,98.15
2023-03-30,195.28,198.39,1.59,98.41
2023-03-31,207.46,204.27,1.54,98.46
2023-04-03,194.77,196.57,0.93,99.07
2023-04-04,192.58,195.92,1.73,98.27
2023-04-05,185.52,189.33,2.05,97.95
2023-04-06,185.06,190.84,3.12,96.88
2023-04-10,184.51,190.02,2.99,97.01
2023-04-11,186.79,179.21,4.06,95.94
2023-04-12,180.54,179.21,0.74,99.26
2023-04-13,185.9,185.59,0.17,99.83
2023-04-14,185.0,185.43,0.23,99.77
2023-04-17,187.04,185.72,0.7,99.3
2023-04-18,184.31,183.92,0.21,99.79
2023-04-19,180.59,178.15,1.35,98.65
2023-04-20,162.99,168.48,3.37,96.63
2023-04-21,165.08,164.26,0.49,99.51
2023-04-24,162.55,161.34,0.75,99.25
2023-04-25,160.67,160.87,0.13,99.87
2023-04-26,153.75,152.37,0.9,99.1
2023-04-27,160.19,158.8,0.87,99.13
2023-04-28,164.31,171.54,4.4,95.6
2023-05-01,161.83,158.3,2.18,97.82
2023-05-02,160.31,161.81,0.93,99.07
2023-05-03,160.61,150.7,6.17,93.83
2023-05-04,161.2,152.04,5.68,94.32
2023-05-05,170.06,168.93,0.66,99.34
2023-05-08,171.79,168.93,1.66,98.34
2023-05-09,169.15,168.93,0.13,99.87
2023-05-10,168.54,177.05,5.05,94.95
2023-05-11,172.08,173.68,0.93,99.07
2023-05-12,167.98,171.66,2.19,97.81
2023-05-15,166.35,171.09,2.85,97.15
2023-05-16,166.52,172.2,3.41,96.59
2023-05-17,173.86,175.76,1.09,98.91
2023-05-18,176.89,172.4,2.54,97.46
2023-05-19,180.14,180.59,0.25,99.75
2023-05-22,188.87,189.03,0.08,99.92
2023-05-23,185.77,187.59,0.98,99.02
2023-05-24,182.9,188.23,2.91,97.09
2023-05-25,184.47,181.0,1.88,98.12
2023-05-26,193.17,188.68,2.32,97.68
2023-05-30,201.16,198.11,1.52,98.48
2023-05-31,203.93,200.96,1.46,98.54
2023-06-01,207.52,207.1,0.2,99.8
2023-06-02,213.97,220.19,2.9,97.1
2023-06-05,217.61,221.66,1.86,98.14
2023-06-06,221.31,225.59,1.93,98.07
2023-06-07,224.57,236.9,5.49,94.51
2023-06-08,234.86,243.16,3.53,96.47
2023-06-09,244.4,247.89,1.43,98.57
2023-06-12,249.83,248.31,0.61,99.39
2023-06-13,258.71,260.05,0.52,99.48
2023-06-14,256.79,261.83,1.96,98.04
2023-06-15,255.9,260.79,1.91,98.09
2023-06-16,260.54,266.83,2.41,97.59
2023-06-20,274.45,272.46,0.73,99.27
2023-06-21,259.46,261.15,0.65,99.35
2023-06-22,264.61,271.2,2.49,97.51
2023-06-23,256.6,258.56,0.77,99.23
2023-06-26,241.05,249.48,3.5,96.5
2023-06-27,250.21,252.9,1.08,98.92
2023-06-28,256.24,258.41,0.85,99.15
2023-06-29,257.5,255.32,0.85,99.15
2023-06-30,261.77,259.82,0.75,99.25
2023-07-03,279.82,270.79,3.23,96.77
2023-07-05,282.48,273.17,3.3,96.7
2023-07-06,276.54,270.11,2.32,97.68
2023-07-07,274.43,269.76,1.7,98.3
2023-07-10,269.61,268.2,0.52,99.48
2023-07-11,269.79,257.52,4.55,95.45
2023-07-12,271.99,273.11,0.41,99.59
2023-07-13,277.9,274.56,1.2,98.8
2023-07-14,281.38,281.2,0.07,99.93
2023-07-17,290.38,292.34,0.68,99.32
2023-07-18,293.34,292.14,0.41,99.59
2023-07-19,291.26,289.71,0.53,99.47
2023-07-20,262.9,269.32,2.44,97.56
2023-07-21,260.02,263.74,1.43,98.57
2023-07-24,269.06,261.23,2.91,97.09
2023-07-25,265.28,261.04,1.6,98.4
2023-07-26,264.35,261.4,1.11,98.89
2023-07-27,255.71,260.9,2.03,97.97
2023-07-28,266.44,265.86,0.22,99.78
2023-07-31,267.43,262.62,1.8,98.2
2023-08-01,261.07,260.29,0.3,99.7
2023-08-02,254.11,254.4,0.11,99.89
2023-08-03,259.32,257.74,0.61,99.39
2023-08-04,253.86,247.7,2.43,97.57
2023-08-07,251.45,248.12,1.33,98.67
2023-08-08,249.7,246.95,1.1,98.9
2023-08-09,242.19,242.48,0.12,99.88
2023-08-10,245.34,249.18,1.57,98.43
2023-08-11,242.65,244.66,0.83,99.17
2023-08-14,239.76,240.7,0.39,99.61
2023-08-15,232.96,236.13,1.36,98.64
2023-08-16,225.6,227.56,0.87,99.13
2023-08-17,219.22,217.58,0.75,99.25
2023-08-18,215.49,216.5,0.47,99.53
2023-08-21,231.28,225.43,2.53,97.47
2023-08-22,233.19,230.24,1.27,98.73
2023-08-23,236.86,231.2,2.39,97.61
2023-08-24,230.04,229.79,0.11,99.89
2023-08-25,238.59,234.7,1.63,98.37
2023-08-28,238.82,237.26,0.65,99.35
2023-08-29,257.18,255.64,0.6,99.4
2023-08-30,256.9,254.81,0.81,99.19
2023-08-31,258.08,257.3,0.3,99.7
2023-09-01,245.01,246.58,0.64,99.36
2023-09-05,256.49,254.18,0.9,99.1
2023-09-06,251.92,253.05,0.45,99.55
2023-09-07,251.49,253.05,0.62,99.38
2023-09-08,248.5,252.94,1.79,98.21
2023-09-11,273.58,269.05,1.65,98.35
2023-09-12,267.48,268.01,0.2,99.8
2023-09-13,271.3,272.34,0.38,99.62
2023-09-14,276.04,279.85,1.38,98.62
2023-09-15,274.39,276.19,0.66,99.34
2023-09-18,265.28,270.48,1.96,98.04
2023-09-19,266.5,266.33,0.07,99.93
2023-09-20,262.59,265.18,0.99,99.01
2023-09-21,255.7,254.17,0.6,99.4
2023-09-22,244.88,254.13,3.78,96.22
2023-09-25,246.99,249.33,0.95,99.05
2023-09-26,244.12,249.3,2.12,97.88
2023-09-27,240.5,248.16,3.18,96.82
2023-09-28,246.38,248.91,1.03,98.97
2023-09-29,250.22,245.81,1.76,98.24
2023-10-02,251.6,246.91,1.87,98.13
2023-10-03,246.53,245.38,0.47,99.53
2023-10-04,261.16,255.57,2.14,97.86
2023-10-05,260.05,255.57,1.72,98.28
2023-10-06,260.53,259.24,0.5,99.5
2023-10-09,259.67,257.54,0.82,99.18
2023-10-10,263.62,258.41,1.98,98.02
2023-10-11,262.99,265.29,0.88,99.12
2023-10-12,258.87,264.75,2.27,97.73
2023-10-13,251.12,252.76,0.65,99.35
2023-10-16,253.92,259.4,2.16,97.84
2023-10-17,254.85,261.66,2.67,97.33
2023-10-18,242.68,241.99,0.28,99.72
2023-10-19,220.11,225.31,2.36,97.64
2023-10-20,211.99,219.83,3.7,96.3
2023-10-23,212.08,220.02,3.74,96.26
2023-10-24,216.52,215.62,0.42,99.58
2023-10-25,212.42,213.89,0.69,99.31
2023-10-26,205.76,207.57,0.88,99.12
2023-10-27,207.3,204.46,1.37,98.63
2023-10-30,197.36,200.93,1.81,98.19
2023-10-31,200.84,200.51,0.16,99.84
2023-11-01,205.66,201.51,2.02,97.98
2023-11-02,218.51,215.04,1.59,98.41
2023-11-03,219.96,214.43,2.51,97.49
2023-11-06,219.27,210.84,3.84,96.16
2023-11-07,222.18,217.79,1.97,98.03
2023-11-08,222.11,224.54,1.09,98.91
2023-11-09,209.98,220.33,4.93,95.07
2023-11-10,214.65,217.85,1.49,98.51
2023-11-13,223.71,217.28,2.87,97.13
2023-11-14,237.41,233.64,1.59,98.41
2023-11-15,242.84,236.93,2.43,97.57
2023-11-16,233.59,233.76,0.07,99.93
2023-11-17,234.3,233.91,0.16,99.84
2023-11-20,235.6,240.06,1.89,98.11
2023-11-21,241.2,239.0,0.91,99.09
2023-11-22,234.21,231.95,0.97,99.03
2023-11-24,235.45,235.71,0.11,99.89
2023-11-27,236.08,236.92,0.35,99.65
2023-11-28,246.72,245.64,0.44,99.56
2023-11-29,244.14,239.99,1.7,98.3
2023-11-30,240.08,241.97,0.79,99.21
2023-12-01,238.83,241.95,1.31,98.69
2023-12-04,235.58,238.09,1.07,98.93
2023-12-05,238.72,233.84,2.05,97.95
2023-12-06,239.37,231.75,3.18,96.82
2023-12-07,242.64,244.4,0.72,99.28
2023-12-08,243.84,245.44,0.66,99.34
2023-12-11,239.74,240.82,0.45,99.55
2023-12-12,237.01,237.19,0.08,99.92
2023-12-13,239.29,243.04,1.57,98.43
2023-12-14,251.05,248.31,1.09,98.91
2023-12-15,253.5,252.11,0.55,99.45
2023-12-18,252.08,247.2,1.93,98.07
2023-12-19,257.22,253.31,1.52,98.48
2023-12-20,247.14,249.16,0.82,99.18
2023-12-21,254.5,252.72,0.7,99.3
2023-12-22,252.54,253.31,0.3,99.7
2023-12-26,256.61,254.12,0.97,99.03
2023-12-27,261.44,260.45,0.38,99.62
2023-12-28,253.18,252.49,0.27,99.73
2023-12-29,248.48,244.06,1.78,98.22
2024-01-02,248.42,250.78,0.95,99.05
2024-01-03,238.45,239.49,0.44,99.56
2024-01-04,237.93,240.22,0.96,99.04
2024-01-05,237.49,237.73,0.1,99.9
2024-01-08,240.45,240.61,0.07,99.93
2024-01-09,234.96,232.53,1.03,98.97
2024-01-10,233.94,227.78,2.63,97.37
2024-01-11,227.22,229.79,1.13,98.87
2024-01-12,218.89,218.93,0.02,99.98
2024-01-16,219.91,218.62,0.59,99.41
2024-01-17,215.55,215.16,0.18,99.82
2024-01-18,211.88,212.89,0.48,99.52
2024-01-19,212.19,208.17,1.89,98.11
2024-01-22,208.8,205.13,1.76,98.24
2024-01-23,209.14,204.57,2.19,97.81
2024-01-24,207.83,201.75,2.92,97.08
2024-01-25,182.63,189.72,3.88,96.12
2024-01-26,183.25,189.95,3.66,96.34
2024-01-29,190.93,190.13,0.42,99.58
2024-01-30,191.59,189.07,1.32,98.68
2024-01-31,187.29,188.21,0.49,99.51
2024-02-01,188.86,187.76,0.58,99.42
2024-02-02,187.91,184.05,2.05,97.95
2024-02-05,181.06,178.1,1.63,98.37
2024-02-06,185.1,182.24,1.54,98.46
2024-02-07,187.58,183.18,2.35,97.65
2024-02-08,189.56,186.69,1.51,98.49
2024-02-09,193.57,189.8,1.95,98.05
2024-02-12,188.13,187.2,0.49,99.51
2024-02-13,184.02,183.87,0.08,99.92
2024-02-14,188.71,192.39,1.95,98.05
2024-02-15,200.45,196.68,1.88,98.12
2024-02-16,199.95,196.35,1.8,98.2
2024-02-20,193.76,193.42,0.17,99.83
2024-02-21,194.77,192.82,1.0,99.0
2024-02-22,197.41,196.77,0.32,99.68
2024-02-23,191.97,193.76,0.93,99.07
2024-02-26,199.4,201.62,1.11,98.89
2024-02-27,199.73,201.05,0.66,99.34
2024-02-28,202.04,201.05,0.49,99.51
2024-02-29,201.88,200.87,0.5,99.5
2024-03-01,202.64,199.13,1.73,98.27
2024-03-04,188.14,194.4,3.33,96.67
2024-03-05,180.74,191.18,5.78,94.22
2024-03-06,176.54,183.32,3.84,96.16
2024-03-07,178.65,182.21,2.0,98.0
2024-03-08,175.34,176.0,0.37,99.63
2024-03-11,177.77,180.18,1.36,98.64
2024-03-12,177.54,179.24,0.96,99.04
2024-03-13,169.48,171.3,1.07,98.93
2024-03-14,162.5,165.65,1.94,98.06
2024-03-15,163.57,161.6,1.21,98.79
2024-03-18,173.8,171.04,1.59,98.41
2024-03-19,171.32,163.22,4.73,95.27
2024-03-20,175.66,167.86,4.44,95.56
2024-03-21,172.82,164.89,4.59,95.41
2024-03-22,170.83,172.5,0.98,99.02
2024-03-25,172.63,171.65,0.57,99.43
2024-03-26,177.67,174.91,1.55,98.45
2024-03-27,179.83,176.7,1.74,98.26
2024-03-28,175.79,178.02,1.27,98.73
2024-04-01,175.22,175.11,0.06,99.94
2024-04-02,166.63,171.33,2.82,97.18
2024-04-03,168.38,172.79,2.62,97.38
2024-04-04,171.11,177.05,3.47,96.53
2024-04-05,164.9,170.55,3.43,96.57
2024-04-08,172.98,169.78,1.85,98.15
2024-04-09,176.88,172.8,2.31,97.69
2024-04-10,171.76,170.01,1.02,98.98
2024-04-11,174.6,171.26,1.91,98.09
2024-04-12,171.05,170.55,0.29,99.71
2024-04-15,161.48,165.83,2.69,97.31
2024-04-16,157.11,163.96,4.36,95.64
2024-04-17,155.45,153.92,0.99,99.01
2024-04-18,149.93,151.04,0.74,99.26
2024-04-19,147.05,149.43,1.62,98.38
2024-04-22,142.05,151.83,6.89,93.11
2024-04-23,144.68,145.44,0.52,99.48
2024-04-24,162.13,160.6,0.94,99.06
2024-04-25,170.18,166.28,2.29,97.71
2024-04-26,168.29,159.86,5.01,94.99
2024-04-29,194.05,169.5,12.65,87.35
2024-04-30,183.28,177.18,3.33,96.67
2024-05-01,179.99,175.96,2.24,97.76
2024-05-02,180.01,174.82,2.88,97.12
2024-05-03,181.19,179.53,0.92,99.08
2024-05-06,184.76,179.41,2.9,97.1
2024-05-07,177.81,176.7,0.63,99.37
2024-05-08,174.72,176.52,1.03,98.97
2024-05-09,171.97,176.52,2.65,97.35
2024-05-10,168.47,177.02,5.08,94.92
2024-05-13,171.89,176.58,2.73,97.27
2024-05-14,177.55,179.07,0.86,99.14
2024-05-15,173.99,176.74,1.58,98.42
2024-05-16,174.84,177.22,1.36,98.64
2024-05-17,177.46,168.95,4.8,95.2
2024-05-20,174.95,173.27,0.96,99.04
2024-05-21,186.6,180.67,3.18,96.82
2024-05-22,180.11,177.98,1.18,98.82
2024-05-23,173.74,173.55,0.11,99.89
2024-05-24,179.24,177.34,1.06,98.94
2024-05-28,176.75,177.34,0.33,99.67
2024-05-29,176.19,177.48,0.73,99.27
2024-05-30,178.79,180.45,0.93,99.07
2024-05-31,178.08,181.89,2.14,97.86
2024-06-03,176.29,178.39,1.19,98.81
2024-06-04,174.77,176.59,1.04,98.96
2024-06-05,175.0,176.5,0.85,99.15
2024-06-06,177.94,178.68,0.41,99.59
2024-06-07,177.48,177.22,0.15,99.85
2024-06-10,173.79,176.1,1.33,98.67
2024-06-11,170.66,164.26,3.75,96.25
2024-06-12,177.29,176.18,0.63,99.37
2024-06-13,182.47,183.08,0.33,99.67
2024-06-14,178.01,177.16,0.48,99.52
2024-06-17,187.44,183.51,2.1,97.9
2024-06-18,184.86,184.3,0.3,99.7
2024-06-20,181.57,181.39,0.1,99.9
2024-06-21,183.01,182.52,0.27,99.73
2024-06-24,182.58,183.44,0.47,99.53
2024-06-25,187.35,185.38,1.05,98.95
2024-06-26,196.37,194.4,1.0,99.0
2024-06-27,197.42,190.86,3.32,96.68
2024-06-28,197.88,196.16,0.87,99.13
2024-07-01,209.86,207.1,1.31,98.69
2024-07-02,231.26,221.85,4.07,95.93
2024-07-03,246.39,231.33,6.11,93.89
2024-07-05,251.52,245.44,2.42,97.58
2024-07-08,252.94,249.55,1.34,98.66
2024-07-09,262.33,253.26,3.46,96.54
2024-07-10,263.26,264.5,0.47,99.53
2024-07-11,241.03,251.17,4.21,95.79
2024-07-12,248.23,249.17,0.38,99.62
2024-07-15,252.64,252.61,0.01,99.99
2024-07-16,256.56,254.03,0.99,99.01
2024-07-17,248.5,248.21,0.12,99.88
2024-07-18,249.23,249.8,0.23,99.77
2024-07-19,239.2,251.16,5.0,95.0
2024-07-22,251.51,254.08,1.02,98.98
2024-07-23,246.38,244.37,0.82,99.18
2024-07-24,215.99,214.58,0.65,99.35
2024-07-25,220.25,216.09,1.89,98.11
2024-07-26,219.8,218.65,0.52,99.48
2024-07-29,232.1,223.42,3.74,96.26
2024-07-30,222.62,224.43,0.81,99.19
2024-07-31,232.07,241.68,4.14,95.86
2024-08-01,216.86,220.87,1.85,98.15
2024-08-02,207.67,216.62,4.31,95.69
2024-08-05,198.88,205.24,3.2,96.8
2024-08-06,200.64,205.15,2.25,97.75
2024-08-07,191.76,194.57,1.46,98.54
2024-08-08,198.84,202.23,1.71,98.29
2024-08-09,200.0,199.15,0.42,99.58
2024-08-12,197.49,196.77,0.37,99.63
2024-08-13,207.83,208.84,0.49,99.51
2024-08-14,201.38,203.07,0.84,99.16
2024-08-15,214.14,208.78,2.5,97.5
2024-08-16,216.12,206.39,4.5,95.5
2024-08-19,222.72,212.73,4.49,95.51
2024-08-20,221.1,211.03,4.55,95.45
2024-08-21,223.27,217.91,2.4,97.6
2024-08-22,210.66,215.08,2.1,97.9
2024-08-23,220.32,217.62,1.23,98.77
2024-08-26,213.21,214.55,0.63,99.37
2024-08-27,209.21,218.07,4.24,95.76
2024-08-28,205.75,211.34,2.72,97.28
2024-08-29,206.28,209.9,1.76,98.24
2024-08-30,214.11,214.28,0.08,99.92
2024-09-03,210.6,209.82,0.37,99.63
2024-09-04,219.41,216.58,1.29,98.71
2024-09-05,230.17,219.76,4.52,95.48
2024-09-06,210.73,216.0,2.5,97.5
2024-09-09,216.27,216.34,0.03,99.97
2024-09-10,226.17,224.11,0.91,99.09
2024-09-11,228.13,225.14,1.31,98.69
2024-09-12,229.81,226.86,1.28,98.72
2024-09-13,230.29,224.35,2.58,97.42
2024-09-16,226.78,224.03,1.21,98.79
2024-09-17,227.87,225.02,1.25,98.75
2024-09-18,227.2,235.55,3.68,96.32
2024-09-19,243.92,240.42,1.44,98.56
2024-09-20,238.25,237.4,0.35,99.65
2024-09-23,250.0,244.03,2.39,97.61
2024-09-24,254.27,245.89,3.3,96.7
2024-09-25,257.02,248.38,3.36,96.64
2024-09-26,254.22,259.92,2.24,97.76
2024-09-27,260.46,260.6,0.05,99.95
2024-09-30,261.63,258.87,1.05,98.95
2024-10-01,258.02,257.35,0.26,99.74
2024-10-02,249.02,246.53,1.0,99.0
2024-10-03,240.66,240.69,0.01,99.99
2024-10-04,250.08,250.25,0.07,99.93
2024-10-07,240.83,246.08,2.18,97.82
2024-10-08,244.5,248.92,1.81,98.19
2024-10-09,241.05,237.65,1.41,98.59
2024-10-10,238.77,238.99,0.09,99.91
2024-10-11,217.8,222.51,2.16,97.84
2024-10-14,219.16,220.82,0.76,99.24
2024-10-15,219.57,220.14,0.26,99.74
2024-10-16,221.33,219.9,0.64,99.36
2024-10-17,220.89,217.93,1.34,98.66
2024-10-18,220.7,215.27,2.46,97.54
2024-10-21,218.85,214.68,1.91,98.09
2024-10-22,217.97,212.41,2.55,97.45
2024-10-23,213.65,210.59,1.43,98.57
2024-10-24,260.48,248.22,4.71,95.29
2024-10-25,269.19,255.8,4.98,95.02
2024-10-28,262.51,258.33,1.59,98.41
2024-10-29,259.52,259.8,0.11,99.89
2024-10-30,257.55,252.31,2.04,97.96
2024-10-31,249.85,256.78,2.77,97.23
2024-11-01,248.98,254.15,2.08,97.92
2024-11-04,242.84,245.92,1.27,98.73
2024-11-05,251.44,251.11,0.13,99.87
2024-11-06,288.53,278.5,3.48,96.52
2024-11-07,296.91,291.77,1.73,98.27
2024-11-08,321.22,309.2,3.74,96.26
2024-11-11,350.0,336.95,3.73,96.27
2024-11-12,328.49,326.97,0.46,99.54
2024-11-13,330.24,321.01,2.79,97.21
2024-11-14,311.18,313.15,0.63,99.37
2024-11-15,320.72,324.18,1.08,98.92
2024-11-18,338.74,340.17,0.42,99.58
2024-11-19,346.0,343.92,0.6,99.4
2024-11-20,342.03,343.02,0.29,99.71
2024-11-21,339.64,341.43,0.53,99.47
2024-11-22,352.56,355.4,0.81,99.19
2024-11-25,338.59,339.26,0.2,99.8
2024-11-26,338.23,338.13,0.03,99.97
2024-11-27,332.89,338.24,1.61,98.39
2024-11-29,345.16,342.14,0.87,99.13
2024-12-02,357.09,344.93,3.41,96.59
2024-12-03,351.42,345.97,1.55,98.45
2024-12-04,357.93,351.99,1.66,98.34
2024-12-05,369.49,375.54,1.64,98.36
2024-12-06,389.22,385.82,0.87,99.13
2024-12-09,389.79,393.5,0.95,99.05
2024-12-10,400.99,398.83,0.54,99.46
2024-12-11,424.77,418.59,1.45,98.55
2024-12-12,418.1,419.8,0.41,99.59
2024-12-13,436.23,431.85,1.0,99.0
2024-12-16,463.02,445.97,3.68,96.32
2024-12-17,479.86,461.56,3.81,96.19
2024-12-18,440.13,436.64,0.79,99.21
2024-12-19,436.17,437.01,0.19,99.81
2024-12-20,421.06,420.68,0.09,99.91
2024-12-23,430.6,441.52,2.53,97.47
2024-12-24,462.28,446.4,3.44,96.56
2024-12-26,454.13,449.09,1.11,98.89
2024-12-27,431.66,432.28,0.14,99.86
2024-12-30,417.41,423.18,1.38,98.62
2024-12-31,403.84,416.83,3.22,96.78
2025-01-02,379.28,394.79,4.09,95.91
2025-01-03,410.44,409.72,0.18,99.82
2025-01-06,411.05,410.46,0.14,99.86
2025-01-07,394.36,393.35,0.26,99.74
2025-01-08,394.94,387.82,1.8,98.2
2025-01-10,394.74,400.95,1.57,98.43
2025-01-13,403.31,403.33,0.01,99.99
2025-01-14,396.36,408.77,3.13,96.87
2025-01-15,428.22,419.82,1.96,98.04
2025-01-16,413.82,409.06,1.15,98.85
2025-01-17,426.5,416.87,2.26,97.74
2025-01-21,424.07,420.11,0.93,99.07
2025-01-22,415.11,411.72,0.82,99.18
2025-01-23,412.38,411.19,0.29,99.71
2025-01-24,406.58,417.51,2.69,97.31
2025-01-27,397.15,398.39,0.31,99.69
2025-01-28,398.09,394.2,0.98,99.02
2025-01-29,389.1,392.04,0.76,99.24
2025-01-30,400.28,398.23,0.51,99.49
2025-01-31,404.6,403.81,0.2,99.8
2025-02-03,383.68,391.93,2.15,97.85
2025-02-04,392.21,399.04,1.74,98.26
2025-02-05,378.17,372.74,1.44,98.56
2025-02-06,374.32,371.07,0.87,99.13
2025-02-07,361.62,360.16,0.4,99.6
2025-02-10,350.73,341.54,2.62,97.38
2025-02-11,328.5,326.15,0.72,99.28
2025-02-12,336.51,329.42,2.11,97.89
2025-02-13,355.94,354.96,0.28,99.72
2025-02-14,355.84,358.18,0.66,99.34
2025-02-18,354.11,355.63,0.43,99.57
2025-02-19,360.56,364.83,1.18,98.82
2025-02-20,354.4,353.45,0.27,99.73
2025-02-21,337.8,328.12,2.86,97.14
2025-02-24,330.53,332.16,0.49,99.51
2025-02-25,302.8,311.81,2.98,97.02
2025-02-26,290.8,297.11,2.17,97.83
2025-02-27,281.95,296.22,5.06,94.94
2025-02-28,292.98,304.54,3.95,96.05
2025-03-03,284.65,297.31,4.45,95.55
2025-03-04,272.04,276.96,1.81,98.19
2025-03-05,279.1,273.24,2.1,97.9
2025-03-06,263.45,259.63,1.45,98.55
2025-03-07,262.67,260.53,0.81,99.19
2025-03-10,222.15,239.58,7.85,92.15
2025-03-11,230.58,228.5,0.9,99.1
2025-03-12,248.09,242.39,2.3,97.7
2025-03-13,240.68,239.47,0.5,99.5
2025-03-14,249.98,243.31,2.67,97.33
2025-03-17,238.01,238.68,0.28,99.72
2025-03-18,225.31,231.13,2.58,97.42
2025-03-19,235.86,238.92,1.3,98.7
2025-03-20,236.26,233.61,1.12,98.88
2025-03-21,248.71,246.71,0.8,99.2
2025-03-24,278.39,276.24,0.77,99.23
2025-03-25,288.14,280.53,2.64,97.36
2025-03-26,272.06,273.59,0.56,99.44
2025-03-27,273.13,272.7,0.16,99.84
2025-03-28,263.55,277.35,5.24,94.76
2025-03-31,259.16,272.16,5.01,94.99
2025-04-01,268.46,263.27,1.93,98.07
2025-04-02,282.76,275.83,2.45,97.55
2025-04-03,267.28,265.85,0.53,99.47
2025-04-04,239.43,245.56,2.56,97.44
2025-04-07,233.29,250.01,7.17,92.83
2025-04-08,221.86,234.36,5.63,94.37
2025-04-09,272.2,271.78,0.16,99.84
2025-04-10,252.4,256.88,1.77,98.23
2025-04-11,252.31,244.5,3.1,96.9
2025-04-14,252.35,242.9,3.74,96.26
2025-04-15,254.11,253.03,0.42,99.58
2025-04-16,241.55,242.9,0.56,99.44
2025-04-17,241.37,245.95,1.9,98.1
2025-04-21,227.5,241.43,6.12,93.88
2025-04-22,237.97,238.04,0.03,99.97
2025-04-23,250.74,242.99,3.09,96.91
2025-04-24,259.51,252.83,2.57,97.43
2025-04-25,284.95,279.96,1.75,98.25
2025-04-28,285.88,283.17,0.95,99.05
2025-04-29,292.03,285.29,2.31,97.69
2025-04-30,282.16,269.36,4.54,95.46
2025-05-01,280.52,275.97,1.62,98.38
2025-05-02,287.21,281.25,2.08,97.92
2025-05-05,280.26,280.8,0.19,99.81
2025-05-06,275.35,275.73,0.14,99.86
2025-05-07,276.22,281.4,1.88,98.12
2025-05-08,284.82,281.08,1.31,98.69
2025-05-09,298.26,296.51,0.59,99.41
2025-05-12,318.38,314.63,1.18,98.82
2025-05-13,334.07,339.36,1.58,98.42
2025-05-14,347.68,346.32,0.39,99.61
2025-05-15,342.82,343.98,0.34,99.66
2025-05-16,349.98,350.82,0.24,99.76
2025-05-19,342.09,340.64,0.42,99.58
2025-05-20,343.82,346.9,0.9,99.1
2025-05-21,334.62,338.19,1.07,98.93
2025-05-22,341.04,338.49,0.75,99.25
2025-05-23,339.34,346.36,2.07,97.93
2025-05-27,362.89,364.22,0.37,99.63
2025-05-28,356.9,359.33,0.68,99.32
2025-05-29,358.43,362.39,1.11,98.89
2025-05-30,346.46,340.19,1.81,98.19
2025-06-02,342.69,342.46,0.07,99.93
2025-06-03,344.27,340.88,0.98,99.02
2025-06-04,332.05,326.9,1.55,98.45
2025-06-05,284.7,294.54,3.46,96.54
2025-06-06,295.14,292.27,0.97,99.03
2025-06-09,308.58,311.98,1.1,98.9
2025-06-10,326.09,326.06,0.01,99.99
2025-06-11,326.43,333.57,2.19,97.81
2025-06-12,319.11,322.27,0.99,99.01
2025-06-13,325.31,328.88,1.1,98.9
2025-06-16,329.13,319.36,2.97,97.03
2025-06-17,316.35,318.69,0.74,99.26
2025-06-18,322.05,316.7,1.66,98.34
2025-06-20,322.16,322.35,0.06,99.94
2025-06-23,348.68,344.52,1.19,98.81
2025-06-24,340.47,332.67,2.29,97.71
2025-06-25,327.55,325.95,0.49,99.51
2025-06-26,325.78,332.35,2.02,97.98
2025-06-27,323.63,324.99,0.42,99.58
2025-06-30,317.66,326.65,2.83,97.17
2025-07-01,300.71,300.51,0.07,99.93
2025-07-02,315.65,312.14,1.11,98.89
2025-07-03,315.35,316.24,0.28,99.72
2025-07-07,293.94,299.73,1.97,98.03
2025-07-08,297.81,302.56,1.6,98.4
2025-07-09,295.88,303.54,2.59,97.41
2025-07-10,309.87,312.39,0.81,99.19
2025-07-11,313.51,308.81,1.5,98.5
2025-07-14,316.9,304.57,3.89,96.11
2025-07-15,310.78,303.26,2.42,97.58
2025-07-16,321.67,317.28,1.36,98.64
2025-07-17,319.41,317.28,0.67,99.33
2025-07-18,329.65,331.16,0.46,99.54
2025-07-21,328.49,327.87,0.19,99.81
2025-07-22,332.11,326.83,1.59,98.41
2025-07-23,332.56,326.6,1.79,98.21
2025-07-24,305.3,307.45,0.7,99.3
2025-07-25,316.06,322.78,2.13,97.87
2025-07-28,325.59,323.43,0.66,99.34
2025-07-29,321.2,322.78,0.49,99.51
2025-07-30,319.04,322.31,1.03,98.97
2025-07-31,308.27,310.81,0.83,99.17
2025-08-01,302.63,304.35,0.57,99.43
2025-08-04,309.26,313.04,1.22,98.78
2025-08-05,308.72,309.06,0.11,99.89
2025-08-06,319.91,321.52,0.5,99.5
2025-08-07,322.27,320.11,0.67,99.33
2025-08-08,329.65,327.0,0.8,99.2
2025-08-11,339.03,334.17,1.43,98.57
2025-08-12,340.84,335.05,1.7,98.3
2025-08-13,339.38,337.91,0.43,99.57
2025-08-14,335.58,330.54,1.5,98.5
2025-08-15,330.56,331.58,0.31,99.69
2025-08-18,335.16,328.56,1.97,98.03
2025-08-19,329.31,328.18,0.34,99.66
2025-08-20,323.9,330.54,2.05,97.95
2025-08-21,320.11,328.14,2.51,97.49
2025-08-22,340.01,336.49,1.04,98.96
2025-08-25,346.6,345.67,0.27,99.73
2025-08-26,351.67,347.23,1.26,98.74
2025-08-27,349.6,346.7,0.83,99.17
2025-08-28,345.98,345.56,0.12,99.88
2025-08-29,333.87,337.87,1.2,98.8
2025-09-02,329.36,330.55,0.36,99.64
2025-09-03,334.09,333.17,0.28,99.72
2025-09-04,338.53,340.02,0.44,99.56
2025-09-05,350.84,347.93,0.83,99.17
2025-09-08,346.4,346.83,0.12,99.88
2025-09-09,346.97,347.96,0.29,99.71
2025-09-10,347.79,347.43,0.1,99.9
2025-09-11,368.81,373.34,1.23,98.77
2025-09-12,395.94,388.88,1.78,98.22
2025-09-15,410.04,411.86,0.44,99.56
2025-09-16,421.62,419.09,0.6,99.4
2025-09-17,425.86,421.97,0.91,99.09
2025-09-18,416.85,420.61,0.9,99.1
2025-09-19,426.07,434.48,1.97,98.03
2025-09-22,434.21,441.23,1.62,98.38
2025-09-23,425.85,435.94,2.37,97.63
2025-09-24,442.79,443.64,0.19,99.81
2025-09-25,423.39,431.79,1.98,98.02
2025-09-26,440.4,444.07,0.83,99.17
2025-09-29,443.21,446.55,0.75,99.25
2025-09-30,444.72,449.36,1.04,98.96
2025-10-01,459.46,453.56,1.28,98.72
2025-10-02,436.0,431.59,1.01,98.99
2025-10-03,429.83,423.8,1.4,98.6
2025-10-06,453.25,444.29,1.98,98.02
2025-10-07,433.09,431.9,0.27,99.73
2025-10-08,438.69,435.67,0.69,99.31
2025-10-09,435.54,431.86,0.85,99.15
2025-10-10,413.49,418.69,1.26,98.74
2025-10-13,435.9,433.52,0.55,99.45
2025-10-14,429.24,425.79,0.8,99.2
2025-10-15,435.15,440.87,1.31,98.69
2025-10-16,428.75,429.45,0.16,99.84
2025-10-17,439.31,438.29,0.23,99.77
2025-10-20,447.43,443.91,0.79,99.21
2025-10-21,442.6,436.94,1.28,98.72
2025-10-22,438.97,441.58,0.6,99.4
2025-10-23,448.98,446.61,0.53,99.47
2025-10-24,433.72,432.49,0.28,99.72
2025-10-27,452.42,451.29,0.25,99.75
2025-10-28,460.55,452.02,1.85,98.15
2025-10-29,461.51,458.63,0.62,99.38
2025-10-30,440.1,452.97,2.92,97.08
2025-10-31,456.56,454.73,0.4,99.6
2025-11-03,468.37,458.6,2.09,97.91
2025-11-04,444.26,446.72,0.55,99.45
2025-11-05,462.07,463.08,0.22,99.78
2025-11-06,445.91,447.12,0.27,99.73
2025-11-07,429.52,432.26,0.64,99.36
2025-11-10,445.23,444.89,0.08,99.92
2025-11-11,439.62,432.14,1.7,98.3
2025-11-12,430.6,426.79,0.89,99.11
2025-11-13,401.99,416.83,3.69,96.31
2025-11-14,404.35,406.96,0.65,99.35
2025-11-17,408.92,408.19,0.18,99.82
2025-11-18,401.25,402.15,0.22,99.78
2025-11-19,403.99,408.72,1.17,98.83
2025-11-20,395.23,403.47,2.09,97.91
2025-11-21,391.09,398.43,1.88,98.12
2025-11-24,417.78,415.25,0.61,99.39
2025-11-25,419.4,410.64,2.09,97.91
2025-11-26,426.58,427.01,0.1,99.9
2025-11-28,430.17,434.28,0.95,99.05
2025-12-01,430.14,425.82,1.01,98.99
2025-12-02,429.24,424.87,1.02,98.98
2025-12-03,446.74,446.23,0.11,99.89
2025-12-04,454.53,457.4,0.63,99.37
2025-12-05,455.0,452.94,0.45,99.55
2025-12-08,439.58,447.34,1.77,98.23
2025-12-09,445.17,450.66,1.23,98.77
2025-12-10,451.45,450.66,0.18,99.82
2025-12-11,446.89,451.59,1.05,98.95
2025-12-12,458.96,466.93,1.74,98.26
2025-12-15,475.31,470.72,0.97,99.03
2025-12-16,489.88,481.18,1.78,98.22
2025-12-17,467.26,479.01,2.51,97.49
2025-12-18,483.37,479.7,0.76,99.24
2025-12-19,481.2,480.81,0.08,99.92
2025-12-22,488.73,481.09,1.56,98.44
2025-12-23,485.56,480.68,1.01,98.99
2025-12-24,485.4,479.39,1.24,98.76
2025-12-26,475.19,472.92,0.48,99.52
2025-12-29,459.64,472.92,2.89,97.11
2025-12-30,454.43,457.44,0.66,99.34
2025-12-31,449.72,448.02,0.38,99.62
2026-01-02,438.07,442.52,1.02,98.98
2026-01-05,451.67,446.12,1.23,98.77
2026-01-06,432.96,436.95,0.92,99.08
2026-01-07,431.41,432.98,0.36,99.64
2026-01-08,435.8,436.95,0.26,99.74
2026-01-09,445.01,437.77,1.63,98.37
2026-01-12,448.96,440.46,1.89,98.11
2026-01-13,447.2,440.19,1.57,98.43
2026-01-14,439.2,435.4,0.86,99.14
2026-01-15,438.57,435.4,0.72,99.28
2026-01-16,437.5,439.38,0.43,99.57
2026-01-20,419.25,430.06,2.58,97.42
2026-01-21,431.44,426.58,1.13,98.87
2026-01-22,449.36,442.37,1.55,98.45
2026-01-23,449.06,453.02,0.88,99.12
2026-01-26,435.2,430.85,1.0,99.0
2026-01-27,430.9,437.03,1.42,98.58
2026-01-28,431.46,438.14,1.55,98.45
2026-01-29,416.56,424.23,1.84,98.16
2026-01-30,430.41,425.97,1.03,98.97
2026-02-02,421.81,421.37,0.1,99.9
2026-02-03,421.96,417.43,1.07,98.93
2026-02-04,406.01,406.5,0.12,99.88
2026-02-05,397.21,406.29,2.29,97.71
2026-02-06,411.11,411.89,0.19,99.81
2026-02-09,417.32,428.36,2.65,97.35
2026-02-10,425.21,423.53,0.4,99.6
2026-02-11,428.27,417.05,2.62,97.38
2026-02-12,417.07,409.06,1.92,98.08
2026-02-13,417.44,413.98,0.83,99.17
2026-02-17,410.63,410.33,0.07,99.93
2026-02-18,411.32,410.65,0.16,99.84
2026-02-19,411.71,415.24,0.86,99.14
2026-02-20,411.82,408.02,0.92,99.08
2026-02-23,399.83,401.63,0.45,99.55
2026-02-24,409.38,412.45,0.75,99.25
2026-02-25,417.4,418.67,0.3,99.7
2026-02-26,408.58,410.13,0.38,99.62
2026-02-27,402.51,400.82,0.42,99.58
2026-03-02,403.32,402.44,0.22,99.78
2026-03-03,392.43,389.57,0.73,99.27
2026-03-04,405.94,398.84,1.75,98.25
2026-03-05,405.55,403.6,0.48,99.52
2026-03-06,396.73,400.29,0.9,99.1
2026-03-09,398.68,402.12,0.86,99.14
2026-03-10,399.24,403.73,1.13,98.87
2026-03-11,407.82,403.09,1.16,98.84
2026-03-12,395.01,394.89,0.03,99.97
2026-03-13,391.2,394.26,0.78,99.22
2026-03-16,395.56,395.4,0.04,99.96
2026-03-17,399.27,395.58,0.92,99.08
2026-03-18,392.78,395.34,0.65,99.35
2026-03-19,380.3,382.91,0.69,99.31
2026-03-20,367.96,369.69,0.47,99.53
2026-03-23,380.85,382.3,0.38,99.62
2026-03-24,383.03,382.49,0.14,99.86
2026-03-25,385.95,386.29,0.09,99.91
2026-03-26,372.11,369.79,0.62,99.38
2026-03-27,361.83,362.26,0.12,99.88
2026-03-30,355.28,348.5,1.91,98.09
2026-03-31,371.75,364.57,1.93,98.07
2026-04-01,381.26,378.5,0.72,99.28
2026-04-02,360.59,368.08,2.08,97.92
2026-04-06,352.82,358.06,1.48,98.52
2026-04-07,346.65,340.76,1.7,98.3
2026-04-08,343.25,342.6,0.19,99.81
2026-04-09,345.62,357.09,3.32,96.68
2026-04-10,348.95,356.22,2.08,97.92
2026-04-13,352.42,352.28,0.04,99.96
2026-04-14,364.2,356.31,2.17,97.83
2026-04-15,391.95,383.66,2.12,97.88
2026-04-16,388.9,388.75,0.04,99.96
2026-04-17,400.62,395.95,1.17,98.83
2026-04-20,392.5,389.92,0.66,99.34
2026-04-21,386.42,377.57,2.29,97.71
2026-04-22,387.51,376.99,2.71,97.29
2026-04-23,373.72,375.42,0.46,99.54
2026-04-24,376.3,382.03,1.52,98.48
2026-04-27,378.67,386.28,2.01,97.99
2026-04-28,376.02,384.81,2.34,97.66
2026-04-29,372.8,376.37,0.96,99.04
2026-04-30,381.63,383.64,0.53,99.47
2026-05-01,390.82,389.58,0.32,99.68
2026-05-04,392.51,388.98,0.9,99.1
2026-05-05,389.37,379.06,2.65,97.35
2026-05-06,398.73,394.11,1.16,98.84
2026-05-07,411.79,402.56,2.24,97.76
2026-05-08,428.35,434.58,1.46,98.54
2026-05-11,445.0,440.38,1.04,98.96
2026-05-12,433.45,432.65,0.19,99.81
2026-05-13,445.27,440.13,1.16,98.84
2026-05-14,443.3,442.36,0.21,99.79
2026-05-15,422.24,415.35,1.63,98.37
2026-05-18,409.99,413.38,0.83,99.17
2026-05-19,404.11,411.83,1.91,98.09
2026-05-20,417.26,415.54,0.41,99.59
2026-05-21,417.85,414.29,0.85,99.15
2026-05-22,426.01,422.34,0.86,99.14
2026-05-26,433.59,436.52,0.68,99.32
2026-05-27,440.36,436.6,0.85,99.15
2026-05-28,442.1,440.69,0.32,99.68
2026-05-29,435.79,434.19,0.37,99.63
2026-06-01,415.88,413.21,0.64,99.36
2026-06-02,423.74,424.77,0.24,99.76
2026-06-03,423.7,415.66,1.9,98.1
2026-06-04,418.45,412.35,1.46,98.54
2026-06-05,391.0,403.58,3.22,96.78
2026-06-08,408.95,409.97,0.25,99.75
2026-06-09,396.68,403.8,1.8,98.2
2026-06-10,381.59,388.52,1.82,98.18
2026-06-11,399.15,405.72,1.65,98.35
2026-06-12,406.43,406.45,0.01,99.99
2026-06-15,411.15,408.74,0.58,99.42
2026-06-16,404.66,404.43,0.06,99.94
2026-06-17,396.38,395.45,0.24,99.76
2026-06-18,400.49,401.93,0.36,99.64
2026-06-22,405.05,401.72,0.82,99.18
2026-06-23,381.61,387.0,1.41,98.59
2026-06-24,375.53,375.15,0.1,99.9
2026-06-25,375.12,373.09,0.54,99.46
2026-06-26,379.71,388.29,2.26,97.74
2026-06-29,411.84,407.07,1.16,98.84
2026-06-30,420.6,411.39,2.19,97.81
2026-07-01,425.3,423.56,0.41,99.59
2026-07-02,393.45,395.23,0.45,99.55
2026-07-06,419.77,407.44,2.94,97.06
2026-07-07,402.9,398.59,1.07,98.93
2026-07-08,394.06,394.99,0.24,99.76
2026-07-09,406.55,404.4,0.53,99.47
2026-07-10,407.76,404.98,0.68,99.32
2026-07-13,394.76,395.03,0.07,99.93
2026-07-14,396.18,398.6,0.61,99.39
2026-07-15,394.46,397.79,0.84,99.16
2026-07-16,391.06,396.16,1.3,98.7
2026-07-17,380.84,394.54,3.6,96.4
2026-07-20,369.57,372.94,0.91,99.09
2026-07-21,378.93,372.8,1.62,98.38
2026-07-22,374.01,377.41,0.91,99.09
2026-07-23,319.69,339.39,6.16,93.84
2026-07-24,313.03,319.86,2.18,97.82
2026-07-27,309.22,317.88,2.8,97.2
2026-07-28,307.44,307.14,0.1,99.9
2026-07-29,298.32,297.34,0.33,99.67
2026-07-30,308.85,302.69,1.99,98.01
2026-07-31,311.21,306.69,1.45,98.55
2026-08-03,322.08,316.14,1.85,98.15
2026-08-04,327.35,318.33,2.76,97.24
2026-08-05,321.55,318.44,0.97,99.03
2026-08-06,319.53,318.43,0.35,99.65
2026-08-07,328.58,326.71,0.57,99.43
2026-08-10,330.88,321.83,2.74,97.26
2026-08-11,332.81,321.93,3.27,96.73
2026-08-12,327.51,337.54,3.06,96.94
2026-08-13,339.96,344.08,1.21,98.79
2026-08-14,342.27,344.1,0.54,99.46
2026-08-17,339.3,342.16,0.84,99.16
2026-08-18,336.87,345.74,2.63,97.37
2026-08-19,351.12,350.4,0.2,99.8
2026-08-20,345.13,343.04,0.61,99.39
2026-08-21,362.86,354.6,2.28,97.72
2026-08-24,348.95,347.21,0.5,99.5
2026-08-25,350.25,351.29,0.3,99.7
2026-08-26,345.82,351.68,1.7,98.3
2026-08-27,354.81,355.23,0.12,99.88
2026-08-28,348.75,355.61,1.97,98.03
2026-08-31,367.95,362.78,1.41,98.59
2026-09-01,356.09,356.7,0.17,99.83
2026-09-02,357.01,361.03,1.13,98.87
2026-09-03,376.36,368.92,1.98,98.02
2026-09-04,354.08,359.34,1.48,98.52
2026-09-08,368.16,366.43,0.47,99.53
2026-09-09,367.81,365.64,0.59,99.41
2026-09-10,363.56,362.5,0.29,99.71
2026-09-11,365.44,360.97,1.22,98.78
2026-09-14,358.97,361.12,0.6,99.4
2026-09-15,356.58,361.44,1.36,98.64
2026-09-16,358.08,364.07,1.67,98.33
2026-09-17,366.2,364.07,0.58,99.42
2026-09-18,364.27,367.63,0.92,99.08
2026-09-21,375.3,370.62,1.25,98.75
2026-09-22,378.9,371.95,1.83,98.17
2026-09-23,380.12,379.05,0.28,99.72
2026-09-24,377.94,372.48,1.44,98.56
2026-09-25,372.11,379.96,2.11,97.89
2026-09-28,357.45,354.47,0.83,99.17
2026-09-29,352.84,351.86,0.28,99.72
2026-09-30,354.81,355.02,0.06,99.94
2026-10-01,354.11,353.33,0.22,99.78
2026-10-02,370.59,377.47,1.86,98.14
2026-10-05,378.73,384.27,1.46,98.54
